"","S1_bulk1","S1_bulk2","S1_bulk3","S1_bulk4","S1_bulk5","S1_rAo1","S1_rAo2","S1_rAo3","S1_rAo4","S1_rAo5","S1_rAo6","S2_bulk1","S2_bulk2","S2_bulk3","S2_bulk4","S2_bulk5","S2_rVo1","S2_rVo2","S2_rVo3","S2_rVo4","S2_rVo5","S2_rVo6","S2_rVo7","S1_bulk6","S1_bulk7","S1_bulk8","S1_bulk9","S1_bulk10","S1_rAo7","S1_rAo8","S1_rAo9","S1_rAo10","S2_bulk6","S2_bulk7","S2_bulk8","S2_bulk9","S2_bulk10","S2_rVo8","S2_rVo9","S2_rVo10"
"OTU_2",847,2559,2157,3074,1659,411,2687,2703,3111,3148,3263,449,1096,754,947,609,717,960,3356,1392,2129,433,776,734,3296,2374,896,1778,1885,2758,2872,5477,1032,1310,1331,1093,1248,743,2716,280
"OTU_3",55,134,8333,17,237,56,47,29,80,82,45,82,272,270,237,192,135,227,797,5477,267,47,145,15,21,0,0,859,55,68,48,55,172,116,212,753,734,306,346,258
"OTU_4",27,15,68,35,51,0,0,0,0,0,0,83,51,419,328,341,166,0,334,0,113,46,43,0,0,0,7,24,41,0,0,0,235,133,392,811,799,76,20,110
"OTU_5",0,25,10,0,65,0,0,0,0,0,0,275,113,32,72,84,1352,451,55,21,128,83,161,21,0,0,0,0,0,17,0,0,9,121,33,4,40,646,253,112
"OTU_7",0,0,0,0,0,0,0,0,0,0,0,1000,295,283,379,249,1466,605,88,21,125,413,351,0,0,0,0,0,0,4,5,0,279,382,267,227,252,467,244,668
"OTU_8",1194,15,164,0,0,376,321,0,0,0,0,81,98,822,482,248,133,10,0,0,7,10,0,97,0,8,544,4,0,0,0,0,222,9,135,1532,640,28,15,5
"OTU_9",0,40,83,0,85,0,0,0,0,0,0,553,222,460,263,179,949,164,125,13,87,163,89,6,0,0,0,0,74,36,0,0,334,284,173,411,350,403,147,286
"OTU_11",0,0,0,0,0,0,0,0,0,0,0,19,22,75,69,59,67,9,10,0,0,7,0,0,0,0,0,0,0,0,0,0,43,33,33,226,68,20,32,27
"OTU_12",598,752,554,185,692,377,775,158,416,176,27,396,434,693,668,411,625,182,668,106,659,175,245,610,44,1424,1452,549,969,443,720,0,475,423,296,1414,551,269,279,254
"OTU_13",4,7,36,0,109,0,3,0,0,0,0,121,56,57,76,352,327,1104,25,0,34,152,572,0,0,0,0,0,57,8,0,0,212,255,188,61,120,724,347,1750
"OTU_14",209,160,335,970,293,273,885,257,571,1000,3714,267,325,724,563,476,615,811,816,1574,966,215,719,1241,934,183,755,643,1229,743,693,797,381,688,678,605,668,422,493,310
"OTU_15",23,289,645,44,138,260,641,209,219,277,214,146,225,200,152,271,560,454,416,147,121,548,396,44,743,171,24,291,275,304,351,225,265,566,274,89,269,648,398,768
"OTU_16",0,0,0,0,0,0,0,0,0,0,0,60,0,0,0,0,92,82,0,0,0,0,0,0,0,0,0,0,0,0,0,0,21,24,0,0,0,136,47,102
"OTU_17",14,27,65,70,74,18,119,34,0,12,0,56,59,87,95,227,107,297,125,66,181,69,77,57,8,33,11,79,53,21,63,0,103,143,105,98,260,168,154,218
"OTU_18",0,14,0,16,87,18,154,6,0,12,0,865,490,406,543,261,1947,538,310,51,254,878,1067,27,74,29,6,25,245,38,70,0,246,762,590,466,153,684,313,992
"OTU_19",163,473,351,229,438,28,281,353,353,76,111,329,274,442,408,164,409,114,933,212,548,230,121,150,268,644,394,303,349,793,294,167,344,473,297,473,198,159,345,128
"OTU_20",0,4,12,0,9,0,0,0,0,0,0,51,43,35,35,84,151,282,14,0,8,46,46,0,0,0,0,0,0,0,0,0,38,46,30,43,85,385,130,213
"OTU_21",31,151,248,458,184,95,297,59,85,152,253,394,784,221,202,345,632,538,697,1048,604,407,976,78,289,138,0,120,319,108,169,81,687,747,1052,242,314,520,953,843
"OTU_22",14,169,436,22,526,30,91,0,0,0,0,141,57,514,423,99,262,16,69,0,80,26,0,153,0,12,18,12,130,17,9,0,111,148,152,1282,169,14,124,23
"OTU_23",0,0,0,0,0,740,0,378,0,0,818,0,207,287,0,0,203,351,213,193,3,0,242,707,1498,822,1168,406,1314,700,620,614,1341,184,515,306,292,723,303,210
"OTU_24",0,168,235,3809,148,23,474,125,66,3072,4801,71,155,158,241,162,204,745,1763,1380,2744,39,393,1515,216,354,29,216,2670,450,358,652,293,239,1379,152,323,190,460,159
"OTU_25",0,0,0,0,0,0,0,0,0,0,0,14,5,27,10,10,12,0,10,0,0,0,0,0,0,0,0,0,0,0,0,0,0,0,0,36,20,0,0,0
"OTU_26",0,0,57,0,22,0,0,0,0,0,0,37,63,22,43,64,247,171,43,0,0,164,155,0,0,0,0,0,0,0,0,0,80,217,55,40,60,204,224,283
"OTU_27",245,368,362,122,342,101,321,358,388,464,238,96,164,150,297,159,125,60,657,149,368,99,82,236,664,299,280,190,175,368,549,698,190,203,247,327,297,137,166,99
"OTU_28",111,31,78,51,50,57,141,22,26,0,0,29,77,62,68,110,79,139,119,58,106,68,109,23,0,16,32,49,29,18,88,8,69,115,74,70,322,224,189,139
"OTU_29",0,102,41,174,26,10,172,0,8,54,496,0,10,79,40,104,27,166,209,236,211,0,50,0,8,607,0,38,53,0,17,6,51,36,98,242,238,69,87,0
"OTU_30",0,49,283,16,115,15,142,0,0,0,0,123,63,67,134,236,296,312,197,7,98,134,212,0,11,0,31,36,0,14,61,0,291,335,473,179,1113,581,693,257
"OTU_31",831,427,244,52,458,2482,456,438,714,158,158,61,74,244,212,322,144,638,171,145,94,136,169,150,428,433,505,351,496,0,1255,20,186,209,108,408,576,475,370,427
"OTU_32",71,600,316,7,226,49,73,41,9,0,0,131,70,142,142,23,169,21,89,0,21,51,5,45,0,162,89,63,676,17,213,0,117,200,102,262,462,136,289,44
"OTU_33",658,77,194,0,116,253,200,158,244,108,70,56,84,162,45,84,67,101,141,0,68,0,81,89,31,124,42,117,212,78,147,0,130,85,86,243,142,120,55,112
"OTU_34",0,0,0,0,0,0,38,8,0,3,9,97,56,96,119,130,206,411,104,100,32,467,283,0,1,0,0,0,65,4,58,0,43,182,171,90,27,466,160,895
"OTU_35",162,165,1707,127,139,157,476,17,45,38,7,76,131,102,113,282,147,232,230,119,237,86,133,23,0,24,0,317,42,49,411,30,150,116,263,478,564,248,327,202
"OTU_36",0,37,73,0,60,0,6,0,0,0,0,92,111,117,126,65,151,111,36,0,9,78,71,0,0,11,0,19,23,0,0,0,93,91,55,136,82,250,138,108
"OTU_37",23,54,66,23,135,0,40,0,0,0,0,24,78,131,54,17,83,61,37,24,65,23,8,8,0,24,19,50,171,36,44,0,70,66,51,142,39,52,120,44
"OTU_38",0,27,65,27,29,0,22,0,0,0,0,73,50,316,150,88,96,49,50,10,24,50,13,0,0,0,0,9,0,0,0,0,117,49,42,163,156,47,112,32
"OTU_39",0,116,294,86,109,0,177,13,0,0,0,117,151,70,115,97,162,178,143,59,617,56,141,11,0,17,0,0,105,53,144,0,132,256,113,104,207,589,148,164
"OTU_40",0,0,0,0,0,0,0,0,0,0,0,122,70,148,85,93,220,0,0,0,42,0,0,0,0,0,0,0,0,0,0,0,78,92,103,82,142,54,36,54
"OTU_41",0,0,0,0,0,0,0,0,0,0,0,83,21,160,87,33,68,0,18,0,0,0,0,0,0,0,0,0,0,0,0,0,45,0,56,142,77,5,0,0
"OTU_42",0,110,175,0,15,24,21,0,0,0,0,15,10,319,79,93,9,0,84,33,21,0,21,17,0,0,0,13,71,0,0,0,18,42,0,342,209,59,14,0
"OTU_43",48,22,80,13,0,30,63,48,0,546,290,3,18,0,0,82,22,216,174,128,101,0,44,50,29,64,10,52,26,0,83,154,136,49,65,14,142,167,66,13
"OTU_44",209,110,72,51,53,40,79,81,99,64,146,53,87,64,87,230,70,237,256,22,323,54,104,9,243,149,38,85,396,154,16,109,131,134,140,92,254,341,188,172
"OTU_45",0,0,64,0,28,0,52,19,23,35,17,51,21,2,0,50,87,34,27,0,16,11,75,44,21,14,0,95,9,0,13,0,13,44,9,17,62,12,34,44
"OTU_46",361,124,183,15,138,230,250,78,44,75,26,125,139,367,225,174,199,85,117,0,151,56,78,239,116,341,445,333,174,191,361,0,303,231,224,501,392,89,103,124
"OTU_47",0,0,0,0,0,0,0,0,0,0,0,0,0,17,12,7,0,0,14,0,0,0,0,0,0,0,0,0,0,0,0,0,0,0,0,0,23,8,0,0
"OTU_48",0,0,87,304,0,0,32,0,0,19,30,0,297,0,68,260,83,264,535,2358,1143,83,635,132,0,0,0,0,144,0,181,0,599,772,1526,3,808,45,297,0
"OTU_49",110,142,176,0,60,29,13,46,183,0,5,62,46,64,90,64,76,35,73,0,13,48,50,27,70,73,49,50,46,0,8,6,72,62,51,111,197,78,76,81
"OTU_50",0,0,0,0,0,0,0,0,0,0,0,59,26,75,44,28,83,21,11,0,0,7,0,0,0,0,0,0,0,0,0,0,21,20,0,61,70,51,11,20
"OTU_51",0,0,0,0,0,61,7,23,0,56,0,85,50,36,23,83,207,219,11,0,0,107,99,9,23,9,0,6,28,0,21,0,24,30,65,34,28,364,84,642
"OTU_52",0,0,0,0,0,0,0,0,0,0,9,47,33,33,0,13,50,35,12,0,0,0,0,0,0,0,0,0,0,0,0,0,0,0,0,0,71,39,0,13
"OTU_54",0,0,0,0,0,0,0,0,0,25,32,13,0,54,25,58,0,45,5,0,0,0,0,0,5,0,0,0,0,0,0,0,72,0,13,133,43,78,0,26
"OTU_55",0,0,0,0,8,21,63,0,0,3,0,105,65,26,119,77,159,513,53,92,28,200,272,0,0,0,0,0,58,0,26,0,69,123,147,74,66,539,211,970
"OTU_56",221,317,307,0,370,86,223,41,84,0,12,213,147,196,253,148,284,94,149,25,55,138,16,46,8,112,195,218,225,126,246,0,228,257,0,428,182,202,408,92
"OTU_57",0,0,0,0,0,0,0,0,0,0,0,0,9,9,11,42,0,0,4,0,0,0,0,0,0,0,0,0,0,0,0,0,4,4,1,12,92,0,0,0
"OTU_58",0,11,15,10,99,8,61,0,0,0,0,338,152,35,194,157,552,514,85,32,52,242,484,0,15,10,0,14,112,24,20,0,116,287,155,143,61,393,178,857
"OTU_59",0,26,42,0,14,0,0,0,0,0,0,19,85,42,14,109,49,61,16,0,42,15,42,0,0,0,0,0,0,0,6,0,95,38,67,15,194,135,44,56
"OTU_60",0,589,840,48,397,0,351,127,24,0,0,182,209,301,738,178,306,0,399,17,671,155,106,21,0,900,0,178,250,668,944,0,436,952,128,483,242,132,173,181
"OTU_61",0,32,36,31,53,0,46,0,0,0,0,121,183,147,159,166,275,46,342,100,196,103,135,0,0,0,0,40,0,0,42,0,128,233,364,149,346,195,97,158
"OTU_62",0,21,134,48,85,0,142,0,0,0,0,42,52,37,80,173,55,41,145,0,93,52,52,30,0,0,0,0,42,0,40,0,78,138,90,75,298,44,106,90
"OTU_63",0,81,20,0,0,0,0,0,0,0,0,78,96,130,134,123,85,17,164,0,48,19,9,0,0,0,0,0,0,0,0,0,174,137,42,109,146,300,14,42
"OTU_64",0,61,869,0,13,0,26,12,0,122,18,0,32,54,0,16,9,69,106,397,75,0,30,41,14,0,0,363,19,28,27,17,19,57,28,32,67,72,125,40
"OTU_65",0,0,0,0,0,0,0,0,0,0,0,0,0,26,17,17,0,0,0,0,0,0,0,0,0,0,0,0,0,0,0,0,14,0,6,58,55,13,0,0
"OTU_66",59,25,36,4,37,46,6,0,0,0,0,18,48,121,100,32,51,0,31,0,18,12,13,10,0,0,24,0,13,0,10,0,74,66,20,114,73,28,34,28
"OTU_67",0,130,194,274,62,64,150,61,33,854,316,86,197,98,38,145,128,198,545,643,420,51,121,69,30,41,0,15,303,172,231,16,226,155,250,64,289,95,255,85
"OTU_68",0,0,0,0,0,0,0,0,0,0,0,0,0,0,0,0,0,47,0,0,0,0,8,0,0,0,0,0,0,0,0,0,0,0,0,0,16,41,12,26
"OTU_69",84,107,151,64,372,152,378,73,45,90,109,146,324,341,211,103,439,121,206,49,217,168,207,378,180,76,448,159,332,121,230,0,109,393,115,354,89,162,150,129
"OTU_70",0,0,0,0,0,0,0,0,0,0,0,0,0,24,13,48,0,9,0,0,0,0,0,0,0,0,0,0,0,0,0,0,0,0,0,113,130,23,0,0
"OTU_71",0,18,41,0,36,0,30,28,30,0,0,30,19,58,36,38,8,87,36,0,9,0,113,16,31,36,20,142,67,0,37,0,88,28,47,62,107,149,26,67
"OTU_72",0,16,0,0,44,0,0,10,0,0,0,130,31,131,138,63,154,34,38,0,16,48,41,0,0,60,0,0,0,6,0,0,80,187,101,83,91,103,64,86
"OTU_73",0,0,0,0,0,0,0,0,0,0,0,0,5,20,17,57,0,19,0,0,0,0,0,0,0,0,0,0,0,0,0,0,14,5,0,68,93,155,45,10
"OTU_74",0,0,0,0,0,0,0,0,0,0,0,48,0,0,0,13,177,126,0,0,0,35,80,0,0,0,0,0,0,0,0,0,22,47,0,0,13,157,50,160
"OTU_75",0,0,0,0,35,0,30,0,0,0,0,137,128,42,147,94,357,314,110,82,44,287,208,0,0,0,0,12,0,14,34,0,187,239,103,101,66,334,199,727
"OTU_77",0,14,27,29,40,13,161,8,25,37,28,86,52,36,81,110,87,229,225,83,129,86,212,33,130,16,22,9,89,123,61,7,64,134,81,34,63,264,111,217
"OTU_78",12,0,0,12,68,16,0,0,0,0,0,0,64,26,17,58,166,0,41,0,0,34,47,98,0,0,16,26,42,0,0,0,43,55,61,28,44,78,77,88
"OTU_79",0,43,68,0,159,83,45,18,20,107,0,95,70,84,113,66,216,32,9,7,0,69,73,25,30,26,0,32,64,0,24,0,47,47,48,117,65,86,36,177
"OTU_80",164,127,68,81,104,29,202,143,236,366,1219,103,122,98,142,84,168,63,780,354,197,112,55,553,245,256,0,138,491,139,162,40,86,263,295,217,128,41,67,41
"OTU_81",0,15,45,0,10,50,121,43,22,68,21,42,79,23,53,46,54,44,15,23,33,73,13,0,99,0,24,39,11,8,70,71,57,90,19,26,79,124,61,89
"OTU_82",543,477,324,0,189,44,156,30,16,18,0,67,67,128,179,151,231,16,150,0,148,47,0,352,0,453,958,500,223,52,146,0,150,165,59,273,257,37,169,18
"OTU_83",0,64,54,26,31,0,23,0,1,0,0,15,70,21,54,68,46,49,42,7,62,23,37,0,0,16,0,21,11,0,16,0,44,94,13,53,100,190,117,47
"OTU_84",0,0,0,0,0,0,0,0,0,0,0,75,0,0,0,34,125,0,0,0,0,10,0,0,0,0,0,0,0,0,0,0,0,3,0,0,32,0,21,0
"OTU_86",4,13,0,6,15,0,41,12,5,2,2,76,73,63,73,27,130,14,311,18,64,19,0,2,6,0,37,0,17,0,5,8,118,81,94,94,82,25,0,18
"OTU_87",0,0,0,0,0,0,0,0,0,0,0,34,0,10,0,3,43,0,0,0,0,0,0,0,0,0,0,0,0,0,0,0,0,0,0,0,25,10,0,0
"OTU_88",0,0,46,0,10,0,0,0,0,0,0,141,57,90,86,138,211,119,15,8,61,38,48,0,0,0,0,0,0,0,0,0,114,82,76,75,184,154,68,119
"OTU_89",0,0,0,34,0,0,14,19,8,0,0,60,41,0,64,112,172,159,119,266,243,99,278,30,22,0,0,0,38,0,65,0,160,118,342,0,156,275,212,281
"OTU_90",0,19,100,0,175,0,75,21,3,0,23,47,76,78,70,63,164,120,185,17,315,102,139,44,58,16,6,0,74,5,58,1,18,208,280,190,94,195,147,145
"OTU_91",8,0,80,59,74,20,180,90,25,85,50,9,168,60,74,149,126,109,253,291,395,94,364,67,85,129,79,168,178,123,87,41,174,363,290,83,214,254,193,172
"OTU_92",29,121,194,106,152,34,151,226,246,377,578,60,229,205,199,107,170,92,314,140,621,94,178,166,682,317,49,101,560,931,405,293,89,116,145,238,107,97,105,118
"OTU_93",842,112,29,0,24,85,10,18,134,0,44,19,26,0,0,9,54,33,100,0,9,0,9,72,28,116,542,184,69,17,36,0,21,22,15,11,23,30,31,21
"OTU_94",44,124,249,17,106,81,373,157,267,687,54,22,94,85,73,95,82,307,162,340,93,131,175,17,456,47,65,73,90,277,331,322,168,184,160,22,216,242,401,79
"OTU_95",0,0,0,0,0,0,0,0,0,0,0,0,0,9,0,21,0,0,10,0,0,3,53,0,0,0,0,0,0,0,0,0,0,0,43,0,61,0,0,0
"OTU_96",0,0,0,0,0,0,0,0,0,0,0,82,11,102,29,0,200,9,63,0,14,0,6,0,0,0,0,0,0,0,0,0,0,0,23,36,25,20,0,0
"OTU_98",0,0,0,0,0,0,0,0,0,0,0,34,0,0,0,26,94,111,0,0,0,0,29,0,0,0,0,0,0,0,0,0,40,32,0,20,39,131,40,149
"OTU_99",4,0,27,0,21,13,12,11,27,0,5,176,80,252,141,85,342,48,31,0,22,13,16,13,19,26,185,26,25,0,0,0,98,39,39,264,166,31,25,86
"OTU_100",0,0,24,6,0,0,29,13,0,18,0,68,74,19,34,99,91,261,112,187,68,88,297,0,4,0,0,11,110,2,98,0,178,126,176,13,150,288,206,193
"OTU_101",0,0,0,0,0,0,0,0,0,0,0,19,0,28,0,41,30,0,0,0,0,0,0,0,0,0,0,0,0,0,0,0,0,0,0,0,30,0,0,16
"OTU_102",0,0,0,0,0,0,0,0,0,0,0,0,0,0,0,0,0,0,0,0,0,0,0,0,2,0,0,0,0,0,0,0,0,0,0,0,13,22,19,0
"OTU_105",26,341,297,12,272,51,234,69,134,28,35,67,96,46,94,40,100,114,178,80,44,41,64,37,242,150,85,146,76,71,148,72,63,92,3,71,35,102,122,119
"OTU_106",0,32,0,0,0,0,0,0,0,0,0,30,31,43,41,35,15,26,20,0,27,0,18,0,0,0,19,0,0,0,16,0,52,39,35,14,74,48,23,21
"OTU_107",0,72,322,530,95,11,533,26,0,60,281,25,47,12,56,88,29,874,289,392,643,22,123,190,68,15,0,227,141,42,309,0,65,147,75,24,227,336,315,41
"OTU_108",0,0,875,17,101,5,557,0,0,144,0,81,193,35,79,32,114,111,225,1051,240,36,100,9,10,22,0,414,25,99,7,33,51,73,143,30,177,95,140,75
"OTU_109",166,10,0,0,4,482,0,0,0,0,0,22,0,39,37,13,30,0,0,0,0,0,0,74,0,0,315,0,0,0,0,0,19,0,12,40,27,0,0,0
"OTU_110",0,51,73,0,47,0,0,0,0,0,0,109,22,95,121,68,92,31,0,0,0,32,0,0,0,0,0,0,0,0,0,0,108,132,47,158,186,54,41,66
"OTU_111",0,0,0,0,0,0,0,0,0,0,0,23,0,0,0,25,89,88,0,0,5,0,51,0,0,0,0,0,0,0,0,0,27,26,23,0,14,64,44,143
"OTU_112",55,95,100,6,70,40,0,0,0,0,0,24,10,41,45,35,46,0,50,9,25,34,12,0,10,235,218,34,29,12,0,0,53,56,23,160,64,22,29,17
"OTU_113",189,47,159,167,162,208,486,91,32,231,101,39,91,123,130,131,158,118,174,325,102,91,144,359,210,43,146,190,269,131,146,19,90,153,103,173,168,118,290,119
"OTU_114",0,0,0,0,0,0,0,0,0,0,0,17,24,36,24,49,58,17,18,0,0,3,14,0,0,0,0,0,0,0,0,0,96,20,13,52,79,54,49,37
"OTU_115",241,73,436,114,194,0,126,221,181,247,192,99,243,54,63,249,164,3,88,35,74,68,63,177,479,252,10,284,215,274,384,418,93,301,60,77,0,0,179,25
"OTU_116",0,0,0,0,0,0,0,0,0,0,0,24,13,0,0,0,0,0,0,0,0,0,0,0,0,0,0,0,0,0,0,0,0,0,0,114,11,0,0,0
"OTU_117",474,167,137,0,60,229,0,84,79,70,62,59,40,208,125,39,137,0,65,9,87,12,23,97,88,213,405,52,115,0,25,26,53,90,94,199,66,17,47,37
"OTU_118",0,0,0,0,0,17,4,9,6,11,25,116,104,0,70,52,248,92,29,16,29,166,144,0,21,0,0,0,7,0,2,0,59,102,61,64,23,196,108,316
"OTU_119",400,110,104,0,96,101,19,36,0,0,0,80,7,122,140,59,64,75,48,15,66,21,82,50,21,45,246,64,48,48,4,0,108,109,13,36,191,136,84,93
"OTU_120",166,117,173,194,99,57,562,45,0,36,245,18,50,82,71,26,31,162,170,163,190,14,47,141,44,172,74,59,340,43,290,18,86,91,54,122,82,91,216,33
"OTU_121",0,0,0,0,0,0,0,0,0,0,0,10,0,7,0,29,21,15,0,0,0,0,0,0,0,0,0,0,0,0,0,0,4,0,0,0,53,0,18,1
"OTU_122",792,349,50,21,135,182,66,0,0,0,0,0,19,92,29,14,16,0,20,0,7,14,0,149,0,85,343,70,0,0,11,0,26,24,0,63,40,13,19,0
"OTU_123",570,260,133,34,178,112,155,73,86,0,0,24,33,126,129,20,103,60,165,11,106,56,64,119,48,363,414,160,200,103,249,11,140,213,51,343,114,75,211,70
"OTU_124",34,44,124,30,76,12,241,77,37,64,0,28,36,45,34,43,44,34,73,46,118,14,27,43,30,66,33,101,49,187,172,32,82,31,52,77,118,61,38,40
"OTU_125",125,55,99,0,57,183,214,0,0,39,0,59,24,69,67,73,110,198,52,54,25,67,66,0,0,27,40,96,115,0,169,0,77,54,25,69,90,235,111,149
"OTU_126",0,176,313,68,251,12,427,157,102,36,183,83,75,79,316,109,161,93,153,76,82,66,104,62,90,271,263,315,182,289,419,62,92,153,45,171,80,125,228,134
"OTU_128",0,81,88,0,186,0,244,58,22,45,0,131,184,79,132,38,282,103,59,98,124,66,101,49,30,25,0,21,132,138,77,0,86,136,72,155,89,127,100,121
"OTU_129",0,0,0,0,0,0,0,0,0,0,0,0,0,28,0,14,0,4,0,0,0,0,0,0,0,0,0,0,0,0,0,0,0,0,0,0,18,0,0,0
"OTU_130",38,5,34,0,38,12,22,46,222,0,0,30,41,27,30,32,28,4,51,0,59,12,8,5,28,11,3,26,2,11,22,36,50,54,37,31,106,14,26,17
"OTU_131",122,40,474,0,151,27,118,62,10,0,0,38,46,61,62,71,11,132,82,24,91,24,76,8,13,25,0,188,30,29,393,0,53,56,139,25,236,354,120,80
"OTU_132",0,0,0,0,78,64,255,108,6,19,32,147,155,76,149,75,280,79,87,16,68,60,264,0,145,34,4,119,132,42,43,0,75,142,124,59,34,209,46,371
"OTU_133",0,5,80,0,0,0,2,0,0,0,0,23,64,183,94,45,25,36,0,0,40,3,13,0,0,0,0,0,52,0,0,0,60,68,73,189,92,29,23,16
"OTU_134",0,0,0,0,0,0,0,0,0,0,0,0,0,17,11,6,6,0,0,0,0,0,0,0,0,0,0,0,0,0,0,0,10,0,0,62,10,0,0,0
"OTU_135",17,201,98,13,62,0,19,11,0,0,0,27,51,6,41,28,81,43,92,0,26,102,55,0,0,44,0,32,0,0,12,0,77,249,17,0,27,135,153,26
"OTU_136",148,139,230,79,9,61,637,241,77,694,311,15,89,31,112,81,103,59,276,72,79,0,74,58,1029,237,21,147,163,293,223,771,56,152,76,101,28,23,48,49
"OTU_138",0,61,98,0,38,11,44,0,0,0,0,64,29,13,51,110,71,86,3,0,43,66,81,0,0,10,0,54,34,0,12,0,124,102,223,53,225,136,183,74
"OTU_139",0,179,63,0,27,0,76,62,0,0,19,26,147,34,43,73,179,46,141,18,37,15,57,0,0,0,0,23,0,0,121,39,90,88,37,0,112,105,93,61
"OTU_140",39,50,77,12,77,327,75,110,21,17,33,54,49,56,86,45,125,44,27,0,23,28,73,28,172,125,79,48,95,0,111,48,62,65,35,117,61,42,41,82
"OTU_141",0,0,0,0,0,0,0,0,0,0,0,4,0,0,0,37,33,74,0,0,0,0,28,0,0,0,0,0,0,0,0,0,4,8,0,0,62,66,17,24
"OTU_143",0,0,0,0,25,0,48,56,79,0,105,5,0,10,5,22,55,84,12,12,0,20,101,0,24,0,0,0,29,0,13,0,11,23,41,13,28,72,22,118
"OTU_144",165,63,44,31,90,101,149,63,79,85,34,49,70,121,85,36,140,39,97,0,122,50,93,123,173,278,142,281,276,41,247,0,59,131,91,182,137,67,63,114
"OTU_145",0,0,155,101,24,0,406,6,0,0,0,50,71,18,25,81,21,83,41,14,194,17,52,14,14,43,0,114,26,10,89,0,90,145,121,29,312,120,79,100
"OTU_146",0,0,0,0,0,0,0,0,0,0,0,0,0,0,13,0,0,0,0,0,0,0,0,0,0,0,0,0,0,0,0,0,12,0,0,19,16,0,0,0
"OTU_147",0,0,0,0,0,0,0,0,0,0,0,6,12,4,0,0,50,0,0,0,0,0,0,0,0,0,0,0,0,0,0,0,16,0,0,4,0,0,0,0
"OTU_148",0,25,78,58,126,9,219,16,0,0,0,117,82,70,111,76,138,44,62,9,121,50,59,49,0,0,0,42,64,0,98,0,97,85,55,124,95,82,39,170
"OTU_149",0,0,43,5,9,0,14,0,0,0,0,9,14,10,0,68,10,96,26,0,0,35,40,0,0,0,0,0,0,0,0,0,51,57,23,0,121,175,47,72
"OTU_150",132,40,0,0,0,32,58,0,0,0,0,0,16,135,54,22,14,0,0,0,0,0,0,26,12,64,482,69,31,0,0,0,45,7,0,116,20,0,0,0
"OTU_151",0,0,16,24,38,34,36,0,0,0,0,10,9,0,0,81,70,115,0,16,0,64,73,0,13,0,0,6,19,0,12,0,54,30,0,13,27,206,30,279
"OTU_154",0,17,44,0,34,0,52,3,0,21,3,3,47,0,25,125,44,8,105,15,89,19,59,0,7,0,0,0,17,17,84,0,88,110,92,0,155,47,47,46
"OTU_155",0,0,0,0,0,0,0,258,572,109,347,0,20,0,38,0,0,0,125,0,0,0,0,17,1730,231,0,51,146,2819,17,1057,0,0,0,0,0,0,0,0
"OTU_156",28,78,91,0,49,7,59,18,42,0,0,34,24,11,57,62,62,46,48,0,40,26,27,0,0,12,0,157,19,5,54,0,74,64,23,26,82,89,70,28
"OTU_157",0,43,45,19,120,24,311,17,40,0,6,40,74,44,83,47,56,73,63,19,91,16,35,19,16,73,44,87,74,167,67,0,58,86,18,97,127,46,66,35
"OTU_158",0,0,0,0,0,0,0,0,0,0,0,91,61,52,77,85,137,199,46,0,31,125,202,0,0,0,0,0,0,0,0,0,63,129,116,56,63,183,116,355
"OTU_159",0,0,0,0,0,0,0,0,0,0,0,0,0,0,0,0,7,72,0,0,0,17,20,0,0,0,0,0,0,0,0,0,0,0,0,0,0,91,17,86
"OTU_160",0,0,44,49,44,0,496,0,0,0,2789,0,21,0,146,0,23,0,208,1431,543,0,40,408,0,0,0,39,471,0,12,117,0,74,0,95,0,0,0,0
"OTU_161",98,123,111,12,137,42,236,28,19,0,0,48,55,50,68,0,57,0,99,12,100,25,0,59,0,84,67,109,103,22,136,0,40,52,19,78,0,45,33,0
"OTU_162",0,0,10,11,0,0,12,0,0,0,0,0,18,0,0,52,13,35,14,33,686,4,35,11,0,0,0,0,0,0,8,0,15,59,384,0,56,35,7,51
"OTU_164",0,0,0,0,0,0,0,0,0,0,0,137,72,5,49,21,164,273,51,27,34,149,173,0,0,0,0,0,0,0,0,0,72,106,156,46,12,338,113,676
"OTU_165",5,40,44,0,63,0,0,0,0,0,0,87,67,70,62,37,174,53,42,0,18,32,85,0,0,25,6,33,0,8,0,0,37,133,78,118,32,114,42,166
"OTU_166",0,0,0,0,0,0,0,0,0,0,0,0,0,11,0,10,0,0,0,0,0,0,0,0,0,0,0,0,0,0,0,0,26,0,0,0,69,0,0,0
"OTU_167",23,0,0,0,0,0,0,0,0,0,0,0,0,41,14,16,8,0,0,0,0,12,0,0,0,0,11,0,0,0,0,0,26,8,0,33,21,11,13,0
"OTU_168",0,0,98,0,61,0,0,0,0,0,0,48,56,18,57,28,36,7,25,0,22,25,27,0,0,0,0,0,0,0,0,0,50,83,22,25,54,60,36,53
"OTU_169",97,0,0,0,0,152,0,0,0,0,0,38,0,91,59,26,0,0,0,0,0,0,0,0,0,0,0,0,0,0,0,0,43,36,0,192,63,0,0,0
"OTU_171",0,0,34,0,109,0,9,0,0,0,1594,92,93,41,55,72,86,455,36,0,45,24,12,0,0,0,0,0,60,0,38,0,100,158,98,44,364,16,134,18
"OTU_172",0,0,0,0,0,0,0,0,0,0,0,0,0,4,3,14,0,0,0,0,5,0,0,0,0,0,0,0,0,0,0,0,0,0,0,21,0,0,0,0
"OTU_173",0,58,197,23,62,120,119,0,0,0,0,24,26,28,17,45,59,28,70,0,78,27,62,58,0,0,0,114,42,0,53,0,62,96,52,150,161,43,125,40
"OTU_174",0,0,0,0,0,4,14,0,0,0,0,27,10,0,22,17,34,44,23,0,17,27,48,0,0,0,0,0,13,0,0,0,21,48,24,24,25,66,24,98
"OTU_175",0,0,0,0,0,11,0,0,0,0,0,34,0,0,19,67,44,49,13,23,26,27,53,0,0,0,0,17,0,0,5,0,53,14,27,0,79,73,28,91
"OTU_177",0,13,0,0,0,0,41,60,167,62,96,23,14,19,0,0,48,0,0,0,0,0,0,0,0,42,0,74,79,32,50,4,0,0,0,0,0,0,0,0
"OTU_178",65,43,117,0,27,91,143,78,263,200,14,21,43,0,21,57,23,56,20,176,26,266,46,0,204,7,45,150,35,32,127,50,112,167,82,20,46,129,298,41
"OTU_179",0,0,13,0,0,0,0,0,0,0,0,0,0,0,0,0,0,18,0,0,0,0,1,0,0,0,0,0,0,0,1,0,0,0,1,0,19,0,8,0
"OTU_180",0,0,6,0,0,0,0,0,0,0,0,0,0,15,0,29,0,0,0,0,0,0,0,0,0,0,0,0,0,0,0,0,10,0,0,10,57,12,10,0
"OTU_181",16,0,90,15,81,0,71,6,0,0,0,48,46,26,59,34,91,73,57,0,8,42,115,0,12,0,0,43,39,17,36,0,56,100,26,55,68,149,207,104
"OTU_182",0,25,54,0,33,0,0,0,0,0,0,22,55,0,0,2,53,69,28,11,0,10,12,0,0,0,8,8,0,0,0,0,7,29,0,0,20,121,127,16
"OTU_183",9,0,19,0,22,24,37,9,29,0,27,52,38,0,31,29,104,124,9,0,23,29,67,7,23,30,41,71,4,22,27,0,30,56,18,41,65,125,25,95
"OTU_184",0,18,86,0,56,0,160,0,0,0,0,24,60,72,33,99,78,83,67,0,40,18,92,0,0,5,0,165,45,0,25,0,17,104,71,85,227,201,88,72
"OTU_185",0,0,29,0,22,0,0,0,0,0,0,41,14,20,33,61,55,57,10,0,9,30,17,0,0,0,0,0,0,0,0,0,49,35,19,18,50,67,63,47
"OTU_186",0,57,52,0,34,4,0,0,0,0,0,0,18,22,0,40,0,0,14,0,0,12,9,7,0,0,0,0,0,0,0,0,19,26,0,21,59,19,70,29
"OTU_187",362,289,245,7,225,68,169,31,115,0,0,0,50,116,95,10,68,0,129,0,40,36,0,72,28,347,239,286,228,227,124,40,73,139,112,96,33,1,46,0
"OTU_188",585,0,0,0,0,960,880,24,42,71,28,0,10,11,11,0,0,0,0,0,0,0,0,232,106,243,3235,149,59,0,0,0,0,0,0,0,0,0,0,0
"OTU_189",65,28,0,45,66,68,556,46,43,0,23,140,169,11,59,110,10,72,672,7,151,82,159,48,67,86,0,47,0,36,59,16,132,128,488,21,265,668,101,202
"OTU_190",0,36,146,0,104,0,0,0,0,0,0,28,18,43,28,61,88,50,25,0,0,19,7,0,0,0,0,0,58,0,13,0,101,41,29,170,149,159,141,114
"OTU_191",74,55,19,0,30,0,17,0,0,3,0,29,34,37,0,38,73,16,12,0,8,11,9,7,0,115,101,0,0,0,0,0,65,33,0,79,88,21,0,18
"OTU_192",65,8,28,6,118,2,55,22,0,3,10,20,46,39,38,55,104,164,18,24,53,72,102,14,4,21,0,49,20,5,60,0,26,152,33,62,11,118,61,175
"OTU_193",0,0,0,0,0,0,0,4,0,0,0,11,0,0,22,37,37,64,8,3,17,40,51,0,0,0,0,0,0,0,0,0,73,48,77,19,63,106,44,211
"OTU_194",135,396,124,18,163,73,59,88,148,0,0,43,34,110,112,15,65,0,41,0,16,30,0,29,14,191,85,53,79,37,33,0,89,118,56,104,10,8,21,0
"OTU_195",0,10,0,0,0,0,0,0,12,0,0,31,48,19,0,0,83,0,43,0,9,6,0,0,13,0,32,0,53,0,0,0,11,29,0,0,0,0,0,0
"OTU_196",0,0,0,0,3,0,0,0,0,0,0,0,21,49,24,44,32,0,0,0,41,0,0,0,0,0,0,0,0,0,0,0,23,31,0,56,80,15,22,37
"OTU_197",211,45,87,81,68,67,265,116,82,196,126,21,60,36,44,52,52,16,39,0,71,0,66,88,142,151,138,80,297,126,130,0,18,75,62,55,71,24,52,24
"OTU_198",0,0,0,0,0,0,0,0,0,0,0,6,0,8,7,0,10,0,0,0,0,0,0,0,0,0,0,0,0,0,0,0,0,0,99,0,0,20,0,0
"OTU_199",0,14,5,0,8,12,48,0,0,0,0,19,19,17,25,13,29,101,47,14,0,34,86,0,0,0,0,0,0,0,25,0,39,48,0,16,37,74,53,55
"OTU_200",0,0,15,0,55,0,0,0,0,0,0,57,76,66,104,72,91,35,27,3,54,39,17,0,0,17,0,0,0,0,0,0,70,92,53,146,87,83,82,41
"OTU_201",67,62,157,43,195,60,283,120,196,111,44,45,108,72,104,77,39,57,139,70,200,18,89,47,100,87,34,119,132,362,216,29,77,188,90,156,87,69,65,9
"OTU_202",0,0,0,0,0,0,0,0,0,0,0,9,0,7,7,13,0,0,0,0,0,12,0,0,0,0,0,0,0,0,0,0,0,0,0,5,8,0,4,0
"OTU_203",0,0,0,0,0,0,0,0,0,0,0,0,16,79,29,0,0,0,0,0,9,0,0,0,0,0,0,0,0,0,0,0,0,0,0,199,27,0,0,0
"OTU_205",0,0,21,0,3,80,33,0,0,8,0,4,0,8,4,39,8,110,12,16,2,16,16,0,16,0,4,10,9,0,24,0,11,49,0,16,54,117,81,51
"OTU_206",0,0,0,0,26,0,0,0,0,0,0,11,8,21,1,46,56,43,8,10,0,19,49,0,0,0,0,0,0,0,0,0,0,18,26,19,15,24,35,175
"OTU_207",0,0,0,0,0,0,0,0,0,0,0,0,0,0,22,46,59,45,10,0,0,0,0,0,0,0,0,0,0,0,0,0,40,52,0,52,56,79,0,0
"OTU_209",22,64,154,0,73,13,63,44,51,0,0,31,49,20,71,40,77,12,42,0,47,29,49,11,0,64,0,70,0,10,91,0,58,72,35,140,115,33,62,39
"OTU_210",0,0,0,0,0,0,0,0,0,0,0,0,0,4,0,30,0,0,1,0,0,0,0,0,0,0,0,0,0,0,0,0,0,0,0,11,0,0,0,0
"OTU_212",0,0,0,0,0,0,0,0,0,0,0,4,10,10,0,0,0,0,0,0,0,0,0,0,0,0,0,0,0,0,0,0,0,6,0,46,3,0,0,0
"OTU_214",163,26,34,34,123,137,164,31,0,20,15,27,56,30,65,52,97,97,98,47,22,142,91,109,52,40,49,99,196,19,75,0,15,106,40,83,21,32,56,97
"OTU_215",3,7,16,0,14,4,18,0,0,0,0,18,0,17,0,142,64,309,18,16,0,69,122,4,0,0,0,0,71,4,0,0,20,31,60,8,16,91,31,308
"OTU_218",0,0,0,36,0,0,9,0,0,0,147,0,0,5,0,21,10,431,25,440,28,0,72,190,2,0,0,0,69,0,16,0,36,0,60,0,70,0,36,0
"OTU_219",0,0,15,0,35,0,0,0,0,0,0,65,41,104,145,107,178,19,2,0,18,53,24,0,0,0,0,0,0,0,0,0,45,64,30,97,137,10,32,104
"OTU_220",0,13,20,24,13,0,14,24,5,16,11,95,43,0,49,68,158,110,46,20,0,73,78,44,22,0,0,11,31,0,32,0,73,27,67,55,108,173,0,290
"OTU_221",0,17,39,34,12,22,0,6,22,0,0,8,33,0,11,20,30,6,17,0,0,31,17,0,0,0,20,10,0,0,32,0,24,36,47,17,50,34,29,0
"OTU_224",0,0,0,0,16,0,4,0,0,0,0,0,11,0,0,56,0,51,5,0,9,0,60,0,0,0,0,0,0,0,0,0,0,36,25,0,56,24,63,57
"OTU_225",0,0,81,19,33,0,200,0,0,0,0,31,40,0,24,106,103,51,0,0,0,61,69,0,0,0,0,52,52,0,640,0,31,29,0,0,123,61,34,40
"OTU_226",15,4,0,0,28,18,25,13,25,8,10,66,31,48,68,31,107,39,35,0,50,44,44,30,26,5,72,41,43,8,42,0,39,44,32,30,16,30,12,87
"OTU_227",0,65,91,0,36,8,0,0,0,0,0,35,44,44,46,18,40,9,27,0,19,15,2,0,0,0,0,0,0,0,0,0,81,59,13,46,35,1,40,13
"OTU_228",0,0,0,0,0,0,0,0,0,0,0,0,0,0,0,50,0,18,0,0,0,11,0,0,0,0,0,0,0,0,0,0,0,0,11,0,31,14,25,18
"OTU_229",0,0,0,0,0,0,0,0,0,0,0,0,0,28,17,29,6,2,0,0,0,0,0,0,0,0,0,0,0,0,0,0,16,0,12,33,40,5,0,7
"OTU_230",0,3,52,0,78,98,49,46,0,10,11,41,54,7,37,44,100,109,33,0,22,78,114,0,40,0,35,0,94,8,25,0,35,88,71,68,41,65,54,121
"OTU_231",0,0,0,0,0,0,0,0,0,0,0,68,10,91,88,103,100,0,0,0,0,28,10,0,0,0,0,0,0,0,0,0,110,103,49,146,176,13,31,19
"OTU_232",0,0,0,3,20,0,0,0,0,0,0,31,8,0,15,5,118,30,9,2,14,23,18,0,0,0,0,0,0,0,6,0,33,35,0,13,8,114,36,61
"OTU_233",38,81,26,0,23,206,0,0,0,0,0,0,11,37,43,15,31,0,0,0,0,0,0,133,0,9,6,12,15,0,0,0,0,0,0,61,29,0,0,0
"OTU_234",15,0,0,0,0,0,85,0,14,0,13,0,31,14,17,44,38,23,0,0,0,0,6,0,0,18,0,0,0,0,0,0,33,34,3,27,83,40,20,55
"OTU_235",0,0,15,0,0,0,0,0,0,0,0,44,37,156,100,16,36,0,0,0,0,26,0,0,0,0,0,0,0,0,0,0,25,83,17,109,29,0,1,0
"OTU_236",0,0,6,0,47,28,71,29,0,0,10,110,58,21,83,22,128,62,61,0,14,41,147,0,33,13,7,22,30,0,64,0,36,134,60,229,23,82,55,192
"OTU_237",66,29,53,0,73,39,51,2,5,0,8,124,97,72,187,21,34,0,44,0,28,34,0,6,0,20,837,56,107,0,40,0,157,58,86,170,30,28,31,20
"OTU_238",67,154,86,29,48,0,103,71,173,215,90,48,89,45,63,32,44,15,133,27,235,22,32,0,28,102,0,109,70,90,339,99,88,76,72,41,77,29,81,22
"OTU_239",0,0,0,0,7,0,6,0,0,0,0,51,34,10,30,26,116,109,40,14,46,41,98,0,0,0,0,0,6,0,32,0,31,101,36,50,38,229,53,151
"OTU_240",30,8,10,7,8,34,47,1,0,0,5,0,0,0,0,39,8,68,6,39,15,8,24,19,0,9,0,22,0,0,22,0,4,10,11,8,71,61,30,12
"OTU_241",0,0,0,0,0,0,0,0,0,0,26,2,0,0,16,18,64,22,0,0,0,0,35,0,0,0,0,0,0,0,0,0,16,19,0,9,26,47,16,58
"OTU_242",0,0,16,0,43,0,47,0,0,0,0,35,79,32,57,50,60,58,44,32,0,35,41,0,0,7,0,19,7,0,64,0,177,114,90,80,73,135,67,48
"OTU_243",22,10,7,0,24,32,24,0,11,111,15,0,0,0,20,29,33,32,53,33,36,12,31,0,55,33,17,21,8,38,0,11,0,15,0,0,0,58,36,30
"OTU_244",0,0,21,27,25,0,19,0,0,0,0,28,37,17,25,61,60,115,44,56,46,35,105,0,0,0,0,0,0,0,0,0,34,109,32,22,77,140,120,94
"OTU_245",0,0,160,38,98,0,141,0,0,0,0,49,11,46,33,42,59,33,81,0,50,17,0,0,0,0,0,18,31,17,50,0,99,86,52,50,109,13,53,12
"OTU_246",0,0,0,0,0,0,0,0,0,4,0,0,0,0,0,7,0,16,0,0,4,0,11,0,0,0,0,0,0,0,0,0,0,0,84,0,3,0,0,0
"OTU_247",0,30,77,0,41,0,19,0,0,0,0,0,0,25,0,20,0,0,13,0,24,0,0,0,0,0,21,58,21,0,0,0,0,0,0,48,35,25,29,45
"OTU_249",0,0,0,0,0,0,4,53,146,619,473,0,6,0,0,0,0,0,0,0,0,0,0,0,821,47,0,87,131,690,0,1959,0,0,0,0,0,0,0,0
"OTU_250",0,24,16,0,71,0,77,0,0,0,0,61,56,29,50,61,96,41,37,0,25,50,36,0,0,0,0,51,0,0,34,0,102,157,29,90,85,133,91,99
"OTU_251",0,15,66,0,0,7,0,0,0,0,0,44,68,85,48,30,56,0,20,0,52,27,0,0,0,0,0,0,0,0,0,0,48,115,39,123,36,68,88,6
"OTU_253",0,7,0,21,0,0,0,39,113,209,14,6,0,0,35,0,5,0,380,107,90,0,0,0,119,99,0,102,1004,2458,127,51,0,0,0,0,0,0,0,0
"OTU_254",0,0,29,1881,0,0,51,23,0,200,233,0,0,0,0,0,0,7,247,290,363,0,27,71,72,0,0,0,452,272,32,95,0,115,499,0,0,0,16,0
"OTU_255",0,0,0,0,0,6,0,0,0,0,0,0,10,0,0,2,0,44,0,0,0,8,15,0,0,7,0,0,5,0,0,0,0,0,3,0,13,108,0,89
"OTU_256",0,0,0,30,40,125,44,85,0,205,483,25,43,28,0,41,50,54,19,34,23,83,93,593,262,25,12,30,319,61,59,0,0,60,82,0,0,0,36,41
"OTU_257",0,0,0,34,0,0,36,0,0,0,13,9,12,3,0,15,0,407,23,6,46,0,19,0,6,0,0,31,0,0,30,0,15,4,23,0,61,72,97,0
"OTU_258",35,0,0,0,0,30,0,0,0,0,0,19,16,380,333,0,41,0,17,0,62,15,0,0,0,0,0,11,0,0,0,0,52,39,42,1833,0,0,0,0
"OTU_259",16,12,0,0,3,51,0,0,0,0,0,0,0,64,57,8,33,0,0,0,0,0,0,0,0,50,0,0,0,0,0,0,12,29,16,13,0,0,0,0
"OTU_261",0,117,242,24,29,0,182,14,0,72,111,28,102,50,53,33,42,110,362,167,115,51,166,0,120,96,22,70,135,63,27,35,161,144,155,72,45,72,546,39
"OTU_262",0,0,0,0,0,0,0,0,0,0,0,31,0,25,25,22,59,0,0,0,0,0,21,0,0,0,0,0,0,0,0,0,9,21,0,5,24,8,0,36
"OTU_263",0,0,0,275,0,0,0,20,133,741,441,0,0,0,5,0,0,0,200,128,95,0,0,66,264,43,0,57,754,1050,26,521,0,5,0,0,0,0,0,0
"OTU_264",240,101,74,92,170,69,167,103,106,31,36,75,100,49,177,24,105,18,118,39,251,47,21,77,8,179,92,101,46,99,141,0,67,178,95,155,25,31,128,8
"OTU_265",47,112,83,25,147,42,121,71,103,40,24,23,66,63,86,26,117,113,68,16,60,74,146,19,141,165,133,168,86,0,113,38,73,123,49,83,40,216,181,81
"OTU_266",0,0,0,7,6,0,70,0,0,12,0,26,19,0,1,24,33,92,37,10,32,41,73,11,0,0,0,7,8,15,0,0,58,37,27,22,30,80,37,83
"OTU_267",0,0,22,0,28,0,0,0,0,0,0,12,0,31,33,105,30,51,0,0,0,26,0,0,0,0,0,0,0,0,0,0,83,28,28,52,155,44,92,88
"OTU_268",1,39,62,0,152,0,383,0,565,0,0,0,41,20,0,0,35,30,0,0,138,0,76,0,0,144,0,34,23,1481,73,0,32,379,46,20,0,0,0,0
"OTU_269",0,118,0,12,47,31,41,136,249,350,1769,0,4,0,0,0,0,0,11,0,0,0,27,0,387,178,6,34,86,278,126,890,0,0,0,15,0,0,0,0
"OTU_270",0,0,8,0,0,0,0,0,0,0,0,0,5,11,3,44,0,0,0,0,0,0,0,0,0,0,0,0,0,0,0,0,28,14,17,32,54,12,0,13
"OTU_271",99,72,0,0,23,59,0,0,0,0,0,0,0,56,14,111,35,0,0,0,0,19,0,26,0,0,209,27,0,0,0,0,57,19,23,74,98,22,30,34
"OTU_272",0,0,0,0,0,0,0,0,0,0,0,17,0,14,20,30,14,20,0,0,27,7,15,0,0,0,0,0,0,0,0,0,20,3,0,23,18,32,35,22
"OTU_274",113,47,31,0,79,0,0,0,0,0,0,46,59,94,87,17,8,0,48,0,59,0,0,0,0,14,0,0,116,0,0,0,0,0,4,79,34,0,86,17
"OTU_275",0,0,0,0,0,0,0,0,0,0,0,0,0,0,0,0,0,453,3,3,0,0,0,0,0,0,0,0,0,0,0,0,0,0,0,0,0,112,4112,0
"OTU_276",0,0,0,0,0,0,0,0,0,0,0,0,21,11,0,39,13,26,98,64,163,0,34,0,0,0,0,0,6,0,0,0,29,38,134,11,43,0,44,0
"OTU_277",15,8,40,34,34,8,37,19,0,35,0,97,105,0,44,11,123,22,143,12,82,75,117,0,0,8,31,26,12,0,33,12,98,141,36,55,48,89,89,96
"OTU_278",0,0,0,0,0,0,0,0,0,0,0,0,4,6,10,14,7,0,0,0,0,0,0,0,0,0,0,0,0,0,0,0,13,0,10,0,19,0,7,0
"OTU_279",4,0,5,0,40,11,65,10,0,0,0,13,0,21,20,66,78,113,20,65,3,65,41,0,12,0,14,31,49,23,30,0,23,49,22,24,66,100,54,131
"OTU_280",307,0,78,0,283,845,328,88,135,0,56,53,71,0,89,0,111,0,41,0,54,0,0,0,81,0,492,170,108,44,522,0,52,66,0,78,0,0,0,51
"OTU_281",0,0,0,0,0,0,4,13,11,0,0,32,14,26,69,20,29,0,0,0,21,19,24,0,0,0,0,0,0,0,0,0,45,27,39,23,38,28,0,52
"OTU_283",99,89,99,9,161,231,241,67,28,10,5,39,48,30,79,7,69,14,37,5,0,34,36,25,75,118,47,235,43,36,280,34,31,80,0,130,11,27,54,47
"OTU_284",0,0,0,0,0,0,0,0,0,0,0,17,29,0,21,38,75,119,34,13,15,25,99,0,0,0,0,0,0,0,0,0,28,41,18,17,34,98,36,83
"OTU_285",182,72,114,11,55,94,108,68,196,23,0,25,32,75,41,12,42,0,37,10,0,26,0,69,40,107,400,48,116,49,53,13,18,24,0,142,25,11,45,0
"OTU_286",0,75,91,8,69,0,0,0,0,0,0,53,24,65,83,32,52,16,26,0,0,56,8,0,0,0,0,0,0,0,0,0,146,75,26,167,62,67,78,61
"OTU_288",0,24,16,0,0,0,6,9,9,46,0,32,11,28,21,34,10,23,13,6,0,0,20,6,22,15,3,9,25,14,0,58,0,31,14,0,73,0,47,59
"OTU_289",0,0,10,0,0,0,0,0,0,0,0,0,0,0,20,23,29,32,11,0,38,0,0,0,0,0,0,0,0,0,0,0,7,24,0,0,20,0,16,0
"OTU_290",0,0,0,0,0,0,0,0,0,0,0,0,17,75,45,57,6,0,0,0,0,0,0,0,0,0,0,0,0,0,0,0,37,0,39,58,114,0,0,0
"OTU_291",0,0,14,0,9,168,33,46,3,8,0,0,9,33,0,90,153,236,89,30,0,81,195,0,110,0,0,7,118,16,103,0,2,54,96,39,0,215,83,501
"OTU_292",0,0,36,0,0,0,0,0,0,0,0,17,0,0,18,39,48,135,0,0,1,0,87,0,14,0,23,0,0,9,24,0,77,20,21,15,124,205,25,191
"OTU_293",0,0,175,0,0,0,72,0,0,0,8,0,0,25,0,0,0,0,313,98,0,0,0,0,0,0,0,0,16,0,84,9,0,44,0,113,0,0,4,0
"OTU_294",0,0,0,0,8,0,0,0,0,0,0,0,0,11,0,0,0,0,0,0,0,0,0,0,0,0,0,0,0,4,0,0,0,0,0,20,8,0,0,0
"OTU_295",18,68,104,18,88,71,160,72,144,38,87,33,53,42,110,16,53,13,114,0,27,23,9,62,57,339,70,61,84,45,35,0,26,43,23,72,54,0,30,17
"OTU_296",0,0,0,0,0,0,0,0,0,0,0,0,0,7,6,0,0,13,0,0,13,0,7,0,0,0,0,0,0,0,0,0,23,1,0,0,0,27,9,11
"OTU_297",0,0,0,0,0,62,0,0,0,0,0,0,0,0,15,31,0,55,16,30,0,33,25,0,0,0,0,0,33,0,0,17,0,0,0,0,14,2,8,48
"OTU_298",79,0,16,0,3,0,0,0,0,0,0,0,2,0,9,41,18,26,11,0,0,19,46,15,0,0,0,0,0,0,0,0,13,32,21,20,93,41,55,62
"OTU_299",0,0,22,1,38,0,1,15,0,0,0,47,70,10,12,16,95,9,0,0,47,0,0,71,0,0,0,0,177,4,1,0,40,119,210,57,166,67,0,10
"OTU_300",0,39,39,0,0,0,0,0,0,0,0,72,44,0,0,0,82,0,457,20,71,0,31,0,0,0,0,0,0,0,0,0,34,57,44,38,0,52,98,0
"OTU_301",0,25,5,25,12,0,7,0,0,0,0,14,13,42,40,64,11,17,0,0,53,17,38,50,0,15,0,21,10,0,0,0,1,17,1,28,48,19,35,19
"OTU_302",0,25,31,0,15,0,0,0,0,0,0,4,0,5,0,78,6,30,8,0,12,0,16,0,0,29,79,0,12,0,7,0,26,28,22,0,204,110,10,49
"OTU_304",0,0,0,0,8,0,8,14,0,0,11,15,14,2,12,19,67,60,15,8,0,13,24,0,11,2,0,0,0,0,0,0,15,25,1,1,13,62,59,71
"OTU_305",0,0,84,0,104,27,133,249,215,120,303,0,197,103,55,0,91,0,270,179,241,17,70,295,194,18,0,231,384,66,158,44,32,66,119,61,0,0,97,0
"OTU_307",0,0,18,0,0,0,0,0,0,0,0,0,0,0,0,0,12,12,55,1428,10,0,0,0,0,0,0,10,0,0,0,0,0,6,0,0,13,13,12,0
"OTU_308",0,20,16,0,0,0,103,0,0,61,23,0,0,8,12,43,0,9,5,90,70,0,48,24,0,4,0,0,0,0,5,79,20,62,0,0,100,52,84,7
"OTU_309",0,0,0,0,0,0,0,0,0,0,0,0,32,0,18,31,0,0,28,56,396,0,22,0,0,0,0,0,0,0,0,0,424,192,1740,0,1238,0,0,0
"OTU_310",60,88,77,27,75,16,67,94,119,82,10,16,31,16,29,11,18,39,54,9,54,0,21,53,56,45,85,44,55,103,115,23,19,47,23,10,50,67,33,25
"OTU_311",0,0,42,0,0,0,0,0,0,0,0,8,0,0,0,35,0,22,17,0,0,7,34,0,0,0,0,0,0,0,0,0,18,20,10,0,71,50,22,25
"OTU_312",13,49,28,0,37,17,60,88,38,73,28,15,52,16,37,24,42,57,125,49,49,20,48,0,37,30,27,36,47,38,108,28,37,0,51,19,34,42,51,62
"OTU_313",0,0,0,1266,0,0,8,0,0,2137,0,0,0,0,0,0,0,0,14,0,0,0,0,26,0,0,0,0,579,0,65,0,0,0,0,0,0,0,0,0
"OTU_314",0,0,0,0,21,66,41,4,24,34,0,0,17,7,20,0,42,0,26,0,0,0,24,0,27,24,0,0,23,0,9,0,0,45,0,0,0,0,46,22
"OTU_315",0,0,0,0,33,0,0,0,0,0,0,109,144,134,130,43,96,0,74,19,133,50,25,0,0,0,0,0,0,0,0,0,132,172,81,135,87,14,15,50
"OTU_316",0,15,65,0,22,6,45,9,0,8,0,84,13,58,55,7,66,76,42,74,21,24,105,0,2,4,21,0,3,0,10,0,98,34,74,167,91,148,58,20
"OTU_317",649,84,0,0,76,438,189,20,129,45,0,0,0,0,0,0,0,0,0,0,0,0,0,316,0,299,1258,212,213,0,114,0,0,0,0,17,0,0,0,0
"OTU_319",0,0,0,0,0,0,0,0,0,0,0,0,0,0,0,10,0,0,0,0,0,0,0,0,0,0,0,0,0,0,0,0,12,0,0,0,32,10,3,0
"OTU_320",0,36,183,0,61,0,29,0,0,0,0,31,26,27,31,59,71,5,51,0,14,5,25,0,0,0,0,0,7,0,0,0,75,133,52,86,159,45,41,26
"OTU_321",8,52,53,10,24,0,0,11,26,76,0,31,0,23,40,4,34,38,11,18,0,22,72,0,44,28,40,15,16,16,47,50,48,49,73,8,28,85,111,56
"OTU_322",0,0,0,0,0,0,0,0,0,0,0,0,5,25,0,0,0,0,0,0,0,0,0,0,0,0,0,0,0,0,0,0,9,0,0,37,0,0,0,0
"OTU_323",6,0,0,0,0,0,50,137,837,241,1278,0,0,0,0,0,0,0,0,0,0,0,0,259,856,149,0,69,0,0,0,71,0,0,0,0,0,0,0,0
"OTU_324",0,0,0,0,0,0,0,0,0,0,0,14,14,14,40,10,23,0,10,0,36,0,0,0,0,0,4,0,0,0,0,0,0,0,0,16,0,27,0,0
"OTU_325",0,0,0,0,0,0,0,0,0,0,0,0,0,35,16,31,13,0,0,0,0,0,0,0,0,0,0,0,0,0,0,0,31,17,0,55,41,0,0,0
"OTU_326",3,15,19,0,37,7,0,0,0,0,0,26,10,0,22,18,37,17,25,0,9,11,26,0,0,6,0,23,11,0,0,0,0,17,0,32,30,29,31,15
"OTU_327",56,67,91,9,61,11,78,94,131,0,0,0,0,40,35,57,0,72,9,18,1,0,27,24,8,110,63,61,29,0,89,33,15,27,10,85,56,76,145,26
"OTU_328",102,35,22,0,83,55,44,51,34,0,15,27,54,0,78,33,55,77,53,0,0,118,107,22,27,81,98,73,47,0,27,0,51,61,24,50,33,74,99,180
"OTU_329",0,0,20,0,0,9,0,0,5,0,0,0,0,17,0,0,5,0,0,0,0,0,0,0,9,0,0,0,0,0,0,0,0,0,13,26,51,0,1,0
"OTU_330",0,54,0,0,0,0,66,0,0,0,0,0,0,10,50,0,0,0,0,0,0,9,101,0,0,51,44,0,0,0,90,0,34,59,0,18,21,12,0,134
"OTU_332",0,0,11,0,0,0,29,8,0,0,0,21,0,11,35,55,27,148,24,15,0,24,21,0,0,0,0,0,0,0,24,0,41,28,30,23,51,87,50,18
"OTU_333",0,0,28,0,0,0,0,0,0,0,0,16,32,0,0,0,17,0,55,0,12,32,31,0,0,0,0,0,0,0,0,0,14,23,0,13,0,24,29,0
"OTU_334",0,0,7,0,17,0,0,0,0,0,0,30,6,18,12,18,47,10,8,0,0,6,19,0,0,8,40,33,0,0,0,0,0,45,0,29,0,23,0,17
"OTU_337",0,0,130,0,48,0,72,0,0,0,0,21,12,0,18,41,41,62,0,29,20,22,81,0,0,0,0,27,0,0,31,0,28,44,20,26,32,111,55,73
"OTU_338",0,0,17,0,0,0,0,0,0,0,0,29,12,2,5,29,41,22,0,0,0,22,22,0,0,0,0,0,0,0,8,0,22,16,14,0,35,22,24,10
"OTU_341",0,10,0,0,0,36,16,0,0,0,0,28,0,65,68,8,33,0,0,0,0,0,0,50,0,0,0,0,0,0,0,0,0,6,8,156,37,0,0,0
"OTU_342",0,0,0,0,0,0,0,0,0,0,0,0,10,0,0,0,11,0,0,0,0,0,0,0,0,0,0,0,0,0,0,0,10,4,0,10,0,0,0,0
"OTU_343",0,46,38,0,22,0,0,0,0,0,0,36,9,42,32,36,28,0,0,0,0,0,0,0,0,0,0,0,11,0,0,0,36,28,20,98,63,0,28,0
"OTU_346",57,26,25,12,14,0,56,26,0,0,0,22,19,20,28,17,30,58,28,44,5,0,29,0,0,12,3,24,15,0,73,12,76,31,31,25,42,37,96,15
"OTU_348",106,0,6,0,8,16,25,24,0,0,0,12,12,33,21,9,11,0,0,0,28,0,0,0,0,16,75,12,0,6,29,0,9,19,13,31,23,0,8,0
"OTU_349",92,0,0,0,42,169,47,6,0,0,0,40,13,11,24,11,35,110,18,0,12,36,62,4,4,8,49,9,10,0,105,0,32,64,39,30,36,271,81,78
"OTU_350",0,7,0,0,11,0,8,0,0,0,0,0,0,0,0,11,0,0,0,0,0,0,0,0,0,0,0,0,0,0,0,0,0,0,0,0,10,0,0,0
"OTU_351",0,0,1057,0,0,0,0,0,0,0,0,0,0,0,0,0,0,0,351,455,24,0,0,0,13,0,0,240,18,15,0,30,0,0,0,0,13,0,22,0
"OTU_353",0,57,51,0,28,0,0,0,0,0,0,0,0,0,0,0,0,22,0,0,0,24,15,0,0,38,0,0,16,9,0,0,37,46,16,0,0,48,64,0
"OTU_354",2,11,36,0,9,0,141,0,0,0,0,11,0,9,18,46,42,125,56,12,13,24,60,0,0,5,4,19,0,0,41,0,76,45,82,4,88,163,106,34
"OTU_355",0,0,10,0,0,0,0,0,0,0,0,13,11,38,36,24,32,22,13,16,86,0,0,0,0,0,0,0,26,19,0,0,17,16,4,33,29,4,20,17
"OTU_356",0,0,0,0,0,0,0,0,0,0,0,16,10,0,0,20,23,0,0,0,0,20,22,0,0,0,0,0,0,0,0,0,0,13,0,0,16,30,0,17
"OTU_357",0,0,0,0,24,60,0,0,33,0,0,35,102,33,73,23,131,0,409,0,9,32,0,11,0,19,60,0,0,0,0,0,67,303,0,63,95,0,0,0
"OTU_358",0,0,0,19,0,0,8,0,0,0,0,32,13,0,0,26,0,0,30,0,18,16,39,0,0,0,0,0,0,0,0,0,0,41,27,1,28,45,44,12
"OTU_360",0,10,0,0,18,0,41,0,7,0,0,43,30,29,51,23,75,69,45,1,10,73,53,0,0,12,21,9,15,0,0,0,26,71,29,13,22,67,88,135
"OTU_361",0,0,0,0,0,0,0,0,0,0,0,0,0,0,11,0,0,0,0,0,0,0,0,0,0,0,0,0,0,0,0,0,0,0,0,13,10,32,0,35
"OTU_362",0,0,41,0,11,0,0,0,0,0,0,19,15,3,43,63,2,0,9,0,20,9,0,0,0,0,0,0,0,0,0,0,43,41,25,0,37,22,31,33
"OTU_363",0,1,0,0,10,0,8,3,0,2,0,17,6,0,15,3,16,4,0,0,0,7,1,0,2,0,0,0,0,0,0,0,0,9,15,0,0,15,11,14
"OTU_364",0,0,0,0,0,0,0,0,0,0,0,0,0,31,0,99,0,0,0,0,0,0,0,0,0,0,0,0,4,0,0,0,4,55,26,6,0,0,0,0
"OTU_365",20,19,17,26,32,104,105,235,518,119,186,26,47,58,55,0,89,20,85,20,194,56,58,191,295,58,173,44,194,26,25,69,0,57,40,36,4,0,31,32
"OTU_366",0,0,0,0,10,16,0,0,0,0,0,0,6,15,20,47,42,104,0,17,11,39,31,0,11,0,13,0,14,0,14,0,36,48,40,20,36,56,48,87
"OTU_368",0,0,18,0,0,0,7,0,0,0,0,26,6,27,21,21,24,0,9,0,0,7,0,0,0,0,0,0,0,0,0,0,3,29,108,8,15,0,0,0
"OTU_369",0,0,0,0,0,0,0,0,0,0,0,24,28,8,0,0,71,9,23,0,0,26,39,0,0,0,0,0,6,0,0,0,6,20,22,0,0,13,0,34
"OTU_371",179,94,208,38,152,43,273,131,41,113,73,34,68,61,108,0,60,0,113,17,81,48,42,33,99,85,57,164,70,101,376,41,57,95,24,75,43,23,70,12
"OTU_374",0,0,0,0,0,0,0,0,0,0,0,74,41,35,85,0,96,134,48,0,60,72,52,0,0,0,0,0,0,0,0,0,47,78,38,0,0,95,101,132
"OTU_375",0,0,0,0,0,0,0,0,0,0,8,38,17,30,28,10,59,0,28,0,10,18,0,0,0,0,0,0,0,0,0,0,17,17,0,9,0,0,11,6
"OTU_377",20,5,7,0,0,0,17,0,0,0,0,0,22,0,0,0,29,19,27,0,0,19,25,0,0,0,7,0,3,0,9,0,25,33,30,0,43,19,60,26
"OTU_378",0,14,5,0,8,0,0,0,0,0,0,12,10,17,29,22,12,0,11,0,12,8,0,0,0,0,0,12,0,0,0,0,36,20,0,15,25,19,0,0
"OTU_379",0,0,0,0,0,0,0,0,0,0,0,41,0,0,10,0,38,11,2,0,0,0,10,0,0,0,0,0,0,0,0,0,26,21,0,9,0,19,8,18
"OTU_380",0,0,0,0,0,0,0,0,0,0,0,0,13,70,32,0,0,0,0,0,0,0,0,0,0,0,0,0,0,0,0,0,0,43,0,78,0,1,0,0
"OTU_383",0,0,40,945,8,0,87,0,0,242,87,0,23,0,2,0,0,131,102,243,308,0,36,148,0,0,0,15,238,32,70,0,92,65,136,19,0,0,263,0
"OTU_384",0,0,0,0,44,0,40,51,154,125,0,173,104,249,359,0,223,0,53,29,210,60,0,37,14,199,162,61,53,101,48,0,65,237,125,411,0,0,8,0
"OTU_385",0,0,0,0,10,0,0,0,0,0,0,12,0,0,0,12,29,23,0,0,0,0,0,0,0,0,0,0,0,0,0,0,0,0,0,0,11,11,0,26
"OTU_386",68,17,4,66,0,68,24,156,326,279,525,0,0,0,0,3,0,14,89,40,0,0,15,16,560,59,33,42,94,210,195,312,0,0,0,1,18,0,1,0
"OTU_387",55,37,35,6,36,11,37,31,17,0,0,12,19,20,31,20,20,26,34,0,19,16,17,13,11,44,57,51,42,9,32,0,19,37,15,33,69,46,55,32
"OTU_388",0,0,0,62,41,0,155,56,61,84,557,19,122,0,27,0,71,0,129,295,331,47,274,194,122,18,0,34,119,0,32,38,14,164,60,15,21,0,0,0
"OTU_389",4,132,117,0,99,0,203,34,75,0,0,18,41,16,24,22,27,11,52,0,20,0,2,12,4,87,119,103,83,29,60,0,47,50,16,23,36,27,26,0
"OTU_390",0,0,0,0,0,0,0,0,0,0,0,0,0,29,6,0,0,0,0,0,0,0,0,0,0,0,0,0,0,0,0,0,9,0,39,21,62,0,0,0
"OTU_391",0,0,0,0,0,0,0,0,0,0,0,0,0,0,0,0,0,24,0,0,0,0,33,0,0,0,0,0,0,0,0,0,0,23,0,0,0,43,54,55
"OTU_392",0,0,0,0,0,0,0,0,0,0,0,29,13,42,43,4,11,0,0,0,28,0,0,0,0,0,0,0,0,0,0,0,22,13,16,145,26,0,0,0
"OTU_393",83,63,134,20,96,69,180,91,66,0,0,0,20,86,59,0,0,0,81,31,96,0,17,28,0,207,130,140,215,45,80,0,40,76,39,133,50,4,18,6
"OTU_394",0,11,0,0,0,0,0,0,0,0,0,0,6,0,0,0,19,0,0,0,0,0,0,0,0,0,0,0,0,0,0,0,0,17,0,21,0,13,0,0
"OTU_395",0,0,0,0,0,0,0,0,0,0,0,0,16,81,123,244,1,0,0,0,17,0,16,0,0,0,0,0,0,0,0,0,117,53,69,248,251,0,73,24
"OTU_397",18,0,20,0,10,32,103,20,0,20,0,0,37,20,0,65,44,192,58,65,29,62,137,65,39,16,0,31,96,19,154,0,14,42,47,19,18,150,88,106
"OTU_398",0,0,0,0,0,0,0,0,0,0,0,14,0,80,19,0,13,0,0,0,0,0,0,0,0,0,0,0,0,0,0,0,0,0,0,56,9,0,0,0
"OTU_399",0,0,0,237,0,0,16,73,204,952,508,0,0,0,0,0,0,0,0,0,0,0,0,412,163,0,0,18,253,111,147,0,0,0,0,11,0,0,37,0
"OTU_400",0,0,0,0,0,0,0,0,0,0,0,0,10,27,15,6,0,0,0,0,0,0,0,0,0,0,0,0,0,0,0,0,4,0,5,31,27,0,0,0
"OTU_401",43,58,16,68,60,24,103,138,90,32,38,11,22,34,35,16,16,15,76,18,53,25,45,63,77,104,53,44,125,80,215,102,14,27,16,86,16,17,25,35
"OTU_402",83,0,581,0,44,110,0,0,0,0,0,0,76,58,40,33,0,0,255,7,48,0,26,0,0,0,0,26,0,0,0,0,39,0,49,737,102,20,41,0
"OTU_403",429,0,0,0,0,261,44,0,0,0,0,0,0,10,0,0,0,0,0,0,0,0,0,359,0,412,1577,53,0,0,4,0,0,0,0,47,0,0,0,0
"OTU_404",0,44,0,0,0,0,0,0,0,2,2896,0,0,0,0,0,0,0,0,0,0,0,0,0,0,234,0,0,0,0,0,0,0,0,0,0,0,60,0,0
"OTU_405",0,0,68,10,10,0,12,0,0,0,0,11,15,0,21,24,0,56,11,36,19,0,24,0,0,0,0,17,3,7,27,0,19,2,0,0,30,32,54,12
"OTU_407",0,0,36,0,54,0,0,0,0,0,0,0,0,0,0,0,26,0,0,0,0,14,0,0,0,0,0,0,0,0,0,0,0,27,0,0,0,17,24,0
"OTU_408",0,0,0,0,11,0,4,0,0,0,0,0,0,0,0,11,24,64,11,5,0,26,56,0,0,0,0,0,3,0,0,0,0,18,23,0,7,83,33,108
"OTU_410",47,34,53,12,43,155,59,62,2,183,75,43,33,52,35,22,70,0,49,52,16,28,79,128,220,67,73,16,141,42,65,91,46,7,12,59,31,0,7,47
"OTU_411",5,50,44,0,15,0,0,0,0,0,0,7,0,34,36,40,7,0,0,0,8,0,0,0,0,0,0,0,0,0,0,0,33,20,7,42,27,0,0,0
"OTU_412",0,0,62,0,32,0,0,0,0,0,0,19,0,15,23,0,24,0,0,0,0,17,9,0,0,0,0,0,0,0,0,0,22,16,0,0,23,0,1,43
"OTU_413",0,0,0,0,0,34,0,0,0,0,0,0,0,0,0,0,0,0,0,0,0,0,0,0,0,0,36,12,0,0,0,0,0,0,0,0,0,23,0,0
"OTU_415",0,0,0,0,0,0,18,0,0,0,0,7,0,0,0,17,18,49,9,26,0,35,44,0,0,0,0,0,12,0,0,0,0,0,7,0,13,19,18,51
"OTU_418",0,0,0,0,0,0,0,0,0,0,0,18,13,0,14,18,44,30,11,0,7,0,52,0,0,0,0,0,0,0,0,0,0,14,15,7,30,65,0,43
"OTU_419",0,0,10,0,53,0,122,58,33,21,23,9,0,0,18,19,33,64,12,0,0,0,49,0,38,21,0,14,36,19,50,0,22,15,0,0,0,42,10,112
"OTU_420",0,0,0,0,0,0,0,0,0,0,0,0,0,0,0,0,0,17,0,0,0,0,21,0,0,0,0,0,0,0,0,0,0,0,0,0,15,63,0,40
"OTU_422",60,61,81,145,41,39,114,95,138,297,32,14,21,9,21,0,13,158,144,117,136,0,19,24,141,32,40,54,37,87,123,184,80,37,36,0,6,67,141,14
"OTU_423",28,13,48,0,0,105,0,0,0,0,0,34,0,0,0,53,38,0,0,0,0,18,3,2,0,0,0,13,128,0,0,0,33,0,22,34,34,67,0,64
"OTU_424",0,11,58,0,59,0,39,0,0,0,0,9,8,15,35,30,21,33,21,0,18,24,22,7,0,0,0,0,0,0,62,0,25,25,25,21,120,61,12,42
"OTU_425",196,60,244,0,55,92,61,0,0,0,0,0,6,19,16,25,22,14,20,0,0,0,0,9,0,29,25,62,13,0,47,0,60,27,36,28,80,93,63,0
"OTU_426",0,0,0,0,0,0,0,0,5,0,0,4,5,12,0,0,0,0,0,0,0,0,0,0,0,0,0,0,0,0,0,0,0,0,0,13,0,0,0,0
"OTU_427",196,88,161,0,146,91,16,39,6,0,54,0,31,8,25,12,11,0,18,0,23,0,101,30,0,66,209,90,32,0,55,0,116,42,8,41,84,74,88,47
"OTU_428",0,11,9,0,0,0,0,0,0,0,0,0,0,10,0,6,0,0,0,0,0,0,0,0,0,0,0,0,0,0,0,0,13,0,0,15,19,0,0,0
"OTU_430",0,0,0,0,0,0,0,0,0,0,0,19,0,6,10,15,13,31,0,0,0,0,18,0,0,0,0,0,0,0,0,0,15,16,0,3,13,38,5,32
"OTU_431",0,0,0,0,0,12,70,25,42,9,95,66,80,15,80,0,210,67,44,0,51,63,91,0,56,30,0,8,0,0,33,0,11,101,44,30,8,141,60,168
"OTU_433",0,0,9,0,28,0,18,13,0,0,20,0,23,13,17,25,27,22,27,12,24,15,31,15,23,0,0,3,20,55,27,13,0,27,0,15,10,20,25,19
"OTU_434",30,0,0,0,8,6,0,0,3,0,13,0,5,27,25,21,35,23,18,0,26,12,0,12,23,0,71,4,0,8,3,8,25,8,5,14,24,0,21,0
"OTU_435",0,0,7,0,0,0,0,0,0,0,0,9,10,6,9,29,14,0,10,0,9,16,0,0,0,0,0,0,0,0,4,0,0,22,0,21,42,80,16,13
"OTU_436",606,329,140,0,30,8,65,124,228,0,0,0,0,20,8,0,0,0,0,0,0,0,0,8,16,280,339,91,110,20,177,0,0,22,0,63,0,26,25,0
"OTU_437",0,0,11,0,17,0,0,0,0,0,0,32,0,26,0,0,57,0,38,0,0,14,0,0,0,0,0,0,0,0,0,0,65,37,25,25,0,0,0,0
"OTU_438",0,0,0,0,12,79,67,0,0,45,176,7,15,49,13,32,51,61,12,22,0,50,47,0,330,0,0,0,122,0,51,45,7,45,0,18,0,19,0,79
"OTU_439",25,92,100,18,163,20,84,50,0,0,0,89,105,89,73,0,121,0,70,0,48,7,47,26,14,148,95,40,57,0,126,0,44,191,18,127,46,15,60,0
"OTU_440",0,9,0,0,0,0,12,0,0,0,0,11,15,55,31,61,0,0,0,0,7,0,0,0,0,2,0,0,0,0,9,0,83,18,0,0,96,14,9,5
"OTU_441",0,0,0,0,0,0,0,0,0,0,0,0,0,24,7,15,10,0,0,0,0,0,0,0,0,0,0,0,0,0,0,0,0,0,0,8,37,0,0,0
"OTU_442",26,30,45,62,24,13,353,91,11,421,60,0,0,0,0,2,17,103,23,154,55,12,63,32,31,20,27,52,52,81,294,277,23,33,29,5,12,56,111,13
"OTU_443",19,69,68,5,126,0,68,2,0,0,0,37,75,76,66,46,83,10,12,0,63,31,32,32,0,86,3,81,90,0,8,0,26,99,46,113,44,22,46,39
"OTU_444",0,0,0,0,0,0,15,0,0,0,0,0,0,0,0,13,40,0,11,10,15,0,0,0,0,17,0,14,0,0,0,0,0,17,0,0,0,0,2,0
"OTU_445",70,13,13,15,123,86,99,0,0,0,0,32,60,156,93,55,53,0,27,6,165,12,0,98,43,7,117,26,24,0,0,0,23,73,34,158,48,9,36,13
"OTU_446",0,0,0,0,0,0,28,48,39,0,0,0,0,0,15,15,66,95,0,22,30,0,0,0,0,0,52,12,30,0,27,0,27,0,0,0,0,32,37,53
"OTU_447",0,0,0,0,0,0,0,0,0,0,0,10,0,20,18,0,0,0,0,0,0,0,0,0,0,0,0,0,0,0,0,0,0,16,9,17,0,0,0,0
"OTU_448",0,0,0,0,0,0,0,0,0,0,0,0,0,0,0,34,0,109,0,0,0,0,34,0,0,0,0,0,0,0,0,0,0,0,0,0,35,89,11,66
"OTU_450",62,0,0,0,3,343,70,67,180,19,17,0,173,92,76,57,16,35,0,0,0,140,17,0,125,77,4,14,211,39,9,0,0,234,51,10,0,0,0,57
"OTU_451",0,0,0,0,0,0,0,0,0,0,0,0,0,0,0,36,50,0,0,0,0,24,0,0,0,0,0,0,0,0,0,0,81,75,48,105,49,11,0,0
"OTU_452",0,2,13,3,18,0,44,6,5,2,7,46,23,38,74,16,39,25,45,8,54,34,3,3,4,0,0,44,7,5,60,2,39,30,1,43,31,15,77,8
"OTU_453",0,0,24,0,0,0,0,0,0,0,0,0,0,0,0,19,0,0,0,0,0,0,0,0,0,0,0,0,0,0,0,0,6,10,0,0,15,20,11,10
"OTU_454",0,2,0,0,0,0,0,0,0,0,0,11,42,27,19,37,5,0,6,0,15,9,0,0,0,0,0,0,0,0,0,0,46,15,19,45,64,16,17,9
"OTU_455",0,29,11,0,18,0,26,37,24,0,41,37,29,29,55,33,39,57,20,4,49,0,18,0,64,50,10,19,21,0,44,0,22,49,20,45,44,43,29,50
"OTU_456",0,0,0,0,0,100,15,0,6,57,7,4,31,26,24,27,8,6,10,0,0,20,0,0,20,26,0,24,168,35,15,0,0,29,27,0,0,7,5,18
"OTU_457",0,54,88,0,126,0,45,13,18,0,0,48,26,51,65,30,38,7,0,0,0,8,0,0,0,50,36,85,37,0,0,0,39,19,12,10,54,0,21,13
"OTU_459",0,38,24,0,0,0,0,0,0,0,0,0,0,15,0,0,0,0,0,0,0,0,0,0,0,0,0,0,0,0,0,0,0,0,0,20,48,14,0,0
"OTU_460",20,40,10,0,0,0,0,0,0,0,0,0,0,93,41,0,22,0,0,0,0,0,0,0,0,3,0,0,16,0,0,0,0,0,12,30,0,0,0,0
"OTU_462",0,0,20,0,22,0,0,0,0,0,0,284,237,107,155,0,742,79,103,0,64,161,89,0,0,0,0,0,20,0,9,0,48,242,0,56,0,35,46,39
"OTU_464",0,31,19,270,29,3,49,29,53,586,300,0,13,0,0,4,0,0,254,248,115,0,11,59,97,14,0,40,123,55,32,192,13,23,39,7,4,0,71,5
"OTU_465",0,0,8,0,0,0,0,0,0,0,0,15,39,8,30,15,23,0,10,0,2,6,0,0,0,0,0,0,0,0,0,0,6,18,7,0,0,13,7,0
"OTU_468",0,63,0,0,36,0,0,206,602,260,158,0,33,0,11,0,0,0,53,0,34,0,0,7,166,291,48,39,125,347,31,235,0,10,0,0,0,0,0,0
"OTU_469",0,0,0,0,10,0,0,0,0,0,0,0,0,0,0,0,21,64,0,0,0,0,26,0,0,0,0,0,0,0,0,0,0,0,0,0,8,59,0,87
"OTU_470",0,0,0,0,0,0,0,0,0,0,0,0,0,0,0,0,8,27,0,0,0,0,21,0,0,0,0,0,0,0,0,0,0,7,0,0,0,67,0,121
"OTU_471",0,0,19,0,40,66,18,10,0,0,0,13,18,0,0,3,31,5,0,0,0,22,31,0,0,28,25,60,21,0,23,0,41,21,22,0,0,0,3,4
"OTU_472",0,0,7,0,15,0,0,0,0,0,0,0,16,8,9,19,0,20,19,0,0,14,15,0,0,0,0,0,0,0,0,0,0,32,0,0,12,44,28,8
"OTU_473",0,0,8,0,8,0,0,0,0,0,0,12,12,10,15,8,34,0,0,0,0,0,0,0,0,0,0,0,0,0,0,0,9,19,0,8,14,0,0,0
"OTU_474",0,0,0,0,0,0,24,0,0,0,0,0,8,0,0,0,9,0,0,0,16,11,0,0,0,0,0,0,24,0,0,0,0,0,0,47,26,0,0,0
"OTU_475",0,0,26,0,0,8,68,0,0,0,4,0,0,0,4,4,11,179,21,0,0,21,15,16,0,0,0,4,0,0,5,8,16,18,24,6,34,150,86,6
"OTU_477",18,90,63,0,0,0,21,9,10,0,0,44,23,44,55,23,54,0,0,0,19,18,0,15,0,0,0,30,23,0,15,0,36,29,21,49,37,14,18,0
"OTU_478",71,0,13,0,9,4,0,0,0,0,0,6,0,16,0,12,12,0,0,0,0,0,0,0,0,0,0,0,0,0,0,0,0,9,0,18,29,0,6,0
"OTU_479",0,0,0,0,11,0,18,0,0,0,0,11,0,0,0,0,15,10,16,0,0,0,32,0,4,0,51,0,0,0,0,0,0,22,26,0,13,0,9,30
"OTU_480",0,0,23,0,0,0,0,0,0,0,0,0,0,0,0,0,0,0,76,136,0,0,0,0,0,0,0,0,0,0,0,10,0,0,0,0,0,8,11,0
"OTU_481",0,0,0,95,0,0,0,0,0,0,0,0,0,0,0,0,0,0,16,1567,10,0,0,129,0,0,0,0,62,0,0,0,67,11,684,0,55,0,0,0
"OTU_482",0,0,1,0,12,0,7,0,0,0,9,13,0,0,16,12,17,3,18,0,12,25,1,11,0,0,13,2,0,0,10,0,35,6,28,0,4,22,1,9
"OTU_483",0,0,13,0,17,0,104,34,6,0,0,0,10,0,0,12,29,32,16,0,16,23,23,0,19,6,0,30,0,0,73,0,0,37,0,0,9,43,34,20
"OTU_484",0,0,0,0,0,0,0,0,0,0,5,0,81,49,34,19,127,109,66,112,17,39,116,0,0,12,0,0,9,0,3,0,0,43,34,0,0,77,36,96
"OTU_486",25,23,45,27,39,14,40,28,4,47,17,20,78,38,37,48,64,42,62,61,153,21,62,40,62,21,14,21,86,12,19,0,37,67,53,43,29,19,61,27
"OTU_488",509,46,54,0,49,61,29,23,28,0,19,0,25,18,19,4,10,12,12,0,12,10,13,0,0,91,239,55,66,10,36,0,32,24,6,40,8,21,20,21
"OTU_489",0,0,58,0,64,0,38,0,0,0,0,0,38,59,61,19,25,14,0,0,0,0,2,0,0,0,0,0,0,0,130,0,58,44,28,68,0,0,33,0
"OTU_490",0,0,0,0,2,0,7,0,0,0,0,0,0,6,22,0,23,0,8,0,6,2,0,0,0,0,0,0,22,1,0,0,0,20,0,43,14,0,0,5
"OTU_491",0,47,0,9,53,17,33,0,0,0,0,50,35,19,61,0,97,30,30,0,31,39,21,13,0,23,35,24,43,0,0,0,27,50,28,47,35,29,0,32
"OTU_494",0,0,0,0,4,0,0,0,0,0,0,5,0,0,13,2,32,34,0,0,0,10,53,0,0,0,0,0,0,0,0,0,3,16,11,0,0,46,8,38
"OTU_495",0,27,30,0,12,246,36,25,0,0,0,19,28,4,31,16,25,52,58,10,44,0,40,0,72,14,121,22,9,0,62,0,109,41,91,0,29,155,124,40
"OTU_497",28,59,98,0,8,0,44,75,82,31,19,22,32,16,59,30,25,0,74,0,59,0,28,0,264,18,18,33,20,104,121,78,24,24,10,29,76,7,11,21
"OTU_498",0,0,0,0,0,0,0,0,0,0,0,11,0,4,0,0,0,53,1,2,0,10,19,0,0,0,0,0,0,0,2,0,3,1,6,0,3,67,9,205
"OTU_499",281,0,0,0,0,21,0,0,0,0,0,0,0,324,41,0,0,0,0,0,0,0,0,0,0,0,1303,0,0,0,0,0,0,0,0,30,0,0,0,0
"OTU_500",0,0,0,0,0,0,0,0,0,0,0,7,0,0,6,0,12,11,0,0,0,12,3,0,0,0,0,0,0,0,0,0,11,8,0,0,4,21,5,56
"OTU_501",0,35,24,7,0,0,251,0,19,0,0,0,8,0,66,21,27,0,20,0,27,7,0,132,0,0,0,0,7,21,10,0,15,21,34,54,17,14,55,19
"OTU_502",0,0,0,0,0,0,0,0,0,0,0,0,0,0,0,25,0,39,0,0,0,0,7,0,0,0,0,0,0,0,0,0,0,0,0,0,10,49,25,4
"OTU_503",0,0,0,0,0,0,0,0,0,0,0,62,13,0,24,21,20,0,43,0,26,18,15,0,0,0,0,0,0,0,0,0,34,60,6,28,22,12,5,13
"OTU_504",19,50,16,0,0,26,0,47,87,48,62,0,1,0,0,0,15,0,21,0,0,7,0,20,39,49,0,49,57,0,51,0,10,4,0,0,13,45,12,29
"OTU_505",0,0,43,988,0,0,0,15,0,234,0,0,0,0,0,0,0,0,0,0,0,0,0,975,7,0,0,0,222,0,0,65,0,18,0,0,0,0,0,0
"OTU_506",0,0,11,0,0,64,63,0,0,0,4,18,0,18,28,36,3,0,6,0,0,0,30,25,31,32,21,42,48,0,7,0,1,0,3,27,50,0,19,25
"OTU_507",0,38,0,0,7,0,0,0,0,0,0,0,0,0,37,0,44,44,0,0,0,16,50,0,0,0,0,0,0,0,0,0,5,31,0,0,7,50,0,128
"OTU_508",0,0,16,19,0,0,26,0,0,0,0,17,35,0,16,17,56,89,204,36,125,88,45,0,0,0,0,12,3,0,38,0,60,81,34,33,12,119,81,75
"OTU_509",0,0,2,0,0,0,0,0,0,0,0,0,0,0,0,0,0,0,205,743,0,0,5,0,0,0,0,23,0,0,0,0,0,0,0,0,0,5,2,0
"OTU_510",24,14,124,3,8,12,80,16,45,139,130,5,46,0,4,3,38,43,58,55,21,31,76,8,214,0,12,12,54,64,97,88,32,103,38,6,37,102,194,58
"OTU_511",0,0,30,0,0,0,0,0,0,0,0,0,17,0,0,47,14,0,220,15,15,4,0,0,0,0,0,0,0,0,0,0,3,16,25,8,27,0,0,0
"OTU_512",0,0,0,924,0,0,0,0,0,1086,0,0,0,0,0,0,0,0,0,0,0,0,0,267,0,0,0,0,79,91,26,83,0,0,0,0,0,0,0,0
"OTU_513",0,0,0,0,0,0,0,0,0,0,0,30,9,53,0,0,29,0,0,0,0,0,0,0,0,0,0,0,0,0,0,0,0,0,0,0,0,0,0,0
"OTU_515",0,0,0,0,0,0,0,0,0,0,0,0,0,16,27,0,0,0,0,0,0,0,0,0,0,0,18,0,0,0,0,0,36,0,0,8,34,0,0,0
"OTU_516",0,23,34,0,27,0,12,0,0,0,0,32,0,58,48,29,38,0,0,0,0,19,0,9,0,4,0,0,9,0,0,0,27,35,13,49,36,17,17,0
"OTU_517",148,9,46,9,27,16,10,11,0,9,0,5,6,9,21,0,17,14,82,0,0,12,8,0,0,13,39,52,29,58,25,0,25,20,12,11,16,52,25,29
"OTU_518",0,0,17,0,27,0,0,0,0,0,0,17,6,0,14,0,0,0,0,0,0,0,0,0,0,0,0,0,0,0,0,0,17,40,0,0,77,22,0,0
"OTU_520",5,0,0,0,0,141,0,13,117,37,0,0,10,9,0,8,0,14,0,0,0,76,0,0,0,17,0,0,50,0,0,0,0,42,0,0,0,0,0,10
"OTU_522",0,20,31,0,0,10,55,39,23,42,20,5,31,0,30,24,23,155,30,105,71,33,92,0,36,0,0,13,46,0,25,2,13,24,25,24,28,79,123,53
"OTU_523",33,0,0,0,0,8,0,0,0,0,0,0,22,327,100,7,13,0,0,0,0,0,0,0,0,0,0,0,0,0,0,0,16,0,14,328,30,0,8,0
"OTU_524",0,39,25,0,65,29,0,0,0,0,0,82,67,145,106,27,143,0,14,0,29,18,0,0,0,14,0,0,22,4,12,0,64,33,43,89,64,10,12,6
"OTU_525",43,0,0,0,36,0,205,39,0,0,0,0,54,0,0,38,0,0,37,0,0,19,19,19,0,83,379,209,65,30,0,0,0,95,0,0,0,0,33,15
"OTU_526",0,0,0,25,44,0,65,0,11,5,0,15,31,4,31,19,75,156,29,38,38,51,158,0,24,14,0,28,22,44,150,0,8,80,44,20,16,119,73,129
"OTU_527",0,0,0,1604,0,0,0,15,0,166,72,0,38,70,0,0,0,0,29,0,71,0,0,127,0,0,0,0,257,13,0,0,0,0,0,31,0,0,0,0
"OTU_528",109,10,0,0,0,34,0,0,0,0,0,0,0,0,12,0,0,0,0,0,0,0,0,0,0,0,22,0,0,0,0,0,0,0,0,8,0,0,0,0
"OTU_529",0,0,0,0,8,0,35,0,0,0,0,23,42,15,17,7,26,58,4,7,4,79,38,0,0,0,0,0,2,0,15,0,8,40,21,1,4,103,52,123
"OTU_530",0,0,3,0,0,0,26,0,0,0,0,7,0,0,8,13,10,120,9,14,11,34,33,0,0,0,0,0,0,0,28,0,25,6,33,0,26,158,41,97
"OTU_533",0,0,0,0,0,13,0,9,0,0,0,0,0,0,0,5,0,62,21,59,0,0,0,0,11,0,0,0,0,0,0,0,31,37,0,0,105,23,188,17
"OTU_534",0,0,0,0,0,0,24,0,0,0,0,26,0,0,0,22,17,8,39,0,0,1,12,0,0,0,0,3,0,0,19,0,31,12,18,0,0,30,18,76
"OTU_535",118,35,20,0,57,20,32,11,0,0,0,46,44,27,59,7,42,0,22,0,25,24,28,15,0,43,61,49,0,0,27,0,48,61,23,101,32,36,21,24
"OTU_536",0,0,0,0,0,0,0,0,0,0,0,6,0,20,12,14,7,0,0,0,0,0,0,0,0,0,0,0,0,0,0,0,10,0,0,0,26,8,0,7
"OTU_538",5,0,0,0,0,0,0,0,0,0,0,6,0,0,0,11,0,0,0,0,0,0,0,0,0,0,0,0,0,0,0,0,0,0,0,0,29,0,7,0
"OTU_539",159,0,0,0,0,156,0,0,0,0,0,0,0,0,0,0,0,0,0,0,0,0,0,18,0,0,37,0,0,0,0,0,0,0,0,17,0,0,0,0
"OTU_541",0,0,289,0,0,0,0,0,0,0,0,0,0,0,0,0,0,0,18,0,0,0,0,0,0,0,0,28,0,0,0,9,0,0,0,0,0,9,22,0
"OTU_542",0,0,0,5,0,0,68,9,0,0,0,0,0,0,0,40,0,43,0,11,0,0,41,0,0,0,0,12,0,0,39,0,5,4,49,0,57,29,31,12
"OTU_543",15,76,116,0,31,20,19,24,13,0,0,0,20,12,30,0,26,0,23,0,0,0,0,10,0,33,23,99,11,0,28,0,11,23,9,37,21,0,22,0
"OTU_544",323,20,50,0,29,39,36,25,79,0,0,11,31,38,23,0,0,4,0,0,3,0,0,0,0,108,99,24,13,15,10,0,0,22,0,64,0,0,0,0
"OTU_545",0,0,10,18,12,0,23,0,0,0,12,1,29,43,18,17,51,49,39,96,24,26,82,59,15,0,0,0,80,0,60,0,23,44,16,12,6,36,7,32
"OTU_546",0,0,0,21,0,0,0,0,0,0,0,0,0,0,0,66,54,203,32,50,36,0,49,1,0,0,0,0,17,0,0,0,0,0,0,0,0,145,0,7
"OTU_547",54,0,0,0,0,244,0,0,0,0,0,0,0,0,9,0,0,0,0,0,0,0,0,66,0,0,222,0,0,0,0,0,0,0,0,14,0,0,0,0
"OTU_548",0,0,0,0,0,0,0,0,0,0,0,13,0,4,0,19,10,51,0,0,0,6,36,0,0,0,0,0,0,0,0,0,0,7,0,0,0,101,29,104
"OTU_549",111,93,137,34,66,20,28,31,28,0,13,45,19,78,19,27,24,0,94,25,23,17,12,31,0,94,101,91,67,24,92,16,31,52,0,61,30,9,29,16
"OTU_550",0,6,11,0,3,0,12,0,0,0,0,4,14,7,4,0,12,0,30,0,38,5,44,0,0,7,6,22,0,15,46,0,52,13,19,11,24,39,55,38
"OTU_551",0,0,11,16,9,31,42,0,15,0,20,29,21,49,17,11,34,0,0,30,0,17,0,5,0,10,0,10,0,6,39,0,23,26,0,27,32,36,0,96
"OTU_552",0,64,17,0,13,0,11,0,0,0,0,0,0,0,22,0,0,0,0,0,0,0,0,0,0,60,14,0,8,0,0,0,0,0,0,17,57,0,0,0
"OTU_554",115,38,22,0,21,0,22,52,59,22,11,8,10,10,35,7,0,26,25,0,10,16,155,13,20,171,45,24,17,0,160,0,36,77,48,24,52,130,0,64
"OTU_555",8,6,2,6,11,2,25,17,15,21,8,1,16,12,2,0,7,47,24,40,13,27,15,0,38,0,13,4,55,0,19,0,20,29,4,0,25,39,23,23
"OTU_556",0,0,11,0,35,16,0,14,0,11,0,0,39,0,0,157,1,0,12,0,10,0,1,0,35,0,0,31,0,0,0,0,7,1,0,0,4,0,2,24
"OTU_557",80,6,8,0,36,11,14,0,0,0,0,31,6,25,18,13,15,20,6,7,0,3,11,3,0,67,127,4,4,0,15,0,17,6,0,11,28,20,39,16
"OTU_558",0,0,0,0,0,0,0,0,0,0,0,0,0,0,0,0,0,0,0,0,0,0,0,0,0,0,0,0,0,0,0,0,0,3,0,0,13,0,10,3
"OTU_560",2,0,9,0,144,0,144,29,0,0,0,33,43,0,21,0,118,24,16,7,9,24,29,2,6,15,0,15,13,0,21,0,19,21,17,5,0,37,41,66
"OTU_562",0,32,0,56,7,0,20,92,114,68,41,139,124,53,150,46,316,0,56,51,57,65,0,44,29,41,0,0,36,36,59,16,40,80,32,0,0,71,19,212
"OTU_563",0,0,0,0,0,0,0,0,0,0,0,10,0,0,0,32,0,46,0,0,0,9,0,0,0,0,0,0,0,0,0,0,0,0,0,9,41,0,0,0
"OTU_564",0,0,8,0,0,0,0,0,0,0,0,14,13,28,33,21,29,0,0,0,0,16,0,0,0,16,0,0,0,0,0,0,31,18,0,67,21,8,24,14
"OTU_565",20,64,51,5,90,34,56,159,143,89,87,15,25,19,15,0,17,0,31,6,18,17,20,39,176,232,237,172,137,37,119,36,17,39,18,45,5,11,0,12
"OTU_566",0,0,0,0,7,0,70,0,0,0,0,0,0,28,25,20,11,32,32,11,0,13,48,0,0,0,0,13,0,0,12,0,39,0,0,0,44,76,35,11
"OTU_567",0,0,9,0,0,6,0,0,5,0,0,0,16,0,0,0,0,0,0,0,0,43,0,0,30,0,0,0,0,0,6,0,0,0,0,0,0,0,0,0
"OTU_568",0,0,5,25,0,0,2,0,0,0,0,0,12,0,0,22,0,20,0,42,16,0,47,0,1,0,0,0,0,0,18,0,13,0,0,0,65,20,44,41
"OTU_569",0,0,0,114,0,13,39,69,139,156,487,18,23,31,27,0,0,0,65,31,35,8,43,17,288,0,0,0,80,0,19,520,0,15,44,0,0,9,16,7
"OTU_570",104,63,103,6,167,41,106,13,43,0,16,44,33,30,67,8,45,0,62,0,75,54,33,42,54,49,120,98,98,20,44,0,49,124,48,59,31,0,53,12
"OTU_571",0,24,16,12,25,0,30,33,32,0,29,17,21,10,16,13,37,16,18,10,15,26,25,0,0,38,0,67,17,10,29,0,12,41,5,10,12,24,37,26
"OTU_572",0,0,0,13,0,0,0,0,0,0,0,19,0,16,0,13,6,22,0,0,0,0,0,0,0,0,0,0,0,0,0,0,32,12,53,24,56,24,6,16
"OTU_573",0,64,3,24,28,0,11,142,241,397,148,0,8,11,23,0,0,0,65,34,15,0,0,26,166,102,56,69,100,186,26,337,0,0,0,0,0,0,0,0
"OTU_574",0,0,0,0,0,0,0,0,0,0,0,0,0,41,0,9,24,0,0,0,0,0,0,0,0,0,0,0,0,0,0,0,0,0,0,27,37,0,0,0
"OTU_575",0,0,0,0,0,0,0,0,0,0,0,0,0,0,0,8,0,0,0,0,0,0,0,0,0,0,0,0,0,0,0,0,4,0,0,0,11,3,0,0
"OTU_576",15,0,9,0,10,8,0,20,21,0,12,22,8,9,26,0,51,22,0,0,15,17,27,7,12,15,29,22,0,0,27,0,28,24,22,25,18,39,0,52
"OTU_577",0,2,0,0,5,0,0,0,0,0,0,0,0,0,4,0,42,30,8,0,0,16,24,0,0,0,0,0,0,0,0,0,23,0,0,15,14,14,3,52
"OTU_578",0,0,0,482,0,0,27,0,23,336,49,21,37,11,0,0,0,0,124,92,193,22,0,29,0,5,0,24,177,323,33,87,19,0,155,0,0,0,0,0
"OTU_579",0,0,10,55,19,0,49,100,110,299,296,19,20,11,17,13,35,15,16,8,9,23,12,28,251,17,0,0,17,21,0,607,0,0,15,0,0,19,38,49
"OTU_580",0,0,0,0,0,0,0,0,0,0,0,237,132,38,87,15,513,0,0,27,72,123,59,0,0,0,0,0,0,0,0,0,71,142,43,49,23,65,62,89
"OTU_581",0,0,0,0,0,31,0,133,220,18,105,0,0,0,0,0,0,0,9,0,42,0,0,20,239,165,36,44,38,579,126,440,0,0,0,0,0,0,0,0
"OTU_582",266,18,0,0,8,64,0,16,8,0,0,0,0,0,0,0,0,8,0,0,0,0,0,15,0,195,113,0,7,0,0,0,0,4,0,0,0,0,0,0
"OTU_583",0,0,10,19,46,11,47,0,0,0,0,21,32,19,31,20,63,20,31,0,3,58,79,23,8,4,0,19,64,0,36,0,14,100,37,15,0,26,33,100
"OTU_584",0,38,33,0,65,0,0,0,0,0,0,28,1,35,55,23,79,7,23,0,61,0,0,0,0,0,0,12,14,0,0,0,38,37,30,59,12,5,17,26
"OTU_586",249,61,75,0,69,40,86,61,57,69,14,0,63,33,40,21,20,0,42,0,19,17,6,16,5,74,24,50,32,29,156,0,40,56,9,40,51,0,29,14
"OTU_587",0,0,20,0,0,0,0,0,0,0,0,12,0,0,9,0,17,0,0,0,0,0,0,0,0,0,0,0,0,0,0,0,7,0,0,0,0,11,0,0
"OTU_588",431,182,41,0,129,17,125,29,0,0,0,5,31,31,62,0,22,0,10,0,15,22,0,84,0,228,348,74,0,0,35,0,26,58,8,35,0,0,89,0
"OTU_589",0,0,0,0,0,0,0,0,0,0,0,0,0,0,0,14,0,12,0,0,0,0,0,0,0,0,0,0,0,0,0,0,3,0,0,0,0,0,4,8
"OTU_591",0,0,0,0,0,14,14,0,42,102,104,0,0,9,0,7,16,10,69,38,176,0,20,14,97,50,44,24,5,36,18,113,18,23,100,15,29,17,13,14
"OTU_592",18,0,0,0,0,15,0,0,0,0,0,6,0,9,0,8,7,0,0,0,0,0,0,0,0,0,0,0,0,0,0,0,0,0,0,9,7,8,0,13
"OTU_593",0,0,0,0,0,0,0,0,0,0,0,0,0,0,0,13,0,74,34,0,28,1,19,0,0,0,0,0,0,0,3,0,20,32,0,0,30,110,91,9
"OTU_594",0,0,0,0,0,0,0,0,0,59,0,23,89,0,16,35,0,32,242,35,72,17,105,19,0,0,0,0,0,0,0,0,125,113,123,0,58,17,44,0
"OTU_596",0,0,0,0,0,0,0,0,0,0,0,0,0,31,21,0,0,0,0,0,0,0,0,0,0,0,0,0,0,0,0,0,0,0,0,78,17,0,0,0
"OTU_597",21,0,49,0,66,23,37,0,0,0,0,0,0,28,16,18,33,57,40,0,34,0,63,0,61,13,53,17,0,15,2,0,20,33,0,24,47,45,48,0
"OTU_598",0,7,0,15,18,0,17,103,186,120,225,2,0,0,0,0,0,0,74,27,18,0,4,28,326,71,8,79,66,415,87,265,0,0,0,0,0,0,0,0
"OTU_602",0,0,0,0,0,0,0,0,0,0,1960,0,0,0,0,0,0,0,0,0,0,0,0,0,22,86,0,0,0,0,0,89,0,0,0,0,0,0,0,0
"OTU_603",0,0,11,0,0,0,0,0,0,0,0,0,0,0,0,0,18,0,0,0,0,7,0,0,0,0,0,0,0,0,0,0,23,2,0,16,14,0,0,10
"OTU_604",0,0,0,0,0,0,0,0,0,0,0,10,7,20,0,12,0,5,0,0,0,4,0,0,0,0,0,0,0,0,0,0,0,4,0,0,40,18,27,27
"OTU_605",0,0,0,0,1,0,0,0,0,0,0,0,0,0,0,0,1,35,0,0,0,0,25,0,0,0,0,0,0,0,14,0,0,0,5,0,29,29,10,29
"OTU_607",21,0,0,0,15,7,107,81,278,126,217,0,0,0,0,0,27,0,62,0,25,0,41,0,264,20,8,7,76,120,222,350,0,52,0,0,13,0,0,0
"OTU_610",0,0,0,756,23,0,0,0,0,0,0,0,0,0,0,0,0,8,31,44,0,27,21,342,0,0,0,0,231,1,17,0,0,0,0,0,0,0,0,2
"OTU_611",10,50,29,0,23,0,17,34,0,0,12,0,11,11,16,0,0,21,38,0,19,16,27,0,0,101,10,17,14,9,54,22,33,34,52,15,52,85,100,27
"OTU_612",0,0,0,0,0,0,0,0,0,0,0,0,0,7,5,64,0,0,0,0,33,0,0,0,0,0,0,0,0,0,0,0,32,0,22,0,89,0,0,0
"OTU_613",0,0,0,0,0,0,0,0,0,0,0,0,0,0,0,28,0,0,0,0,0,0,0,0,6,0,11,0,0,0,0,0,0,0,0,6,41,0,0,0
"OTU_615",0,0,41,0,30,0,39,0,0,0,19,4,85,0,11,14,29,74,21,38,0,12,51,16,0,0,0,0,0,0,0,0,21,76,46,13,3,38,57,64
"OTU_616",0,0,0,0,0,31,0,0,8,0,12,29,40,13,53,14,72,42,27,0,0,59,53,0,31,0,0,7,8,0,13,0,0,56,45,13,0,81,17,102
"OTU_617",12,0,0,0,0,14,0,23,40,13,13,9,0,0,0,3,32,14,6,0,0,0,0,0,21,0,0,0,10,67,36,297,0,14,0,0,12,23,6,12
"OTU_618",0,0,0,14,0,0,0,0,0,0,0,0,16,0,24,0,26,0,0,0,68,0,0,0,0,0,0,0,59,43,0,0,3,13,0,0,0,0,0,0
"OTU_621",0,19,68,28,24,0,8,0,0,139,0,16,13,31,40,0,26,23,190,142,349,0,10,0,17,0,0,40,128,0,23,13,90,28,86,3,81,7,26,11
"OTU_622",26,0,16,0,7,0,71,40,31,28,15,9,33,18,0,70,18,34,27,15,30,0,23,6,71,0,11,0,23,0,22,12,24,35,46,12,23,44,30,5
"OTU_623",0,0,0,0,0,163,33,38,85,84,3,0,40,37,26,34,44,59,23,13,10,93,47,0,37,28,4,8,86,0,14,0,22,55,53,0,0,32,0,105
"OTU_624",108,60,107,0,73,51,25,0,0,0,0,59,35,23,60,29,30,0,0,0,0,69,17,19,0,31,214,57,59,12,61,0,26,26,12,49,10,0,58,0
"OTU_625",104,0,0,0,0,24,0,0,0,0,0,0,0,13,0,0,0,0,0,0,0,0,0,0,0,0,0,0,0,0,0,0,0,0,0,32,0,0,0,0
"OTU_626",0,0,0,0,0,0,0,0,0,0,0,8,0,12,0,12,0,0,0,0,0,0,0,0,0,15,0,0,0,0,0,0,0,2,0,0,8,0,0,0
"OTU_627",0,0,0,0,0,0,0,12,11,0,0,18,0,10,15,9,4,32,9,0,10,20,10,0,0,0,18,0,0,0,0,0,0,0,16,0,0,30,31,28
"OTU_628",143,32,38,0,0,53,35,0,60,0,47,30,0,17,14,25,15,14,15,18,0,0,0,22,0,133,165,80,0,0,11,0,22,13,0,31,55,6,0,18
"OTU_629",0,0,0,0,0,0,0,0,0,0,0,0,0,0,24,47,0,37,0,0,13,0,17,0,0,0,0,0,0,0,0,0,32,0,47,0,53,33,25,47
"OTU_631",14,173,154,4,97,0,0,72,0,216,11,8,96,31,55,0,7,0,167,61,48,4,30,0,6,6,40,29,35,128,149,68,86,76,132,13,0,0,20,0
"OTU_632",0,0,0,62,0,0,86,0,0,0,0,0,0,0,0,69,0,46,0,84,160,0,10,10,0,0,0,20,0,0,26,0,23,66,216,0,722,0,106,0
"OTU_634",64,27,0,0,0,198,0,0,0,0,0,45,22,393,173,27,56,0,24,0,17,0,0,49,0,0,0,0,0,0,0,0,46,26,67,590,42,0,25,0
"OTU_635",0,0,6,58,15,0,18,0,0,11,0,23,12,0,0,0,65,41,0,25,0,0,0,0,0,0,0,0,0,0,0,0,20,28,0,0,0,23,27,33
"OTU_636",0,27,0,0,0,0,0,160,131,132,80,0,0,0,0,0,0,0,12,0,0,0,0,0,57,93,0,69,239,846,66,115,0,0,0,0,0,0,0,0
"OTU_637",0,0,13,0,0,110,18,19,56,0,15,0,0,0,0,0,11,0,0,0,0,34,14,0,0,62,3,0,63,0,23,0,14,104,0,0,0,5,0,70
"OTU_639",8,0,0,0,0,0,0,0,0,0,0,0,0,0,0,25,6,41,0,0,0,14,0,0,0,0,0,0,23,0,0,0,0,0,0,0,0,26,0,91
"OTU_640",0,14,46,0,25,0,0,0,0,0,0,10,0,37,33,58,0,28,10,0,6,20,0,0,0,0,0,15,0,0,26,0,35,19,11,158,72,14,23,0
"OTU_641",0,0,0,0,0,28,17,47,352,23,0,11,95,63,20,53,19,59,5,0,0,183,28,0,20,3,0,0,87,0,6,0,0,191,65,29,0,1,0,24
"OTU_642",0,0,0,0,0,0,0,0,0,0,0,0,0,0,0,16,0,30,0,0,0,0,0,0,0,0,0,0,0,0,0,0,12,0,0,0,0,25,0,21
"OTU_643",0,21,0,4,0,0,0,0,0,0,0,8,10,8,15,7,0,0,0,7,0,0,0,0,0,0,0,0,0,0,0,0,12,10,0,6,0,0,0,0
"OTU_644",0,0,0,0,0,9,10,0,8,0,0,17,10,0,17,22,20,30,9,14,0,34,35,0,0,0,0,0,0,0,0,0,27,27,35,0,14,45,26,90
"OTU_646",31,30,48,0,7,0,0,0,0,0,0,13,0,18,0,29,0,9,0,0,0,0,0,0,17,8,90,0,0,0,0,0,27,7,0,7,86,20,36,0
"OTU_647",0,0,20,0,0,0,0,0,0,0,0,23,0,0,0,0,14,0,34,0,17,27,2,0,0,0,0,0,0,0,0,0,15,12,0,10,10,0,0,5
"OTU_651",0,17,10,0,4,0,0,0,0,0,0,6,6,8,0,0,0,0,0,0,0,0,0,0,0,0,0,0,3,0,0,0,0,0,0,10,0,0,0,0
"OTU_652",0,0,0,0,0,0,29,0,0,0,0,0,0,2,0,0,0,106,0,30,0,0,40,0,0,0,0,0,53,0,7,0,0,0,0,0,0,41,0,117
"OTU_653",0,5,8,0,6,0,0,13,0,0,0,17,7,11,5,4,33,12,0,0,5,10,0,0,0,0,0,0,0,0,0,0,16,4,0,0,8,18,21,18
"OTU_654",0,0,0,0,0,0,0,0,0,0,0,0,0,0,0,18,22,14,0,0,0,0,7,0,0,0,0,0,0,0,0,0,6,0,0,0,0,31,8,16
"OTU_655",0,0,0,0,0,0,0,0,0,0,0,15,30,50,19,9,24,0,0,0,0,0,0,0,0,0,0,0,0,0,0,0,15,0,0,12,57,0,0,0
"OTU_656",0,12,0,0,0,0,4,8,38,0,0,34,17,0,32,7,23,0,29,0,70,34,0,0,11,40,97,0,52,0,46,0,17,39,59,72,0,0,34,0
"OTU_657",0,0,0,0,5,20,29,23,0,22,0,0,0,38,0,39,36,171,38,37,0,93,54,9,9,14,0,3,36,9,38,0,0,34,18,0,0,99,18,73
"OTU_658",0,0,0,0,0,0,0,0,0,0,0,0,0,0,0,16,0,12,0,0,0,0,8,0,0,0,0,0,0,0,0,0,0,0,0,0,36,10,17,19
"OTU_659",35,22,25,19,0,47,0,10,0,0,0,11,0,4,13,0,1,0,8,0,0,0,3,36,0,34,13,0,11,0,307,0,2,4,6,61,3,0,5,0
"OTU_660",0,0,0,0,0,0,0,0,0,0,0,8,0,21,0,0,0,0,17,0,0,0,0,0,0,0,0,0,0,0,0,0,0,12,0,0,17,18,7,0
"OTU_661",0,0,0,13,11,0,37,0,0,0,0,0,25,0,20,47,22,45,0,0,0,30,42,0,3,0,0,0,19,0,0,0,0,7,0,0,10,90,30,111
"OTU_662",0,0,0,0,0,0,0,0,0,0,0,0,0,0,0,0,10,32,67,0,0,0,17,0,0,0,0,0,0,0,0,0,0,0,0,0,0,24,0,36
"OTU_663",0,78,166,9,54,0,90,18,7,67,0,0,34,9,29,0,31,0,189,20,111,39,26,14,62,65,0,25,52,298,92,0,23,64,36,0,9,8,41,16
"OTU_664",0,0,0,0,4,1,38,0,0,2,0,1,1,0,4,24,14,59,31,34,0,3,44,7,10,0,0,1,0,6,32,0,37,33,0,0,2,84,34,45
"OTU_665",0,0,0,0,8,0,0,0,0,0,0,0,0,12,17,13,0,0,0,0,1,0,0,0,0,0,0,0,0,0,0,0,17,0,10,14,0,16,0,19
"OTU_666",0,0,69,0,22,0,218,0,0,0,94,28,0,0,31,0,50,0,51,0,72,24,71,147,0,16,0,0,89,0,187,0,0,45,0,0,0,0,0,15
"OTU_667",184,100,120,73,51,0,153,51,63,60,17,0,23,31,34,0,18,0,48,0,58,0,14,12,22,31,22,141,61,66,184,139,12,39,21,40,0,0,24,0
"OTU_668",0,0,0,0,0,0,0,0,0,0,0,0,0,0,0,48,0,0,0,0,0,0,0,0,0,0,0,0,0,0,0,0,7,0,0,0,56,13,0,22
"OTU_669",17,0,15,0,16,162,34,31,26,121,10,13,69,46,40,31,18,63,20,24,0,56,58,0,55,26,31,44,137,23,5,0,0,62,32,0,0,30,47,53
"OTU_670",418,36,6,0,9,44,10,99,192,0,12,0,0,11,33,6,0,0,10,0,0,0,0,0,57,181,159,17,7,273,26,189,11,0,0,12,10,0,0,0
"OTU_674",0,0,0,0,23,0,0,0,0,0,0,0,0,0,10,0,92,0,0,0,0,12,76,0,0,0,0,0,0,0,0,0,27,22,60,16,23,0,55,96
"OTU_676",6,0,0,12,78,5,56,0,6,0,21,13,35,22,43,0,51,42,23,20,7,47,58,16,15,18,56,57,32,0,0,0,13,64,15,67,0,60,25,90
"OTU_678",0,1,0,0,48,10,79,196,306,0,9,11,60,13,22,0,53,19,40,0,209,0,27,0,44,87,0,0,70,0,217,0,0,63,25,12,0,23,10,11
"OTU_679",45,44,44,5,47,12,145,65,204,66,12,0,4,21,16,0,13,0,72,5,34,11,10,7,41,32,6,0,0,281,83,55,40,17,0,13,10,18,23,7
"OTU_681",0,175,25,26,93,0,39,23,18,12,0,0,32,46,44,5,0,0,19,0,0,0,0,24,14,84,0,0,0,44,24,0,0,0,0,54,0,7,0,0
"OTU_682",0,0,0,0,0,0,0,0,0,0,0,0,0,0,7,16,18,0,0,0,0,0,0,0,0,0,0,0,0,0,0,0,20,4,0,0,19,28,9,35
"OTU_683",0,21,29,0,0,5,16,0,0,12,0,11,0,13,15,0,16,9,24,0,0,10,14,0,12,0,0,17,10,13,12,88,19,24,0,13,15,20,16,30
"OTU_684",0,0,0,2,0,0,22,0,0,16,0,1,0,0,0,0,3,9,0,0,0,0,9,0,0,0,0,0,4,0,0,0,6,0,0,0,0,15,3,0
"OTU_685",0,0,0,0,0,0,0,0,10,0,0,30,15,70,32,0,35,0,0,0,0,4,0,0,0,17,3,0,0,0,5,0,0,28,0,62,12,0,19,0
"OTU_686",0,0,0,61,57,0,321,39,0,0,37,41,67,0,10,0,31,12,69,28,137,9,0,52,0,32,0,81,6,0,72,0,0,29,0,20,0,0,33,0
"OTU_687",0,6,0,0,0,0,15,0,0,0,0,0,0,0,0,16,0,20,10,0,0,0,0,0,0,0,0,8,0,0,0,0,11,16,0,0,22,39,28,13
"OTU_688",0,12,0,0,25,0,0,0,0,0,0,0,28,0,21,0,0,0,0,0,0,0,0,0,0,0,0,0,0,0,0,0,0,24,0,13,0,5,17,0
"OTU_689",4,8,21,0,11,0,0,0,0,0,0,0,5,13,29,22,25,0,0,0,0,0,0,0,0,0,0,11,21,0,22,0,22,0,0,14,22,37,33,29
"OTU_690",0,0,7,0,31,34,50,80,113,0,136,14,0,50,29,0,53,0,0,0,14,0,0,76,166,29,87,21,14,0,8,72,29,57,0,48,0,0,7,6
"OTU_691",0,0,0,0,0,0,0,0,16,0,47,0,0,0,0,11,0,20,0,0,0,0,0,0,0,0,0,0,0,125,0,0,15,0,0,0,0,0,0,0
"OTU_692",0,0,0,0,0,20,41,55,19,16,0,0,59,35,0,31,24,43,27,25,0,47,27,0,28,21,0,0,13,0,0,0,0,21,181,0,0,28,7,18
"OTU_694",49,0,0,12,15,33,0,0,0,0,0,0,12,13,11,0,30,15,0,0,16,17,23,0,0,0,0,0,15,0,0,0,23,18,0,13,24,0,16,24
"OTU_695",10,0,0,0,0,60,0,28,37,41,0,0,32,0,0,0,24,0,62,0,0,0,0,28,0,0,22,0,0,0,0,0,0,0,0,0,0,0,0,0
"OTU_696",0,0,0,31,0,0,32,0,0,0,0,0,10,0,0,29,0,118,29,57,39,22,66,12,0,0,0,3,0,0,10,0,0,23,26,0,26,35,44,21
"OTU_698",0,7,20,0,8,0,11,37,31,0,51,14,17,7,15,8,28,0,46,0,19,0,0,0,84,0,21,0,0,0,5,0,20,9,38,20,11,7,50,0
"OTU_699",0,0,0,9,0,0,0,25,0,57,778,0,18,0,0,0,0,17,15,46,0,11,0,32,447,6,0,0,24,166,6,151,0,0,18,0,0,0,0,0
"OTU_700",0,0,0,0,0,0,0,0,0,0,0,0,0,0,0,19,0,0,0,0,0,0,0,0,0,0,0,0,0,84,0,582,0,0,0,0,27,6,0,0
"OTU_701",0,0,17,0,0,0,0,0,0,0,0,0,0,0,7,0,15,46,0,0,8,43,14,0,0,0,0,0,0,0,3,0,0,22,29,20,0,22,0,115
"OTU_702",0,0,254,0,0,0,0,0,0,0,0,22,19,0,25,39,0,5,69,9,0,0,0,0,0,0,0,26,0,0,9,0,0,0,0,59,87,13,24,42
"OTU_703",0,0,0,0,6,0,0,0,0,0,0,26,0,2,11,5,29,0,21,0,10,2,0,0,0,0,0,0,14,0,0,0,4,21,0,0,12,20,2,4
"OTU_704",452,57,18,0,102,55,0,48,0,0,49,0,0,17,0,0,0,0,0,0,0,0,0,56,0,95,174,23,81,29,0,0,0,0,0,0,0,0,0,0
"OTU_705",0,0,0,0,17,0,21,3,0,0,0,16,17,28,23,0,58,14,3,0,0,15,11,0,0,0,0,4,0,24,5,0,15,30,13,4,0,1,6,33
"OTU_706",0,0,11,228,0,52,8,32,62,0,0,0,32,0,0,33,2,38,20,66,385,0,90,0,0,20,0,0,0,6,33,0,58,1,44,0,314,27,34,0
"OTU_707",0,2,91,0,24,0,17,0,0,0,0,0,0,5,0,10,0,25,17,0,0,0,64,0,8,0,0,0,9,0,9,0,33,14,0,47,58,16,15,15
"OTU_708",0,0,0,0,0,0,0,0,0,0,0,0,0,0,0,18,0,0,0,0,0,0,0,0,0,0,0,0,0,0,0,0,0,0,0,0,0,27,9,3
"OTU_709",51,17,8,0,18,21,6,0,0,0,0,0,9,33,16,12,10,0,0,0,0,0,0,6,0,47,24,0,0,0,0,0,16,15,4,44,15,0,16,0
"OTU_710",0,13,27,136,17,12,30,21,0,104,61,20,34,0,0,0,21,26,21,87,124,0,28,76,0,4,0,39,88,15,5,15,0,50,182,0,0,0,20,0
"OTU_711",0,0,0,0,0,0,0,0,0,0,0,0,0,0,0,0,0,10,0,0,0,0,0,0,0,0,0,0,0,0,0,0,0,0,0,0,0,18,13,5
"OTU_712",17,31,43,15,33,19,153,65,25,8,53,0,0,14,0,17,0,0,7,0,10,0,28,0,132,12,27,37,0,137,106,9,50,36,25,26,60,39,22,32
"OTU_713",0,0,0,0,0,0,0,0,0,0,18,5,0,0,0,0,14,13,0,0,0,0,0,0,0,0,0,0,0,0,0,0,0,0,0,0,0,0,0,10
"OTU_714",0,0,2,0,0,0,0,6,0,0,0,0,0,0,0,6,0,0,0,14,0,0,12,0,0,0,0,0,0,5,6,0,0,0,0,0,0,0,28,4
"OTU_715",0,0,1,0,0,0,0,0,0,0,0,0,0,0,14,32,9,0,0,0,0,0,0,0,0,0,0,0,0,0,0,0,14,0,0,39,50,0,2,0
"OTU_716",0,46,84,0,75,0,37,0,0,0,0,21,58,69,107,0,39,0,53,0,39,0,0,0,0,0,0,41,2,0,20,0,35,0,27,221,49,14,106,0
"OTU_717",23,0,0,0,0,0,11,23,0,21,0,0,0,0,5,2,19,30,0,0,0,4,0,0,0,0,0,8,16,0,0,0,0,0,14,0,63,19,19,26
"OTU_718",7,8,7,2,0,4,4,2,0,9,2,0,3,3,5,22,7,43,16,2,2,13,4,0,3,4,2,8,1,5,27,2,3,15,7,1,19,59,25,6
"OTU_719",493,135,116,14,57,36,87,0,1,20,0,0,0,10,14,0,0,0,11,0,0,0,0,0,0,75,123,105,14,63,18,0,2,12,4,16,0,0,1,0
"OTU_720",0,0,65,0,0,0,0,0,0,0,4,0,0,0,4,0,0,0,21,45,0,0,0,0,0,0,0,20,0,0,0,4,0,6,0,0,0,21,0,0
"OTU_722",0,0,0,0,0,0,0,0,0,0,0,0,0,28,38,31,24,0,0,0,7,0,0,0,0,0,0,0,0,0,0,0,31,0,0,35,8,0,27,0
"OTU_723",0,9,6,0,13,0,0,0,0,0,0,23,16,18,0,24,52,19,0,0,0,21,10,0,0,0,0,0,0,0,0,0,7,3,0,13,18,27,43,18
"OTU_725",0,0,0,0,0,0,0,0,0,0,0,0,0,0,0,0,21,38,0,0,0,22,0,0,0,0,0,0,0,0,0,0,0,0,0,0,0,47,0,72
"OTU_726",38,25,31,0,14,0,26,53,7,0,0,0,6,0,10,10,0,0,6,0,0,0,14,10,0,80,47,28,65,42,24,8,5,0,15,47,10,0,19,18
"OTU_727",0,0,0,0,0,0,2,0,0,0,0,38,22,11,16,0,48,44,27,0,0,37,49,0,0,0,0,0,0,0,0,0,15,34,26,19,0,61,25,104
"OTU_728",122,0,2,0,6,65,0,0,0,0,0,3,0,0,0,0,0,0,0,0,0,0,0,33,0,0,11,9,0,0,0,0,0,0,0,17,0,0,0,0
"OTU_730",0,0,97,0,0,0,0,2,0,0,0,0,0,0,0,0,0,0,27,447,0,0,0,0,0,0,0,20,0,0,0,0,0,0,0,0,0,8,3,0
"OTU_731",0,0,60,0,57,56,10,12,0,0,0,9,36,21,16,17,15,30,43,0,46,14,81,0,0,0,0,7,0,0,19,0,40,65,81,21,86,30,66,28
"OTU_733",0,0,0,0,0,5,0,0,0,0,0,0,11,2,8,0,16,0,0,0,0,13,0,0,0,0,0,0,0,0,5,0,8,17,0,7,0,6,0,0
"OTU_735",41,12,38,0,54,200,3,0,0,0,0,55,31,172,144,31,43,0,0,0,0,26,0,84,0,2,0,2,3,0,9,0,63,83,53,324,50,19,26,0
"OTU_736",0,0,0,0,0,0,0,0,0,0,0,22,13,17,14,0,9,50,0,0,7,10,0,0,0,0,0,0,0,0,0,0,17,23,0,0,44,70,50,36
"OTU_737",180,19,52,0,39,0,18,29,0,36,37,38,6,17,5,15,5,3,18,0,0,2,2,23,15,41,110,16,43,24,0,0,0,0,17,53,11,1,40,10
"OTU_738",0,0,0,0,0,0,0,0,0,0,0,34,9,0,0,0,17,30,0,0,0,0,0,0,0,0,0,0,0,0,0,0,0,0,0,0,0,55,0,14
"OTU_739",0,0,0,0,0,0,0,0,0,0,0,0,0,0,7,10,0,0,0,0,0,0,0,0,0,0,0,0,0,0,0,0,6,8,0,0,12,0,6,0
"OTU_741",0,0,26,0,58,0,17,0,0,0,0,11,9,13,0,0,0,0,0,0,0,0,0,27,0,5,0,0,0,0,0,0,0,0,0,13,49,0,0,0
"OTU_742",0,0,0,0,0,0,4,0,0,0,0,0,0,0,0,0,7,127,10,131,0,10,11,0,0,0,0,0,0,0,0,0,5,0,80,0,8,31,121,6
"OTU_743",0,0,0,0,0,0,0,0,0,0,0,5,0,1,1,0,10,53,0,0,1,2,13,0,0,0,0,0,0,0,0,0,5,7,0,2,0,64,14,35
"OTU_744",0,60,75,0,0,0,0,0,0,0,0,21,25,54,54,33,41,0,14,0,11,18,19,0,0,0,0,0,43,0,0,0,44,59,28,164,51,20,38,53
"OTU_746",0,0,0,0,0,0,0,0,0,0,0,0,0,0,3,68,0,12,0,82,149,0,21,0,0,0,0,0,0,0,0,0,273,0,660,0,394,2,34,7
"OTU_751",0,0,0,0,0,0,0,0,0,0,0,0,20,0,0,0,49,0,3,0,0,19,0,0,0,0,0,0,0,0,0,0,0,24,0,0,0,0,0,0
"OTU_752",0,54,0,20,47,0,0,0,0,0,0,8,105,0,0,54,14,0,0,0,134,0,133,0,0,0,0,271,41,0,0,0,9,0,0,0,0,0,0,0
"OTU_755",0,0,0,0,0,0,0,0,0,0,0,1,0,1,5,29,5,0,4,2,10,4,13,0,0,0,0,0,0,0,0,0,9,3,8,9,6,2,4,5
"OTU_756",0,0,0,0,0,0,0,0,0,0,0,0,0,0,3,1,13,6,0,0,0,0,10,0,0,0,0,0,0,0,0,0,0,0,0,2,3,7,0,15
"OTU_757",6,3,0,5,0,113,78,28,18,29,76,0,0,0,0,29,0,121,0,14,0,0,16,0,79,0,14,16,19,0,30,12,0,0,0,0,0,80,40,21
"OTU_758",0,0,0,12,0,0,9,180,114,180,277,0,0,0,7,0,0,0,46,0,0,0,0,0,81,0,0,9,62,219,0,496,0,0,0,0,0,0,0,0
"OTU_759",0,0,0,382,0,0,0,2,0,120,32,0,0,0,0,0,0,0,69,322,24,0,11,385,39,0,0,0,230,0,0,51,0,15,0,0,0,0,10,0
"OTU_761",0,0,0,0,0,0,0,0,0,0,0,0,0,16,0,29,7,0,0,0,0,0,0,0,0,0,0,0,0,0,0,0,19,0,0,13,40,0,7,0
"OTU_762",0,0,0,0,0,0,0,0,0,0,0,0,0,4,7,28,0,0,11,0,30,0,0,0,0,0,0,0,0,0,0,0,0,6,0,24,71,18,17,0
"OTU_763",312,13,0,0,17,134,427,24,10,0,0,0,0,14,0,0,13,17,7,0,0,0,0,233,0,73,91,48,27,45,33,0,2,0,0,13,0,0,9,35
"OTU_764",0,0,0,31,4,0,2,13,26,53,143,0,15,0,0,0,28,27,18,9,0,0,43,0,31,0,0,21,35,78,10,0,0,16,0,0,0,11,61,14
"OTU_766",305,0,23,0,24,64,0,0,0,0,0,6,9,12,8,10,30,0,6,0,5,4,0,32,0,17,87,23,15,0,0,0,13,17,0,15,13,0,9,0
"OTU_768",0,0,0,0,0,0,2,0,0,0,0,0,0,0,0,23,0,35,0,0,0,7,0,0,0,0,0,0,35,7,0,0,0,3,0,0,0,0,0,22
"OTU_769",66,0,22,0,30,30,31,22,62,0,25,0,0,0,17,0,0,9,50,15,25,0,69,6,0,47,28,20,22,29,27,34,18,71,11,0,0,41,57,113
"OTU_770",3,6,0,28,0,0,0,63,313,21,3,0,0,0,0,0,0,0,0,0,0,0,0,0,52,183,247,61,23,583,26,53,0,0,0,0,0,0,0,0
"OTU_771",0,0,0,0,3,0,5,0,0,0,0,0,0,0,0,0,0,26,0,0,22,0,0,2,0,0,0,5,11,0,0,0,0,0,0,0,0,16,5,16
"OTU_772",6,11,21,0,0,9,113,20,0,0,5,11,11,0,0,11,25,12,0,0,11,0,0,0,0,8,9,29,0,10,47,0,43,10,18,20,39,51,48,16
"OTU_776",0,0,28,29,66,0,16,0,11,65,147,0,22,0,0,0,0,6,86,0,36,0,0,27,10,22,119,2,293,531,23,9,18,0,4,0,0,0,0,0
"OTU_777",0,0,0,0,0,0,0,0,0,0,0,0,5,0,0,0,10,13,6,0,0,0,0,0,0,0,0,0,0,0,0,0,0,7,0,0,0,16,0,3
"OTU_778",0,0,0,0,0,0,0,0,0,0,0,0,23,34,0,0,31,37,0,0,8,0,0,0,0,0,0,0,0,0,0,0,23,23,0,39,0,15,0,0
"OTU_779",0,0,25,69,13,15,23,0,0,0,0,9,15,20,0,19,12,28,28,27,49,13,29,17,0,35,0,13,31,6,17,0,11,21,47,12,33,6,99,24
"OTU_780",0,0,0,0,15,0,0,0,0,0,0,0,0,0,35,5,31,0,6,0,0,0,22,0,0,0,0,0,0,0,0,0,0,38,0,0,0,11,7,0
"OTU_781",0,58,59,0,0,0,0,0,0,0,0,0,0,9,0,0,0,10,0,0,0,0,0,0,0,0,0,0,0,0,0,0,0,0,0,18,0,0,0,0
"OTU_782",0,13,9,0,15,0,0,0,0,0,0,19,13,14,0,11,17,0,9,0,0,0,7,0,0,0,0,0,0,0,0,0,38,22,15,32,11,0,0,10
"OTU_783",0,0,0,0,0,0,18,0,0,0,0,2,0,0,0,29,22,0,29,0,47,3,1,0,0,0,0,0,0,0,16,0,0,54,51,0,43,7,1,10
"OTU_784",26,0,0,0,0,17,0,0,9,0,0,0,0,0,9,0,0,12,0,0,0,0,0,0,0,12,0,0,0,0,0,0,0,0,0,0,0,8,19,0
"OTU_785",68,12,0,0,28,0,34,149,445,62,89,0,2,0,9,0,0,0,0,0,8,0,0,0,70,60,114,2,40,195,72,122,0,0,0,51,0,0,0,0
"OTU_786",0,0,0,0,0,0,0,0,0,0,0,14,0,0,2,12,44,20,9,0,0,34,39,0,0,0,0,0,0,0,0,0,6,40,5,0,2,17,30,43
"OTU_787",0,12,4,0,0,0,0,9,15,0,0,0,0,17,10,16,17,0,0,0,0,0,0,0,0,0,0,0,0,0,78,0,44,7,0,36,45,14,7,16
"OTU_788",0,0,0,0,0,0,0,0,0,0,0,0,0,16,0,0,0,0,0,0,0,0,0,0,0,0,0,0,0,0,0,0,5,0,0,9,16,0,0,0
"OTU_789",0,0,0,0,0,0,0,0,0,0,0,0,0,0,0,47,0,84,0,0,0,0,46,0,0,0,0,0,0,0,0,0,0,40,0,0,0,0,108,102
"OTU_790",0,0,4,0,0,0,0,0,0,0,0,0,0,0,0,19,0,21,15,0,0,12,0,0,0,0,0,0,0,0,0,0,0,0,0,0,7,0,18,0
"OTU_791",0,0,0,0,0,0,0,0,0,0,0,0,0,0,0,0,14,20,0,0,0,0,19,0,0,0,0,0,0,0,0,0,0,0,11,0,0,13,0,13
"OTU_792",0,0,0,607,0,0,0,0,0,0,0,0,0,0,0,0,0,0,538,105,0,0,0,263,0,0,0,0,102,0,0,0,0,0,0,0,0,0,0,0
"OTU_794",0,0,0,0,0,0,0,0,0,0,0,0,0,0,7,0,57,0,0,0,0,15,28,0,24,0,44,14,0,0,0,0,0,35,0,0,0,0,26,39
"OTU_797",0,0,0,0,0,0,0,0,0,0,0,0,11,51,45,11,0,0,0,0,0,0,0,0,0,0,0,0,0,0,0,0,19,5,16,25,22,0,0,0
"OTU_799",11,27,0,0,15,30,0,16,22,0,9,0,11,5,16,21,0,0,0,0,0,0,0,0,54,12,0,591,0,60,2,18,0,0,0,70,220,0,0,0
"OTU_800",0,0,5,0,0,0,0,0,0,0,0,3,0,0,8,6,18,47,0,0,3,7,6,0,0,0,0,0,0,0,0,0,0,1,2,0,0,35,12,30
"OTU_801",452,95,17,0,70,27,25,65,86,28,0,14,18,27,49,0,0,0,15,0,10,0,10,16,30,60,103,60,40,32,66,17,17,23,0,60,0,10,24,0
"OTU_802",0,0,124,0,43,0,272,1,0,0,0,1,0,1,2,8,29,52,51,129,20,21,137,57,0,0,0,17,30,0,36,0,67,36,125,0,1,39,64,53
"OTU_803",0,0,5,0,20,0,0,3,0,0,0,0,9,0,23,9,0,0,0,0,0,0,0,0,0,123,0,10,0,0,0,0,9,0,0,0,0,18,7,0
"OTU_804",13,29,65,0,31,53,85,18,0,16,0,15,2,0,28,0,21,34,72,0,18,20,31,0,15,90,12,22,34,12,68,0,35,49,40,30,20,23,40,3
"OTU_805",0,0,0,0,0,0,0,0,0,0,0,0,0,10,10,29,0,0,9,0,0,0,0,0,0,0,0,0,0,0,0,0,21,12,0,6,41,0,0,2
"OTU_806",0,0,0,0,0,0,0,0,0,0,0,0,0,0,6,18,0,0,0,0,0,7,8,0,0,0,0,0,0,0,0,0,0,0,0,5,37,13,20,11
"OTU_807",11,23,26,0,33,0,10,9,9,0,0,7,21,20,41,14,35,18,23,0,10,9,30,0,0,18,0,25,13,9,0,0,29,28,0,25,18,12,55,17
"OTU_808",0,0,0,0,0,0,0,0,0,0,0,8,0,0,0,19,15,0,0,0,0,0,0,0,0,0,0,0,0,0,0,0,16,11,0,0,45,22,10,15
"OTU_809",0,0,9,0,20,0,0,0,0,0,0,0,0,10,18,7,19,0,14,0,7,11,0,0,0,0,0,7,0,0,9,0,0,23,0,0,0,0,0,0
"OTU_811",0,0,0,0,0,0,0,0,0,0,0,0,0,37,31,0,0,0,0,0,0,0,0,0,0,0,0,0,0,0,0,0,2,0,0,0,11,0,0,0
"OTU_812",0,12,11,0,0,0,0,0,0,0,0,0,0,0,0,4,0,0,7,0,0,0,0,0,0,0,0,3,0,0,0,0,0,0,0,0,5,0,33,0
"OTU_813",0,37,67,29,55,28,0,72,161,15,110,17,36,25,19,0,24,0,17,11,10,7,0,14,62,91,103,30,79,195,69,40,0,36,11,20,0,0,0,0
"OTU_814",0,36,43,51,14,0,36,56,30,150,42,0,0,0,0,0,0,0,0,7,0,0,0,10,59,58,8,0,48,127,54,51,0,0,0,0,0,0,0,0
"OTU_815",0,0,0,0,0,0,0,0,0,0,0,10,0,0,0,0,27,0,0,0,5,12,7,0,0,0,0,0,0,0,0,0,0,13,10,0,0,0,0,18
"OTU_817",0,0,0,0,335,0,187,50,0,24,29,0,8,0,15,17,4,6,5,0,5,6,39,0,47,10,0,0,23,12,79,16,13,95,8,0,0,17,41,34
"OTU_818",0,0,0,0,10,0,0,0,0,0,0,0,0,0,0,16,4,69,0,0,0,17,30,0,0,0,0,0,0,0,0,0,18,0,0,0,25,61,95,18
"OTU_820",20,17,14,0,0,5,0,0,0,0,0,0,4,0,17,14,0,0,0,0,0,0,0,0,0,2,10,0,3,0,0,0,0,0,0,0,14,0,0,0
"OTU_822",0,129,65,0,0,10,85,92,36,20,18,0,0,25,0,0,0,18,0,0,0,0,0,31,25,41,51,39,43,47,62,0,29,20,28,37,20,26,37,10
"OTU_823",0,0,0,0,0,0,0,0,0,0,0,0,0,21,13,6,0,0,0,0,0,0,0,0,0,0,0,0,0,0,0,0,0,0,0,31,10,0,0,0
"OTU_825",0,0,0,0,0,0,0,0,0,0,0,0,18,0,7,0,37,24,11,0,0,28,61,0,0,0,0,0,0,0,0,0,0,29,29,0,0,14,13,37
"OTU_826",56,13,64,0,33,12,14,12,37,0,0,15,22,11,56,7,0,9,41,0,24,14,0,0,15,16,5,24,19,0,21,0,23,55,16,14,26,21,0,30
"OTU_827",0,14,13,0,9,0,0,0,0,0,0,19,13,51,33,0,37,5,13,6,25,20,13,0,0,25,0,0,5,5,9,0,18,32,13,23,5,13,20,0
"OTU_828",89,35,12,0,33,48,15,49,88,0,11,0,8,16,11,0,0,0,0,0,0,0,0,0,30,45,36,25,17,12,28,0,4,16,0,28,16,0,0,0
"OTU_829",0,0,0,0,0,52,0,0,0,0,0,0,0,0,0,0,9,35,11,1,21,25,3,27,0,0,0,0,0,0,0,0,0,38,0,0,0,18,11,23
"OTU_830",0,0,0,0,0,0,0,0,0,0,0,0,0,0,0,9,0,30,34,493,98,0,0,0,0,0,0,0,0,0,0,0,274,30,438,0,109,0,25,0
"OTU_831",0,0,37,0,8,0,0,0,0,0,0,0,9,0,0,11,9,36,23,0,0,41,16,0,6,0,0,0,0,0,0,0,23,34,8,0,17,72,63,47
"OTU_832",0,15,38,0,29,0,0,0,0,0,0,0,7,29,17,14,0,0,0,0,0,0,0,0,0,0,0,0,0,0,0,0,37,14,11,84,0,0,30,0
"OTU_833",0,0,0,0,0,5,0,0,0,0,6,0,0,0,3,0,0,65,1,27,0,8,0,6,0,0,0,0,0,0,0,0,16,0,22,0,0,24,18,14
"OTU_836",0,0,33,10,16,0,8,0,0,0,0,0,20,0,11,25,6,17,25,0,8,11,12,0,0,0,0,0,0,0,18,0,26,41,8,9,57,46,39,37
"OTU_838",0,0,13,0,0,12,10,0,0,0,0,0,7,0,0,13,5,60,0,12,0,16,18,0,0,3,0,0,28,0,0,0,0,0,7,0,0,23,9,64
"OTU_839",3,0,20,0,31,0,8,0,0,0,0,13,7,19,15,8,22,0,11,0,0,5,26,3,0,0,0,0,0,0,0,0,8,16,8,0,20,14,6,12
"OTU_840",0,0,21,12,0,0,0,1,0,24,0,5,0,0,0,16,29,48,22,2,7,17,79,0,58,0,0,0,0,0,28,13,0,38,20,0,59,111,22,62
"OTU_841",0,0,0,0,6,0,2,0,0,0,0,0,0,0,1,0,0,0,1,0,0,0,1,0,0,0,0,0,0,0,0,0,0,1,0,0,0,0,0,0
"OTU_842",0,0,0,0,0,0,20,6,13,18,5,0,2,0,8,11,0,0,0,0,0,21,2,22,7,0,0,0,73,2,19,0,0,13,0,0,0,25,0,26
"OTU_844",0,0,0,0,0,0,0,0,0,0,12,0,0,0,0,11,4,5,0,0,0,18,38,0,0,0,0,0,0,0,0,0,8,0,0,0,0,5,5,6
"OTU_846",380,0,0,0,0,303,5,0,0,0,0,0,20,0,0,0,0,0,0,0,0,0,0,47,0,0,731,0,21,0,0,0,0,0,0,0,0,0,0,0
"OTU_850",0,0,24,0,27,0,0,0,0,0,0,0,0,0,0,0,0,0,0,0,0,0,0,21,0,0,0,15,0,0,0,0,0,0,0,0,27,0,0,0
"OTU_851",0,0,0,0,0,23,39,0,0,23,36,0,47,47,0,26,26,32,38,139,0,36,30,100,83,12,0,0,214,0,11,0,0,16,19,0,0,30,0,12
"OTU_853",6,0,0,0,10,0,0,0,0,0,0,15,0,0,0,9,14,0,0,0,0,0,0,0,0,0,0,0,0,0,13,0,0,0,0,0,21,9,7,0
"OTU_855",168,96,45,0,164,0,20,33,0,0,0,18,19,48,45,0,33,0,17,0,18,20,0,0,0,151,105,10,0,18,100,0,27,60,9,254,0,3,5,0
"OTU_856",0,0,0,0,0,0,0,0,0,0,0,15,0,0,10,17,30,0,15,0,0,33,42,0,0,0,0,0,0,0,0,0,0,44,0,8,0,0,0,34
"OTU_857",0,0,0,0,0,4,0,0,0,0,0,14,0,0,0,0,0,0,0,0,0,14,0,0,34,0,0,0,10,0,0,0,0,0,20,0,10,0,0,0
"OTU_859",0,41,5,0,0,15,106,86,43,48,10,0,24,0,0,0,37,72,0,0,5,54,13,0,27,36,18,0,0,0,22,32,4,7,0,0,38,43,165,71
"OTU_860",0,26,37,37,6,0,30,0,0,58,0,0,12,4,9,9,17,15,115,30,84,4,6,0,0,0,0,42,144,17,16,4,25,13,9,3,60,14,15,7
"OTU_862",0,0,47,0,0,321,0,0,0,0,0,0,0,0,0,0,0,0,0,0,0,0,0,0,0,0,182,0,0,0,0,0,0,0,0,171,0,0,0,0
"OTU_863",0,78,43,0,69,0,0,0,0,0,0,53,33,248,150,7,97,0,10,0,47,0,0,0,0,0,0,0,0,0,0,0,44,83,45,135,0,0,19,0
"OTU_864",0,0,0,0,0,0,0,203,70,326,191,0,0,0,0,0,14,0,59,36,27,0,0,0,102,0,0,11,0,243,35,150,0,0,0,0,0,0,0,0
"OTU_865",0,0,1,0,0,0,6,0,0,0,0,0,20,0,3,0,4,5,0,0,0,0,16,0,0,0,0,0,0,0,0,0,0,0,0,0,0,16,12,0
"OTU_866",43,0,0,0,0,56,19,0,0,0,0,0,8,62,63,20,0,4,0,0,11,0,0,14,0,0,105,16,0,0,0,0,25,10,18,109,40,0,0,0
"OTU_867",0,0,0,0,0,0,0,0,0,0,0,0,0,0,0,0,0,93,0,0,0,0,19,0,0,0,0,0,0,0,19,0,0,0,0,0,0,67,0,46
"OTU_868",88,17,7,0,14,7,0,0,39,0,0,23,14,37,103,10,48,2,0,0,53,18,18,0,3,0,0,0,5,29,0,0,37,91,25,58,3,15,0,3
"OTU_869",0,0,0,0,7,0,0,0,0,0,0,0,0,0,7,11,23,0,21,0,0,11,35,0,0,0,0,0,0,0,0,0,0,30,30,10,22,30,12,30
"OTU_870",0,0,9,0,0,0,10,0,0,0,0,0,8,0,0,19,16,10,1,0,0,0,10,0,0,0,0,0,0,0,0,0,13,22,0,0,69,24,0,32
"OTU_871",140,0,0,0,0,139,0,0,0,0,0,0,0,0,0,0,0,0,0,0,0,0,0,23,0,0,0,0,0,0,0,0,0,0,0,17,0,0,0,0
"OTU_872",33,60,30,0,92,9,23,27,99,83,13,0,20,34,48,14,16,0,31,0,64,5,0,25,70,75,27,57,29,65,65,135,19,26,0,47,12,0,42,5
"OTU_874",0,0,11,22,12,0,39,0,0,0,0,0,9,0,0,19,1,27,27,38,44,9,28,0,0,0,0,10,5,0,0,0,3,7,18,9,19,10,4,20
"OTU_876",0,0,0,0,0,0,0,0,0,0,0,0,0,0,0,13,0,18,0,0,0,0,4,0,0,0,0,0,0,0,0,0,0,0,0,0,0,30,0,40
"OTU_877",0,0,0,0,0,0,0,0,0,0,0,0,0,0,0,8,0,0,0,0,0,0,0,0,0,0,0,0,0,0,0,0,12,0,10,20,19,0,0,0
"OTU_879",0,0,0,0,0,0,0,0,20,253,527,0,0,0,0,0,0,0,0,0,0,0,0,0,305,0,0,0,0,0,0,334,0,0,0,0,0,0,0,0
"OTU_881",0,0,0,0,0,0,0,0,0,0,106,0,0,0,0,0,0,0,0,0,0,0,0,0,84,14,17,0,0,0,0,13,0,0,0,0,0,0,0,0
"OTU_883",0,0,0,345,7,0,22,0,15,0,12,0,0,0,0,0,0,0,18,11,34,0,0,893,0,0,0,9,63,0,0,0,0,0,0,0,0,0,0,0
"OTU_884",11,17,6,0,27,0,2,25,55,2,2,0,0,13,2,13,11,1,15,0,10,3,12,0,34,7,2,0,0,1,11,11,6,17,1,0,10,5,16,4
"OTU_885",0,0,42,0,0,0,0,0,0,0,0,0,0,0,13,0,20,48,0,0,0,0,17,0,0,0,0,0,0,0,0,0,0,0,0,12,22,30,45,21
"OTU_886",20,19,37,9,0,20,169,0,0,0,0,6,22,8,0,0,0,23,84,0,20,0,0,0,0,58,69,55,0,0,30,0,25,19,0,31,21,0,26,17
"OTU_887",0,7,6,0,0,52,17,0,0,0,37,2,13,6,0,0,34,0,0,0,0,1,1,0,0,0,9,0,0,0,0,0,1,0,0,0,0,0,0,7
"OTU_888",0,18,64,0,14,10,0,7,0,12,0,5,14,0,0,13,3,20,13,0,1,36,0,0,0,5,0,32,0,0,0,3,21,62,0,9,14,31,58,24
"OTU_889",0,0,8,5,0,0,0,0,0,0,0,0,0,0,0,25,16,33,8,0,9,11,0,0,0,0,0,0,0,0,0,0,0,16,17,0,0,37,20,31
"OTU_890",0,0,0,0,2,0,11,5,10,0,0,7,0,12,6,10,1,2,8,4,2,4,3,0,11,1,0,0,11,0,6,0,0,1,6,137,20,3,0,0
"OTU_891",0,26,68,0,35,0,0,0,0,0,0,17,43,27,73,8,0,0,20,8,115,26,0,0,0,0,0,0,0,0,0,0,28,66,29,105,0,5,46,0
"OTU_893",0,0,0,0,33,7,5,0,0,0,0,37,48,103,62,25,63,0,0,0,0,30,59,0,0,0,0,0,6,0,2,0,43,0,31,0,20,32,31,38
"OTU_894",7,44,104,15,65,64,31,18,0,0,19,8,19,18,11,0,0,0,100,19,92,7,0,75,0,130,35,50,308,26,45,0,24,45,0,34,0,0,0,0
"OTU_895",56,0,0,0,0,0,12,0,16,0,0,0,0,75,0,33,31,0,0,0,11,0,0,0,0,0,13,0,0,0,0,0,0,0,0,0,27,23,38,0
"OTU_896",0,47,18,6,37,2,0,12,196,0,0,71,60,15,33,0,38,0,275,55,39,9,174,0,1,18,0,0,10,26,2,0,27,98,89,0,0,0,0,0
"OTU_898",0,0,0,0,0,30,0,90,0,87,37,10,9,0,0,5,0,18,0,8,0,22,13,0,168,5,0,0,0,0,0,112,0,0,10,0,0,44,0,46
"OTU_899",0,0,0,0,0,0,0,0,0,0,0,0,0,2,0,0,0,33,0,0,0,0,25,0,0,0,0,0,0,0,0,0,0,0,0,0,7,0,75,55
"OTU_900",0,32,72,0,50,0,0,27,0,0,0,16,0,10,30,0,34,0,21,0,30,24,0,0,0,0,0,49,31,0,79,23,51,42,9,32,39,54,40,0
"OTU_901",382,192,103,0,66,0,35,0,0,0,0,14,26,24,52,0,20,0,17,0,41,30,0,12,0,30,6,126,0,0,32,0,8,32,21,35,0,0,97,0
"OTU_902",0,0,0,16,18,0,0,0,0,0,0,7,0,9,0,16,22,25,25,0,0,22,29,0,0,0,0,35,15,0,0,0,0,0,0,0,0,24,21,23
"OTU_905",290,0,1,35,0,105,56,0,0,0,0,8,0,28,42,0,17,0,10,0,0,0,0,52,0,61,320,27,10,0,58,0,51,66,16,47,8,0,0,0
"OTU_906",0,0,0,0,0,0,7,9,0,0,0,21,52,0,31,21,66,53,19,15,12,51,66,0,36,0,0,0,0,0,28,0,28,46,28,0,0,56,69,86
"OTU_907",0,0,0,0,0,0,0,0,0,0,0,0,0,0,0,17,0,0,6,0,0,0,0,0,0,0,0,0,0,0,0,0,0,10,0,0,23,20,17,0
"OTU_909",0,0,0,0,0,0,0,0,35,0,0,0,0,0,0,0,0,0,0,0,0,0,0,41,0,0,0,0,109,191,0,426,0,0,0,0,0,0,0,0
"OTU_910",0,0,0,0,0,0,0,0,0,0,0,0,0,0,0,23,10,37,0,13,0,4,9,0,0,0,0,0,0,0,0,0,0,7,0,0,6,0,29,0
"OTU_911",0,0,0,0,0,0,0,0,0,0,0,0,0,0,5,18,0,0,0,0,0,0,7,0,0,0,0,0,3,0,0,0,34,0,0,0,0,0,0,0
"OTU_913",0,0,19,0,7,0,0,0,0,0,0,25,0,0,0,11,33,6,0,0,0,0,0,0,0,0,0,0,0,0,0,0,20,30,0,46,15,29,0,18
"OTU_916",81,3,0,17,0,287,31,128,130,0,116,18,21,0,0,0,0,0,0,0,0,0,0,77,117,70,70,24,55,9,0,0,0,0,0,0,0,0,0,0
"OTU_917",0,0,0,21,0,0,26,0,0,0,0,0,0,0,0,59,23,0,0,10,22,0,109,0,0,0,0,18,0,0,0,0,33,20,18,0,122,52,33,70
"OTU_918",0,0,0,0,17,14,0,0,0,0,0,8,0,0,25,0,42,1,0,0,13,0,0,0,0,37,0,0,45,0,0,0,35,16,0,1,0,0,9,10
"OTU_919",0,0,0,0,0,0,0,0,0,0,0,0,5,0,0,7,11,28,23,0,0,0,13,0,0,0,0,0,0,0,0,0,14,13,10,0,10,52,18,0
"OTU_920",0,24,128,45,15,0,164,0,0,0,0,0,0,0,8,0,0,0,137,0,186,6,0,0,0,25,0,14,256,185,77,0,0,34,34,16,0,0,8,7
"OTU_921",0,0,12,0,0,0,0,0,0,0,0,0,0,0,0,0,10,0,12,0,0,0,0,0,0,0,0,0,0,0,0,0,0,0,0,0,0,0,5,0
"OTU_922",0,0,0,17,0,0,0,14,9,100,18,0,18,0,0,0,8,0,49,33,39,0,64,0,0,0,7,0,0,37,0,0,0,51,25,25,0,21,0,0
"OTU_923",1,66,120,0,48,0,103,2,2,0,0,0,0,0,13,26,33,23,18,12,22,13,0,0,0,0,0,22,2,3,31,0,10,18,0,28,48,34,82,38
"OTU_924",0,0,0,0,1,0,1,26,89,102,32,15,75,0,3,0,14,0,0,0,24,0,9,0,574,0,0,0,14,1,0,0,0,28,0,0,0,24,3,30
"OTU_927",0,0,0,0,0,0,0,0,0,0,0,0,0,0,0,4,6,0,0,0,0,0,0,0,0,0,0,0,0,0,0,0,0,0,0,0,4,9,0,0
"OTU_928",0,6,0,0,0,0,0,0,0,0,0,0,15,0,0,0,8,11,0,0,0,0,9,0,0,0,0,0,0,0,0,0,0,13,0,0,13,0,0,0
"OTU_931",0,0,0,0,108,52,52,24,54,0,0,0,0,58,0,0,0,0,0,0,19,0,0,0,11,0,0,144,15,0,0,0,0,34,0,0,0,0,104,0
"OTU_932",0,0,0,0,0,0,0,0,0,0,0,0,0,0,0,0,20,0,0,0,0,9,0,0,0,0,0,0,0,0,0,0,0,0,0,0,6,0,0,34
"OTU_934",0,0,0,0,0,0,0,0,0,0,0,6,0,0,0,12,0,0,0,0,0,0,0,0,0,0,0,0,0,15,0,0,0,4,0,4,0,0,11,0
"OTU_935",0,42,0,0,0,0,7,0,20,0,156,0,0,0,0,6,10,0,0,10,0,21,0,0,0,83,0,0,2,0,0,0,0,0,0,0,0,0,9,3
"OTU_937",0,0,0,0,0,0,0,0,0,0,0,0,6,9,4,14,0,0,0,0,0,0,7,0,0,0,0,0,0,0,0,0,0,0,0,9,24,0,0,0
"OTU_938",19,0,24,0,15,6,0,0,0,10,0,0,15,0,0,0,6,15,0,0,0,14,33,0,0,0,0,22,18,0,0,0,10,9,24,0,2,0,9,34
"OTU_939",0,64,81,118,0,0,0,0,25,0,0,0,0,14,0,0,0,2,77,11,109,9,11,42,34,99,0,56,144,0,59,15,0,57,54,0,75,0,54,0
"OTU_941",103,25,58,0,38,15,10,0,9,0,0,13,16,0,9,0,21,0,38,0,0,0,0,0,0,21,41,30,0,0,0,0,16,13,0,0,0,15,0,0
"OTU_943",0,0,112,274,0,0,0,69,31,0,0,0,0,15,0,0,0,0,5,5,0,0,3,0,99,0,0,0,118,177,0,338,0,0,0,49,0,0,5,0
"OTU_944",28,94,46,4,70,27,135,20,51,0,6,15,16,21,29,0,24,0,49,0,46,0,0,14,27,49,7,47,20,66,84,18,21,29,0,8,0,15,24,14
"OTU_946",0,0,0,0,0,0,0,0,0,0,0,0,0,0,0,7,0,24,0,0,0,0,46,0,0,0,0,0,0,0,0,0,0,0,11,0,9,11,0,4
"OTU_949",33,46,0,0,38,51,27,33,112,0,54,0,0,35,9,0,0,0,0,0,15,6,0,38,27,183,243,81,77,105,33,0,0,11,0,34,0,0,0,0
"OTU_952",0,0,0,0,0,0,0,0,9,0,26,0,0,0,0,0,0,0,0,0,0,0,0,0,0,0,0,0,0,25,7,0,0,0,0,0,0,0,0,10
"OTU_953",0,45,6,0,0,0,0,0,0,0,0,8,24,0,14,14,12,11,0,0,20,0,8,0,0,0,0,0,0,0,0,0,16,21,0,0,23,42,10,48
"OTU_954",0,0,0,0,19,0,7,9,0,0,0,0,0,0,10,8,41,24,0,0,0,8,19,0,0,0,0,0,0,0,0,0,21,2,0,4,9,30,5,50
"OTU_955",0,0,13,0,2,0,0,0,0,0,0,13,9,16,24,15,7,0,0,0,13,8,0,0,0,0,0,0,0,0,0,0,22,14,3,33,33,18,0,0
"OTU_956",0,0,1,0,5,0,0,0,0,0,0,13,2,0,10,3,39,15,1,0,1,0,1,0,0,0,0,26,0,0,0,0,6,1,0,0,0,28,32,12
"OTU_957",0,0,0,0,0,0,0,0,0,0,0,0,0,19,0,0,15,0,0,0,0,0,0,0,0,0,0,0,0,0,0,0,0,0,0,21,17,0,0,0
"OTU_958",0,55,22,40,16,0,159,52,0,0,0,0,7,9,18,0,0,0,17,0,138,5,0,2,0,380,0,70,47,28,106,0,10,50,0,36,0,0,5,0
"OTU_960",14,38,103,0,40,0,5,0,35,0,0,0,0,0,0,13,8,0,11,0,0,11,0,0,0,8,0,27,0,0,0,0,29,13,0,0,18,0,0,0
"OTU_961",0,0,0,0,0,0,0,0,10,0,0,0,0,0,0,14,0,0,0,0,0,3,5,0,0,0,0,0,0,0,0,0,16,0,0,0,17,4,12,0
"OTU_964",0,0,0,12,2,0,53,0,0,0,0,0,8,17,0,5,2,2,0,0,1,0,0,0,0,0,6,33,8,0,2,0,0,0,0,0,3,3,8,8
"OTU_968",0,11,27,22,47,10,4,39,45,447,48,0,0,5,16,0,0,0,48,41,56,0,0,15,120,0,6,26,14,21,21,165,0,0,0,0,0,0,9,0
"OTU_969",0,0,0,0,0,0,0,0,0,0,0,0,6,0,0,0,21,0,0,0,0,13,0,0,0,0,0,0,0,0,0,0,0,0,0,6,0,0,0,0
"OTU_970",0,0,0,0,0,0,0,0,0,0,0,32,22,0,40,10,53,5,6,0,12,40,19,0,0,0,0,0,0,0,0,0,26,45,21,22,6,45,11,69
"OTU_971",0,0,0,0,0,8,18,15,0,13,0,17,0,0,17,0,9,0,22,23,21,22,61,9,18,0,0,0,0,0,14,4,22,0,54,19,34,20,33,45
"OTU_972",0,0,0,0,0,0,0,0,0,0,0,0,0,0,0,0,5,64,0,0,0,0,13,0,0,0,0,0,0,0,0,0,0,0,0,0,0,34,30,26
"OTU_973",79,7,0,0,0,31,0,94,233,15,66,0,0,0,0,0,0,0,12,0,0,0,0,6,55,162,75,20,12,163,0,217,0,0,0,0,0,0,0,0
"OTU_974",0,0,0,6,0,0,0,0,0,0,1186,0,0,0,0,0,0,0,3,0,0,0,0,0,0,47,0,0,0,0,0,0,0,0,0,0,0,0,0,0
"OTU_977",0,32,41,0,16,0,0,0,0,0,0,0,0,0,0,9,25,18,23,47,70,0,39,0,0,0,0,46,0,0,6,0,0,7,0,10,8,12,0,13
"OTU_979",1,0,0,0,0,185,44,84,480,163,11,0,12,5,0,0,0,0,0,0,0,4,0,0,9,33,0,0,71,0,23,0,0,0,0,0,0,0,0,0
"OTU_980",0,0,0,0,0,37,4,0,5,0,0,6,6,0,0,18,3,59,4,0,0,26,11,0,14,0,8,7,47,0,0,0,0,11,0,0,0,31,4,88
"OTU_981",19,9,0,0,0,0,0,0,0,0,0,0,0,36,0,0,0,0,0,0,0,0,0,14,0,0,27,0,0,0,0,0,0,0,0,9,0,0,0,0
"OTU_982",0,0,0,0,0,0,17,0,0,17,0,0,0,0,0,3,0,690,11,50,26,37,18,16,0,0,0,10,0,0,11,0,0,12,36,10,10,45,53,0
"OTU_983",0,7,10,0,0,0,6,0,0,0,0,0,0,0,17,7,17,0,3,0,5,8,0,0,0,56,9,3,9,0,0,0,9,12,0,5,12,0,8,5
"OTU_984",0,0,0,0,0,0,0,0,0,0,0,0,0,0,0,31,0,14,0,0,0,0,0,0,0,0,0,0,0,0,0,0,0,0,0,0,20,0,0,31
"OTU_985",0,0,0,0,0,0,0,0,0,0,0,0,0,0,0,0,7,0,6,23,9,0,0,0,0,0,40,0,0,0,0,0,0,0,0,0,0,0,0,0
"OTU_988",0,0,28,0,54,0,11,0,0,0,0,0,29,74,27,14,34,0,0,0,26,0,10,0,0,0,0,14,0,0,0,0,17,47,31,98,24,0,0,0
"OTU_989",0,0,0,351,0,0,0,0,0,0,0,0,0,0,0,0,0,0,143,175,371,0,0,41,0,0,0,0,0,0,128,0,0,0,0,0,0,0,0,0
"OTU_992",0,0,0,0,0,0,0,0,0,0,0,0,0,0,0,11,0,18,0,0,7,0,0,0,0,0,0,0,0,0,0,0,0,0,0,0,6,43,0,15
"OTU_994",0,0,4,0,8,0,0,0,0,0,0,0,10,0,0,0,10,0,77,0,0,0,23,0,0,0,0,0,0,0,3,0,0,23,0,4,0,13,0,20
"OTU_995",0,0,0,48,0,0,0,0,0,0,0,0,0,0,0,0,0,20,0,0,17,0,9,51,0,0,0,0,58,0,0,0,0,0,0,0,0,0,0,0
"OTU_996",460,0,0,0,0,248,4,0,0,0,0,0,0,0,0,0,0,0,0,0,0,0,0,29,0,0,455,0,0,0,0,0,0,0,0,0,0,0,0,0
"OTU_997",0,0,0,0,0,0,0,0,0,0,0,7,4,25,23,6,13,0,12,1,3,0,0,0,0,0,0,0,0,0,0,0,11,6,3,25,25,0,0,0
"OTU_1000",0,0,73,0,0,0,0,0,0,0,0,0,0,9,0,0,14,0,0,0,6,0,0,0,0,7,0,6,0,0,0,0,0,0,0,0,0,0,0,0
"OTU_1001",0,0,5,15,6,0,6,4,0,0,2,4,22,0,2,0,113,0,30,0,32,0,36,0,0,6,0,0,5,0,0,0,0,30,0,0,14,2,22,2
"OTU_1002",0,0,0,0,0,0,0,0,0,0,0,0,17,12,15,28,15,0,0,0,19,0,0,0,0,0,0,0,0,0,0,0,27,0,0,65,71,0,0,0
"OTU_1003",0,0,89,0,6,0,66,0,88,7,0,0,0,7,11,4,0,0,0,9,12,15,0,54,45,0,0,0,12,0,649,0,0,0,11,7,0,0,32,0
"OTU_1005",0,13,12,0,0,0,20,0,0,0,0,0,0,2,0,23,0,0,0,0,0,0,0,0,0,0,0,27,0,0,0,0,34,0,0,0,30,6,0,20
"OTU_1006",0,9,20,0,62,0,87,22,0,0,55,40,37,20,29,0,51,0,0,0,111,21,0,67,27,7,0,8,15,84,112,0,26,37,18,52,0,10,37,0
"OTU_1008",0,0,0,0,0,0,0,0,0,0,0,15,0,0,6,0,22,0,6,0,0,0,34,0,0,0,0,0,0,0,0,0,0,0,13,0,0,0,8,28
"OTU_1011",0,0,0,0,0,0,17,0,0,0,0,0,0,0,0,0,15,88,0,0,0,0,22,0,0,0,0,0,0,0,10,0,20,0,8,0,0,90,9,38
"OTU_1012",0,0,0,0,0,0,0,0,0,0,0,10,15,0,6,28,19,0,23,0,0,0,0,0,0,0,0,0,0,0,0,0,0,24,0,0,15,3,27,0
"OTU_1013",0,0,0,0,0,0,0,0,0,0,0,0,0,0,0,85,7,25,0,0,0,0,24,0,0,0,0,0,0,0,0,0,0,0,0,0,60,3,0,22
"OTU_1014",0,40,168,0,71,0,43,6,17,12,12,13,14,24,48,6,24,12,14,0,16,0,12,0,0,5,0,45,10,14,34,0,55,61,0,19,23,23,15,14
"OTU_1016",19,0,0,0,0,16,0,0,0,0,0,0,0,3,11,0,0,0,5,0,0,0,0,0,0,0,0,0,0,0,0,0,23,0,0,0,0,0,0,0
"OTU_1017",0,0,0,0,10,0,0,2,0,0,0,0,0,0,0,0,9,22,0,0,0,0,0,0,0,0,0,5,0,3,0,0,0,0,0,0,0,42,8,9
"OTU_1018",0,9,7,0,0,0,0,0,0,0,0,0,5,11,13,12,17,7,0,0,0,0,0,0,0,0,0,0,0,0,0,0,9,15,0,15,6,9,0,13
"OTU_1019",0,0,9,0,0,0,0,0,0,0,0,10,0,0,0,15,18,15,0,0,0,10,21,0,0,0,0,0,0,0,0,0,12,0,6,0,6,34,8,17
"OTU_1020",0,0,10,0,0,0,0,0,0,0,0,0,0,0,10,0,18,0,0,0,0,7,0,0,0,0,0,0,0,0,0,0,0,0,0,0,0,0,0,0
"OTU_1021",25,0,0,0,8,12,0,0,5,0,18,1,0,0,0,0,5,0,0,0,0,0,0,0,0,0,13,0,21,0,0,0,0,0,0,0,0,0,0,0
"OTU_1022",27,25,77,0,25,9,0,9,0,0,0,0,13,27,21,11,9,0,14,0,0,14,0,0,0,23,0,19,9,0,27,0,27,25,0,41,16,25,38,0
"OTU_1023",0,0,0,0,0,0,0,0,0,0,0,8,0,3,6,0,24,37,0,0,0,26,38,0,0,0,29,0,0,0,15,0,23,37,0,22,36,94,47,39
"OTU_1024",57,18,0,0,0,13,73,0,0,0,0,0,42,32,0,0,0,0,0,0,0,0,0,125,292,32,127,20,36,0,0,0,6,0,0,40,0,0,4,0
"OTU_1025",12,41,40,12,69,0,0,14,22,0,0,0,9,13,26,0,29,0,0,0,0,29,6,14,0,62,38,60,69,12,92,0,34,27,14,28,11,0,31,0
"OTU_1026",0,18,14,68,20,0,23,0,13,216,0,0,0,0,62,0,14,0,18,0,15,0,0,22,0,28,0,0,50,17,67,12,67,0,24,150,0,0,0,0
"OTU_1027",0,0,0,0,0,0,0,0,0,0,0,0,0,0,0,28,0,0,0,0,0,0,7,0,0,0,0,0,0,0,0,0,18,5,0,0,23,6,0,0
"OTU_1028",0,0,0,0,0,0,0,0,0,0,0,15,0,0,0,0,27,7,0,0,0,0,0,0,0,0,0,0,0,0,0,0,0,0,0,0,0,15,0,0
"OTU_1029",55,16,48,0,0,4,37,0,0,0,0,0,0,0,0,13,0,0,26,0,32,0,0,18,0,51,366,34,0,0,20,0,10,0,0,93,6,0,36,15
"OTU_1030",0,0,0,15,0,0,0,0,0,0,0,0,11,0,6,26,0,0,58,0,10,0,6,0,0,0,0,0,0,0,0,0,0,25,0,0,40,34,0,3
"OTU_1031",0,0,6,60,5,0,35,0,14,98,118,0,13,8,6,0,15,55,27,103,13,1,30,57,4,0,0,29,100,6,48,12,14,23,44,6,23,18,1,11
"OTU_1032",43,0,24,0,27,0,40,0,0,18,0,35,0,31,38,13,0,1,21,0,12,0,0,17,0,0,19,78,19,8,2,0,27,23,16,34,0,4,0,7
"OTU_1033",0,0,0,0,0,0,0,0,0,0,0,0,57,12,38,0,0,0,62,31,70,12,0,0,0,0,0,0,0,0,0,0,0,127,20,0,0,0,4,8
"OTU_1034",0,0,0,0,0,94,36,71,0,80,65,0,26,29,0,0,16,0,0,32,0,8,59,97,130,26,0,0,155,0,51,36,0,0,27,0,0,34,0,0
"OTU_1035",0,18,8,5,24,0,6,0,0,0,0,0,17,0,0,18,0,0,18,0,0,0,0,0,0,18,0,7,0,0,0,0,11,0,41,0,65,25,0,0
"OTU_1037",0,0,0,28,0,0,132,24,0,0,0,0,45,0,0,0,32,33,76,215,80,54,68,21,0,0,0,0,0,0,0,0,17,70,51,27,0,79,56,33
"OTU_1038",0,0,19,0,23,0,0,0,0,0,0,27,30,9,0,10,33,0,0,0,0,0,57,0,0,0,0,0,51,0,0,0,0,48,0,0,9,23,24,47
"OTU_1039",0,0,0,0,0,0,0,0,0,0,0,4,0,0,0,0,13,9,0,0,0,0,10,0,0,0,0,0,0,0,0,0,0,0,0,0,0,0,0,33
"OTU_1040",0,0,0,12,0,0,75,46,1,0,202,19,35,0,0,0,0,0,0,46,43,0,0,2,103,0,0,0,167,0,0,0,39,98,177,0,72,0,0,0
"OTU_1041",0,0,0,0,0,0,0,0,0,0,0,0,0,0,0,0,57,43,42,300,0,0,76,0,0,0,0,0,0,0,0,0,0,0,0,0,0,25,31,0
"OTU_1042",682,0,6,0,6,20,0,0,0,0,0,0,0,5,0,5,0,0,0,0,0,0,0,16,0,0,0,0,0,0,0,0,0,0,0,10,2,0,0,0
"OTU_1043",0,0,0,0,0,0,0,0,0,0,0,0,30,0,0,60,0,67,0,45,246,11,104,0,0,0,0,0,0,0,0,0,82,62,35,0,210,0,164,0
"OTU_1044",0,0,0,0,0,0,0,0,0,0,0,0,0,0,0,0,0,0,2,0,0,0,10,0,0,0,0,0,0,0,0,0,0,0,0,0,1,34,1,0
"OTU_1046",0,0,38,0,15,0,28,0,0,110,0,13,17,0,0,0,16,20,95,0,69,0,5,0,0,10,0,17,40,0,0,80,55,52,8,0,26,42,241,0
"OTU_1047",0,0,0,0,0,0,0,0,0,0,0,0,0,18,7,0,0,0,0,0,0,0,0,0,0,0,0,0,0,0,0,0,6,0,0,12,1,0,0,0
"OTU_1051",0,31,5,0,13,0,5,31,56,149,44,0,13,7,10,0,0,0,14,36,12,0,36,7,240,28,7,8,7,99,16,163,0,8,25,0,10,31,0,0
"OTU_1053",0,0,0,0,0,0,0,0,0,0,0,22,0,0,0,0,41,0,0,0,0,24,24,0,0,0,0,0,0,0,0,0,0,0,0,0,0,55,0,82
"OTU_1054",0,28,36,0,8,25,22,36,31,58,0,0,21,15,6,25,14,10,0,0,13,26,19,0,11,98,0,84,14,0,26,0,0,23,21,38,18,35,21,13
"OTU_1055",0,0,22,78,14,0,11,32,23,51,71,0,31,21,17,0,0,0,75,28,185,13,62,33,42,0,0,14,32,18,0,57,0,91,97,0,0,0,0,0
"OTU_1056",0,0,10,10,17,0,0,0,0,0,0,22,24,28,0,0,69,0,0,37,28,32,22,0,0,0,0,0,0,0,0,0,0,51,0,24,23,0,13,19
"OTU_1057",0,0,0,0,0,0,17,43,0,0,0,4,22,0,26,0,25,0,0,0,0,1,0,0,0,0,0,14,0,0,0,0,0,18,9,0,0,5,0,17
"OTU_1061",0,11,5,0,11,0,5,0,0,0,0,7,0,0,11,11,0,0,13,0,0,11,0,0,0,0,0,0,0,0,0,0,0,0,0,11,12,15,0,3
"OTU_1062",6,0,16,0,23,16,0,20,0,14,31,0,11,0,26,15,36,0,13,0,13,22,37,0,12,0,0,0,14,0,16,0,0,4,0,0,1,25,0,31
"OTU_1063",0,0,0,0,0,0,0,0,0,0,0,13,0,0,0,9,10,38,0,0,0,0,26,0,0,0,0,0,0,0,0,0,30,0,0,0,0,42,34,59
"OTU_1065",0,0,0,0,0,0,0,0,0,0,0,18,10,0,0,26,26,0,0,0,0,0,0,0,0,0,0,0,0,0,0,0,12,0,0,0,0,13,6,0
"OTU_1066",0,0,0,0,0,0,0,0,0,0,0,0,0,0,0,12,0,0,0,0,0,0,0,0,0,0,0,0,0,0,0,0,3,0,0,0,16,9,0,0
"OTU_1068",84,43,39,0,33,17,0,88,9,0,0,0,7,6,8,0,7,0,9,0,0,0,0,0,0,9,21,8,0,5,32,0,6,0,0,0,11,8,13,0
"OTU_1069",0,42,26,0,58,16,116,43,0,9,0,12,20,24,0,0,40,0,0,0,0,29,38,169,20,23,0,55,210,29,88,0,0,0,27,0,0,0,0,0
"OTU_1070",0,0,0,0,0,0,0,0,0,0,0,0,0,0,0,31,0,9,27,0,0,0,0,0,0,0,0,0,0,0,0,0,4,0,0,0,30,52,29,0
"OTU_1071",0,49,0,25,0,14,42,103,51,0,0,0,34,0,0,0,23,0,32,0,20,0,0,56,0,173,113,121,69,41,91,0,0,0,0,30,0,1,0,0
"OTU_1072",0,1,0,2,4,0,0,0,0,1,0,10,0,8,1,5,1,7,2,0,1,7,0,0,0,0,2,0,0,3,1,0,7,8,4,4,2,0,3,0
"OTU_1073",47,0,28,0,0,43,37,12,0,0,0,24,19,0,0,0,40,0,41,0,214,14,24,0,21,0,0,0,0,0,21,0,46,41,0,0,0,24,22,18
"OTU_1074",0,10,0,0,0,0,0,0,0,0,0,0,0,6,0,14,0,0,7,0,12,0,0,0,0,0,0,0,0,0,0,0,0,0,0,11,6,0,0,0
"OTU_1075",10,0,0,0,0,16,29,7,24,0,6,13,7,41,12,0,0,0,0,0,0,0,0,0,89,0,166,17,0,0,26,0,16,9,0,114,36,0,0,0
"OTU_1076",0,0,13,0,0,0,42,0,0,0,0,0,0,0,0,14,0,27,14,0,0,0,0,8,0,0,0,30,0,0,0,0,0,11,0,0,24,13,33,0
"OTU_1077",9,145,54,0,16,0,42,47,21,0,0,0,17,10,19,0,14,0,6,0,29,0,10,0,0,34,0,0,9,0,71,25,32,17,0,0,0,0,34,0
"OTU_1078",0,0,18,0,4,0,0,0,0,0,0,0,11,0,25,14,9,13,9,0,6,6,16,0,0,0,0,0,0,0,7,0,14,33,33,6,79,77,32,4
"OTU_1079",0,0,8,0,6,0,9,0,4,0,17,0,17,0,8,0,34,17,14,10,12,21,19,0,0,0,0,0,0,0,0,0,0,25,0,0,8,48,19,18
"OTU_1080",0,0,0,0,5,0,0,0,0,0,0,0,0,0,0,0,0,15,7,0,0,0,0,0,0,0,5,0,0,0,0,0,0,0,0,21,0,13,0,0
"OTU_1081",52,0,0,7,0,405,5,36,166,0,95,0,0,0,0,0,0,0,0,0,0,0,0,12,41,36,47,25,11,0,46,3,0,0,0,0,0,0,0,0
"OTU_1082",22,39,160,0,34,0,53,35,112,7,37,0,13,0,24,11,2,0,15,0,0,0,0,25,29,61,18,34,19,21,4,0,0,18,0,0,0,16,14,6
"OTU_1083",0,0,0,0,0,0,0,0,0,0,0,0,0,0,8,0,0,0,0,0,0,0,0,0,0,18,51,54,0,0,0,0,0,0,0,0,0,0,0,0
"OTU_1084",0,0,0,0,0,0,0,0,0,0,0,0,0,0,0,19,10,33,1,0,0,17,0,0,0,0,0,0,0,0,0,0,0,0,0,0,5,25,0,23
"OTU_1085",0,0,0,0,0,0,0,0,0,0,0,0,0,0,0,0,0,45,0,0,0,7,15,0,0,0,0,0,0,0,0,0,0,0,0,0,32,0,15,17
"OTU_1089",40,30,35,10,65,20,44,31,54,86,87,0,17,17,17,0,0,0,26,0,47,0,0,19,78,30,32,45,52,44,85,0,0,23,0,18,0,0,6,0
"OTU_1090",0,0,0,0,22,0,45,50,47,152,289,0,0,0,0,0,0,0,0,0,0,0,0,50,201,16,0,0,41,29,60,57,9,0,0,0,0,0,0,0
"OTU_1091",86,95,0,0,0,0,45,0,47,55,133,0,0,0,0,0,0,0,0,0,15,0,0,0,67,272,96,42,25,8,51,0,0,0,0,7,0,0,0,0
"OTU_1093",0,0,0,0,0,0,0,0,0,0,0,0,0,0,0,0,18,31,0,9,0,0,0,0,0,0,0,0,2,0,0,0,0,0,0,0,0,31,0,29
"OTU_1094",0,13,60,0,12,5,22,8,25,204,56,0,14,0,0,0,10,0,56,0,11,27,16,0,19,0,0,20,0,29,0,107,14,0,10,0,22,0,0,15
"OTU_1095",10,0,0,0,0,0,16,0,0,13,0,0,0,0,0,15,0,0,0,0,0,0,3,0,7,18,0,0,0,0,0,11,0,0,0,0,0,0,0,0
"OTU_1096",0,0,0,0,0,0,0,0,0,0,0,0,0,103,37,37,0,0,0,0,0,0,0,0,0,0,0,0,0,0,0,0,59,0,41,148,76,0,26,0
"OTU_1097",0,0,6,0,0,35,0,6,0,0,0,0,6,3,8,0,13,12,38,10,0,0,12,0,0,0,15,0,0,0,13,0,52,8,51,24,42,15,12,11
"OTU_1098",0,16,11,16,11,0,18,24,39,152,112,0,0,23,19,0,0,0,39,71,57,0,0,23,27,24,0,22,5,4,0,140,37,8,30,18,32,0,19,0
"OTU_1099",0,0,0,0,0,0,0,0,27,0,106,0,0,0,0,0,0,0,0,0,0,0,0,0,867,0,0,0,0,7,0,51,0,0,0,0,0,0,0,0
"OTU_1100",0,0,0,0,0,9,15,0,0,7,0,0,10,0,9,16,24,62,0,52,0,27,35,0,0,0,0,0,22,0,0,0,6,17,0,0,0,14,0,27
"OTU_1101",0,0,62,0,47,0,48,0,0,0,0,0,33,0,0,0,14,0,19,0,14,8,0,0,0,0,0,40,65,0,35,0,0,18,17,0,0,0,0,0
"OTU_1102",24,34,19,7,48,0,54,8,0,16,0,30,36,13,17,0,34,0,61,9,67,27,18,11,17,105,31,60,68,54,61,0,0,71,6,25,0,0,23,0
"OTU_1103",0,0,0,0,0,0,32,0,0,0,0,0,0,0,0,14,0,31,26,0,0,0,12,0,0,0,0,13,0,0,0,0,0,14,0,0,20,27,2,10
"OTU_1104",0,0,0,0,0,0,0,0,0,0,0,0,0,0,0,0,5,0,8,0,3,12,60,0,0,0,0,0,0,0,0,0,3,14,0,0,15,0,0,20
"OTU_1105",0,0,0,21,104,0,45,0,0,0,0,72,80,0,14,0,168,0,32,0,68,43,0,0,0,0,0,23,163,59,18,0,0,71,32,35,0,0,0,0
"OTU_1106",0,0,0,0,0,10,0,0,0,0,0,0,0,0,0,0,0,17,0,0,0,21,22,0,0,0,0,0,0,0,0,0,0,24,0,42,0,43,0,34
"OTU_1108",0,0,9,3,42,0,37,15,79,15,47,0,12,17,14,0,23,6,0,6,9,9,17,20,23,20,10,48,42,36,18,9,0,19,0,8,0,12,0,17
"OTU_1110",0,0,2,0,0,0,0,0,0,0,0,0,0,0,8,16,0,0,0,0,4,0,0,0,0,0,0,0,0,0,0,0,20,18,11,0,72,0,19,5
"OTU_1111",14,12,0,0,8,5,0,0,0,0,0,0,9,2,0,0,0,0,0,0,0,0,0,0,0,0,11,0,16,0,0,0,10,0,0,0,9,0,0,0
"OTU_1112",0,0,0,0,0,0,0,0,0,0,0,0,0,0,0,0,0,72,0,0,0,0,29,0,0,0,0,0,0,0,15,0,11,0,0,0,34,61,5,99
"OTU_1115",303,0,0,0,0,173,5,0,0,0,0,0,0,0,0,0,0,0,0,0,0,0,0,23,0,0,533,0,0,0,0,0,0,0,0,0,0,0,0,0
"OTU_1116",0,35,11,0,0,0,6,0,0,0,0,0,615,17,77,0,50,0,9,0,24,12,0,0,0,0,0,0,0,0,14,0,39,56,0,42,0,0,26,0
"OTU_1118",0,0,0,9,58,0,0,0,0,0,0,0,0,0,0,0,49,0,25,0,0,12,26,0,0,0,0,17,0,0,0,0,0,0,0,0,0,22,39,33
"OTU_1119",0,0,0,0,0,0,0,0,0,0,0,0,0,0,6,0,0,0,0,0,0,0,0,0,0,0,0,0,0,0,0,0,7,0,0,0,14,2,0,0
"OTU_1122",0,0,0,0,0,0,0,0,0,0,0,0,0,10,0,0,28,8,0,0,0,0,0,0,0,0,0,0,0,0,0,0,0,0,0,0,0,0,32,0
"OTU_1125",557,0,0,0,0,145,28,0,0,0,0,0,0,0,0,0,0,0,0,0,0,0,0,25,0,6,262,0,0,0,0,0,0,0,0,0,0,0,0,0
"OTU_1128",0,0,0,0,0,0,0,0,0,0,0,24,5,22,13,18,26,14,0,0,0,0,19,0,0,0,0,0,0,0,0,0,9,19,0,0,8,11,0,29
"OTU_1129",39,0,0,0,16,5,15,12,21,6,4,6,0,15,21,0,12,7,30,0,0,0,50,0,0,17,0,19,0,0,133,0,14,0,0,14,0,6,20,22
"OTU_1130",0,0,7,0,0,0,0,0,0,0,0,0,0,0,0,0,0,0,0,0,0,0,0,0,0,0,0,0,0,0,0,0,12,0,0,0,22,5,0,5
"OTU_1131",0,0,18,31,0,0,32,0,0,0,0,0,38,0,11,28,5,8,72,54,70,18,42,0,0,0,0,0,10,0,18,0,62,104,67,13,109,9,193,0
"OTU_1133",274,0,0,0,0,144,38,0,0,0,0,0,0,0,0,0,0,0,0,0,0,0,0,29,0,77,428,23,0,0,0,0,0,0,0,0,0,0,0,0
"OTU_1134",0,0,0,0,0,0,22,0,0,0,0,0,0,0,0,7,0,0,4,0,0,6,0,0,0,0,0,21,0,0,9,0,13,9,11,0,14,10,20,0
"OTU_1135",0,0,0,0,0,0,0,0,0,0,0,13,37,0,27,0,81,14,23,0,8,43,25,0,0,0,0,0,9,0,0,0,17,42,21,11,0,24,7,99
"OTU_1136",0,0,0,42,7,0,38,44,28,2,0,0,0,0,19,0,0,0,23,11,146,0,0,5,0,0,102,16,70,70,147,0,0,18,0,7,0,0,0,0
"OTU_1138",0,0,0,0,0,0,0,0,0,0,0,0,0,0,0,3,0,36,19,94,54,2,11,0,0,0,0,0,0,0,0,0,0,0,17,0,4,15,0,0
"OTU_1139",11,0,14,0,25,15,0,17,0,0,0,0,14,8,3,0,0,0,0,0,0,0,0,0,0,2,0,34,39,7,0,0,0,0,0,38,40,0,8,2
"OTU_1140",0,0,0,0,0,0,0,0,0,0,0,0,0,27,21,14,0,0,0,0,0,0,0,0,0,0,0,0,0,0,0,0,19,0,0,57,24,0,0,0
"OTU_1141",0,0,21,0,0,0,0,0,0,0,0,0,0,17,5,0,0,0,0,0,0,0,0,0,0,16,14,0,0,0,0,0,0,0,3,26,14,0,0,0
"OTU_1142",30,36,9,0,2,0,0,13,41,0,0,0,0,13,0,0,13,0,27,0,0,0,0,0,12,20,87,0,16,0,0,0,8,12,5,14,0,0,6,10
"OTU_1143",0,0,5,0,14,0,0,0,0,0,0,0,0,16,0,0,0,0,0,0,0,0,0,0,0,0,0,0,0,0,0,0,0,0,0,28,0,0,0,0
"OTU_1144",0,0,0,12,0,0,106,0,0,2,0,0,0,0,0,26,0,34,35,109,0,0,125,245,0,0,0,0,21,0,73,0,0,54,0,0,0,24,47,0
"OTU_1146",0,38,0,0,23,0,16,41,68,22,44,6,0,11,21,0,12,0,0,0,0,0,0,0,56,62,100,17,65,28,37,144,3,2,2,0,0,0,0,0
"OTU_1147",0,8,0,0,7,68,1,0,0,0,0,0,0,0,12,0,11,62,2,31,0,16,16,8,15,0,4,11,0,0,0,0,0,3,12,0,12,26,92,15
"OTU_1148",32,0,25,0,9,0,9,0,9,0,0,0,0,0,10,0,19,0,0,0,56,0,0,0,17,20,26,8,0,12,59,57,26,61,0,20,0,12,0,5
"OTU_1150",0,37,9,0,42,0,0,28,0,0,0,0,8,0,7,0,15,0,21,0,0,0,0,0,0,0,11,49,53,6,0,0,0,8,0,0,0,11,211,0
"OTU_1151",18,41,0,0,19,15,36,15,9,29,14,10,0,0,22,6,0,23,18,0,16,7,0,8,20,33,27,26,14,17,81,2,0,0,0,6,5,5,20,0
"OTU_1152",0,0,0,0,0,0,0,0,0,0,0,12,0,0,6,0,27,16,0,14,0,17,17,0,0,0,0,0,0,0,0,0,0,13,8,0,0,16,13,65
"OTU_1154",7,16,11,16,19,0,6,18,0,24,10,16,11,0,17,0,22,0,16,7,22,0,0,10,49,7,7,16,7,51,38,11,5,23,18,19,0,0,5,0
"OTU_1155",7,6,0,0,12,0,0,0,0,0,0,0,0,0,0,0,0,0,0,0,0,0,0,0,0,116,0,0,3,0,0,0,0,0,0,0,0,0,0,0
"OTU_1156",0,0,0,8,0,0,0,0,0,0,0,0,31,0,7,37,9,0,64,147,67,5,57,0,0,0,0,0,0,0,60,0,102,104,200,0,65,0,33,0
"OTU_1157",0,7,11,8,21,0,12,0,0,0,0,7,14,10,27,0,32,18,17,0,6,8,15,9,0,26,8,17,14,0,8,0,17,13,0,28,0,20,20,30
"OTU_1159",0,0,0,0,0,0,0,0,0,0,0,15,7,0,0,4,14,8,0,0,0,0,11,0,0,0,0,0,0,0,0,0,5,12,0,0,8,0,0,0
"OTU_1162",0,0,19,0,0,0,0,0,0,0,0,0,0,0,0,27,0,13,25,0,9,0,50,0,0,0,0,0,0,0,6,0,0,27,70,0,22,72,98,9
"OTU_1163",0,0,0,0,10,0,0,0,0,0,0,0,3,22,0,0,4,0,6,0,6,0,4,7,0,0,0,0,1,0,0,0,3,9,10,3,8,9,0,3
"OTU_1164",0,0,0,0,0,0,0,0,0,0,0,0,13,0,0,4,23,0,25,0,0,22,35,0,0,0,0,0,0,0,0,0,0,29,32,0,46,0,0,43
"OTU_1165",29,44,0,0,0,0,0,0,7,0,0,0,11,35,0,18,0,0,0,0,0,0,17,0,0,0,0,0,0,0,0,0,0,0,0,27,37,17,23,0
"OTU_1167",0,0,0,0,0,18,0,5,16,23,0,0,13,0,0,0,12,0,0,0,0,27,0,0,0,15,0,0,33,0,0,0,0,0,0,0,0,0,0,1
"OTU_1168",0,0,0,0,0,0,0,0,0,0,0,0,0,0,0,14,31,0,0,0,5,10,5,0,0,0,0,0,13,0,0,0,0,14,13,0,21,0,7,0
"OTU_1169",0,38,16,0,17,0,0,0,0,0,0,0,0,0,0,0,5,0,0,0,0,0,0,0,0,0,0,0,0,0,0,0,0,13,0,9,0,13,16,0
"OTU_1170",0,11,37,0,35,0,45,0,19,0,0,22,28,0,41,15,34,0,0,0,25,0,0,0,0,0,0,25,42,30,197,0,30,28,0,22,20,25,21,26
"OTU_1171",0,0,21,0,6,0,0,0,0,0,0,7,6,0,12,11,0,0,4,0,3,5,0,0,0,0,0,0,0,0,0,0,9,11,0,11,16,5,30,4
"OTU_1172",0,147,13,0,32,0,52,0,0,0,0,11,9,26,3,12,15,0,12,0,11,36,3,0,0,16,0,47,12,0,206,0,0,6,11,2,14,21,51,0
"OTU_1173",0,0,12,0,0,0,0,0,0,0,0,3,0,11,0,0,2,0,0,0,0,0,0,0,0,0,0,0,0,0,0,0,13,0,14,0,14,0,2,4
"OTU_1174",100,32,52,21,31,50,129,14,0,51,16,0,8,0,1,2,0,0,0,0,0,0,0,20,30,21,19,49,41,14,74,21,0,0,0,15,2,0,0,0
"OTU_1175",0,13,7,0,11,0,28,0,46,0,0,21,10,0,0,0,7,0,0,0,0,0,0,0,0,10,44,0,7,0,0,0,0,5,0,0,18,0,0,0
"OTU_1176",0,20,11,0,45,0,0,0,0,0,0,15,8,0,34,32,16,41,8,0,4,6,7,0,0,78,0,0,0,0,0,0,28,0,27,8,35,13,29,16
"OTU_1177",0,0,0,153,0,0,37,0,0,28,18,0,15,0,0,0,9,13,19,32,46,0,7,115,8,0,0,0,20,15,15,9,6,10,39,13,0,0,9,0
"OTU_1178",0,0,0,19,18,0,21,33,0,31,49,0,0,0,0,0,0,0,0,0,0,0,0,150,63,0,0,0,138,52,22,0,0,0,0,0,0,0,0,0
"OTU_1179",17,0,17,17,19,26,14,32,6,69,0,0,0,4,0,0,12,0,17,17,0,0,13,6,14,22,6,26,52,3,18,16,7,0,10,9,15,0,0,0
"OTU_1180",0,0,31,0,37,0,0,8,0,0,0,21,17,0,15,0,13,11,17,6,16,0,16,0,0,0,0,0,0,0,6,0,25,31,32,22,40,0,13,7
"OTU_1181",0,66,24,0,70,24,59,0,0,0,0,49,46,41,50,0,49,0,50,60,39,0,0,18,0,24,0,17,47,24,38,0,0,52,0,71,0,0,52,0
"OTU_1182",0,0,0,0,0,0,0,0,0,0,0,0,0,0,0,0,0,0,56,0,855,0,0,0,0,0,0,0,5,0,0,0,0,0,52,0,0,0,0,0
"OTU_1185",0,0,0,0,0,0,0,0,0,0,0,0,0,0,0,16,0,6,0,0,0,54,0,0,0,0,0,0,5,0,9,0,0,0,0,0,0,0,0,12
"OTU_1187",0,0,0,0,0,8,0,0,0,0,0,0,0,6,0,15,13,58,0,7,0,32,15,0,0,0,0,0,36,0,6,0,0,16,0,0,0,15,0,30
"OTU_1188",0,0,96,0,94,0,0,0,0,0,1,0,0,0,3,0,0,0,1,2,4,0,1,3,0,0,0,2,86,154,0,157,0,0,0,0,0,0,0,0
"OTU_1189",0,0,0,0,34,0,11,6,0,0,0,0,0,0,0,0,9,0,5,0,0,29,13,4,0,16,0,64,10,0,13,0,0,0,0,0,14,0,0,39
"OTU_1191",0,0,0,0,0,0,0,0,0,0,0,8,19,0,20,12,18,21,11,0,0,0,0,0,0,0,0,0,0,0,0,0,0,0,0,0,0,23,39,0
"OTU_1192",0,0,0,0,0,0,0,0,0,0,0,0,0,0,0,40,0,0,0,0,0,0,31,0,0,0,0,0,0,0,0,0,25,8,0,0,21,39,30,15
"OTU_1193",0,0,7,0,23,0,0,0,0,0,0,0,0,10,0,0,0,0,0,0,0,0,0,0,0,0,0,0,19,0,0,0,0,13,0,0,24,0,0,0
"OTU_1194",0,0,9,0,14,0,0,0,0,0,0,17,11,3,10,5,22,0,10,0,17,0,12,0,0,0,0,0,0,0,0,0,7,19,9,5,0,29,20,15
"OTU_1195",0,0,8,0,6,0,0,0,0,0,0,0,15,0,16,0,3,0,0,0,10,11,7,0,0,0,0,0,0,0,0,0,0,26,0,0,0,32,0,30
"OTU_1196",0,12,25,54,0,0,0,12,0,0,0,0,12,0,11,34,17,11,19,9,136,0,0,0,225,0,9,0,6,0,22,0,0,31,24,3,44,14,9,2
"OTU_1197",208,0,0,0,4,0,0,6,19,0,0,0,0,7,0,0,8,0,0,0,0,0,0,4,0,12,0,23,28,0,3,0,0,7,0,0,0,0,0,0
"OTU_1198",10,28,64,0,10,5,61,0,25,33,13,0,0,0,0,0,0,4,115,0,58,0,0,0,0,29,0,43,0,1,7,0,26,57,112,20,59,0,33,0
"OTU_1199",0,0,15,0,0,0,0,0,0,0,0,6,0,0,0,16,0,41,19,11,0,0,26,0,0,0,0,0,0,0,0,0,11,24,17,0,18,28,28,19
"OTU_1200",0,0,0,0,0,0,0,0,0,0,0,0,11,0,0,0,13,0,0,0,0,0,7,0,0,0,0,0,0,0,0,0,0,0,0,0,0,0,0,5
"OTU_1201",0,0,8,21,43,0,0,26,13,68,18,0,12,0,0,0,10,0,98,30,32,0,9,12,79,14,0,21,12,50,18,140,0,22,28,12,16,0,36,0
"OTU_1202",0,0,7,0,0,0,0,0,0,0,0,0,11,0,0,0,10,3,23,0,0,0,8,0,0,0,0,0,0,0,0,0,20,0,0,0,0,0,6,8
"OTU_1203",0,3,0,0,0,0,2,48,79,5,0,0,0,0,10,5,18,16,15,14,13,19,55,0,11,0,0,0,0,0,36,0,56,16,35,0,13,61,21,45
"OTU_1207",23,22,9,1,26,0,59,35,24,0,0,0,7,11,19,10,5,8,6,10,8,6,11,16,16,19,14,28,20,19,45,0,16,0,10,23,17,30,20,16
"OTU_1208",0,0,0,0,0,0,0,0,0,0,0,0,0,0,0,30,0,62,0,0,0,0,7,0,0,0,0,0,0,0,0,0,0,0,0,0,0,18,8,30
"OTU_1209",82,0,0,0,15,0,0,0,0,0,0,0,0,18,14,19,6,0,0,0,0,0,16,0,0,8,20,0,0,0,0,0,0,16,28,0,29,18,21,22
"OTU_1210",23,30,48,0,0,16,0,18,0,0,0,19,10,43,28,24,21,9,22,0,11,0,19,0,0,0,0,10,10,0,84,0,68,35,0,39,48,31,55,0
"OTU_1211",0,0,0,0,0,0,0,0,0,0,0,44,38,31,46,0,71,0,0,2,0,0,0,0,0,0,0,0,0,0,0,0,0,0,0,0,0,0,0,0
"OTU_1212",0,0,0,0,0,0,0,0,0,0,0,0,0,0,0,0,0,26,0,0,0,0,9,0,0,0,0,0,0,0,0,0,10,8,22,0,22,58,12,0
"OTU_1213",57,16,8,5,45,106,0,0,0,0,0,0,0,0,0,0,15,0,0,0,0,0,0,38,0,10,45,0,49,0,0,0,0,0,0,0,0,0,0,0
"OTU_1214",0,0,0,0,0,0,0,0,0,0,0,0,0,0,4,15,9,0,1,0,2,0,0,0,0,0,0,0,0,0,0,0,0,6,0,0,14,0,0,9
"OTU_1217",0,17,20,0,0,0,0,0,0,0,0,7,25,0,14,0,0,12,8,0,10,0,0,0,0,0,0,0,0,0,0,0,13,15,0,0,0,0,8,0
"OTU_1219",95,39,0,0,23,236,0,0,0,0,0,0,0,0,0,0,0,0,0,0,0,0,0,0,0,0,510,0,21,0,0,0,0,0,0,0,0,0,0,0
"OTU_1220",0,0,0,0,0,0,0,11,0,0,0,29,16,10,32,0,33,13,9,0,10,25,17,0,0,0,0,0,4,0,0,0,20,25,16,17,8,24,39,24
"OTU_1221",0,12,0,103,0,0,0,0,0,0,10,0,10,9,0,20,0,18,0,0,2,0,0,0,0,0,0,37,0,0,15,14,28,0,0,0,53,19,25,8
"OTU_1222",0,0,0,0,0,0,0,0,0,0,0,22,0,12,0,10,31,0,0,0,0,0,0,0,0,0,0,0,0,0,0,0,0,0,0,0,19,0,0,0
"OTU_1223",0,9,3,0,0,0,0,0,0,0,0,0,0,0,0,0,0,0,0,827,0,0,0,0,0,0,0,1,0,0,0,0,0,0,0,0,0,0,7,0
"OTU_1224",85,0,0,0,0,20,41,55,20,0,0,0,17,16,35,0,0,9,6,9,0,0,0,0,0,53,49,37,0,0,45,0,52,8,0,27,0,0,112,0
"OTU_1225",0,0,0,0,0,0,15,0,0,0,0,0,0,0,0,0,0,16,0,0,37,0,0,0,0,0,0,0,0,0,0,0,0,16,0,0,0,16,10,15
"OTU_1226",0,0,0,0,0,0,0,0,0,0,0,0,0,84,65,0,57,0,78,93,236,0,64,0,0,0,0,0,0,0,0,0,0,70,42,141,0,0,0,0
"OTU_1227",0,0,0,0,0,0,0,0,0,0,0,0,0,0,0,0,5,32,0,0,0,0,0,0,0,0,0,0,0,0,0,0,0,0,0,0,12,46,202,0
"OTU_1228",0,0,20,55,64,0,0,0,0,0,0,29,27,19,49,0,0,0,1,0,65,0,0,5,0,0,0,0,106,238,8,0,0,0,30,2,0,0,1,8
"OTU_1229",0,0,0,0,0,0,0,0,0,0,0,23,0,12,0,0,22,0,0,0,0,0,0,0,0,0,0,0,0,0,0,0,30,0,0,17,21,0,0,0
"OTU_1230",0,0,12,0,0,0,0,0,0,0,0,12,4,0,0,0,20,0,0,0,0,0,0,0,0,0,10,0,0,0,0,0,0,7,0,15,0,0,103,0
"OTU_1232",29,0,0,0,0,56,40,74,56,66,449,0,0,0,0,0,0,0,0,0,0,0,0,31,77,49,0,0,0,0,0,0,0,0,0,0,0,0,0,0
"OTU_1235",11,0,0,0,0,17,17,0,0,0,0,0,0,0,18,0,9,0,0,0,9,12,0,0,0,0,0,0,0,0,0,0,0,9,0,10,0,0,0,0
"OTU_1236",0,0,0,0,0,0,0,0,0,0,0,0,0,0,0,20,17,0,0,0,0,0,0,0,0,0,0,0,0,0,0,0,0,0,38,0,26,0,0,0
"OTU_1237",0,0,0,0,0,0,0,0,0,0,0,34,42,0,47,33,69,0,0,0,47,17,16,0,0,0,0,0,0,0,0,0,45,58,0,42,36,0,0,0
"OTU_1238",0,0,0,0,0,0,0,0,0,0,0,0,0,0,0,10,0,0,0,0,5,0,0,0,0,0,0,0,0,0,0,0,0,0,10,0,1,6,0,0
"OTU_1239",0,0,0,0,0,0,14,24,50,114,118,0,0,15,0,0,0,0,29,6,15,0,0,26,209,0,0,0,6,0,10,169,20,0,0,0,0,23,0,14
"OTU_1242",107,15,24,0,55,47,14,0,0,0,0,47,20,24,38,0,31,0,20,0,30,26,0,0,0,0,170,16,97,0,24,0,45,39,12,18,0,0,0,0
"OTU_1243",7,14,0,0,26,9,0,34,94,0,8,0,31,21,24,0,20,10,29,0,31,0,2,4,11,0,0,0,0,25,64,0,5,0,16,12,35,16,0,0
"OTU_1244",0,0,0,0,0,7,23,6,72,21,335,0,0,0,0,0,0,0,0,0,0,0,8,7,330,3,0,0,38,0,13,0,5,0,20,9,0,0,0,0
"OTU_1245",0,23,4,0,17,0,22,15,13,0,16,29,23,30,49,0,65,0,25,0,50,5,7,0,79,44,21,11,0,25,0,0,34,56,0,87,0,0,0,13
"OTU_1246",576,0,0,0,0,299,0,0,0,0,0,0,0,0,0,0,0,0,0,0,0,0,0,29,0,0,9,0,0,0,0,0,0,0,0,0,0,0,0,0
"OTU_1248",0,0,0,0,0,0,16,0,0,0,0,0,0,0,0,15,0,0,25,43,0,0,52,19,0,0,0,0,0,0,0,0,34,26,48,0,56,0,37,0
"OTU_1250",0,0,191,0,55,0,0,0,0,0,0,0,3,0,0,0,0,0,0,0,0,0,0,0,0,0,0,11,0,0,0,0,0,4,0,14,0,0,0,0
"OTU_1252",33,27,18,0,28,48,1,46,16,17,10,0,18,11,15,0,14,9,10,0,0,13,0,7,25,9,73,34,49,0,30,0,0,13,0,8,0,12,0,11
"OTU_1254",0,0,0,0,0,211,59,44,34,0,40,0,0,23,0,30,0,0,0,0,0,12,0,0,48,53,18,0,128,0,39,0,0,0,0,0,0,0,0,29
"OTU_1255",0,0,0,0,0,0,18,0,0,0,0,0,0,7,0,0,0,29,8,43,0,59,23,0,0,0,0,16,0,0,0,0,0,0,0,0,0,18,13,64
"OTU_1257",0,0,0,0,0,0,0,34,0,0,0,0,0,0,0,0,0,0,0,0,0,0,0,0,19,0,0,51,0,795,0,0,0,0,0,0,0,0,0,0
"OTU_1258",0,0,0,0,0,11,0,22,0,0,0,0,0,0,12,19,16,17,0,0,0,19,7,11,26,0,0,0,28,0,58,0,0,0,0,0,0,36,0,38
"OTU_1260",0,0,0,0,0,0,0,0,0,0,0,9,0,0,0,0,5,0,0,0,0,0,0,0,0,0,0,0,0,0,0,0,0,8,0,0,0,0,0,7
"OTU_1261",0,0,0,13,0,0,0,11,5,576,42,0,0,0,0,0,0,0,0,5,0,0,0,13,0,0,0,0,17,21,15,21,0,0,0,0,0,17,0,0
"OTU_1262",0,19,13,0,4,0,32,0,0,0,0,0,0,8,7,11,0,0,0,0,0,0,0,0,0,0,0,0,0,0,0,0,0,0,7,0,0,0,0,0
"OTU_1265",0,3,6,0,0,0,6,0,0,0,0,0,0,0,0,0,0,0,0,0,0,0,0,0,0,4,0,0,0,0,0,0,0,0,0,0,0,0,0,0
"OTU_1269",0,0,0,0,0,0,0,0,0,0,0,11,4,37,18,13,16,0,0,0,0,0,0,0,0,0,0,0,0,0,0,0,18,11,19,57,23,0,0,0
"OTU_1270",0,7,16,0,0,0,0,25,15,0,0,0,38,0,0,0,0,42,22,0,29,0,8,0,0,0,0,0,4,0,36,0,0,0,0,0,5,31,0,53
"OTU_1271",0,0,35,12,0,0,0,0,0,0,0,14,21,28,3,0,0,0,9,0,25,4,21,0,0,0,0,0,0,0,0,0,9,13,0,4,1,13,8,13
"OTU_1272",0,0,1,0,12,0,17,0,0,0,0,0,0,0,0,14,3,16,12,13,29,13,24,0,0,0,1,0,12,0,0,0,12,12,13,0,19,0,32,0
"OTU_1274",0,0,5,6,8,0,53,13,33,10,19,0,15,7,11,8,10,0,10,8,34,13,31,0,34,0,0,7,0,187,25,11,23,11,31,0,8,18,10,17
"OTU_1275",0,0,36,0,29,0,0,0,0,0,0,16,48,80,20,0,62,0,27,0,106,50,11,0,0,13,0,0,30,0,0,0,19,49,0,60,0,0,0,0
"OTU_1276",0,0,0,0,0,0,0,0,0,0,0,0,18,0,0,0,0,17,26,48,0,12,59,0,0,0,0,0,0,0,0,0,121,39,40,0,0,0,228,0
"OTU_1277",0,0,12,0,17,4,22,0,0,0,0,0,0,0,0,3,5,4,7,0,0,0,13,0,0,0,0,0,0,0,19,0,0,10,9,0,0,0,7,0
"OTU_1279",0,0,0,36,0,22,9,0,0,0,0,0,0,0,0,0,0,0,0,0,0,0,0,23,0,0,0,0,199,0,0,0,17,0,0,33,0,0,0,0
"OTU_1280",0,0,0,0,0,0,0,0,0,0,0,0,11,0,17,14,0,0,0,0,15,0,0,0,0,0,0,3,0,0,0,0,8,0,0,0,23,0,10,0
"OTU_1282",0,0,0,0,0,58,0,0,0,23,54,0,0,0,0,12,58,12,0,0,0,14,58,0,113,0,0,0,0,0,0,0,9,23,27,0,0,0,0,36
"OTU_1283",0,0,0,0,0,0,0,0,0,0,0,0,0,0,7,14,5,21,8,23,0,0,20,0,0,0,9,0,0,0,0,0,6,0,8,0,9,0,0,34
"OTU_1285",0,16,0,0,29,0,138,0,0,0,0,0,0,0,0,0,0,0,10,0,0,0,12,16,0,0,0,21,6,0,206,0,0,0,0,0,11,0,0,0
"OTU_1286",0,0,0,0,0,0,0,0,0,0,0,0,0,0,7,0,4,22,9,0,0,7,14,0,0,0,0,0,0,0,0,0,0,8,17,0,4,14,0,17
"OTU_1288",0,0,0,3,0,0,6,0,0,0,0,0,0,0,0,0,7,50,0,0,0,11,21,0,0,0,0,0,0,0,0,0,0,0,0,0,0,36,0,19
"OTU_1289",7,0,129,21,22,0,89,21,0,0,0,10,13,4,30,7,13,15,15,0,50,4,9,0,25,0,0,46,0,19,130,0,22,33,24,16,14,16,36,16
"OTU_1290",18,0,17,0,0,0,51,0,0,0,0,0,0,0,0,0,0,0,0,0,0,0,0,0,0,0,0,25,0,0,0,0,0,21,32,0,0,0,0,0
"OTU_1291",0,0,0,0,0,0,0,0,0,0,0,0,0,6,7,20,10,0,0,0,0,6,32,0,0,0,0,0,0,0,0,0,7,18,1,19,15,0,4,22
"OTU_1293",0,0,14,0,0,0,0,0,0,0,0,0,0,0,0,0,0,0,14,30,5,0,0,0,0,0,0,11,0,0,0,0,0,0,0,0,19,0,7,0
"OTU_1295",162,0,0,2,38,263,0,3,0,0,0,0,14,63,27,27,20,0,0,0,0,0,0,24,0,0,0,10,10,42,49,0,28,0,0,21,35,0,0,0
"OTU_1296",0,0,9,0,0,0,0,0,0,0,0,0,0,0,0,0,0,12,3,0,0,0,0,0,0,0,0,0,0,0,0,0,0,0,0,0,0,18,0,7
"OTU_1300",0,0,0,0,0,0,7,0,0,0,0,55,15,0,9,6,0,0,7,0,0,28,28,0,0,0,0,0,13,0,0,0,0,8,0,0,0,24,61,62
"OTU_1301",0,0,10,4,8,10,16,0,6,20,26,0,0,0,9,0,0,0,24,24,21,0,12,18,0,0,0,10,10,21,0,0,19,14,14,26,0,7,18,15
"OTU_1302",8,0,32,0,0,64,18,25,20,23,30,0,0,0,0,0,13,0,15,13,0,10,0,0,13,0,4,0,6,9,0,15,17,0,0,0,0,20,22,26
"OTU_1304",3,0,0,0,0,0,0,0,0,0,0,0,0,27,5,6,0,0,0,0,0,0,0,0,0,0,0,0,0,0,0,0,0,0,0,40,24,0,0,0
"OTU_1305",0,28,0,0,0,0,0,8,53,19,324,0,0,0,0,0,0,0,0,0,0,0,0,0,47,129,12,0,0,26,0,210,0,0,0,0,0,0,0,0
"OTU_1307",12,104,0,0,0,0,0,19,0,0,0,2,0,9,0,0,0,21,10,0,0,16,16,0,0,0,0,3,0,0,0,0,21,7,0,25,22,9,23,5
"OTU_1309",0,0,0,0,0,0,0,41,72,100,74,0,6,0,0,0,3,14,17,10,0,0,5,0,95,0,0,0,12,140,0,116,0,0,7,0,0,6,0,3
"OTU_1313",0,0,9,0,16,0,0,0,0,0,0,0,9,0,0,0,11,0,19,0,0,2,0,0,0,0,0,0,0,0,0,0,0,0,0,0,0,5,0,0
"OTU_1314",0,0,0,0,12,0,0,0,0,0,0,11,0,26,0,4,1,0,0,0,0,0,0,0,0,0,21,0,18,19,0,0,6,0,0,52,0,0,0,0
"OTU_1315",0,0,0,0,6,0,0,0,0,0,0,0,9,0,0,0,0,30,13,0,0,22,1,0,0,0,0,11,0,0,0,0,3,0,0,0,12,5,9,9
"OTU_1316",0,93,33,0,0,0,0,0,0,0,0,42,35,0,0,0,45,0,72,40,56,0,37,0,0,0,0,0,0,0,0,0,14,98,24,15,0,18,72,0
"OTU_1317",0,0,11,0,5,0,9,0,0,0,0,0,0,0,0,0,0,22,4,0,0,0,0,0,0,0,0,0,0,0,3,0,0,0,0,0,8,22,0,17
"OTU_1318",0,0,0,5,0,0,0,13,0,0,5,0,0,0,7,0,0,0,4,0,4,17,14,0,0,0,0,0,0,10,32,0,20,12,0,0,0,0,4,10
"OTU_1319",0,0,0,0,5,0,0,0,5,0,0,0,0,5,0,0,0,14,0,0,0,0,0,0,0,0,0,0,0,0,0,0,0,19,28,0,25,0,0,19
"OTU_1320",0,15,43,0,36,0,9,14,0,0,0,0,16,9,23,0,10,10,16,11,0,8,0,0,0,0,0,6,2,0,4,0,0,12,0,12,11,26,69,0
"OTU_1321",0,0,0,0,0,0,0,0,0,0,0,7,0,48,25,0,0,30,30,39,58,19,0,0,0,0,0,0,0,0,0,0,122,62,147,0,0,0,228,0
"OTU_1322",98,11,25,0,4,24,21,0,0,0,0,0,0,0,0,0,9,0,10,0,0,0,5,118,0,19,36,7,46,0,3,0,2,9,9,21,0,26,0,0
"OTU_1323",0,0,0,0,0,0,0,0,0,0,0,0,0,0,0,3,0,0,5,0,0,0,9,0,0,0,0,0,0,0,0,0,0,0,0,0,1,0,0,0
"OTU_1324",0,0,0,0,0,0,0,0,0,0,0,0,0,6,0,9,2,15,0,0,0,8,11,0,0,0,0,0,0,0,0,0,0,0,0,0,0,0,0,34
"OTU_1326",0,0,4,0,0,0,0,0,0,0,0,0,0,0,0,0,0,20,0,0,0,0,0,0,0,0,0,0,0,0,0,0,4,0,0,9,0,0,0,26
"OTU_1327",0,0,0,0,6,0,0,0,0,0,0,0,5,25,17,13,0,0,0,0,0,0,0,0,0,0,0,0,0,0,0,0,0,0,8,22,0,0,0,0
"OTU_1328",0,0,2,0,0,0,0,0,0,0,0,0,8,16,0,8,15,0,13,0,0,14,0,0,0,0,0,9,0,0,0,0,0,27,11,8,23,0,31,0
"OTU_1329",0,0,0,0,0,0,0,0,0,0,0,0,0,0,0,0,0,0,0,0,0,0,19,0,0,0,159,0,0,0,0,0,0,0,0,0,0,16,12,21
"OTU_1330",0,0,4,0,0,0,8,4,0,6,0,16,2,6,10,13,20,23,10,14,9,22,9,5,0,0,0,0,10,0,18,0,145,17,0,0,0,34,12,31
"OTU_1334",0,0,0,0,0,0,0,0,0,0,0,0,0,0,0,23,15,0,0,0,0,0,0,0,0,0,0,0,0,0,0,0,21,0,0,0,10,0,0,0
"OTU_1335",19,0,34,0,9,15,15,0,0,0,0,0,6,0,9,0,11,17,5,0,0,0,0,0,0,0,0,9,0,0,9,27,0,9,0,15,11,6,7,0
"OTU_1336",0,0,0,0,0,0,0,0,0,0,0,28,16,0,14,32,29,0,0,0,0,8,5,0,0,0,0,0,0,0,0,0,18,9,9,0,20,23,0,11
"OTU_1337",0,0,0,0,0,0,0,64,145,53,100,0,0,0,0,0,0,0,0,0,0,0,0,0,86,26,0,0,0,0,6,333,0,0,0,0,0,0,0,0
"OTU_1339",0,14,0,0,3,0,0,0,0,0,0,0,0,10,0,0,0,0,4,0,0,0,0,0,0,0,0,0,0,0,0,0,6,0,5,0,5,0,0,0
"OTU_1340",100,125,20,0,0,43,0,0,0,0,0,0,0,0,0,0,0,0,0,0,0,0,0,90,0,14,153,24,0,0,0,0,0,0,0,0,0,0,0,0
"OTU_1341",2,5,4,4,14,0,25,32,25,21,45,1,23,0,15,25,8,1,5,2,25,10,24,2,51,13,3,6,3,44,8,22,22,4,3,8,16,9,19,0
"OTU_1342",0,0,0,0,0,0,0,0,0,0,0,0,0,0,7,0,0,18,0,36,0,0,7,0,0,0,0,0,6,0,0,0,0,6,0,0,0,21,0,19
"OTU_1343",0,0,0,0,0,0,0,0,0,0,0,6,0,18,0,0,0,4,0,0,0,0,4,0,0,0,0,0,0,0,0,0,0,0,0,0,0,18,0,20
"OTU_1344",0,0,0,6,0,0,0,0,0,0,0,0,5,0,0,22,17,56,8,8,13,11,15,0,0,0,0,0,0,0,0,0,7,11,4,11,0,59,38,23
"OTU_1345",27,11,0,0,30,65,6,0,5,0,0,0,0,21,12,0,6,0,0,0,0,0,0,12,0,5,577,0,0,10,0,0,0,25,0,0,0,0,0,0
"OTU_1346",0,0,0,0,0,0,0,0,0,0,0,0,0,0,0,0,48,29,0,0,0,0,0,0,0,0,0,0,0,0,0,0,0,0,0,0,0,25,0,47
"OTU_1347",0,0,0,0,0,0,0,0,0,0,0,0,0,0,0,0,0,247,0,0,0,0,361,0,0,0,0,0,0,0,0,0,0,63,0,0,0,0,140,0
"OTU_1349",0,0,0,0,0,0,0,0,0,0,0,0,0,0,0,0,25,7,0,0,0,0,4,0,0,0,0,0,0,0,0,0,0,0,0,0,0,17,0,20
"OTU_1350",6,36,45,0,45,0,36,3,0,4,0,0,0,15,35,0,0,0,29,12,62,0,14,18,0,36,14,38,107,57,20,0,21,22,0,48,0,0,0,16
"OTU_1351",0,0,0,5,0,0,0,0,0,62,0,0,0,0,0,0,0,48,13,453,0,0,11,23,0,0,0,0,0,0,0,0,13,0,24,0,7,6,0,0
"OTU_1352",60,9,31,0,11,60,98,0,1,0,8,0,7,10,9,0,0,11,0,0,0,5,0,0,0,5,25,17,0,0,49,0,7,8,10,15,14,24,0,7
"OTU_1353",0,0,0,0,0,0,0,0,0,0,0,0,0,0,13,0,1,0,3,0,0,0,0,0,0,0,0,0,0,2,0,0,1,0,0,0,2,10,7,0
"OTU_1355",0,0,24,0,44,0,74,23,31,165,48,0,46,42,0,0,0,0,0,9,0,0,0,18,57,0,0,37,5,46,45,0,0,0,0,0,0,0,0,16
"OTU_1356",0,0,17,0,0,8,5,0,0,27,0,0,13,4,0,14,14,0,0,0,0,13,0,0,0,0,0,0,0,0,0,0,0,0,0,0,31,10,0,70
"OTU_1357",0,0,0,0,0,0,17,0,0,0,0,7,21,0,22,15,31,14,22,69,225,18,33,15,0,0,0,0,20,13,21,0,0,45,86,10,0,0,0,0
"OTU_1358",0,0,11,13,0,74,13,0,0,177,24,0,35,0,7,0,0,0,0,29,89,0,47,0,32,0,0,54,60,0,0,42,0,0,7,7,0,14,48,6
"OTU_1360",0,0,0,0,0,0,0,0,0,0,0,0,0,0,0,3,0,7,0,0,0,38,0,0,0,0,0,0,0,0,0,0,0,63,0,0,0,0,34,0
"OTU_1361",0,0,5,0,8,0,7,0,0,0,0,23,9,0,25,8,0,0,0,0,0,0,0,0,0,0,0,0,0,0,0,0,7,27,0,0,16,0,0,0
"OTU_1362",0,0,40,70,45,0,0,203,73,0,0,0,20,0,0,0,0,0,0,0,0,0,0,0,169,0,11,0,0,0,59,32,0,23,0,34,0,0,0,0
"OTU_1366",0,0,0,0,0,8,0,0,0,0,0,0,19,0,15,0,0,0,0,0,0,12,0,0,0,0,0,0,0,0,35,0,0,180,0,26,0,0,0,0
"OTU_1367",0,0,0,0,8,0,24,0,0,0,0,0,0,0,0,0,4,0,0,0,15,0,0,0,0,0,0,14,0,0,10,8,0,5,0,0,5,19,6,2
"OTU_1368",0,0,268,0,0,0,41,0,0,31,0,0,0,0,0,0,0,0,0,29,0,0,0,18,0,0,0,151,0,0,28,29,0,0,0,0,0,23,22,0
"OTU_1370",0,0,0,0,0,0,0,0,0,0,0,0,0,0,0,0,8,44,0,0,3,0,0,0,0,0,0,0,0,0,0,0,0,0,0,0,0,54,0,24
"OTU_1371",0,0,0,0,0,0,0,0,0,0,0,6,15,0,10,0,0,7,0,0,5,11,0,0,0,0,0,0,0,0,0,0,0,16,0,7,0,18,7,31
"OTU_1374",0,0,0,0,0,0,0,0,0,0,0,0,0,0,0,0,0,0,0,0,0,0,0,0,0,0,0,0,0,0,0,0,0,4,0,0,4,0,7,5
"OTU_1375",0,0,0,0,0,0,0,0,0,0,0,0,0,0,0,9,6,0,0,0,0,0,0,0,0,0,0,0,0,0,0,0,0,5,0,0,5,0,0,0
"OTU_1377",0,0,0,0,0,0,0,0,0,0,0,2,0,0,2,7,20,13,0,0,2,0,8,0,0,0,0,0,0,0,0,0,0,13,0,0,0,10,10,11
"OTU_1378",0,0,0,0,0,0,0,42,107,150,6,0,0,0,0,0,0,0,0,0,6,0,0,0,92,18,10,0,0,288,21,48,0,0,0,0,0,0,0,0
"OTU_1379",0,0,0,0,0,0,0,0,0,0,0,0,0,0,0,4,0,10,0,0,0,0,21,0,0,0,0,0,0,0,0,0,0,8,0,0,7,9,0,17
"OTU_1380",0,0,0,127,0,0,11,0,0,167,2,0,0,0,0,0,0,0,148,31,44,0,8,14,21,0,0,0,98,19,15,64,0,0,18,0,0,0,0,0
"OTU_1381",0,0,16,0,16,27,33,4,0,0,8,1,0,0,10,14,4,37,0,0,4,16,50,0,4,20,22,10,8,0,6,0,8,16,0,0,6,24,3,57
"OTU_1382",0,0,10,0,8,0,0,0,0,0,0,0,0,0,0,0,0,0,0,0,0,0,0,0,0,0,0,0,0,0,0,0,0,0,0,0,0,0,14,15
"OTU_1384",0,0,0,12,47,0,0,20,0,0,0,19,55,0,32,0,77,16,10,0,0,81,34,15,0,44,0,22,32,8,88,0,0,79,4,0,0,27,0,0
"OTU_1385",0,7,14,46,0,18,20,0,20,0,31,0,0,10,10,0,0,15,0,27,0,0,0,42,54,39,21,0,17,16,48,0,8,11,0,12,8,8,17,0
"OTU_1387",0,0,0,0,0,0,0,0,0,0,0,0,0,0,0,7,0,11,5,5,0,0,6,0,0,0,0,0,0,0,0,0,0,0,0,0,16,9,5,7
"OTU_1392",0,0,0,0,0,0,0,0,0,0,0,8,11,0,0,46,0,0,0,0,0,2,0,0,0,0,0,0,0,0,0,0,0,0,7,0,40,0,0,0
"OTU_1394",0,0,0,0,49,0,0,0,0,0,0,76,0,0,0,0,0,0,0,0,0,0,0,0,0,0,0,0,65,0,0,0,0,0,0,0,0,0,29,0
"OTU_1399",44,28,6,0,0,0,0,0,0,0,3,0,9,11,0,0,16,0,0,0,0,0,0,0,0,0,0,0,0,0,0,0,0,0,0,25,0,16,0,4
"OTU_1400",0,0,0,0,0,0,0,0,0,0,0,0,19,0,0,8,19,0,0,0,0,41,12,0,0,0,0,0,0,0,0,0,15,80,0,0,0,24,53,0
"OTU_1401",0,34,20,0,15,0,0,4,0,0,15,15,9,0,14,3,12,0,7,20,67,7,0,10,2,32,0,0,43,6,11,0,6,13,7,19,13,0,5,21
"OTU_1402",0,1,0,9,23,0,11,0,0,0,19,23,40,0,29,0,20,2,2,0,12,23,0,0,22,7,0,0,0,0,29,0,0,25,0,0,0,0,22,41
"OTU_1404",0,0,0,0,0,0,0,0,0,0,0,0,0,1,1,3,4,0,0,0,0,0,0,0,0,0,0,0,0,4,0,0,0,0,0,0,0,1,2,1
"OTU_1407",0,0,0,0,0,0,0,0,0,35,0,0,9,0,0,0,16,16,0,0,0,0,23,0,10,9,0,0,23,35,14,0,0,0,24,0,4,43,0,21
"OTU_1408",31,24,17,0,16,12,17,26,23,0,0,0,9,0,16,11,14,7,30,0,14,11,16,0,4,34,0,0,0,13,21,0,0,18,0,16,13,27,14,0
"OTU_1409",0,0,0,0,0,0,0,0,0,0,0,0,0,0,0,0,0,25,10,0,0,0,16,0,0,0,0,0,0,0,0,0,12,0,3,0,0,0,0,53
"OTU_1411",0,0,3,0,0,0,0,0,20,0,0,17,5,11,0,0,15,0,0,0,0,0,0,0,0,8,0,0,0,0,0,0,10,10,0,12,0,0,0,0
"OTU_1414",0,0,0,0,0,0,0,0,0,0,0,0,0,0,0,16,6,15,0,0,0,15,0,0,0,0,0,0,0,0,0,0,0,11,0,0,6,0,11,24
"OTU_1415",0,0,7,0,0,0,6,0,0,0,0,0,0,0,14,11,13,13,9,0,0,12,19,0,0,0,0,0,0,0,0,0,0,17,0,0,28,34,41,14
"OTU_1416",0,0,0,0,0,0,0,0,0,0,0,0,11,0,0,21,0,0,73,24,351,10,30,0,0,0,0,0,19,6,24,0,31,49,35,0,57,0,21,0
"OTU_1417",0,0,0,0,0,18,20,0,0,0,0,0,0,0,36,22,0,20,0,0,0,0,0,0,14,8,0,0,30,0,0,0,0,0,0,0,0,16,0,25
"OTU_1419",31,0,0,0,0,0,17,26,36,41,21,0,0,0,6,0,0,12,0,0,6,0,0,15,0,41,0,13,37,8,8,105,21,0,20,0,0,0,48,0
"OTU_1421",0,12,233,0,0,0,0,0,0,0,0,0,0,0,0,0,1,0,23,0,0,0,0,0,0,0,0,0,0,0,0,0,20,3,6,19,2,14,14,0
"OTU_1422",0,42,0,0,0,0,0,122,259,0,2,0,0,0,0,0,0,0,0,0,0,0,0,0,9,94,177,0,15,26,14,0,0,0,0,0,0,0,0,0
"OTU_1424",0,0,0,0,9,0,0,9,57,0,12,0,0,0,15,0,0,0,0,0,16,0,0,0,0,0,0,12,9,14,9,10,0,0,0,15,11,0,0,0
"OTU_1427",0,0,0,0,0,0,0,0,0,0,0,106,0,0,0,0,263,0,0,0,0,93,132,0,0,0,0,0,0,0,0,0,0,0,72,89,0,0,0,0
"OTU_1428",0,0,0,0,0,0,0,0,0,0,51,0,0,0,0,8,0,0,0,0,0,0,0,0,0,0,0,0,0,0,0,0,0,10,0,0,13,0,0,0
"OTU_1429",0,0,0,0,7,0,0,0,0,0,0,0,0,0,0,0,0,26,0,0,0,0,0,0,0,0,0,0,0,0,0,0,7,0,0,0,0,0,10,31
"OTU_1431",59,0,0,0,0,67,18,0,0,0,0,0,0,0,0,0,0,0,0,6,0,0,0,87,0,6,388,31,0,0,0,0,0,0,0,0,0,0,0,0
"OTU_1432",0,31,18,0,0,0,0,0,0,0,0,0,0,10,0,0,4,0,0,0,0,0,0,0,0,0,0,0,0,0,0,0,0,0,0,0,0,0,0,12
"OTU_1434",0,0,0,0,0,0,0,0,0,0,0,0,0,0,0,0,15,11,0,0,0,5,11,0,0,0,0,0,0,0,13,0,0,0,0,0,0,0,0,0
"OTU_1435",217,0,0,0,0,233,0,0,0,0,0,0,0,0,0,0,0,0,0,0,0,0,0,82,0,0,219,0,0,0,0,0,0,0,0,0,0,0,0,0
"OTU_1438",0,0,39,0,7,0,315,0,0,0,0,0,11,0,0,0,14,39,8,0,5,18,11,0,0,0,0,0,0,0,42,0,12,0,0,5,0,65,27,19
"OTU_1439",64,12,11,0,56,4,17,25,43,0,28,0,0,9,0,0,11,0,0,0,0,0,0,22,16,8,40,103,87,48,21,0,0,9,0,16,0,0,0,0
"OTU_1440",0,0,3,0,0,0,0,0,0,0,0,0,0,0,16,8,0,0,0,0,0,6,0,1,0,0,0,0,0,0,0,0,11,0,0,20,0,0,3,6
"OTU_1441",0,0,0,0,0,0,0,0,0,0,0,0,0,0,0,12,0,17,0,34,15,0,9,71,0,0,0,0,13,0,0,0,0,0,0,0,102,11,0,0
"OTU_1442",0,35,17,0,0,0,21,0,0,0,8,0,0,0,15,0,0,0,25,0,0,0,0,0,0,52,0,26,0,0,0,0,0,0,0,61,0,6,0,0
"OTU_1443",55,15,26,0,37,61,13,0,0,0,0,0,0,7,0,0,0,0,0,0,0,0,0,0,0,16,28,10,0,0,0,0,0,0,0,0,0,0,21,0
"OTU_1444",0,0,0,0,0,33,32,30,0,40,119,0,21,11,0,0,0,0,0,56,0,0,0,297,34,0,0,0,50,0,6,18,0,0,0,0,0,0,0,0
"OTU_1445",0,0,20,0,0,0,0,22,7,0,0,0,0,9,0,16,0,0,0,0,0,0,0,0,0,42,9,0,16,0,0,0,0,0,13,0,9,0,6,0
"OTU_1446",0,0,0,154,0,0,0,0,0,10,29,0,0,0,0,0,0,19,0,225,37,0,0,76,0,0,0,0,61,0,0,0,6,0,35,0,18,0,38,0
"OTU_1452",0,42,0,0,45,0,13,90,115,33,10,0,0,0,0,0,0,0,0,0,0,0,0,0,6,78,9,63,43,123,56,15,0,0,0,0,0,0,0,0
"OTU_1453",0,0,0,0,0,0,11,0,13,0,0,0,12,0,0,0,0,10,0,0,0,0,0,16,0,0,0,0,2,0,10,0,6,0,11,0,30,9,30,24
"OTU_1454",0,0,0,564,0,0,0,0,0,0,15,0,0,0,0,0,0,0,0,0,0,0,0,8,0,0,0,0,124,5,0,6,7,0,0,0,0,0,8,0
"OTU_1455",0,10,0,0,0,0,0,0,0,0,0,0,0,0,0,0,0,12,0,0,0,3,0,0,0,0,0,0,5,0,0,0,6,0,0,0,0,2,12,0
"OTU_1456",0,0,0,0,0,0,12,14,0,9,0,0,0,0,0,3,0,103,2,75,0,0,4,15,0,0,0,0,0,0,0,0,0,0,0,0,2,24,67,5
"OTU_1457",14,6,0,0,0,102,21,18,220,119,0,0,5,8,0,0,0,0,0,0,0,0,0,0,23,37,0,0,25,14,0,0,0,17,18,0,0,0,0,20
"OTU_1460",0,0,0,0,0,0,0,0,0,0,0,0,0,0,0,0,4,10,0,0,0,0,0,0,0,0,0,0,0,0,0,0,0,0,0,0,0,24,0,10
"OTU_1461",0,0,0,0,0,0,0,0,0,0,0,0,4,0,9,0,3,0,0,0,0,0,0,0,0,0,0,0,0,0,0,0,0,0,0,9,0,0,0,0
"OTU_1463",0,0,0,0,0,0,0,0,0,0,0,0,0,0,0,12,0,18,0,13,8,0,0,0,0,0,0,0,0,0,0,0,0,0,0,0,87,6,41,0
"OTU_1465",0,0,0,0,0,0,0,0,0,0,0,14,10,0,43,0,0,0,0,0,0,32,20,0,0,0,0,0,0,0,0,0,0,0,0,12,0,0,0,48
"OTU_1467",0,0,0,0,0,0,0,0,0,0,0,4,0,6,7,8,9,0,4,0,0,0,0,0,0,0,0,0,0,0,0,0,0,8,0,5,2,0,15,0
"OTU_1468",21,50,23,4,28,32,24,34,22,0,0,0,0,0,0,0,0,0,6,0,17,0,0,5,14,15,81,13,34,0,13,30,14,27,0,14,28,20,27,0
"OTU_1471",0,0,0,0,0,0,0,0,0,0,0,0,0,83,0,0,0,76,0,0,0,0,61,0,0,0,0,0,0,0,0,0,0,47,51,26,0,79,23,88
"OTU_1472",0,20,2,2,4,5,0,1,0,0,0,6,0,3,21,9,9,12,16,0,36,4,12,0,12,1,0,15,0,3,10,17,25,7,0,2,41,35,25,20
"OTU_1473",0,29,15,21,85,0,26,0,0,0,24,20,31,18,37,0,71,0,26,32,33,0,41,0,0,0,0,0,93,51,29,0,0,31,0,0,0,0,18,0
"OTU_1475",0,0,0,0,0,10,0,44,80,106,24,0,0,0,0,0,0,0,0,0,0,0,0,0,93,125,76,46,47,41,39,0,0,0,0,0,0,0,0,0
"OTU_1476",0,0,0,0,0,0,4,0,0,0,0,0,5,0,0,0,0,0,0,0,0,0,13,0,0,0,0,7,0,0,0,0,0,0,0,0,0,6,0,0
"OTU_1478",0,0,0,0,0,0,516,0,19,0,0,0,0,0,0,0,0,0,7,54,0,0,0,0,0,0,0,0,0,3,112,0,0,0,0,0,0,0,12,0
"OTU_1479",0,0,0,0,0,0,0,0,0,0,0,0,0,0,0,24,0,0,0,0,0,0,0,0,0,0,0,0,0,0,0,0,0,0,0,0,19,17,1,0
"OTU_1481",0,16,6,0,6,0,0,0,0,0,0,0,0,0,0,0,9,0,9,0,0,11,0,0,0,0,0,0,21,0,0,0,16,12,0,0,0,0,12,0
"OTU_1482",0,0,26,0,0,0,0,0,0,0,0,0,14,15,0,0,10,10,49,43,9,0,21,0,31,0,0,6,0,0,0,0,0,9,14,0,0,0,12,0
"OTU_1483",5,16,20,18,11,11,55,10,6,16,0,0,22,0,0,15,8,49,25,6,23,11,16,12,19,0,0,21,35,6,25,0,0,21,15,4,11,0,18,21
"OTU_1487",0,0,0,0,10,0,0,0,0,0,0,8,5,21,9,10,12,8,0,0,5,0,13,0,0,0,0,0,0,0,0,0,4,12,7,10,22,5,13,25
"OTU_1488",21,20,34,0,15,4,25,12,2,0,0,7,0,7,21,13,9,4,18,0,9,8,0,0,0,24,26,36,21,3,35,0,12,19,13,23,59,0,20,0
"OTU_1490",0,0,0,0,0,0,0,0,0,0,0,0,0,0,0,23,0,0,0,0,0,0,0,0,0,0,0,0,0,0,0,0,7,0,0,22,67,0,0,0
"OTU_1491",0,0,0,0,0,0,0,0,0,0,0,0,0,0,0,8,0,12,0,0,0,0,0,0,0,0,0,0,0,0,0,0,0,15,0,0,20,13,0,12
"OTU_1492",0,0,0,0,0,0,15,0,0,0,0,0,0,13,0,8,0,0,0,0,0,35,0,0,0,0,0,0,17,0,0,0,0,0,0,0,0,0,0,32
"OTU_1493",0,0,0,0,8,0,0,14,0,0,9,0,8,10,0,13,0,12,0,0,0,0,3,0,0,0,0,0,12,0,21,0,0,0,0,12,12,4,0,14
"OTU_1494",0,0,0,0,0,0,0,78,324,0,40,12,0,32,16,0,31,0,0,0,15,0,0,0,0,42,60,0,0,10,27,0,0,0,0,8,0,0,0,0
"OTU_1496",0,0,0,0,0,0,0,0,0,0,0,2,0,0,0,0,20,15,0,6,0,10,4,0,0,0,0,0,0,0,0,0,0,0,3,0,0,13,0,14
"OTU_1498",0,0,0,0,0,0,0,0,0,8,0,0,0,0,0,11,0,19,0,0,0,0,0,0,0,0,0,0,6,0,0,0,0,0,0,0,0,3,0,10
"OTU_1499",0,0,0,0,0,0,0,0,0,0,0,0,0,0,0,0,10,8,0,0,0,0,0,0,0,0,0,0,0,0,0,0,0,0,0,0,38,34,25,0
"OTU_1500",0,28,15,0,0,8,23,41,44,16,10,0,0,0,0,0,0,0,9,0,0,0,0,9,22,173,21,116,42,39,5,97,0,0,0,0,0,0,0,0
"OTU_1501",441,0,0,0,0,108,6,0,63,0,0,0,0,48,0,0,24,0,0,0,0,0,0,0,0,0,0,0,0,0,0,0,0,0,0,27,0,0,0,0
"OTU_1502",0,0,0,0,0,0,0,0,0,0,1,0,0,0,0,28,0,25,0,0,0,0,19,0,4,0,0,0,0,0,0,0,0,0,0,0,0,55,0,125
"OTU_1503",0,0,0,0,0,3,0,241,320,89,0,0,0,0,0,0,0,0,0,0,0,0,0,0,0,0,0,0,0,0,7,56,0,0,0,0,0,0,0,0
"OTU_1504",0,44,15,0,0,28,0,0,50,0,0,0,0,0,0,0,0,0,0,0,0,0,0,12,0,0,34,6,0,9,32,0,7,0,0,14,9,0,0,0
"OTU_1505",19,14,17,0,16,26,65,10,15,15,0,0,0,7,8,0,3,20,16,6,11,10,16,11,67,16,8,19,4,0,33,5,25,0,3,12,11,11,0,10
"OTU_1506",0,0,14,0,0,0,0,0,0,0,0,0,0,0,5,11,0,0,0,0,0,0,0,0,0,0,0,0,0,0,0,0,0,13,8,0,0,0,0,0
"OTU_1507",0,0,0,7,0,0,0,3,0,0,0,0,0,8,0,15,0,64,0,14,0,0,35,6,1,0,0,0,22,0,81,0,0,0,0,0,7,42,22,36
"OTU_1508",0,0,0,0,0,0,0,0,0,52,0,0,0,0,0,0,0,0,113,0,0,0,0,0,72,0,29,0,58,184,0,205,0,0,0,0,0,0,0,0
"OTU_1509",10,0,0,0,0,0,5,0,0,0,2,0,0,11,0,12,2,16,12,1,0,38,1,3,0,9,0,0,41,0,0,0,0,51,4,28,0,5,0,10
"OTU_1510",0,26,41,0,47,0,0,27,44,0,17,38,14,19,16,0,0,0,92,0,0,0,0,22,0,36,0,0,76,40,25,0,0,15,0,23,0,0,0,0
"OTU_1511",0,0,12,0,6,0,0,0,0,0,0,38,0,0,0,0,78,0,0,0,0,8,0,0,0,0,0,0,0,0,0,0,0,26,10,11,0,12,17,28
"OTU_1512",0,53,0,0,40,0,0,7,5,0,0,5,23,9,13,0,0,0,12,0,0,0,0,16,0,0,0,10,0,0,0,0,5,4,0,8,12,11,14,4
"OTU_1514",0,0,0,0,3,0,9,8,0,0,0,0,0,0,0,0,2,16,0,0,0,0,0,0,5,0,628,0,0,0,1,0,0,1,2,0,0,0,0,0
"OTU_1515",66,11,11,0,5,16,4,4,0,0,0,0,18,0,8,0,13,0,7,0,0,0,16,0,0,4,0,30,0,0,10,0,15,12,0,5,0,14,8,0
"OTU_1516",0,4,3,0,0,0,7,0,25,0,0,0,0,16,0,0,0,0,0,0,0,4,0,0,16,14,37,0,0,0,0,0,0,0,0,0,15,0,13,0
"OTU_1517",0,0,0,0,0,0,0,49,168,46,262,0,0,0,0,0,0,0,0,0,0,0,0,0,34,0,0,0,0,147,0,0,0,0,0,0,0,0,0,0
"OTU_1519",27,0,45,0,12,0,9,53,6,0,0,0,0,0,20,0,0,0,46,0,47,14,0,18,7,34,0,42,22,0,55,0,21,42,0,38,0,8,44,0
"OTU_1523",8,0,30,0,29,51,3,38,60,1,0,0,11,0,27,1,0,0,35,0,30,7,0,0,24,0,0,37,6,0,0,0,3,0,0,32,0,0,16,12
"OTU_1524",171,0,0,0,0,17,0,0,25,0,0,0,0,0,0,0,0,6,0,0,0,0,16,0,7,0,124,0,0,1,0,0,0,0,0,3,0,10,0,15
"OTU_1525",0,0,7,3,0,0,0,0,0,0,0,0,0,0,0,0,0,0,0,0,0,0,0,0,0,0,0,0,0,0,0,0,0,0,0,0,36,6,0,0
"OTU_1526",0,0,20,0,0,0,0,0,0,0,0,0,0,0,0,0,11,0,0,0,0,0,0,0,0,0,0,0,0,0,0,0,0,0,0,4,0,5,0,0
"OTU_1528",0,0,0,0,0,0,0,0,0,0,0,0,0,0,0,0,0,23,0,0,0,0,10,0,0,0,0,0,0,0,0,0,0,0,0,0,0,10,0,18
"OTU_1533",0,0,0,0,0,0,0,0,0,0,0,0,0,13,5,0,0,0,16,0,0,0,0,0,0,0,0,0,0,0,0,0,0,0,0,0,22,0,0,0
"OTU_1534",90,0,0,0,0,5,0,0,0,0,0,0,0,0,0,0,0,0,0,0,0,0,0,59,0,0,531,11,0,0,0,0,0,0,0,0,0,0,0,0
"OTU_1538",0,0,0,0,0,0,0,0,0,0,0,0,0,0,3,0,0,6,0,0,0,4,0,0,0,0,0,0,0,0,0,0,0,2,13,0,0,15,0,2
"OTU_1540",26,31,0,4,19,159,21,16,13,33,0,0,0,0,43,0,0,0,27,6,13,11,6,46,35,1,14,21,82,0,0,0,18,15,0,0,0,0,32,0
"OTU_1542",0,0,0,0,0,0,0,131,393,25,18,0,0,0,0,0,0,0,0,0,0,0,0,0,10,38,0,0,0,34,10,29,0,0,0,0,0,0,0,0
"OTU_1544",0,0,0,0,0,12,0,0,0,0,0,0,0,0,11,25,6,65,0,0,0,16,14,0,0,0,0,0,0,0,0,0,0,0,0,0,0,32,0,23
"OTU_1545",0,34,0,0,0,0,0,0,0,0,0,0,0,0,0,12,0,0,0,0,0,14,0,0,0,0,0,0,0,0,0,0,0,0,0,46,11,0,0,0
"OTU_1546",0,0,0,0,0,0,0,0,0,0,0,4,12,0,0,22,8,45,0,0,0,11,19,0,0,0,0,0,0,0,0,0,0,9,0,0,13,20,10,19
"OTU_1547",107,0,0,0,0,11,0,0,0,0,0,0,0,0,0,0,0,0,0,0,0,0,0,4,0,0,37,0,0,0,0,0,0,0,0,0,0,0,13,0
"OTU_1550",0,0,0,0,6,0,0,0,0,0,0,0,0,0,15,0,0,14,0,0,0,0,0,0,0,0,0,0,0,0,0,19,0,0,0,0,0,0,5,0
"OTU_1553",0,40,51,0,0,0,51,0,0,0,0,15,10,0,0,0,21,0,141,0,0,0,15,0,0,0,20,3,0,0,87,45,34,28,12,38,0,0,34,7
"OTU_1554",0,0,0,0,0,0,0,0,0,0,0,6,13,10,19,0,0,0,5,0,0,0,0,0,0,0,0,5,0,0,0,0,0,3,0,0,8,7,5,0
"OTU_1555",0,0,0,0,0,16,0,153,123,0,57,0,0,0,0,0,0,0,0,0,0,0,0,0,108,21,0,0,23,55,0,109,0,17,0,0,0,0,0,0
"OTU_1556",0,0,0,0,0,0,0,0,0,0,0,0,0,0,11,0,27,0,0,0,0,0,0,0,0,10,0,0,7,0,0,0,10,0,4,11,0,0,0,0
"OTU_1558",0,0,0,0,0,0,0,0,0,0,0,0,0,0,4,12,0,0,0,0,0,8,0,0,0,0,0,0,0,0,0,0,0,0,0,0,0,0,0,6
"OTU_1561",25,11,0,0,5,5,0,0,0,0,0,0,0,0,8,8,0,0,7,0,15,0,5,0,0,0,14,3,0,0,11,0,35,10,114,13,43,31,80,0
"OTU_1562",0,0,0,21,21,0,27,27,0,36,0,0,0,0,0,0,0,0,0,0,43,0,0,85,0,0,0,39,111,117,150,0,0,0,0,0,0,0,0,0
"OTU_1563",0,0,0,0,0,0,0,0,0,0,0,0,0,0,0,0,0,0,0,0,0,0,5,0,0,0,5,0,0,0,0,0,25,17,0,0,10,0,22,0
"OTU_1564",0,0,0,0,0,0,0,0,0,0,0,0,6,0,0,17,0,18,5,8,3,5,34,0,0,0,0,0,0,0,7,0,20,0,6,3,45,2,47,12
"OTU_1565",52,94,54,0,0,0,0,90,20,0,3,0,0,0,0,0,0,0,0,0,0,0,0,5,0,151,60,10,0,0,114,0,0,0,0,0,0,17,5,0
"OTU_1566",0,0,0,0,0,0,0,0,0,0,0,0,0,0,0,0,0,0,9,0,0,9,0,0,0,0,0,0,0,0,0,0,0,0,0,0,0,3,8,0
"OTU_1569",0,0,0,0,0,0,27,0,0,0,0,0,0,0,0,8,0,16,0,0,0,0,0,0,0,0,0,0,0,0,168,0,0,0,0,0,30,10,0,0
"OTU_1570",4,28,10,0,38,12,25,4,0,3,0,11,5,14,19,0,3,0,12,0,8,14,0,6,16,7,26,28,0,14,36,13,8,9,0,12,3,0,6,0
"OTU_1572",0,0,0,0,0,0,0,0,0,0,0,0,0,0,14,0,0,0,0,0,0,0,0,0,0,0,0,0,0,0,0,0,8,0,8,0,0,0,0,17
"OTU_1573",0,0,0,0,0,0,0,0,0,0,0,0,34,0,0,0,0,0,0,9,0,25,0,0,0,0,0,0,0,0,0,0,0,0,0,0,0,14,0,26
"OTU_1575",0,0,0,0,0,0,0,0,0,0,0,25,0,0,7,21,9,39,0,0,0,0,34,0,0,0,0,0,0,0,0,0,0,18,32,0,0,20,0,83
"OTU_1576",0,4,0,0,0,0,0,0,0,0,0,0,0,1,0,0,0,2,0,0,0,0,0,0,0,0,0,1,1,0,0,0,0,0,7,0,0,0,3,0
"OTU_1577",0,0,4,0,0,0,0,0,0,0,2,0,2,0,12,10,8,0,0,0,11,10,0,0,36,0,0,2,0,0,0,18,9,10,0,2,0,0,0,0
"OTU_1579",0,0,0,0,0,0,0,0,0,0,0,0,0,9,9,0,6,0,0,0,0,0,0,0,0,0,81,27,0,0,0,0,0,0,0,12,0,0,14,0
"OTU_1580",30,19,0,0,14,62,23,27,28,175,10,0,0,11,0,0,0,0,0,0,0,0,0,0,57,40,34,19,11,14,36,48,0,0,0,0,0,0,5,0
"OTU_1581",0,0,0,0,0,0,0,0,0,0,0,0,0,0,0,0,11,41,0,24,11,9,43,0,0,0,0,0,0,0,0,0,28,10,19,0,0,29,52,59
"OTU_1582",0,0,0,0,0,0,0,0,0,0,0,0,8,0,37,0,9,0,4,0,0,7,3,4,0,19,0,14,0,0,0,0,0,0,0,0,0,0,0,5
"OTU_1583",0,0,0,0,25,0,23,0,0,0,0,63,26,0,15,0,80,0,12,0,0,0,41,0,6,0,0,1,0,0,0,0,0,27,0,0,0,14,22,22
"OTU_1586",0,0,0,0,0,0,0,0,0,0,0,0,32,0,9,6,0,0,0,0,0,0,0,0,0,0,0,0,0,0,0,0,0,0,0,0,0,0,0,38
"OTU_1587",0,0,12,0,9,0,67,0,0,0,0,0,4,0,7,16,8,0,0,0,0,10,0,9,0,0,0,0,6,0,0,0,5,5,0,12,10,0,6,18
"OTU_1588",0,0,0,0,0,0,0,0,0,0,0,0,0,8,0,0,8,0,0,0,0,0,0,0,0,0,0,0,0,0,0,0,0,4,0,3,0,0,0,0
"OTU_1589",77,14,0,0,11,0,0,16,38,0,0,0,0,12,6,0,0,0,4,0,0,0,0,7,0,12,19,75,0,37,15,0,1,0,0,4,2,0,0,5
"OTU_1590",238,0,0,0,0,115,0,0,0,0,0,0,0,22,0,0,0,0,0,0,0,0,0,30,0,0,0,0,0,0,0,0,0,0,0,0,0,0,0,0
"OTU_1591",0,10,0,0,5,0,14,0,9,0,0,9,4,0,16,5,6,9,0,0,14,4,9,0,0,0,0,0,0,0,0,0,0,7,0,0,0,20,10,0
"OTU_1592",0,3,0,0,10,0,12,9,0,0,0,0,0,34,60,0,0,0,95,0,62,7,0,7,0,19,15,31,0,0,38,0,0,75,0,173,0,0,0,0
"OTU_1593",0,0,0,0,0,0,0,0,0,0,0,0,0,0,0,14,0,12,0,0,0,0,12,0,0,0,0,0,0,0,0,0,0,0,0,0,0,23,0,34
"OTU_1594",407,0,0,0,0,199,0,0,0,0,0,0,0,0,0,0,0,0,0,0,0,0,0,6,0,0,44,0,0,0,0,0,0,0,0,0,0,0,0,0
"OTU_1595",14,0,0,0,26,0,0,0,14,0,11,0,0,0,17,0,0,0,11,0,7,7,0,0,0,9,2,0,0,0,21,55,21,0,12,19,15,0,24,0
"OTU_1596",0,0,0,0,0,0,0,0,0,0,0,0,0,0,0,1,0,10,0,0,0,0,0,0,0,0,0,0,0,0,0,0,0,0,0,0,8,0,19,0
"OTU_1597",0,31,10,0,34,46,23,27,64,19,8,0,0,0,0,0,0,0,0,0,0,0,0,107,21,80,0,104,80,0,0,0,0,0,0,0,0,0,0,0
"OTU_1599",0,0,0,0,0,5,0,0,0,0,0,0,0,0,0,18,0,56,0,0,0,0,0,0,0,0,0,0,11,0,0,0,0,0,0,0,0,0,0,16
"OTU_1600",0,0,0,0,9,0,37,7,5,0,0,17,0,0,0,0,0,13,0,0,6,0,15,0,8,0,0,8,9,0,21,0,7,12,26,5,14,22,9,15
"OTU_1603",0,0,0,0,0,0,0,0,0,0,0,19,2,0,0,0,0,0,8,0,0,5,7,0,0,0,0,0,0,0,0,0,0,7,0,0,0,0,0,0
"OTU_1604",0,0,0,0,0,0,0,0,46,0,23,0,0,0,0,0,0,0,0,0,0,0,0,0,518,0,0,0,0,28,0,36,0,0,0,0,0,0,0,0
"OTU_1605",0,0,16,8,0,0,55,32,0,0,0,0,0,0,0,0,0,0,29,0,52,0,25,165,0,0,0,36,9,0,126,0,0,28,33,0,0,0,36,0
"OTU_1606",0,0,0,0,0,0,0,0,0,0,0,0,0,0,0,0,0,42,0,0,0,11,40,0,0,0,0,0,0,0,0,0,0,0,0,0,0,66,0,37
"OTU_1608",7,6,6,3,1,0,7,0,4,3,0,1,3,1,0,2,10,26,6,87,1,6,34,6,2,0,1,0,1,3,27,0,44,6,1,2,29,57,97,0
"OTU_1609",0,0,0,0,0,0,0,0,0,0,0,0,0,0,0,5,6,0,0,0,0,0,0,0,0,0,0,0,0,0,0,0,0,0,0,0,8,23,0,0
"OTU_1611",5,0,17,0,25,10,9,0,0,0,0,13,38,15,15,0,16,0,16,0,17,13,9,0,0,14,45,24,16,0,8,0,10,37,13,29,6,0,5,0
"OTU_1613",0,0,0,0,0,0,8,2,6,0,0,6,0,6,0,5,0,0,0,0,0,7,2,0,0,0,0,5,0,0,5,0,10,0,0,0,13,6,0,0
"OTU_1615",0,0,0,54,0,0,17,0,0,0,0,0,0,0,0,0,0,0,130,53,164,0,12,0,0,0,0,0,0,105,61,0,0,3,49,0,0,0,0,0
"OTU_1617",4,0,0,0,0,8,0,0,29,0,0,0,0,0,14,0,0,27,8,0,16,0,0,0,6,0,10,5,0,0,11,0,0,7,0,0,0,32,0,22
"OTU_1618",0,20,0,0,0,0,0,62,108,13,42,0,23,0,0,0,0,0,0,0,0,0,0,0,140,0,12,0,0,0,34,159,0,0,0,0,0,0,0,0
"OTU_1619",0,0,0,0,0,0,0,0,0,0,0,16,22,0,40,14,34,0,0,0,24,0,5,0,0,0,0,0,0,0,0,0,15,14,0,18,0,0,0,0
"OTU_1620",0,0,0,0,0,0,0,0,0,0,0,0,12,4,57,0,15,65,0,13,0,21,0,0,0,0,0,0,0,0,0,0,0,23,0,8,5,23,8,19
"OTU_1622",3,0,40,16,17,0,31,29,37,16,23,9,0,0,5,0,0,0,20,0,29,0,0,32,11,9,0,31,64,82,20,0,0,7,0,18,0,0,0,5
"OTU_1623",0,0,0,0,0,0,0,0,0,0,0,0,277,0,0,3,0,7,0,0,0,0,0,0,0,0,0,0,0,0,0,0,0,0,0,0,0,22,7,23
"OTU_1624",0,0,1,0,0,0,0,0,0,0,0,0,0,0,0,10,0,0,0,0,0,0,21,0,0,0,0,0,10,0,0,0,0,0,0,0,39,0,0,0
"OTU_1625",0,0,0,0,0,0,0,0,0,0,0,15,18,0,0,0,0,17,0,0,0,0,0,0,0,0,0,0,0,0,0,0,18,0,0,8,0,30,7,9
"OTU_1628",0,34,72,0,20,0,56,4,8,0,0,0,0,14,0,0,5,0,0,0,0,0,0,9,0,120,29,139,97,6,0,0,0,0,0,9,0,0,0,0
"OTU_1629",84,0,21,0,0,94,148,0,0,0,74,0,0,0,0,0,0,0,11,0,0,0,21,0,22,38,51,13,0,0,0,0,0,0,0,0,0,0,0,0
"OTU_1630",249,0,0,0,14,38,0,0,0,0,0,0,0,29,0,0,0,0,0,0,0,0,0,0,0,0,89,0,0,0,3,0,7,0,43,26,0,0,0,0
"OTU_1631",0,0,0,0,50,0,25,0,0,0,0,25,34,19,58,0,77,0,0,0,46,51,35,0,0,0,0,0,0,0,11,0,0,104,0,35,0,0,23,27
"OTU_1633",7,10,9,0,13,0,0,5,22,215,14,0,0,2,0,0,0,0,10,4,8,0,4,0,85,8,11,0,13,6,19,159,0,0,0,0,0,0,9,0
"OTU_1634",0,0,6,0,0,11,0,0,0,0,0,0,0,0,0,15,20,0,0,0,0,0,12,0,0,0,0,0,0,0,0,0,0,0,24,0,20,16,28,47
"OTU_1636",0,0,2,0,0,0,0,0,0,0,0,0,0,0,0,0,7,12,0,0,0,0,5,0,0,2,0,0,0,0,0,0,0,0,0,0,0,10,0,3
"OTU_1641",0,0,0,0,0,0,0,0,0,0,147,0,19,38,0,0,53,0,0,0,9,0,0,0,86,15,0,0,36,187,21,0,0,0,0,11,0,0,0,0
"OTU_1642",0,0,0,0,0,0,0,0,0,0,0,6,20,0,0,0,10,0,523,0,0,0,0,0,0,0,0,0,0,0,0,0,14,5,50,0,0,0,0,0
"OTU_1643",0,0,0,0,0,0,0,17,0,0,0,0,16,8,0,6,9,0,0,0,0,0,6,0,0,3,0,0,0,0,0,0,41,10,0,0,10,0,0,0
"OTU_1644",0,0,0,0,0,0,0,0,0,0,0,0,0,0,0,6,0,0,0,0,0,0,0,0,0,0,0,0,0,0,0,0,0,0,0,0,13,29,0,15
"OTU_1645",0,35,17,0,0,0,0,29,0,50,0,0,0,0,0,0,0,0,0,0,0,0,0,0,210,0,0,0,0,0,0,123,0,102,0,0,0,0,0,0
"OTU_1646",0,0,0,0,0,0,0,0,0,0,0,0,0,0,0,0,0,56,15,0,87,0,0,0,0,0,0,0,0,0,0,0,0,14,0,0,37,17,0,0
"OTU_1647",0,2,0,5,0,0,0,0,0,0,0,2,0,0,0,15,1,8,0,0,10,3,19,0,0,0,0,1,0,0,0,0,4,3,7,0,18,4,11,7
"OTU_1651",20,9,7,0,0,0,16,71,71,0,6,0,0,5,0,0,0,0,0,0,0,0,0,0,0,168,97,17,13,71,23,28,0,0,0,0,0,0,0,0
"OTU_1652",5,0,0,0,9,10,14,0,0,41,8,0,16,13,0,10,0,12,19,28,13,13,23,0,8,0,0,4,11,8,21,0,0,9,14,0,0,0,19,20
"OTU_1653",0,0,0,0,0,0,0,0,0,0,0,0,0,0,0,54,0,0,11,31,52,0,45,0,0,0,0,0,0,0,0,0,32,27,19,0,111,0,230,0
"OTU_1654",0,0,0,0,20,0,0,0,0,0,0,11,23,27,40,0,18,0,17,0,0,0,0,0,0,0,22,0,0,0,0,0,0,36,18,0,10,5,0,0
"OTU_1655",0,8,0,0,0,0,0,13,0,0,0,22,0,0,7,0,31,0,0,0,0,0,0,3,0,24,16,0,46,0,0,0,0,0,8,13,0,0,0,0
"OTU_1658",0,0,0,0,0,0,0,0,0,0,0,0,0,22,0,0,0,0,0,0,0,0,0,0,0,0,124,0,0,0,0,0,0,0,45,46,0,0,0,0
"OTU_1659",0,0,0,0,0,3,0,0,0,3,0,0,0,15,0,0,0,26,0,6,0,16,8,0,0,0,0,0,12,0,0,0,0,0,0,0,0,0,0,16
"OTU_1661",0,14,6,0,0,0,0,0,0,0,0,21,0,0,0,15,11,0,10,0,0,13,0,0,0,0,0,0,0,0,0,0,35,19,0,21,37,0,0,5
"OTU_1663",0,0,0,6,0,0,0,0,0,0,0,0,4,0,0,0,0,18,11,22,0,0,5,6,0,0,0,0,0,0,0,0,6,11,0,0,0,24,11,0
"OTU_1665",0,0,0,51,12,0,8,0,0,0,0,0,7,6,8,0,0,18,29,15,159,0,10,39,0,0,0,0,0,0,0,0,0,18,5,11,0,10,0,0
"OTU_1666",0,0,0,0,0,0,0,0,0,0,0,0,0,0,0,13,11,0,12,0,0,12,0,0,0,0,0,0,0,0,0,0,14,0,0,0,32,2,43,0
"OTU_1667",55,26,18,0,0,0,0,0,0,0,0,0,0,9,6,0,0,0,0,0,0,0,0,0,0,12,9,0,0,0,0,0,8,0,0,0,0,0,5,0
"OTU_1669",0,0,0,0,15,0,0,0,0,0,0,0,0,0,18,0,0,0,0,0,0,0,0,0,0,0,72,0,0,0,0,0,0,0,0,9,0,0,8,0
"OTU_1671",0,0,33,0,0,36,0,0,0,0,0,0,14,0,0,0,0,25,30,61,23,0,0,0,0,0,0,3,0,0,43,0,41,34,14,18,16,13,104,1
"OTU_1672",49,12,13,0,0,32,0,36,11,0,8,10,0,6,0,0,0,0,0,0,24,0,10,0,18,0,17,11,21,0,30,0,0,15,0,12,0,15,0,0
"OTU_1673",0,0,0,0,0,0,0,0,0,0,0,0,0,52,44,13,12,0,0,0,0,0,0,0,0,0,0,0,0,0,0,0,23,0,0,22,5,0,0,0
"OTU_1675",15,0,0,0,0,7,0,0,0,0,0,0,0,0,0,0,9,0,0,0,0,0,0,20,0,37,20,11,0,0,0,0,0,0,0,0,16,0,0,0
"OTU_1678",0,0,0,0,0,0,12,0,0,0,0,13,0,0,0,0,8,0,5,0,33,5,22,0,0,0,0,0,0,0,38,0,0,22,36,0,0,32,0,23
"OTU_1679",0,0,0,0,0,0,0,0,0,0,0,0,0,0,0,0,0,13,4,0,0,0,0,0,0,0,0,0,0,0,0,0,0,0,0,0,0,27,0,10
"OTU_1681",0,0,0,0,0,0,0,0,0,0,0,0,0,0,0,11,0,13,0,0,0,0,0,0,0,0,0,0,0,0,0,0,0,6,0,0,0,21,0,16
"OTU_1682",0,0,0,18,0,0,0,0,0,0,0,0,0,0,0,10,0,0,0,0,3,0,0,0,0,0,0,0,6,0,0,0,0,14,0,0,0,0,0,0
"OTU_1683",0,0,0,58,0,0,0,0,0,99,91,0,0,3,0,0,0,0,0,0,0,0,0,19,204,0,0,0,18,0,0,117,0,0,0,0,0,0,0,0
"OTU_1685",0,0,0,0,0,0,0,0,0,0,0,28,0,0,16,4,26,0,0,0,7,0,0,0,0,0,0,2,0,0,10,0,20,24,10,15,36,18,87,0
"OTU_1686",0,0,0,0,0,0,0,0,0,0,0,0,0,0,2,0,0,114,3,0,0,0,0,0,0,0,0,0,0,0,0,0,0,0,0,0,0,221,0,0
"OTU_1688",0,0,0,0,12,0,0,0,0,0,0,0,6,0,4,7,0,0,3,0,0,0,0,0,0,0,22,0,6,0,0,0,0,3,1,6,0,0,0,1
"OTU_1689",114,56,27,0,16,0,0,0,0,0,0,10,0,0,20,0,13,0,0,0,0,3,0,0,6,29,0,0,0,0,0,0,12,13,0,0,11,0,46,0
"OTU_1690",0,0,0,0,0,0,0,0,0,0,0,0,9,0,13,29,14,4,0,0,0,0,0,0,0,0,0,0,0,0,0,0,9,0,7,0,82,41,44,25
"OTU_1691",0,0,0,0,0,0,8,0,0,0,0,0,0,3,0,0,0,55,0,0,0,19,17,0,0,0,0,9,0,0,0,0,0,12,0,0,0,79,0,4
"OTU_1692",13,0,0,0,4,0,3,0,22,0,6,0,5,0,7,4,0,28,0,0,10,5,17,19,19,0,43,14,3,0,16,0,0,0,0,0,0,36,4,14
"OTU_1695",0,0,0,0,0,0,0,0,0,0,0,0,0,0,11,0,0,0,0,0,0,0,0,0,0,0,0,0,0,0,0,0,2,0,8,0,0,11,0,0
"OTU_1697",0,0,0,282,0,0,0,0,0,68,0,0,0,0,0,0,0,0,0,0,0,0,0,46,0,0,0,0,147,61,0,0,0,0,0,0,0,0,0,0
"OTU_1699",0,0,0,0,0,0,17,0,0,0,11,0,0,0,17,0,17,37,0,8,0,28,57,0,21,6,0,21,43,0,10,0,0,18,16,0,0,22,12,70
"OTU_1701",0,0,23,0,16,0,18,7,73,0,0,51,17,38,55,0,54,0,0,0,24,8,0,0,21,13,90,11,7,0,0,0,18,17,10,24,0,0,0,0
"OTU_1703",0,27,0,0,0,0,0,0,5,0,0,0,9,13,0,0,0,0,4,0,0,0,0,0,0,0,0,0,0,0,8,0,18,0,0,24,0,0,0,0
"OTU_1704",0,0,10,0,0,0,47,0,0,0,0,0,0,0,6,0,0,34,9,14,0,0,21,0,0,0,0,0,0,0,9,0,10,0,0,7,13,28,21,20
"OTU_1707",0,7,14,0,22,0,0,0,0,0,0,0,0,0,9,0,0,0,0,0,0,15,0,22,0,0,0,10,0,0,0,0,13,21,0,16,0,0,13,0
"OTU_1709",0,0,11,0,22,0,0,0,0,0,0,0,0,9,10,9,13,0,5,0,0,0,0,0,0,0,0,8,0,0,0,0,26,9,0,15,15,7,12,0
"OTU_1710",36,0,0,0,0,17,4,7,94,0,0,15,6,0,5,0,0,0,2,0,0,0,7,0,16,0,13,0,21,0,9,0,6,6,5,7,4,6,0,0
"OTU_1711",0,0,0,0,0,13,20,0,20,0,209,24,12,0,0,0,28,0,22,10,0,0,0,35,104,0,0,27,21,0,0,0,0,12,16,13,0,0,0,0
"OTU_1712",0,0,0,0,0,0,0,0,0,0,0,0,0,0,0,24,0,34,0,0,0,0,28,0,0,0,5,11,0,0,0,0,2,0,0,26,20,12,10,26
"OTU_1713",0,0,0,0,0,0,0,0,0,0,0,0,0,6,0,11,0,0,0,0,0,0,0,5,0,0,0,0,0,0,0,0,0,16,0,5,0,0,0,0
"OTU_1715",0,0,0,0,0,0,0,0,0,0,0,31,54,30,6,0,84,0,161,0,17,3,0,0,0,21,0,0,0,0,0,0,19,14,32,0,9,0,0,0
"OTU_1720",0,0,0,0,0,0,315,0,0,0,0,0,0,0,0,0,0,39,0,0,0,0,66,52,0,0,0,0,30,0,36,0,0,0,0,0,0,50,0,0
"OTU_1721",0,0,0,0,0,5,6,0,0,14,0,0,0,0,0,13,6,47,0,0,0,15,42,0,18,0,0,0,33,0,0,0,0,0,25,0,21,45,0,50
"OTU_1722",0,0,21,0,0,0,10,0,0,0,0,0,0,0,0,0,0,0,32,12,30,0,0,0,0,0,0,0,0,0,21,0,16,0,34,6,33,0,0,0
"OTU_1723",0,0,0,0,0,0,0,0,0,0,0,0,0,0,0,0,0,16,0,0,0,0,0,0,0,0,0,0,0,0,0,0,0,0,0,0,0,2,6,24
"OTU_1725",0,0,0,0,0,0,0,0,0,0,0,3,0,0,16,0,15,0,6,0,0,17,33,0,0,0,0,0,20,0,0,0,4,0,0,0,0,41,5,88
"OTU_1726",0,0,0,0,0,0,0,0,0,0,0,0,0,0,0,0,0,37,0,0,0,0,31,0,0,0,0,0,0,0,0,0,0,0,0,0,0,37,0,27
"OTU_1728",0,0,0,0,0,0,0,0,0,0,0,0,0,0,0,0,8,0,0,0,0,0,0,0,0,0,0,0,0,0,0,0,0,0,0,0,16,26,0,24
"OTU_1729",0,0,0,0,0,0,0,9,0,0,16,0,0,0,0,0,0,0,32,376,0,0,0,11,46,0,0,0,43,0,0,19,0,26,13,0,0,0,0,0
"OTU_1730",0,0,0,0,0,0,0,0,0,0,0,8,0,19,20,21,0,0,0,0,0,0,0,0,0,0,0,0,0,0,0,0,23,9,0,0,36,0,0,0
"OTU_1731",0,0,0,0,0,0,0,0,0,0,0,0,0,0,0,2,4,83,3,20,7,0,3,0,0,0,0,0,0,0,0,0,5,0,0,0,0,17,98,8
"OTU_1732",9,6,12,0,10,0,73,109,114,22,23,0,0,0,0,0,0,0,0,0,0,0,0,13,51,27,0,5,21,11,42,30,3,0,0,5,0,0,4,0
"OTU_1733",0,0,0,0,0,0,0,0,0,0,0,0,0,35,6,0,15,0,5,0,0,0,0,0,0,0,0,8,0,0,0,0,0,0,0,17,11,0,0,13
"OTU_1734",0,0,0,44,0,0,14,0,0,9,49,0,0,0,0,8,22,20,0,4,0,0,20,29,70,0,0,0,0,60,21,2,0,0,0,18,0,11,9,16
"OTU_1736",23,58,24,0,26,17,43,61,22,2,8,0,0,0,0,0,0,0,14,0,9,0,0,0,2,32,0,29,0,0,25,0,0,17,0,0,2,12,27,0
"OTU_1738",0,0,0,0,0,0,0,0,0,0,0,0,0,0,25,27,0,0,0,0,0,0,0,0,0,0,0,0,0,0,0,0,0,0,0,0,13,0,0,16
"OTU_1739",0,0,0,0,0,26,0,0,0,10,21,0,0,19,0,0,26,10,0,8,16,13,12,0,16,11,0,0,19,0,4,0,0,25,0,0,0,0,0,43
"OTU_1740",27,0,23,0,18,47,0,0,57,17,0,0,18,16,0,0,0,0,0,0,0,0,0,0,50,40,0,40,0,0,0,0,0,10,0,22,0,4,0,0
"OTU_1743",0,0,15,0,3,0,0,0,0,0,0,0,0,0,5,0,0,0,0,0,0,0,0,0,0,0,0,0,0,0,17,0,0,0,0,0,9,0,17,0
"OTU_1749",0,0,0,6,0,0,29,0,0,0,32,0,0,0,0,0,1,39,36,31,14,0,59,0,0,0,0,0,0,0,0,0,0,39,0,0,26,20,0,11
"OTU_1750",0,0,0,0,10,10,3,0,15,0,0,2,11,0,6,0,4,0,0,0,0,7,0,6,2,0,0,0,0,0,0,0,16,12,6,0,0,20,7,7
"OTU_1751",0,0,15,6,0,0,69,0,0,20,1,0,4,0,0,0,0,0,0,8,17,0,0,32,0,7,0,9,0,18,16,0,0,16,26,19,21,13,31,34
"OTU_1753",0,0,0,0,0,0,0,0,0,0,0,0,0,0,0,20,0,21,0,0,0,0,0,0,0,0,0,0,0,0,0,0,0,0,9,0,0,33,0,50
"OTU_1755",0,0,0,0,0,0,0,46,0,0,0,0,0,0,0,0,0,0,35,389,69,0,0,0,0,0,0,0,0,14,0,26,0,0,0,0,0,0,0,0
"OTU_1756",43,14,5,0,0,0,0,0,0,0,0,0,0,8,0,0,0,0,0,0,0,0,0,0,0,0,0,0,0,0,0,0,0,0,0,2,11,0,0,0
"OTU_1757",0,0,0,0,0,0,0,170,68,0,9,0,0,0,0,0,0,0,0,0,0,0,0,0,0,0,0,0,0,0,124,207,0,0,0,0,0,0,0,0
"OTU_1758",0,0,5,0,0,0,17,7,20,69,37,0,0,0,4,0,0,0,16,48,16,0,13,21,12,0,0,0,22,0,11,0,0,0,19,0,0,0,0,0
"OTU_1760",0,0,0,0,0,4,0,0,0,17,0,0,13,0,16,0,0,0,25,0,0,0,0,0,10,45,0,0,0,0,149,0,30,32,0,0,0,0,18,0
"OTU_1761",0,0,0,0,0,0,0,0,0,0,0,0,0,0,0,0,0,8,0,0,0,0,0,0,0,0,0,0,0,0,0,0,0,0,0,0,21,40,0,12
"OTU_1762",0,0,57,0,0,0,0,0,0,0,0,2,0,13,0,0,6,7,9,0,0,0,13,0,0,0,0,0,0,0,0,0,32,0,11,0,0,13,20,0
"OTU_1766",110,22,14,0,0,17,13,0,0,0,0,0,0,0,0,0,0,0,0,0,0,10,0,0,0,22,10,27,0,0,19,0,0,16,16,0,35,15,27,9
"OTU_1767",0,26,30,0,23,0,0,0,0,0,0,0,6,0,0,0,0,0,6,0,0,0,0,0,0,0,89,0,0,0,0,0,0,0,0,0,0,0,0,0
"OTU_1768",0,0,0,0,0,0,0,0,0,0,0,0,0,0,0,0,5,0,0,0,0,7,0,0,0,0,0,0,0,0,0,0,49,0,0,0,0,5,0,28
"OTU_1769",0,0,18,0,36,0,0,0,0,0,0,0,0,68,0,0,0,0,54,0,0,0,12,0,0,0,0,0,0,0,0,0,0,0,38,34,0,16,0,0
"OTU_1770",0,0,0,0,0,7,2,0,0,0,0,0,0,0,1,13,1,41,0,8,0,8,10,0,0,0,0,0,0,1,0,0,0,0,0,7,0,40,0,39
"OTU_1771",0,0,0,0,0,0,0,0,0,0,0,0,5,13,0,0,0,0,0,0,0,10,10,0,0,0,0,0,0,0,0,0,0,0,0,0,0,33,0,52
"OTU_1773",0,0,0,0,0,0,0,0,0,0,0,0,6,0,0,2,8,0,32,0,0,0,0,0,0,0,0,0,33,0,0,0,0,0,0,0,0,12,5,5
"OTU_1774",0,18,0,0,0,0,97,17,43,108,0,0,0,0,10,0,0,0,9,0,26,0,0,0,20,0,0,15,0,0,83,29,19,2,24,0,35,0,16,0
"OTU_1777",0,0,0,0,0,0,0,0,0,0,0,0,0,5,0,0,0,0,18,0,21,0,0,0,0,0,0,0,0,0,0,0,0,0,0,5,10,0,0,0
"OTU_1781",0,0,24,39,0,0,19,0,0,0,0,0,0,0,0,5,0,0,0,14,47,0,6,10,0,0,0,0,12,0,0,0,19,0,97,0,0,0,59,0
"OTU_1782",0,0,0,0,0,0,0,0,0,0,0,0,0,0,0,0,1,14,0,0,0,0,0,0,0,0,0,0,0,0,0,0,0,0,0,5,0,4,0,2
"OTU_1785",144,0,0,0,0,59,0,0,14,0,0,0,0,0,0,0,0,0,0,0,0,0,0,0,21,0,323,6,0,0,0,0,0,0,0,0,0,0,0,0
"OTU_1786",0,0,0,7,0,0,0,0,0,0,0,0,0,0,0,0,0,0,0,0,0,0,0,7,0,0,0,0,0,0,0,0,0,0,0,0,13,0,0,2
"OTU_1787",0,0,0,0,23,0,130,7,0,0,0,0,18,0,0,0,0,0,0,0,0,0,0,0,0,17,0,0,0,0,178,0,0,0,0,64,0,0,0,0
"OTU_1788",0,0,0,20,0,0,0,0,0,0,0,0,0,0,0,0,0,0,0,191,54,0,0,134,0,0,0,0,6,0,0,0,0,5,145,0,11,0,0,0
"OTU_1791",0,0,0,0,0,0,0,0,0,0,0,0,0,0,0,0,0,7,0,0,7,0,8,0,0,0,0,0,0,0,0,0,5,0,0,0,11,22,9,0
"OTU_1792",0,0,0,0,11,0,32,0,5,7,0,0,0,7,0,9,0,13,16,13,0,0,8,0,0,0,0,0,0,6,19,0,27,0,22,0,8,11,37,0
"OTU_1796",0,6,53,0,29,0,0,0,0,0,0,0,11,17,37,7,14,0,6,0,3,10,0,0,0,0,0,0,0,0,0,0,11,0,5,15,21,0,15,0
"OTU_1797",0,25,59,4,26,0,4,0,0,0,0,0,0,20,20,0,0,24,52,0,6,16,26,0,6,25,0,0,0,0,0,0,29,30,7,15,8,23,3,15
"OTU_1798",0,0,0,0,0,52,40,0,99,0,0,22,7,0,0,0,37,0,0,0,0,48,0,0,49,0,0,0,63,0,83,0,0,44,0,0,0,0,0,0
"OTU_1802",16,9,17,12,0,9,4,0,7,0,22,0,0,0,0,0,0,0,7,0,202,0,0,0,0,27,6,0,14,0,30,0,0,0,0,0,0,2,10,0
"OTU_1803",0,0,16,0,9,0,0,0,0,0,0,0,0,0,5,0,0,0,10,0,0,0,9,0,0,0,0,4,0,0,0,0,7,0,0,18,0,9,6,4
"OTU_1806",7,0,7,0,0,0,0,0,0,0,0,5,0,0,19,16,17,0,7,0,0,0,0,0,0,13,0,0,0,0,0,0,13,0,0,19,21,0,0,0
"OTU_1807",118,16,0,0,0,32,27,20,33,0,0,0,0,0,0,0,4,0,10,0,14,0,7,8,6,57,54,29,14,45,26,4,0,0,0,22,2,0,0,0
"OTU_1810",218,11,27,0,0,0,0,0,0,0,0,0,0,0,0,0,0,0,5,0,0,0,0,49,21,19,65,17,0,0,0,0,0,17,0,0,0,0,13,0
"OTU_1813",0,0,0,0,0,0,0,0,0,0,0,0,0,0,0,0,0,45,0,0,0,0,21,0,0,0,0,0,0,0,0,0,0,15,15,0,0,51,11,31
"OTU_1817",0,0,0,3,2,0,1,0,0,0,0,31,0,0,0,1,0,1,5,0,4,5,0,0,0,4,0,0,1,0,1,0,0,6,20,5,1,2,6,5
"OTU_1818",0,0,0,0,0,0,0,0,0,0,0,0,0,0,0,10,0,16,0,0,0,0,15,0,0,0,0,0,0,0,0,0,0,0,0,0,0,17,0,28
"OTU_1821",0,0,0,0,11,31,0,0,6,0,0,0,8,0,0,0,25,22,0,0,0,30,45,0,15,0,0,0,19,0,11,0,0,24,26,0,0,17,0,41
"OTU_1822",0,0,0,0,0,0,0,0,0,0,0,43,0,23,11,0,33,0,0,0,0,21,17,0,0,0,0,0,0,0,0,0,10,20,28,16,6,0,0,0
"OTU_1823",0,0,0,36,7,0,14,22,5,31,18,13,2,0,0,1,11,4,5,0,0,0,33,59,50,0,0,12,14,55,31,0,0,16,0,0,0,17,0,34
"OTU_1824",0,0,18,0,5,0,23,0,0,0,0,0,7,0,11,0,17,0,0,0,0,11,0,0,0,11,8,0,12,0,0,0,17,11,0,13,20,13,19,13
"OTU_1825",0,0,0,0,0,0,0,0,0,0,0,12,0,0,0,0,19,0,0,0,5,0,22,0,0,0,0,0,0,0,0,0,0,0,9,8,0,20,0,21
"OTU_1827",0,19,0,0,13,0,5,0,9,46,23,0,35,16,18,9,0,3,33,23,34,19,11,10,11,0,0,13,0,0,11,0,0,0,36,27,0,16,0,10
"OTU_1829",0,0,0,0,0,0,0,0,0,0,0,5,8,0,15,0,0,11,0,0,0,7,0,0,0,0,0,0,0,0,0,0,11,0,7,36,0,5,0,0
"OTU_1830",54,168,30,0,0,0,0,0,0,0,0,0,0,86,0,1,0,12,0,0,0,0,0,0,0,0,53,0,0,0,0,0,0,0,0,67,20,1,0,28
"OTU_1831",0,0,0,0,0,7,0,0,0,0,0,0,0,0,0,0,0,2,0,0,0,0,0,0,0,0,0,2,0,0,0,0,0,0,0,0,22,7,0,0
"OTU_1833",0,0,0,0,0,0,0,0,0,0,0,0,0,0,0,0,0,0,0,0,0,0,63,0,0,0,0,0,0,0,0,0,0,0,40,0,0,27,10,312
"OTU_1835",0,0,0,0,24,0,4,0,0,0,0,0,6,0,0,10,5,5,0,0,0,0,0,0,0,0,0,0,0,0,0,0,0,26,0,0,13,0,19,5
"OTU_1836",0,0,5,0,0,0,0,0,0,0,0,0,0,0,0,15,18,0,0,0,0,0,0,0,0,0,0,0,0,0,0,0,12,0,10,0,18,0,0,0
"OTU_1837",0,15,27,0,23,37,0,41,108,0,18,0,2,11,0,0,0,0,16,0,16,0,0,14,12,0,0,26,55,31,89,0,0,0,0,0,0,0,0,0
"OTU_1839",0,0,0,3,0,0,7,0,0,0,0,0,0,0,19,0,24,14,14,7,47,11,6,0,0,0,0,4,0,0,0,0,6,24,0,6,28,8,0,31
"OTU_1840",0,0,0,0,0,0,0,0,24,0,0,0,0,9,0,29,0,0,0,0,0,17,0,0,0,0,0,0,4,0,0,0,0,0,0,0,0,0,0,0
"OTU_1841",53,116,29,0,33,0,20,0,0,0,0,0,0,0,0,0,0,0,0,0,0,0,0,0,0,54,0,59,0,0,0,0,0,0,0,0,0,0,0,0
"OTU_1843",21,7,0,0,0,0,0,42,82,87,0,0,6,4,6,0,0,0,26,42,29,0,0,0,0,0,29,0,40,58,56,0,0,4,0,0,0,0,0,0
"OTU_1844",0,0,0,0,0,0,0,0,0,0,0,25,0,0,39,0,0,0,0,0,0,0,37,0,0,0,0,0,0,0,0,0,5,14,0,0,0,0,0,65
"OTU_1845",0,8,10,0,23,0,0,0,0,0,0,7,15,53,57,20,19,0,10,0,13,13,0,0,0,0,0,0,0,0,0,0,28,14,12,80,21,0,9,20
"OTU_1847",0,0,0,9,0,0,0,0,0,0,0,0,21,0,11,0,6,0,27,0,0,0,11,0,0,0,0,0,6,0,0,0,12,20,0,0,30,27,0,0
"OTU_1849",0,0,0,0,0,0,0,0,0,0,0,0,0,0,0,0,0,232,0,0,0,0,0,0,2,0,0,0,12,0,0,0,0,0,0,0,0,22,0,0
"OTU_1851",0,0,0,142,0,0,0,0,0,34,0,0,0,0,0,0,0,0,97,0,32,0,0,131,0,0,0,0,37,64,0,0,0,0,0,0,0,0,0,0
"OTU_1852",0,0,0,102,145,0,11,0,0,0,0,0,0,0,0,0,0,0,0,0,0,0,0,56,0,12,0,10,164,35,0,0,0,0,0,0,0,0,0,0
"OTU_1853",0,0,0,0,0,0,0,0,0,0,0,0,0,0,0,9,7,0,0,0,0,0,0,0,0,0,0,0,0,0,0,0,18,0,0,0,0,4,0,9
"OTU_1854",13,0,0,0,0,0,18,9,0,13,0,0,0,0,0,0,0,0,0,0,0,0,0,0,0,327,113,14,23,0,0,0,0,0,0,0,0,0,0,0
"OTU_1855",0,0,12,0,0,0,40,0,0,0,0,0,0,0,0,0,0,23,10,0,0,0,3,0,0,0,0,0,7,0,0,0,8,0,44,0,150,18,0,15
"OTU_1859",0,0,0,0,0,0,0,0,0,0,0,0,0,0,0,24,15,0,31,27,24,0,0,0,0,0,0,0,0,0,0,0,0,0,73,0,99,0,0,0
"OTU_1861",0,4,0,0,0,0,0,0,0,0,0,0,0,8,0,0,4,0,0,0,0,0,0,0,0,0,5,0,0,0,0,0,0,0,0,0,0,0,0,0
"OTU_1863",76,11,0,0,0,0,0,20,0,0,0,0,8,0,0,0,0,0,8,0,0,0,3,0,0,39,0,11,0,0,0,0,8,0,0,7,7,0,24,0
"OTU_1866",9,0,9,0,0,8,0,0,0,0,0,0,0,0,0,0,0,0,0,0,0,0,0,0,0,0,3,0,0,0,0,0,0,0,0,0,0,9,0,0
"OTU_1867",0,0,0,0,0,0,0,0,0,0,0,0,0,0,0,0,0,0,0,0,0,0,0,16,11,9,0,0,7,0,0,8,11,5,6,0,8,0,0,7
"OTU_1868",0,0,0,0,0,0,0,0,0,0,0,0,21,0,0,0,0,0,115,15,241,4,0,0,0,0,0,0,109,19,0,0,0,4,0,0,0,0,0,0
"OTU_1869",17,0,0,0,0,0,0,46,30,54,34,0,0,0,0,0,0,0,0,0,0,0,0,10,97,35,23,13,11,45,31,81,0,0,0,0,0,0,0,0
"OTU_1870",0,0,0,33,0,0,0,0,0,0,0,0,35,16,0,0,0,22,0,81,34,16,35,8,0,0,0,0,0,0,0,0,0,0,35,0,0,0,15,12
"OTU_1872",0,0,0,0,0,0,0,0,0,0,0,0,0,0,0,6,8,7,0,0,0,0,0,0,0,0,0,0,0,0,0,0,0,0,0,0,12,9,0,0
"OTU_1874",0,19,23,0,62,0,26,0,0,0,0,16,22,6,11,0,11,12,14,0,30,0,13,0,0,0,0,51,0,0,19,0,23,0,27,0,8,0,12,0
"OTU_1876",0,0,0,10,18,0,30,0,0,0,0,0,18,0,17,0,12,15,21,0,22,13,0,0,0,0,0,11,0,0,98,0,20,37,0,13,0,11,0,28
"OTU_1877",0,0,0,0,0,0,0,0,0,0,0,0,0,0,0,0,0,9,0,0,0,8,0,0,0,0,0,0,0,0,0,0,0,6,3,0,0,4,12,0
"OTU_1878",0,6,9,0,8,0,33,43,0,34,100,0,0,0,0,0,0,5,0,0,0,0,9,25,70,0,0,22,13,15,11,90,0,0,4,0,0,0,18,7
"OTU_1879",0,0,0,0,0,0,0,8,0,0,0,0,0,0,0,19,0,0,0,0,0,0,0,0,0,0,0,0,0,0,0,0,0,0,0,0,47,0,0,17
"OTU_1881",0,0,0,0,0,0,0,0,0,0,0,0,0,0,12,0,0,0,3,0,0,1,0,0,0,0,3,0,0,0,0,0,27,16,12,0,5,4,2,0
"OTU_1882",0,0,0,0,0,0,0,0,0,0,0,0,0,0,0,0,22,0,74,200,125,0,0,0,2,0,0,0,0,20,13,38,0,2,0,0,0,0,0,0
"OTU_1885",0,7,0,0,0,0,0,30,100,16,0,0,0,0,0,0,0,0,8,0,0,0,0,0,8,14,0,0,10,222,0,108,0,0,0,0,0,0,0,0
"OTU_1889",0,0,0,0,0,0,0,0,0,0,0,14,0,0,0,13,0,0,0,0,0,0,0,0,0,0,0,0,0,0,0,0,0,0,0,55,26,0,0,0
"OTU_1892",9,0,0,0,0,5,10,6,0,0,0,0,0,0,11,1,8,0,0,16,0,0,4,0,0,15,10,0,0,0,20,0,0,0,0,14,5,8,0,65
"OTU_1894",0,0,0,0,0,0,0,0,0,0,0,0,11,0,0,13,0,0,48,30,12,8,20,0,0,47,0,0,0,0,0,0,84,44,96,5,20,0,33,0
"OTU_1895",0,0,11,0,0,0,9,0,0,0,11,0,9,0,9,14,4,0,3,0,17,0,13,0,0,0,0,20,0,0,14,0,0,0,11,5,17,0,18,10
"OTU_1896",0,0,0,0,0,0,0,0,0,0,0,18,0,16,0,2,0,0,0,0,0,0,6,0,0,0,0,0,0,0,0,0,0,0,0,0,5,0,0,0
"OTU_1898",0,0,0,0,0,0,0,0,0,0,0,0,0,0,0,21,0,0,0,0,0,0,0,0,0,0,0,0,0,0,0,0,0,0,0,12,10,0,0,5
"OTU_1899",0,0,0,0,0,0,0,0,0,0,0,0,0,0,0,13,0,17,0,0,0,0,0,0,0,0,0,0,0,0,0,0,0,0,0,0,9,17,0,14
"OTU_1900",0,0,0,0,0,0,0,0,0,0,0,0,0,0,0,0,8,28,0,0,3,0,11,0,0,0,0,0,0,0,0,0,0,0,0,0,3,29,0,21
"OTU_1901",0,0,36,0,51,121,67,2,0,0,0,0,0,0,0,0,50,0,0,0,0,16,0,0,0,0,0,68,24,0,30,0,0,0,0,51,0,0,0,0
"OTU_1903",0,0,184,0,0,0,0,0,0,0,0,0,0,0,0,0,0,2,0,21,0,0,0,0,0,0,0,22,0,0,0,0,0,0,0,0,0,0,0,0
"OTU_1905",0,0,0,281,0,0,0,0,0,0,0,0,0,0,0,0,0,0,16,93,0,0,0,29,0,0,0,0,35,45,0,0,0,0,0,0,0,0,15,0
"OTU_1906",0,0,137,191,0,0,0,0,0,0,0,0,0,0,0,0,0,0,0,0,0,0,0,0,0,0,0,0,94,0,40,0,0,0,0,0,0,0,0,0
"OTU_1907",0,0,5,0,0,0,13,17,0,28,17,3,8,0,0,6,0,27,8,0,9,5,29,0,23,0,0,10,13,0,18,0,0,12,0,6,0,41,0,21
"OTU_1908",0,0,16,0,0,0,0,0,0,0,0,0,0,0,0,32,0,0,0,0,0,3,0,0,0,0,0,0,0,0,0,0,49,25,0,0,35,29,40,0
"OTU_1909",0,6,0,0,4,0,0,0,0,0,0,0,0,0,0,0,0,0,0,0,14,0,0,0,0,0,0,0,0,0,24,0,0,0,0,0,11,5,0,0
"OTU_1910",0,0,11,0,2,0,17,0,0,0,0,0,0,0,7,0,20,7,0,0,7,4,0,0,0,0,0,0,0,0,19,0,0,0,0,17,0,0,0,6
"OTU_1911",0,16,68,0,43,0,41,12,0,0,0,0,32,0,0,0,29,0,23,15,11,16,15,0,0,0,0,12,12,11,31,0,8,37,14,0,0,18,28,9
"OTU_1912",18,15,25,0,36,4,0,0,0,0,0,0,36,43,5,0,0,0,0,0,0,0,0,9,0,0,112,42,64,17,0,0,0,15,0,71,0,0,0,0
"OTU_1913",0,0,0,20,0,0,0,0,0,0,17,0,0,0,0,0,5,0,10,0,246,0,3,0,6,0,0,0,0,66,0,44,0,0,0,0,8,0,0,0
"OTU_1914",0,10,5,0,0,0,0,16,87,29,36,0,0,0,0,0,0,0,7,0,17,0,0,0,44,22,0,3,35,123,37,41,0,0,0,0,0,0,0,0
"OTU_1915",0,0,0,0,0,0,0,0,10,15,0,0,8,0,0,0,7,22,12,66,0,0,0,0,0,0,0,0,16,0,30,0,14,10,0,0,0,0,95,0
"OTU_1918",0,0,0,0,0,0,0,0,0,0,0,12,5,0,0,8,0,8,0,0,4,0,17,0,0,0,0,0,0,0,0,0,0,0,0,0,15,8,0,0
"OTU_1919",0,0,0,0,0,0,19,0,0,0,10,0,14,7,9,0,0,20,0,7,0,6,17,0,0,0,0,0,0,0,12,0,5,8,6,0,0,18,8,12
"OTU_1920",38,0,0,0,0,0,0,0,0,0,0,0,0,18,26,0,0,0,0,0,0,0,0,0,0,0,39,0,0,0,0,0,0,0,0,4,0,0,0,0
"OTU_1921",0,0,25,0,2,0,0,7,0,0,0,0,9,3,7,4,0,7,4,0,0,0,0,0,0,0,0,0,0,0,0,0,7,10,0,6,13,0,8,0
"OTU_1922",0,0,0,0,11,12,0,56,75,26,79,0,16,0,5,0,0,0,0,0,7,0,0,0,97,53,0,0,0,0,38,30,0,0,4,0,0,0,0,0
"OTU_1924",0,0,0,0,0,0,0,0,0,0,0,0,0,40,32,0,0,0,0,0,0,0,0,0,0,0,0,0,0,0,0,0,20,0,0,36,31,0,0,0
"OTU_1925",0,0,0,0,0,0,0,0,0,0,0,0,10,0,7,0,0,0,0,0,0,12,7,0,0,0,0,0,0,0,0,0,0,9,9,9,0,0,0,15
"OTU_1926",0,0,0,0,0,0,0,0,0,0,0,25,13,0,14,5,9,5,6,0,14,8,24,0,0,0,0,8,0,0,9,0,10,22,11,0,0,16,0,15
"OTU_1927",0,0,0,0,0,141,48,0,24,0,14,0,0,0,0,0,0,0,0,0,0,0,0,0,42,54,0,0,135,0,0,0,0,0,0,0,0,0,0,0
"OTU_1928",0,0,0,0,0,22,0,0,0,0,4,0,0,0,0,13,0,23,0,7,0,0,23,3,0,0,0,0,45,2,0,0,0,15,0,0,0,0,30,58
"OTU_1930",29,23,17,0,20,17,5,0,0,0,0,0,0,6,14,0,5,0,0,0,0,0,0,0,0,25,29,0,7,0,11,0,4,0,0,15,11,0,0,5
"OTU_1932",0,0,7,0,0,0,0,0,0,0,0,0,0,0,0,0,0,0,0,23,0,0,0,0,0,0,9,0,0,0,0,0,0,0,0,0,0,38,46,10
"OTU_1933",55,0,0,0,0,127,0,0,0,0,0,0,0,14,11,8,0,0,0,0,0,0,0,0,0,0,16,0,0,0,0,0,0,0,0,4,8,0,0,0
"OTU_1934",0,0,0,0,0,0,0,0,75,98,79,0,8,0,0,0,0,0,18,0,0,0,0,0,92,0,0,0,0,0,4,130,0,0,0,0,0,0,0,0
"OTU_1936",0,0,0,0,0,0,0,0,0,0,0,0,0,0,0,10,2,0,0,0,0,0,0,0,0,0,0,0,0,0,0,0,0,0,0,14,33,0,0,0
"OTU_1938",0,0,0,0,0,0,0,0,0,0,0,0,0,0,0,7,0,0,0,0,0,0,0,0,0,0,0,0,0,0,3,0,0,0,0,0,0,55,0,43
"OTU_1939",0,0,0,0,0,0,0,0,0,0,0,0,0,0,16,0,0,14,0,0,0,0,13,0,0,0,0,0,0,0,0,0,0,0,0,29,30,15,56,30
"OTU_1940",22,26,0,0,1,27,0,8,21,0,0,0,0,0,0,0,9,0,0,0,0,0,0,0,33,2,34,0,15,0,1,0,0,22,0,0,0,0,0,0
"OTU_1941",0,40,0,0,22,0,0,0,0,0,0,0,0,0,0,0,0,0,0,0,0,0,0,0,0,10,0,0,0,0,0,0,0,0,0,0,0,0,6,0
"OTU_1942",0,23,0,0,0,0,0,20,27,101,0,0,6,0,6,0,0,0,37,0,18,0,0,0,30,0,0,0,0,75,17,139,0,0,0,0,0,0,0,0
"OTU_1943",0,0,0,0,0,0,0,0,0,0,0,0,0,0,0,0,0,0,8,0,0,0,0,0,0,0,0,0,0,0,0,0,24,7,0,0,22,13,31,13
"OTU_1945",0,0,0,0,0,30,14,2,0,25,5,0,1,15,0,4,13,21,10,22,0,0,12,123,18,12,0,6,107,0,7,0,0,0,0,0,0,0,0,0
"OTU_1946",0,0,0,0,18,0,0,0,0,0,0,0,59,0,0,0,5,7,52,0,309,0,13,0,0,0,0,0,0,0,0,0,0,0,0,0,0,11,9,0
"OTU_1948",0,0,0,0,0,0,79,0,0,0,0,0,8,0,0,18,0,18,45,0,27,0,22,0,0,0,0,10,12,0,69,0,18,0,26,0,29,16,15,0
"OTU_1950",0,0,0,0,0,0,0,0,0,0,0,33,42,58,70,7,47,0,0,0,63,24,0,0,0,0,0,0,0,0,0,0,48,19,35,34,17,0,0,0
"OTU_1952",0,0,0,0,0,0,0,0,0,0,0,6,0,0,0,12,0,0,0,0,22,0,0,0,0,0,0,5,0,0,0,0,0,0,0,35,20,0,0,8
"OTU_1953",0,0,0,0,9,27,0,0,0,0,0,0,22,0,0,0,0,0,14,0,0,0,25,0,19,0,0,12,56,0,0,0,0,0,8,15,0,15,0,0
"OTU_1955",4,0,16,0,22,0,37,0,0,0,0,0,16,0,0,0,21,18,12,0,12,0,23,0,0,0,0,40,0,0,11,0,17,0,0,0,9,0,16,0
"OTU_1956",0,0,0,0,0,0,0,0,33,0,57,0,0,0,0,0,0,0,0,0,0,0,0,0,228,0,0,0,0,0,0,178,0,0,0,0,0,0,0,0
"OTU_1959",7,0,0,0,13,7,55,0,0,0,7,8,42,0,0,0,0,12,48,38,23,11,0,0,15,0,0,14,0,0,12,3,25,39,45,0,0,0,37,9
"OTU_1960",0,0,0,0,0,0,12,0,0,0,0,12,52,8,17,0,41,0,32,29,12,31,67,0,0,0,0,0,0,0,0,0,0,44,98,0,0,14,14,0
"OTU_1961",21,14,0,0,19,6,10,61,59,27,0,0,7,0,0,0,0,0,0,0,0,0,9,0,16,60,0,14,14,0,135,14,0,0,0,8,0,0,0,0
"OTU_1962",0,0,0,0,0,0,0,0,0,0,0,2,0,0,0,1,11,3,0,0,1,0,0,0,0,0,0,0,0,0,0,0,0,1,0,0,0,5,2,0
"OTU_1963",0,0,0,0,3,0,0,0,0,0,0,7,4,0,0,0,14,0,0,0,0,0,11,0,0,0,0,0,0,0,0,0,11,10,6,0,10,0,12,0
"OTU_1964",0,0,0,0,0,0,11,0,0,16,0,0,0,32,0,22,8,19,6,8,0,23,0,3,0,0,0,0,46,6,0,0,0,40,2,0,0,0,0,15
"OTU_1965",0,13,0,0,0,0,0,0,0,0,0,0,0,0,0,0,0,4,0,0,0,0,3,0,0,0,0,0,0,0,0,0,0,0,0,0,0,2,0,1
"OTU_1966",20,0,0,4,0,0,0,0,0,0,0,5,0,9,6,0,0,0,0,0,0,0,0,0,0,0,11,0,0,0,0,0,0,0,0,18,0,0,13,0
"OTU_1969",0,0,0,0,0,32,0,0,0,0,0,27,0,120,57,0,47,0,0,0,0,15,0,0,0,0,0,0,0,0,0,0,0,0,0,195,0,0,0,0
"OTU_1970",0,0,12,0,0,0,0,0,0,0,0,0,0,0,0,0,6,0,0,0,0,0,0,0,0,0,0,0,0,0,0,0,0,32,0,22,22,0,25,0
"OTU_1971",0,0,0,0,0,0,26,21,42,0,0,0,18,0,0,0,0,0,0,0,0,0,0,0,21,0,0,0,0,0,360,0,4,0,0,0,0,0,0,0
"OTU_1972",0,29,0,0,21,0,0,51,286,0,0,0,5,0,0,0,0,0,0,0,0,0,0,0,14,0,0,3,9,0,0,0,0,0,0,2,0,0,0,0
"OTU_1973",0,0,0,0,0,0,0,0,13,0,0,15,0,5,14,0,6,0,151,0,0,0,0,0,0,0,0,0,0,0,0,0,0,0,0,0,0,0,0,0
"OTU_1974",0,0,52,0,22,0,166,0,0,0,52,0,0,0,0,0,0,0,0,0,0,0,0,0,0,46,0,0,0,0,0,109,0,0,0,0,0,0,0,0
"OTU_1976",55,51,49,5,24,27,44,28,7,2,9,0,0,0,4,0,7,0,0,0,0,0,0,0,10,28,8,11,11,30,0,13,4,0,0,0,7,0,0,0
"OTU_1977",9,0,0,0,0,0,0,4,0,0,0,18,17,0,6,7,29,0,23,0,0,0,1,0,0,0,0,0,1,0,0,0,18,36,15,28,17,31,17,0
"OTU_1979",0,0,0,0,14,0,2,0,0,0,0,0,6,0,2,1,0,14,6,0,0,0,0,0,0,41,72,17,0,0,0,0,5,0,0,0,1,13,6,7
"OTU_1981",0,0,0,0,30,0,0,0,0,0,0,7,0,0,0,0,15,0,0,0,0,0,0,0,0,0,0,0,17,0,0,0,0,0,0,0,0,0,0,10
"OTU_1983",19,0,0,0,0,0,0,0,0,0,0,0,0,18,18,0,0,0,0,0,0,0,0,0,0,0,0,0,0,0,0,0,6,8,0,10,11,0,0,0
"OTU_1984",0,0,0,0,0,46,33,0,0,0,0,0,0,0,0,22,0,0,0,0,0,5,0,0,0,36,0,0,73,0,0,0,0,0,14,0,0,0,0,0
"OTU_1985",0,33,22,0,8,0,0,0,0,0,0,0,0,0,0,7,0,0,0,0,0,0,0,0,0,40,0,0,22,0,0,0,0,0,0,21,0,0,0,0
"OTU_1986",0,0,0,0,0,0,0,0,0,0,0,0,0,0,0,0,5,0,0,0,0,11,10,0,0,0,0,0,0,0,0,0,0,0,0,0,15,20,12,31
"OTU_1987",0,0,0,0,0,0,0,0,0,0,0,0,0,0,0,35,0,0,0,0,3,15,0,0,0,0,0,0,0,0,0,0,0,0,0,0,4,0,0,0
"OTU_1989",0,0,0,0,0,0,0,0,0,0,0,0,0,5,0,6,10,7,0,0,0,0,9,0,0,0,0,0,0,0,0,0,0,0,0,0,0,0,18,10
"OTU_1990",0,0,0,0,0,0,0,34,116,0,19,0,0,0,0,0,0,0,0,0,0,0,0,0,26,29,0,0,0,162,0,99,0,0,0,0,0,0,0,0
"OTU_1992",0,0,0,0,9,0,0,0,0,0,0,0,11,8,0,0,3,0,0,0,0,0,4,0,0,0,0,0,0,0,0,0,0,0,0,16,0,14,21,8
"OTU_1993",0,0,0,3,0,0,18,0,22,7,58,25,2,6,0,0,0,5,16,8,16,0,12,21,94,0,0,0,2,17,3,46,7,15,0,8,0,8,8,0
"OTU_1994",0,0,0,0,0,0,0,0,0,0,0,0,0,0,0,10,7,20,0,0,0,8,6,0,0,0,0,0,0,0,0,0,0,0,0,0,0,28,5,19
"OTU_1995",9,0,4,5,5,0,7,16,45,25,0,11,0,0,8,2,0,0,13,6,13,9,0,0,27,0,0,5,16,19,16,29,4,1,0,0,0,4,5,8
"OTU_1996",0,0,0,0,0,0,0,0,0,0,0,0,0,0,0,1,7,4,0,0,12,0,11,0,0,0,0,0,0,0,0,0,0,0,0,0,0,11,13,0
"OTU_1997",61,0,0,0,0,0,36,0,5,0,0,0,0,0,8,9,0,20,7,0,0,10,0,0,0,0,0,4,0,0,27,0,47,10,91,7,18,22,21,20
"OTU_1999",81,11,0,0,0,14,6,13,21,0,0,3,0,22,9,0,0,0,0,6,0,13,0,0,0,4,14,0,11,7,7,0,0,7,0,32,2,0,0,0
"OTU_2000",0,0,0,0,9,0,0,0,0,0,0,0,0,0,0,0,5,0,0,0,0,0,0,0,0,0,0,0,0,0,0,0,6,0,0,0,5,0,0,0
"OTU_2001",0,6,0,3,0,0,0,13,9,138,40,0,11,0,8,0,0,0,27,16,9,0,0,0,16,9,6,0,6,11,13,135,7,0,0,0,0,0,0,0
"OTU_2006",0,0,6,0,0,17,0,7,17,21,35,0,11,0,0,0,0,14,16,0,11,3,13,0,131,9,0,0,35,7,10,36,0,13,11,0,0,0,0,19
"OTU_2007",0,0,0,0,0,0,0,0,4,0,0,7,0,0,5,0,0,0,0,0,2,3,0,0,0,0,0,0,0,0,0,0,0,0,0,0,10,0,0,8
"OTU_2009",0,0,0,0,0,0,0,0,0,0,0,0,0,0,0,0,14,0,0,0,0,5,0,0,0,0,0,0,0,0,0,0,0,6,0,2,0,0,0,0
"OTU_2010",21,0,0,0,0,3,0,0,0,0,0,0,0,0,0,0,9,0,0,0,0,0,0,0,0,0,23,0,0,0,0,0,0,0,0,0,0,0,0,0
"OTU_2012",0,0,15,0,27,0,18,0,0,0,0,0,0,33,6,3,56,16,0,0,12,13,15,0,0,0,0,0,5,0,0,0,6,13,10,27,0,19,8,11
"OTU_2014",0,0,0,0,0,0,0,0,0,0,0,0,0,0,0,0,0,12,0,0,0,0,0,0,0,0,0,0,0,0,0,0,0,0,0,0,11,21,0,15
"OTU_2015",0,27,35,0,10,0,13,0,0,0,0,0,17,0,0,0,0,21,14,0,2,0,9,0,0,10,0,0,39,0,10,0,25,38,0,17,0,17,0,0
"OTU_2017",0,0,0,0,0,0,0,0,0,0,8,0,0,4,0,4,7,0,6,10,0,0,0,0,0,0,0,0,0,3,0,0,0,4,4,0,0,0,0,10
"OTU_2018",0,0,8,0,0,7,0,0,0,0,0,0,0,0,0,0,0,15,0,0,0,0,0,0,0,0,0,0,0,0,0,0,9,0,0,0,0,5,0,4
"OTU_2019",0,0,0,0,0,10,0,10,54,11,0,0,12,0,7,6,16,16,20,0,34,0,0,9,9,0,0,0,11,0,47,0,0,9,0,0,0,0,0,5
"OTU_2020",0,0,0,0,10,0,18,13,0,60,0,15,0,0,0,0,0,0,0,0,0,0,17,16,9,0,0,0,0,0,47,0,14,17,0,0,0,0,0,0
"OTU_2021",0,0,0,0,0,0,0,0,0,0,0,0,0,0,0,9,0,26,0,0,0,0,0,0,0,0,0,0,0,0,0,0,0,0,0,0,0,15,0,40
"OTU_2022",0,0,0,0,0,10,0,0,0,0,0,0,0,16,0,0,0,0,0,0,0,7,0,0,0,0,12,0,0,0,0,0,0,0,0,15,0,0,0,0
"OTU_2023",0,0,0,87,0,0,6,0,0,4,6,0,22,0,0,0,0,0,60,29,29,0,4,0,1,0,0,0,7,2,22,12,26,24,71,0,0,0,25,0
"OTU_2025",0,0,0,0,0,68,11,4,0,21,0,0,0,12,0,6,6,4,0,0,0,0,0,0,12,13,7,0,39,0,0,0,0,0,0,0,0,6,0,13
"OTU_2026",0,0,0,0,0,0,0,5,17,0,0,0,0,0,0,0,0,0,0,0,0,11,0,0,0,0,0,0,0,0,0,0,0,13,0,0,0,0,0,0
"OTU_2027",0,19,0,0,13,0,6,0,0,0,0,0,0,6,0,0,14,0,21,0,0,0,8,0,0,0,19,12,17,16,0,0,0,9,0,0,9,0,13,0
"OTU_2029",4,4,0,0,0,6,0,0,0,0,0,0,0,0,0,0,0,1,0,0,0,0,0,0,0,0,0,0,9,0,0,0,0,0,0,0,0,8,0,13
"OTU_2030",0,2,0,0,10,0,0,2,20,0,0,19,11,19,20,19,20,13,0,0,9,4,7,0,0,0,0,3,0,0,0,0,0,16,2,14,0,10,0,26
"OTU_2032",0,0,0,0,0,0,0,133,181,68,0,0,0,0,0,0,0,0,0,0,0,0,0,0,0,89,0,0,0,0,0,0,0,0,0,0,0,0,0,0
"OTU_2033",0,0,0,4,0,0,36,8,13,0,0,0,0,12,12,0,0,0,0,0,3,0,0,21,8,0,0,0,51,0,13,0,5,55,8,0,0,0,0,0
"OTU_2037",0,0,0,0,0,0,0,18,13,21,0,0,28,0,0,0,6,0,11,0,0,16,0,0,13,17,0,4,0,0,34,0,16,0,0,0,0,0,0,0
"OTU_2038",0,17,16,0,15,0,15,0,0,0,0,0,0,0,0,22,0,0,0,0,0,0,0,29,0,0,0,0,0,21,25,0,0,0,0,0,0,0,0,0
"OTU_2040",0,0,0,0,0,0,0,0,0,0,0,0,0,0,0,0,0,8,0,5,0,0,6,0,0,0,0,6,0,0,0,0,5,0,0,0,0,14,51,0
"OTU_2041",0,17,8,0,31,0,0,16,52,0,0,0,0,0,0,0,6,0,0,0,0,0,0,0,0,34,0,0,65,0,15,0,0,0,0,0,0,0,0,0
"OTU_2042",0,0,0,0,0,0,0,0,0,0,0,0,5,0,12,10,0,0,0,0,0,0,0,0,0,0,0,0,0,0,0,0,0,0,0,5,57,0,0,11
"OTU_2043",0,0,0,0,38,0,90,0,27,0,48,0,0,0,0,0,0,0,0,0,0,0,0,99,0,24,13,35,58,0,37,0,0,0,0,0,0,0,0,0
"OTU_2044",0,0,0,0,0,0,4,0,0,0,0,0,0,0,20,0,0,4,6,0,5,0,14,0,0,0,0,0,0,0,0,0,20,6,0,0,4,13,0,35
"OTU_2045",0,18,42,0,0,0,0,0,0,0,0,0,0,0,0,0,0,11,0,0,0,0,0,0,0,0,0,0,0,0,226,0,13,0,0,0,0,0,151,0
"OTU_2046",0,0,10,0,17,3,12,0,0,152,0,0,10,0,5,0,0,0,5,0,0,0,2,3,3,7,0,0,0,11,28,15,18,0,0,0,0,3,17,0
"OTU_2053",0,11,18,0,17,0,23,35,30,53,0,0,0,0,0,17,0,3,0,19,22,29,0,0,1,14,0,16,0,8,0,0,12,51,29,0,0,0,28,27
"OTU_2054",0,0,0,123,0,0,0,0,0,0,0,0,0,0,0,0,0,0,0,131,84,0,0,68,0,0,0,0,57,0,0,0,0,0,0,0,0,0,0,0
"OTU_2056",0,0,0,0,0,0,0,0,0,0,0,12,0,5,0,0,13,0,0,0,0,2,0,0,0,0,0,0,0,0,0,0,0,0,0,0,0,0,0,0
"OTU_2060",38,27,0,0,0,30,0,17,104,0,0,0,0,0,0,0,0,0,0,0,0,0,11,31,16,21,32,0,0,48,54,9,0,0,0,0,0,0,24,0
"OTU_2061",0,0,0,0,13,0,0,0,0,0,0,6,0,28,0,0,18,0,16,0,0,12,0,0,0,0,0,0,0,7,0,0,0,22,0,21,0,5,3,0
"OTU_2062",0,11,58,0,7,4,29,0,0,6,0,0,0,6,0,0,3,0,52,40,18,0,7,0,15,55,4,26,23,4,15,0,17,20,10,0,0,0,31,0
"OTU_2064",0,0,0,0,0,0,0,0,0,0,0,0,0,0,0,0,0,7,0,149,183,0,8,0,0,0,0,0,0,0,0,0,0,0,0,0,91,0,0,0
"OTU_2067",14,0,0,0,0,43,34,22,29,17,81,0,0,0,0,0,0,0,0,0,7,0,0,31,47,16,51,56,0,0,9,0,0,0,0,0,0,0,0,0
"OTU_2068",0,0,0,0,0,0,0,0,0,0,0,10,0,8,8,7,13,11,0,0,8,0,64,0,0,0,0,0,0,0,0,0,14,9,112,0,21,21,27,12
"OTU_2069",0,0,0,0,0,0,75,48,0,0,0,0,0,0,0,0,0,52,0,64,0,0,41,62,0,0,0,0,0,0,54,0,0,0,0,0,0,41,0,23
"OTU_2070",0,0,0,0,36,0,0,0,0,0,0,0,19,0,0,0,24,0,0,0,0,0,0,0,0,0,0,0,0,0,0,0,0,0,0,38,0,0,0,0
"OTU_2072",0,0,0,290,0,0,0,0,0,30,0,0,0,0,0,0,0,0,7,0,0,0,0,76,0,0,0,0,24,0,0,0,0,13,0,0,0,0,19,0
"OTU_2074",0,0,4,6,6,0,2,5,0,9,0,0,0,0,2,1,1,1,0,0,2,1,1,0,6,1,0,3,9,5,5,0,1,2,1,1,3,2,4,0
"OTU_2075",0,25,0,0,7,0,23,0,20,33,0,4,18,0,0,0,0,13,19,0,0,0,20,14,0,8,0,0,12,0,91,0,6,13,0,7,4,21,24,14
"OTU_2076",0,0,0,0,0,0,1,0,0,0,5,2,0,0,0,17,0,0,0,0,0,0,2,0,0,0,0,0,0,0,0,0,0,0,0,0,0,0,0,4
"OTU_2077",0,0,0,0,0,0,0,60,35,0,0,0,0,0,0,0,10,0,0,0,0,0,0,0,0,0,0,35,0,0,0,0,0,11,20,0,0,6,0,0
"OTU_2078",0,0,0,0,0,0,0,0,0,0,0,0,0,0,0,0,0,23,0,24,0,35,0,0,0,0,0,0,0,0,0,25,0,49,0,0,0,0,61,7
"OTU_2079",0,34,0,0,15,0,0,0,0,0,0,78,25,0,58,0,116,0,20,0,0,0,0,0,0,17,0,0,0,0,0,0,0,69,0,25,0,0,0,0
"OTU_2080",0,0,0,0,0,158,12,16,0,24,0,0,0,0,0,0,0,0,0,0,2,5,0,0,52,18,0,0,163,0,0,3,0,0,0,0,0,3,0,0
"OTU_2081",0,0,0,0,16,0,19,0,0,0,0,8,14,10,24,0,14,0,0,0,17,0,15,0,0,19,0,0,11,0,0,0,20,35,23,22,27,0,0,0
"OTU_2082",3,0,6,0,12,18,0,0,7,0,0,0,0,0,0,0,0,0,0,0,0,0,0,10,0,30,67,0,38,0,0,0,0,0,0,13,0,0,0,0
"OTU_2086",0,0,0,0,0,15,0,0,0,0,0,0,0,0,0,3,0,23,0,0,0,0,0,0,0,0,15,5,0,0,0,0,0,0,0,0,0,0,0,0
"OTU_2087",0,0,0,0,7,0,0,0,0,0,0,0,0,0,0,0,0,3,0,0,0,0,0,0,0,10,5,0,4,0,7,0,11,0,3,8,0,7,11,7
"OTU_2090",0,0,0,0,0,0,13,0,0,0,0,0,2,0,0,0,0,9,0,0,0,0,0,0,0,7,0,12,0,0,0,0,0,0,0,0,0,3,0,6
"OTU_2092",0,0,0,0,0,0,18,0,0,0,39,19,0,0,0,0,41,0,0,0,0,0,5,0,0,3,0,0,17,0,0,0,0,0,0,0,0,0,0,0
"OTU_2094",0,54,27,0,16,0,0,0,0,0,0,6,15,21,37,0,24,0,0,0,0,8,0,0,0,62,0,0,0,0,0,0,42,12,14,74,0,0,9,3
"OTU_2096",0,0,0,0,0,14,0,37,39,0,81,0,27,0,0,0,17,0,0,0,0,4,29,0,90,0,35,12,15,0,11,1,0,0,0,0,0,0,11,17
"OTU_2097",0,0,0,0,0,0,0,0,0,0,0,0,0,0,0,0,0,12,0,0,0,0,18,0,0,0,0,0,0,0,0,0,0,0,4,0,0,17,0,0
"OTU_2098",0,0,0,0,4,7,14,0,0,0,0,0,14,0,9,9,0,0,0,8,18,0,0,0,0,0,0,0,0,0,22,0,14,0,0,0,7,0,0,0
"OTU_2099",0,0,16,0,107,8,29,62,48,0,19,0,0,0,0,0,0,0,0,0,0,0,0,19,28,11,0,5,29,30,38,0,0,0,0,0,0,0,0,0
"OTU_2101",0,0,0,0,9,0,18,0,0,0,0,10,18,28,11,0,0,0,0,3,7,27,71,0,14,0,0,4,68,0,18,0,0,20,34,0,0,17,4,68
"OTU_2102",0,0,0,0,0,0,0,0,0,44,0,0,0,0,0,0,0,0,29,253,72,0,0,0,0,0,0,0,0,0,0,0,0,0,0,0,0,0,51,0
"OTU_2104",35,21,1,26,3,0,5,4,15,42,26,4,11,15,21,0,8,0,24,13,14,0,12,14,15,11,0,5,2,32,4,0,28,9,23,2,0,0,3,0
"OTU_2105",0,0,0,0,0,0,38,10,69,27,0,0,0,0,0,0,0,0,0,0,0,0,0,0,0,27,0,104,130,30,13,0,0,0,0,0,0,0,0,0
"OTU_2106",0,0,0,0,0,0,0,0,0,0,0,0,0,0,0,0,0,0,13,0,0,16,17,0,0,0,0,0,0,0,0,0,0,14,0,0,0,0,0,11
"OTU_2107",0,6,4,0,26,0,46,4,0,0,0,0,0,0,0,0,24,0,0,0,0,0,6,0,0,8,0,7,4,0,60,0,0,0,0,0,0,0,30,10
"OTU_2108",16,8,46,0,35,34,7,0,0,0,0,0,0,8,32,7,4,0,0,0,4,0,0,0,0,19,0,38,21,12,30,0,0,32,0,5,0,0,20,3
"OTU_2110",0,0,0,0,7,0,21,0,0,0,0,6,0,0,0,4,6,6,0,0,0,2,0,0,0,13,0,12,5,0,0,0,3,0,0,0,14,2,7,0
"OTU_2111",0,0,0,14,0,0,17,0,0,0,0,0,0,0,0,16,0,15,20,84,88,0,25,0,0,0,0,7,0,0,0,0,14,25,0,0,77,0,14,0
"OTU_2112",0,0,0,0,29,8,5,0,0,0,0,7,0,0,12,0,10,0,0,0,0,0,0,0,0,40,20,0,0,0,0,0,0,0,0,25,0,0,0,0
"OTU_2113",48,10,21,0,0,13,39,10,0,0,0,0,0,0,0,0,3,0,0,0,0,0,15,0,0,33,0,21,16,0,0,0,0,0,0,12,0,0,2,0
"OTU_2115",0,0,0,0,0,0,0,0,0,0,0,0,0,0,0,0,0,0,266,41,122,0,0,0,0,0,0,0,0,0,0,0,0,17,0,0,0,0,0,0
"OTU_2117",0,0,0,0,0,11,14,0,0,0,0,0,0,8,0,16,3,15,0,0,0,5,6,0,0,8,0,0,66,5,0,0,0,0,0,0,0,2,0,16
"OTU_2118",0,0,0,0,0,0,0,0,0,0,0,0,0,0,0,0,0,20,0,0,0,0,6,0,0,0,0,0,1,0,0,0,0,0,0,0,0,11,0,28
"OTU_2119",0,0,0,0,0,0,0,0,0,0,0,0,5,0,7,0,0,0,0,0,0,5,7,0,0,0,0,3,0,0,0,0,0,12,6,8,0,18,12,4
"OTU_2120",0,0,22,0,0,0,0,0,7,0,0,0,5,9,0,0,0,12,0,0,0,2,4,0,0,4,0,0,0,0,0,0,14,0,7,5,0,0,19,4
"OTU_2121",0,0,0,0,0,0,0,67,68,0,16,0,0,0,0,0,0,0,0,0,0,0,0,0,0,66,0,0,0,228,0,0,0,0,0,0,0,0,0,0
"OTU_2122",0,0,0,0,0,0,0,0,0,0,0,0,0,0,6,0,11,0,0,0,0,0,6,0,0,0,0,0,0,0,0,0,0,19,9,0,0,8,0,14
"OTU_2124",0,0,0,0,0,0,0,0,9,0,113,0,0,0,0,0,0,0,0,0,0,0,0,0,10,0,47,12,68,0,0,0,0,0,0,0,0,0,0,0
"OTU_2125",7,0,0,0,9,0,0,0,0,0,0,0,0,0,0,0,13,0,5,0,0,0,0,23,0,0,0,21,18,0,0,0,0,0,0,0,0,0,0,0
"OTU_2126",0,0,0,0,0,0,0,0,0,13,0,0,12,0,0,0,0,0,0,0,0,0,0,0,0,0,0,0,15,392,12,0,0,0,0,0,0,0,0,0
"OTU_2131",0,0,0,0,150,0,11,0,0,0,0,0,24,0,0,0,0,0,0,0,21,14,0,0,0,0,0,0,0,81,17,0,0,104,0,21,0,0,0,0
"OTU_2132",0,0,0,0,0,0,0,2,0,0,0,15,0,22,11,0,0,0,0,0,0,0,0,0,0,0,0,0,0,0,1,0,1,0,0,0,3,0,0,0
"OTU_2133",85,4,18,0,6,17,0,22,1,0,0,0,0,0,5,0,0,0,0,0,0,0,0,0,0,0,14,37,7,0,0,41,0,3,0,15,5,8,0,0
"OTU_2134",0,0,6,0,11,0,0,0,0,0,16,0,21,0,0,0,0,0,0,0,10,5,0,0,0,0,0,0,0,0,0,0,0,6,0,0,0,4,0,0
"OTU_2141",0,0,14,0,17,0,8,0,0,0,0,6,0,10,13,0,0,0,8,0,0,0,0,0,0,10,0,8,0,0,9,0,19,11,0,6,29,0,13,0
"OTU_2142",0,0,0,0,0,0,0,0,0,0,0,17,12,18,0,0,15,0,197,9,0,0,0,0,0,0,0,0,0,0,0,0,60,14,48,12,36,0,0,0
"OTU_2143",0,0,0,0,0,121,0,0,0,0,0,4,0,0,0,0,0,0,0,0,0,0,0,0,241,0,0,0,0,0,72,0,0,0,0,0,0,0,0,0
"OTU_2144",56,0,6,0,8,9,17,0,8,0,0,19,0,23,17,9,15,4,18,0,3,2,9,13,0,0,77,16,0,0,0,0,0,3,0,34,0,8,0,13
"OTU_2145",0,0,4,0,0,0,0,0,0,0,0,0,0,0,0,5,0,15,0,0,0,0,0,0,0,0,0,0,0,0,0,0,0,0,0,0,0,0,0,10
"OTU_2146",0,0,0,0,0,0,0,0,0,0,0,31,22,22,25,0,38,11,0,24,2,58,28,0,0,0,0,0,0,0,0,0,0,40,27,0,0,0,40,38
"OTU_2147",71,8,0,0,0,38,0,0,3,7,0,0,0,0,7,6,4,0,0,0,11,0,0,0,0,91,34,15,0,0,20,0,0,10,0,0,0,0,0,0
"OTU_2148",0,0,38,0,0,11,0,0,0,0,0,0,0,0,0,0,0,0,0,0,0,95,0,0,0,0,0,0,68,0,0,0,0,0,0,0,0,0,0,0
"OTU_2149",0,0,0,82,0,0,0,0,0,0,0,0,0,0,0,0,0,0,0,97,39,0,15,48,0,0,0,0,18,0,0,0,4,14,84,0,29,0,6,0
"OTU_2151",13,39,0,0,16,55,0,0,17,0,0,0,6,0,0,0,0,6,0,0,0,0,0,0,0,89,51,0,0,0,10,0,0,0,0,12,9,0,4,0
"OTU_2154",34,0,0,0,28,0,0,0,71,20,62,22,0,20,13,0,9,0,0,0,0,14,0,0,0,0,6,70,0,24,0,0,0,41,0,0,0,0,0,0
"OTU_2156",0,0,0,0,13,0,0,0,52,0,0,0,0,0,0,0,0,0,0,0,0,0,0,17,0,169,124,4,0,0,33,0,0,0,0,21,0,0,0,0
"OTU_2158",0,0,0,0,0,0,0,0,0,0,0,0,0,0,0,0,0,12,0,0,0,0,7,0,0,0,0,0,0,0,0,0,0,0,0,0,0,13,0,4
"OTU_2159",0,0,11,0,0,0,0,0,0,0,0,0,0,15,0,4,0,0,0,0,0,0,0,0,0,0,0,0,55,0,0,0,0,7,0,9,3,0,8,0
"OTU_2160",0,0,0,0,0,0,0,0,0,0,0,11,8,0,9,0,35,0,74,1,8,0,6,0,0,0,0,0,0,0,0,0,0,0,35,0,0,22,0,0
"OTU_2161",13,0,21,0,15,3,16,0,0,0,0,0,13,0,0,0,10,0,6,0,0,0,0,13,0,10,23,23,0,0,0,0,0,0,0,9,13,7,0,0
"OTU_2162",0,15,0,0,0,0,8,19,84,0,24,0,0,0,0,0,0,0,0,0,0,0,0,0,30,102,40,21,34,0,19,37,0,0,0,0,0,0,0,0
"OTU_2163",0,0,0,40,0,0,0,0,0,59,0,0,0,0,0,0,0,0,0,145,0,0,0,55,0,0,0,0,128,0,0,0,0,0,6,0,0,0,0,0
"OTU_2166",5,0,0,0,0,0,7,0,0,0,0,0,6,0,0,6,0,28,0,0,0,0,0,0,14,6,0,0,9,0,0,0,0,0,0,0,7,0,0,0
"OTU_2170",0,0,0,0,0,0,0,0,0,0,0,0,61,0,0,0,28,0,51,73,106,0,0,0,0,0,0,0,0,0,0,0,33,79,0,0,0,0,0,0
"OTU_2171",0,10,10,0,0,0,213,0,0,0,0,0,0,0,7,0,5,0,4,0,32,0,6,0,0,0,0,0,0,4,18,0,14,6,11,0,5,15,16,0
"OTU_2175",0,0,0,0,0,0,368,0,3,0,7,0,0,0,0,0,0,0,0,21,0,0,0,0,0,0,0,0,0,0,26,5,0,0,0,0,0,0,0,0
"OTU_2176",0,0,15,0,11,0,0,0,0,0,0,3,4,0,0,0,0,0,0,0,4,0,0,0,0,0,0,0,0,0,0,0,0,0,0,5,7,0,0,0
"OTU_2177",0,0,0,0,0,0,0,0,0,0,0,0,18,11,10,0,0,5,6,0,5,0,0,0,0,0,0,0,0,0,0,0,0,0,0,17,14,0,18,0
"OTU_2180",0,0,14,0,1,0,0,0,0,0,0,17,2,17,0,0,0,0,0,0,2,0,0,0,0,0,0,0,0,0,0,0,23,0,0,13,25,0,0,0
"OTU_2181",57,0,0,0,0,0,32,8,11,16,44,0,0,8,0,0,0,8,0,0,0,10,4,0,17,0,0,6,0,4,28,0,0,0,0,6,0,15,0,0
"OTU_2182",0,65,35,0,69,0,0,17,17,0,0,0,17,15,15,0,0,0,0,0,0,0,0,0,0,56,31,0,0,27,38,0,0,10,0,17,0,0,0,0
"OTU_2189",0,0,0,0,2,0,0,0,0,0,0,0,0,0,1,1,0,7,0,5,0,1,0,0,0,0,0,4,6,0,2,0,0,0,0,0,0,11,12,2
"OTU_2190",0,0,0,0,0,0,0,0,0,0,0,0,0,7,2,0,7,22,0,0,0,0,0,0,0,0,0,2,0,0,0,0,0,0,0,0,0,16,7,11
"OTU_2191",17,0,18,0,10,0,12,16,14,0,0,0,13,0,0,0,6,0,16,0,0,0,27,0,0,0,0,12,7,0,20,3,7,12,13,0,18,18,16,8
"OTU_2192",0,0,0,0,0,0,0,0,60,0,188,0,0,0,0,0,0,0,0,0,0,0,0,0,83,0,0,0,0,0,0,95,0,0,0,0,0,0,0,0
"OTU_2193",0,4,0,0,3,0,9,0,0,0,0,0,6,0,0,2,0,0,3,0,0,4,0,0,0,0,0,0,0,0,0,0,0,5,2,6,6,0,17,0
"OTU_2194",0,0,9,0,0,0,0,0,0,0,0,0,0,0,6,0,0,0,0,0,0,0,0,0,0,0,0,0,0,0,0,0,0,0,0,0,11,0,9,0
"OTU_2195",0,0,0,0,0,92,0,0,0,0,0,0,0,0,0,0,0,117,0,0,0,0,0,0,0,0,0,0,0,0,0,0,0,0,0,3,0,0,0,9
"OTU_2196",0,0,0,0,0,0,0,21,68,105,73,0,0,0,0,0,0,0,0,0,0,0,0,0,59,0,0,0,0,0,0,100,0,0,0,0,0,0,0,0
"OTU_2198",0,0,0,0,0,0,0,0,0,0,0,0,0,9,12,0,0,0,0,0,0,0,0,0,0,0,0,0,0,0,0,0,8,0,0,11,9,0,0,0
"OTU_2199",0,0,0,0,0,0,17,0,0,15,0,0,0,6,0,2,0,0,0,0,0,0,0,0,0,0,5,0,0,21,0,0,0,0,8,0,0,0,4,3
"OTU_2201",5,8,40,0,0,0,50,57,70,0,17,0,0,0,0,0,0,0,35,0,0,0,0,0,16,0,4,0,0,0,78,0,0,0,0,0,32,0,0,0
"OTU_2205",0,0,0,0,0,0,0,0,0,0,0,0,0,0,0,0,19,10,0,0,0,0,31,0,0,0,0,0,0,0,0,0,0,0,0,0,0,18,0,4
"OTU_2206",0,20,0,0,0,0,0,25,77,87,46,0,0,0,0,0,0,0,5,0,2,0,0,0,49,11,0,4,7,19,22,50,0,0,0,0,0,0,0,0
"OTU_2207",3,0,4,0,3,0,0,0,0,0,0,0,0,6,0,0,0,0,0,0,0,7,0,0,0,0,0,0,0,0,0,0,0,0,0,0,0,8,0,0
"OTU_2209",0,0,0,0,0,0,0,0,0,0,0,0,0,0,0,0,0,48,0,32,0,21,0,44,0,0,0,0,0,0,0,0,0,26,0,0,0,0,79,0
"OTU_2213",56,0,0,0,0,0,0,0,20,4,43,0,0,0,0,0,0,0,0,0,0,0,0,0,147,0,0,0,12,0,0,125,0,0,0,0,0,0,0,0
"OTU_2216",30,14,55,0,12,18,0,0,0,0,0,0,1,15,24,0,7,0,0,0,0,0,0,0,0,4,22,60,0,0,38,0,0,0,0,43,0,0,20,0
"OTU_2217",0,43,0,0,0,0,11,0,0,0,0,0,0,6,0,0,5,0,0,0,0,0,0,0,0,21,321,0,0,0,0,0,0,4,0,0,0,0,0,0
"OTU_2219",0,0,0,0,0,0,0,0,0,0,0,0,0,0,0,0,0,15,0,0,0,0,14,0,0,0,0,0,0,0,0,0,0,14,0,0,0,20,16,76
"OTU_2221",0,21,13,0,0,0,0,0,0,0,0,6,0,0,0,2,12,0,0,0,0,0,0,0,0,0,0,0,0,0,0,0,13,12,8,0,3,0,0,0
"OTU_2222",0,0,0,46,62,0,0,0,0,0,90,0,0,0,0,0,0,0,0,0,0,0,0,0,0,0,0,0,0,203,19,0,0,0,0,0,0,0,0,0
"OTU_2225",0,0,0,0,0,4,0,0,2,0,0,0,0,13,5,0,0,12,6,0,7,0,0,0,0,0,0,0,0,0,0,0,11,0,0,0,10,0,2,0
"OTU_2227",0,0,0,0,0,0,0,0,0,0,0,0,0,0,0,4,0,22,0,0,0,0,0,0,0,0,0,0,0,0,0,0,28,0,20,0,29,38,45,13
"OTU_2228",0,0,20,0,4,0,344,0,9,0,0,0,0,0,0,0,0,0,0,0,0,0,0,0,7,0,0,14,0,15,0,5,0,0,0,0,0,0,0,0
"OTU_2229",0,0,0,0,0,0,13,0,0,0,0,0,0,0,0,0,0,12,0,0,0,8,14,0,0,0,0,0,0,0,0,0,0,0,13,0,2,28,18,24
"OTU_2230",29,0,18,0,30,16,46,20,21,0,0,0,0,0,4,0,0,0,18,0,29,0,0,7,0,21,24,31,4,0,64,0,3,10,0,0,10,0,0,0
"OTU_2233",0,0,0,0,0,0,0,0,0,0,0,20,10,30,21,0,20,0,0,0,8,10,0,0,0,0,0,0,0,0,0,0,11,17,0,31,0,11,0,11
"OTU_2234",5,0,0,0,15,7,0,0,0,0,0,0,0,0,7,0,0,0,0,0,0,0,0,0,0,0,15,0,0,0,0,0,0,0,0,0,22,4,0,0
"OTU_2235",0,0,0,0,0,0,0,0,0,0,0,0,0,12,0,0,13,0,0,0,0,0,0,0,0,0,0,0,0,0,0,0,0,0,0,18,23,0,5,0
"OTU_2236",139,12,0,0,0,40,0,0,0,0,0,0,0,0,0,0,0,0,12,0,0,0,0,0,0,48,114,25,0,0,15,0,0,0,0,0,0,0,11,0
"OTU_2238",8,0,0,0,0,0,6,0,0,0,0,0,0,12,0,0,0,0,0,0,0,0,0,0,0,0,22,0,0,0,0,0,0,0,0,0,0,0,0,0
"OTU_2240",18,18,20,0,3,0,56,9,29,0,0,4,0,0,0,0,9,0,0,0,0,0,7,7,10,0,24,0,11,9,30,0,0,0,0,0,0,14,0,0
"OTU_2241",0,11,0,0,8,0,0,0,0,0,0,21,0,0,11,0,33,19,0,0,0,3,13,0,0,0,0,0,0,0,0,0,32,21,0,19,0,23,0,36
"OTU_2243",0,2,39,0,14,0,26,0,28,25,0,0,8,0,0,0,0,6,22,0,0,0,0,0,0,26,2,7,11,7,100,0,9,9,0,0,7,0,40,3
"OTU_2245",4,0,0,0,0,8,0,0,0,0,0,0,0,0,0,4,17,4,0,0,0,0,0,0,0,0,0,0,0,0,0,0,0,1,0,0,0,0,0,5
"OTU_2246",0,0,0,0,0,0,0,0,0,0,0,0,21,0,0,0,7,13,0,0,0,0,18,0,0,0,0,16,0,0,12,0,0,0,0,0,16,40,39,15
"OTU_2248",0,0,0,0,0,0,0,0,0,0,0,0,0,0,0,4,0,0,3,0,0,0,0,0,0,0,0,0,0,0,0,0,0,0,0,0,7,8,6,0
"OTU_2249",0,0,4,0,12,0,0,0,0,0,0,0,0,0,6,0,0,7,0,0,0,0,0,0,0,0,0,0,0,0,0,0,0,0,0,5,10,16,0,7
"OTU_2250",14,0,4,0,0,0,0,0,2,18,0,0,0,3,10,13,0,0,0,0,10,0,10,0,0,6,8,0,0,0,9,0,0,0,6,8,0,30,17,0
"OTU_2252",51,0,0,0,0,141,9,26,0,76,10,0,0,0,0,0,0,0,0,0,0,0,0,0,0,31,0,3,30,0,0,0,0,0,0,0,0,0,0,0
"OTU_2253",0,20,37,0,29,0,10,0,0,0,0,0,29,0,0,0,14,0,17,0,0,25,19,0,0,0,0,27,11,0,0,0,0,10,0,0,0,52,50,0
"OTU_2254",0,0,0,0,0,0,0,0,0,0,0,3,0,0,0,0,5,18,2,0,0,0,7,0,0,0,0,0,0,0,0,0,0,0,0,0,0,21,0,37
"OTU_2259",0,0,0,0,0,0,0,11,22,3,9,25,32,0,0,2,44,18,0,0,8,24,18,0,0,0,0,0,0,8,0,18,0,16,19,5,8,15,31,35
"OTU_2261",0,0,0,0,0,0,0,0,0,0,0,0,0,0,17,12,0,6,0,0,0,24,13,0,0,0,0,0,6,0,0,0,0,0,16,0,0,0,0,40
"OTU_2262",0,0,0,0,0,0,9,0,13,92,0,0,11,0,19,0,27,0,20,0,30,11,8,0,8,15,0,0,52,0,0,0,15,21,0,0,0,0,0,0
"OTU_2264",0,0,0,0,0,0,0,0,0,0,0,0,0,0,0,0,0,21,0,0,0,0,5,0,0,0,0,0,0,0,0,0,0,0,0,0,0,14,0,25
"OTU_2265",0,0,0,20,0,0,0,0,0,221,0,0,0,0,0,0,0,0,22,19,0,0,0,0,28,0,0,0,0,7,0,86,0,0,0,0,0,0,0,0
"OTU_2267",0,0,0,0,0,0,0,0,87,0,17,0,0,0,0,0,0,0,0,0,0,0,0,0,90,120,15,0,0,0,0,80,0,0,0,0,0,0,0,0
"OTU_2269",8,0,41,0,0,0,0,20,0,0,0,0,8,10,0,0,0,9,0,0,0,13,27,0,0,0,0,0,18,0,62,0,0,3,0,0,0,9,0,18
"OTU_2270",0,0,0,0,0,0,0,0,0,0,0,0,0,0,0,0,0,11,0,0,0,6,7,0,0,0,0,0,0,0,0,0,0,0,0,0,0,0,0,13
"OTU_2271",0,39,0,0,0,0,0,0,0,0,0,0,0,11,16,0,4,0,0,0,0,0,0,0,0,0,0,0,0,0,0,0,0,0,0,5,0,0,0,0
"OTU_2273",0,0,0,0,1,0,0,6,0,0,0,3,0,8,2,0,0,0,3,0,0,3,19,0,0,0,0,0,3,0,0,0,0,0,0,1,1,1,1,1
"OTU_2275",0,0,0,0,0,0,0,0,0,0,0,0,0,0,0,0,0,7,0,0,0,5,0,0,0,0,0,3,0,0,0,0,0,0,0,4,10,12,14,12
"OTU_2276",0,0,0,0,0,0,0,47,84,0,27,0,10,0,0,0,0,0,0,0,15,0,0,0,0,22,0,13,0,126,50,12,0,0,0,0,0,0,0,0
"OTU_2278",120,0,7,0,8,15,12,0,8,0,0,0,0,0,0,0,13,0,7,0,0,0,0,5,0,28,25,18,0,0,0,0,0,0,0,0,12,0,0,0
"OTU_2279",9,0,0,0,0,3,0,0,0,0,0,2,6,0,0,6,0,6,0,0,0,0,0,0,0,0,0,0,0,0,0,0,0,0,0,0,0,0,0,3
"OTU_2281",0,0,0,0,0,0,0,0,0,0,0,0,0,0,0,0,0,28,0,0,0,0,6,0,0,0,0,0,0,0,0,0,0,0,0,0,0,18,0,14
"OTU_2282",0,0,7,0,4,0,21,3,12,4,0,0,16,0,9,0,0,0,0,3,0,0,0,0,0,7,0,0,0,60,84,143,0,0,0,0,0,0,12,0
"OTU_2283",0,0,0,12,0,0,0,0,0,0,0,0,0,0,0,19,0,20,16,14,16,0,18,0,0,0,0,0,0,0,0,0,20,26,17,0,30,35,36,6
"OTU_2284",0,0,0,0,0,40,14,71,0,43,0,0,0,0,0,0,0,0,0,0,8,0,20,7,24,0,11,35,16,13,56,22,0,0,0,0,0,0,12,11
"OTU_2289",3,11,9,0,0,0,13,7,4,0,0,0,0,0,0,0,0,30,14,37,0,0,0,0,0,0,0,0,0,0,28,16,15,0,0,0,0,28,30,0
"OTU_2291",0,0,0,0,0,0,0,0,0,0,0,0,0,0,0,6,6,25,0,0,0,0,0,0,0,0,0,0,0,0,0,0,0,6,0,0,0,14,0,0
"OTU_2296",44,13,13,0,20,44,0,15,0,0,0,0,0,0,0,0,0,0,0,0,0,0,0,0,0,22,137,4,74,4,11,0,0,0,0,0,0,0,0,0
"OTU_2297",0,4,0,0,8,0,0,0,0,0,0,23,26,0,22,0,29,0,0,0,0,0,10,0,0,0,0,0,0,0,0,0,13,46,0,8,0,0,18,0
"OTU_2299",0,0,0,0,8,0,0,0,0,58,0,0,0,2,0,0,2,0,0,0,0,0,0,57,0,12,0,0,126,39,95,0,0,0,0,0,0,0,0,0
"OTU_2300",33,25,0,0,18,0,7,17,12,0,0,0,5,9,0,0,0,0,0,0,0,0,0,7,0,69,74,32,26,0,0,0,0,10,0,9,0,0,0,0
"OTU_2301",0,0,0,0,0,43,2,0,41,34,45,0,30,0,0,0,0,0,0,0,0,0,19,0,32,24,0,52,20,0,35,0,0,0,0,0,0,0,0,0
"OTU_2304",0,23,0,0,0,0,0,0,0,0,0,0,0,0,0,0,7,0,0,0,0,0,0,0,0,4,0,9,0,0,0,0,0,7,0,0,0,0,6,6
"OTU_2305",0,0,0,0,0,0,0,0,0,0,0,9,0,0,0,0,7,16,0,2,0,0,17,0,0,0,0,0,0,0,0,0,8,8,0,4,4,18,0,70
"OTU_2310",0,5,0,0,0,0,0,0,0,0,0,0,0,0,5,6,6,0,4,0,3,1,0,0,0,0,0,0,0,0,6,0,11,0,5,6,15,0,0,11
"OTU_2311",0,0,1,0,24,0,43,6,0,0,6,17,0,0,8,1,9,0,8,0,8,1,0,45,18,54,0,12,9,14,41,1,0,12,10,23,0,0,0,0
"OTU_2313",0,0,0,0,0,0,0,0,0,0,0,0,0,0,0,0,31,10,0,0,0,0,8,0,0,0,0,0,0,0,0,0,0,0,0,0,0,17,0,21
"OTU_2315",0,0,0,0,0,0,0,0,0,0,99,0,0,0,0,0,0,0,0,0,0,0,0,50,118,0,0,14,92,0,21,0,0,0,0,0,0,0,0,0
"OTU_2317",0,15,0,4,15,0,24,7,0,0,0,0,0,19,10,0,21,0,0,0,0,0,0,39,0,0,0,0,21,0,0,0,0,0,0,10,13,0,0,0
"OTU_2318",48,5,0,0,0,17,0,0,0,0,0,0,0,0,0,0,0,0,0,0,0,0,0,15,0,49,151,0,29,0,0,0,0,0,0,8,0,0,0,0
"OTU_2319",28,23,15,0,15,0,0,0,0,0,0,0,0,12,4,0,5,0,0,0,0,0,0,0,0,25,16,19,0,0,0,0,0,0,0,17,0,0,0,0
"OTU_2320",0,0,0,0,2,0,0,0,0,0,0,0,0,0,6,0,0,0,0,0,0,0,0,0,0,0,0,0,0,0,3,0,0,0,0,0,17,0,0,0
"OTU_2322",0,0,0,0,0,0,0,0,0,0,0,4,0,5,0,0,2,0,0,0,0,0,0,0,0,8,10,0,0,0,0,0,0,0,0,7,0,0,0,0
"OTU_2324",0,0,0,0,0,0,0,28,18,0,39,0,13,0,0,0,0,0,30,8,0,0,0,0,14,40,0,0,26,0,46,31,63,19,0,18,0,0,0,0
"OTU_2325",0,0,0,0,0,0,0,0,0,0,0,0,0,0,6,0,0,5,5,0,0,0,0,0,0,0,0,0,0,0,0,0,0,4,0,1,0,0,0,0
"OTU_2326",0,0,4,0,6,0,4,0,0,0,0,0,0,6,7,0,0,0,9,0,0,0,0,0,0,12,7,0,12,0,0,0,0,0,0,6,4,0,0,0
"OTU_2327",0,0,0,0,0,0,0,0,0,0,0,0,0,0,0,5,0,0,0,0,0,0,20,0,0,0,0,0,0,0,2,0,0,0,12,0,15,8,0,11
"OTU_2328",0,0,1,0,0,0,0,0,0,0,0,0,0,0,3,0,14,0,0,0,0,0,0,0,0,0,0,0,0,0,0,0,2,4,0,0,0,0,0,0
"OTU_2330",0,0,0,0,18,0,22,0,0,0,0,0,0,0,0,0,0,0,0,0,0,0,0,36,5,0,0,0,0,0,0,0,0,0,0,0,0,0,0,0
"OTU_2331",0,0,0,0,0,0,0,0,0,0,0,0,0,0,0,0,20,6,0,9,0,19,42,0,0,0,0,0,0,0,0,0,0,0,32,0,0,27,0,0
"OTU_2332",0,0,0,0,0,0,0,0,19,0,0,0,0,3,6,0,0,0,0,0,7,0,0,0,0,0,0,0,0,0,0,0,0,0,0,0,0,0,0,0
"OTU_2333",0,0,0,0,0,0,8,0,0,0,0,10,0,0,7,20,17,0,0,0,0,0,0,0,0,0,0,0,0,0,0,0,8,8,0,0,16,0,0,0
"OTU_2334",0,0,0,0,0,0,0,0,0,0,0,0,19,0,4,0,0,0,0,0,0,0,6,0,0,0,0,0,0,0,0,0,0,9,0,0,0,0,11,0
"OTU_2335",0,0,0,0,0,0,0,0,0,0,0,0,0,4,0,0,30,0,0,0,11,0,0,0,0,0,0,0,0,0,0,0,24,0,0,7,17,0,0,0
"OTU_2336",0,0,6,0,0,0,0,0,0,0,0,0,0,0,0,21,0,0,52,43,21,0,0,0,0,0,0,0,0,0,32,0,25,21,25,0,50,4,73,0
"OTU_2338",0,0,0,0,0,0,8,0,0,0,0,0,0,0,0,9,0,63,0,24,10,0,15,0,0,0,0,0,0,0,0,0,28,0,30,0,15,31,62,0
"OTU_2340",0,0,0,0,13,0,0,0,0,0,0,0,0,0,40,0,3,4,19,13,8,0,4,0,0,0,0,0,0,0,0,0,0,0,0,0,14,9,3,23
"OTU_2342",0,0,0,0,0,0,0,16,0,7,85,0,0,0,0,0,1,0,8,0,0,0,0,27,78,41,20,0,104,0,0,0,2,0,0,0,0,0,0,0
"OTU_2343",0,0,0,0,0,0,0,0,0,0,0,0,0,0,5,0,0,20,9,0,0,8,17,0,0,0,0,0,0,0,18,0,9,0,45,9,0,5,0,22
"OTU_2345",0,0,0,11,0,0,0,2,0,0,0,0,0,0,8,5,0,0,16,0,25,5,11,0,0,0,0,0,17,114,54,0,0,0,0,0,7,0,0,0
"OTU_2346",0,3,0,0,13,0,0,6,0,18,5,0,0,0,0,0,0,25,1,0,1,0,0,0,7,0,0,0,0,4,0,0,0,0,0,0,0,0,0,30
"OTU_2348",0,15,0,0,6,0,4,0,0,0,0,7,0,9,10,0,0,0,27,0,6,0,0,0,0,73,0,0,0,0,5,0,58,14,21,7,63,0,0,0
"OTU_2351",0,23,0,0,0,0,0,0,0,0,0,0,0,58,49,38,0,0,18,0,0,6,0,0,0,0,0,0,0,0,0,0,37,34,0,36,0,0,2,0
"OTU_2352",0,0,0,0,0,0,0,0,0,0,0,4,0,0,0,7,0,12,0,0,0,0,0,0,0,0,0,0,0,0,0,0,10,0,0,0,10,9,0,21
"OTU_2353",0,0,0,0,0,35,0,12,0,0,0,0,10,8,0,0,0,0,0,0,0,0,0,0,17,0,0,0,0,0,0,0,0,0,31,0,0,0,0,0
"OTU_2355",38,9,26,0,6,0,8,0,0,0,0,0,0,11,0,0,0,0,0,0,0,0,0,0,0,0,73,0,0,0,0,0,16,17,0,0,0,0,0,0
"OTU_2356",0,0,0,0,0,0,0,0,0,0,0,0,0,0,0,4,25,9,5,0,0,16,39,0,0,0,0,0,0,0,0,0,0,8,11,0,0,12,0,15
"OTU_2357",0,0,7,0,0,0,17,0,0,0,0,0,0,0,0,0,0,0,0,0,0,0,13,0,0,0,0,24,0,0,5,0,0,12,0,12,10,0,13,20
"OTU_2358",7,0,0,0,31,0,0,0,0,0,0,0,0,8,10,13,15,0,0,0,0,0,0,0,0,1,59,0,12,17,0,0,0,9,0,0,0,0,0,7
"OTU_2360",0,0,0,65,14,0,24,23,0,16,0,0,0,0,0,0,0,0,12,61,31,0,0,47,11,0,0,15,66,0,0,0,0,0,0,0,0,0,0,0
"OTU_2361",0,0,0,0,0,0,52,38,0,0,0,0,16,0,0,0,0,0,0,0,0,0,0,0,0,0,0,0,0,0,212,30,0,0,0,12,0,0,0,0
"OTU_2362",63,8,32,0,0,8,11,15,13,0,0,0,10,22,11,0,3,0,2,0,0,0,0,0,0,23,57,0,0,35,0,0,7,0,0,58,0,0,0,0
"OTU_2363",0,0,0,0,0,0,0,0,0,0,0,0,0,0,4,0,8,16,0,0,0,0,5,0,0,0,0,0,0,0,0,0,7,0,0,0,13,11,0,0
"OTU_2364",0,0,19,19,14,0,0,0,0,0,0,0,4,14,0,0,0,0,7,4,0,5,15,0,0,0,0,0,0,0,0,0,28,24,0,0,0,0,31,0
"OTU_2365",5,0,0,0,0,6,0,20,1,0,0,0,4,0,0,0,0,0,12,20,0,0,0,0,8,24,5,0,0,1,0,9,0,0,0,0,7,7,0,0
"OTU_2367",0,0,0,0,0,0,0,0,0,0,0,4,0,0,0,2,8,5,0,0,0,0,0,0,0,0,0,0,0,0,0,0,0,4,0,0,0,0,5,0
"OTU_2368",10,0,0,0,11,0,5,14,9,0,0,0,0,0,0,0,23,0,0,0,13,0,0,0,4,0,0,19,0,0,25,0,0,0,0,0,0,0,0,0
"OTU_2372",0,0,0,0,0,0,0,0,0,0,0,0,8,20,0,0,0,0,0,0,0,0,0,0,0,39,12,0,0,0,0,0,0,11,0,11,10,0,0,0
"OTU_2373",0,14,21,0,10,0,0,0,0,0,0,0,3,5,0,0,0,10,0,0,0,0,19,0,0,0,0,13,0,0,0,0,0,0,0,0,0,11,0,0
"OTU_2376",18,80,50,0,0,12,38,0,0,0,4,0,0,0,12,0,0,0,0,0,7,0,0,7,0,84,15,35,5,0,0,0,7,0,0,8,0,0,0,0
"OTU_2377",48,14,17,0,13,0,0,0,0,0,15,0,0,11,0,0,0,0,15,0,0,0,0,33,0,65,51,23,69,0,0,0,0,0,0,0,0,0,7,0
"OTU_2378",0,11,0,0,0,0,7,5,0,0,0,0,0,0,0,0,0,37,0,0,0,6,34,8,0,0,0,0,0,6,23,0,0,34,0,0,0,6,0,0
"OTU_2382",0,0,0,0,0,0,0,0,0,0,0,0,0,0,0,0,5,5,4,0,0,9,4,0,0,0,0,0,0,0,0,0,0,5,0,0,0,0,0,26
"OTU_2383",0,0,20,0,11,0,0,0,0,0,0,0,4,0,5,6,0,0,0,0,0,0,0,0,0,0,0,6,0,0,15,0,0,12,0,5,17,0,0,0
"OTU_2386",0,0,0,0,0,0,0,0,0,5,0,0,0,3,0,0,0,0,0,21,0,0,3,0,0,0,0,0,0,0,4,3,0,0,0,0,5,0,0,0
"OTU_2387",15,7,0,0,11,53,0,29,52,0,0,0,0,9,0,0,0,0,0,0,0,0,0,5,13,94,43,0,0,0,0,0,0,0,0,0,0,0,0,0
"OTU_2388",0,0,0,0,0,0,0,0,0,0,0,0,0,0,0,0,0,0,13,112,56,0,39,0,0,0,0,0,0,0,5,0,0,6,0,0,0,0,148,0
"OTU_2389",43,0,0,0,0,24,0,0,0,0,0,0,0,21,0,0,0,0,0,0,0,0,0,0,0,0,31,0,0,0,0,0,0,0,0,12,0,0,0,0
"OTU_2390",0,0,0,0,0,0,0,0,0,0,0,9,0,0,0,0,15,0,0,0,0,0,0,0,0,0,0,8,0,0,0,0,17,0,22,20,31,0,0,0
"OTU_2393",0,0,12,0,10,0,9,0,0,0,0,0,0,0,0,0,8,0,0,0,0,0,0,0,0,6,0,13,0,0,0,0,0,17,0,0,0,0,0,3
"OTU_2394",0,0,0,0,0,0,0,9,0,0,0,0,0,0,0,0,0,8,3,0,0,0,9,0,0,0,0,0,0,0,0,0,0,0,0,0,0,16,0,11
"OTU_2399",0,0,0,0,17,0,31,0,0,0,0,0,0,9,13,0,16,0,15,0,138,0,0,0,0,0,0,0,0,8,26,0,13,0,0,0,2,25,0,0
"OTU_2400",0,0,0,0,0,0,0,0,0,0,0,0,0,0,0,0,5,17,0,0,0,0,22,0,0,0,0,0,0,0,2,0,0,0,0,0,0,16,14,18
"OTU_2401",31,15,8,0,3,0,0,0,0,0,0,0,7,0,16,0,10,0,0,0,0,0,0,0,0,0,0,9,0,0,0,0,0,0,0,0,13,0,0,0
"OTU_2402",0,0,0,11,12,0,15,12,55,10,15,0,0,0,0,0,0,0,0,0,0,0,0,0,9,15,0,0,53,28,36,0,0,0,9,0,0,0,0,0
"OTU_2403",0,0,0,0,0,0,0,4,0,0,0,0,0,0,0,4,0,0,5,0,0,0,8,0,9,0,7,0,0,0,5,9,0,19,0,12,11,0,15,0
"OTU_2405",0,2,22,0,8,0,19,10,0,0,0,0,0,0,0,0,0,0,0,0,4,0,0,16,4,44,23,13,6,13,8,0,0,0,0,0,0,0,0,0
"OTU_2407",0,20,12,0,15,0,0,0,0,0,0,11,0,8,9,0,0,0,7,0,21,0,0,0,0,0,0,8,0,0,0,0,12,6,0,0,10,0,0,9
"OTU_2408",0,0,0,0,0,0,39,11,0,0,0,0,8,22,8,0,0,51,11,5,3,49,0,0,31,0,0,0,0,0,14,0,0,27,0,0,0,0,52,0
"OTU_2409",0,0,0,0,0,0,0,0,0,0,0,22,54,21,25,0,16,0,7,0,20,10,0,0,0,0,0,0,0,0,4,0,15,30,0,46,15,0,0,0
"OTU_2410",0,24,65,0,55,0,13,0,0,0,0,0,6,0,10,0,0,0,0,0,0,0,0,3,0,59,47,20,14,4,0,0,0,4,0,26,0,0,7,0
"OTU_2412",0,0,0,0,0,0,0,0,0,0,0,0,0,0,8,0,0,0,0,0,0,0,0,13,0,0,0,0,0,0,0,0,0,0,0,0,37,8,0,0
"OTU_2414",0,0,0,0,30,0,0,0,34,0,0,0,0,0,0,0,0,0,0,0,0,0,0,0,0,0,0,40,0,0,0,0,0,0,0,12,0,0,0,35
"OTU_2415",45,0,14,0,0,5,0,0,0,0,0,0,0,0,0,0,0,0,0,0,0,0,0,0,0,0,0,20,0,0,4,0,0,0,0,0,6,0,0,0
"OTU_2416",0,0,0,0,0,0,56,6,0,0,0,0,0,0,0,0,0,0,0,0,0,0,0,13,7,0,0,0,0,0,67,0,0,0,0,0,0,0,0,0
"OTU_2417",25,0,0,0,0,7,0,0,0,0,0,0,0,20,4,0,0,0,0,0,0,0,0,5,0,0,16,9,0,0,0,0,0,0,0,49,0,0,0,0
"OTU_2418",0,0,0,0,0,0,0,0,17,0,0,0,0,0,0,7,19,12,0,0,0,0,0,0,21,0,0,0,0,0,0,0,0,0,0,0,0,14,0,12
"OTU_2419",0,0,0,0,0,0,0,5,0,89,0,0,0,6,0,0,0,0,0,0,12,0,0,0,0,0,0,0,0,0,2,12,8,0,0,0,0,0,0,0
"OTU_2420",0,0,0,0,0,0,0,15,0,0,0,0,3,0,5,0,0,0,0,0,0,0,4,0,0,0,0,0,0,0,0,0,9,0,0,0,0,0,7,0
"OTU_2421",0,0,0,0,0,7,0,32,113,14,14,0,3,0,0,0,0,0,0,0,0,0,0,0,152,0,4,0,0,0,0,34,0,0,0,0,0,0,0,0
"OTU_2422",13,22,10,0,21,0,23,0,0,0,0,0,0,0,0,0,0,0,0,0,0,0,0,64,0,13,18,78,13,0,16,0,0,0,0,0,0,0,0,0
"OTU_2423",0,3,0,0,0,18,0,29,49,7,0,7,0,0,0,0,0,0,0,0,0,0,0,0,0,0,0,0,0,0,0,0,0,9,0,0,0,0,0,0
"OTU_2425",92,0,0,0,0,131,0,0,0,0,0,0,0,0,0,0,0,0,0,0,0,0,0,24,0,0,125,0,0,0,0,0,0,0,0,0,0,0,0,0
"OTU_2427",0,0,17,0,19,0,49,16,17,0,0,0,16,0,11,0,0,0,12,2,6,0,0,0,0,0,0,34,0,0,82,0,20,0,0,0,0,12,0,0
"OTU_2430",0,0,0,0,4,0,12,0,0,0,0,0,10,0,10,0,7,0,7,0,12,0,8,0,0,6,0,6,0,0,0,0,0,16,0,2,0,0,0,8
"OTU_2431",0,0,0,4,12,0,11,0,0,0,0,0,11,0,0,0,0,0,0,0,6,0,0,0,0,0,0,0,0,0,0,0,0,5,0,0,7,0,0,0
"OTU_2432",0,0,0,0,0,0,0,0,0,0,0,0,0,0,0,0,2,27,0,0,0,3,18,0,0,0,0,0,0,0,0,0,0,0,0,0,0,19,0,0
"OTU_2433",0,0,0,0,0,0,0,0,0,0,0,0,0,0,0,0,1,16,0,0,0,0,11,0,0,0,0,0,0,0,0,0,0,0,0,0,0,2,0,27
"OTU_2434",0,4,0,0,0,0,0,0,0,0,0,0,0,4,0,0,0,0,0,0,0,0,0,0,0,7,0,36,0,0,0,0,2,0,0,12,0,0,0,0
"OTU_2436",0,5,16,0,0,0,0,0,0,0,0,0,0,0,0,0,0,0,0,0,0,0,0,0,0,13,0,13,0,0,0,0,0,0,0,3,22,0,0,7
"OTU_2437",0,0,0,6,0,0,6,24,16,19,11,0,2,0,0,0,0,0,22,0,28,0,0,0,16,9,0,15,40,97,20,39,0,0,0,0,0,0,0,0
"OTU_2440",0,0,0,0,0,0,10,74,171,21,0,0,0,0,0,0,0,0,0,0,0,0,0,0,0,13,74,0,0,0,0,6,0,0,0,0,0,0,0,0
"OTU_2441",0,0,4,0,4,0,0,0,0,0,0,0,6,0,8,0,0,0,13,0,2,6,0,0,0,0,0,0,0,0,0,0,10,4,6,0,0,17,20,19
"OTU_2442",0,0,0,0,11,0,0,0,0,0,0,0,0,0,0,16,0,25,0,8,0,0,25,0,0,0,0,0,0,0,0,0,0,0,0,0,0,0,0,0
"OTU_2443",0,0,0,0,0,0,0,0,0,0,0,0,11,0,15,0,22,19,14,0,19,0,23,0,0,0,0,0,0,0,12,0,0,16,9,0,0,10,3,27
"OTU_2445",0,0,25,12,0,0,72,9,0,53,0,0,0,0,0,6,0,0,7,37,5,0,22,0,11,0,0,8,14,0,0,24,0,0,0,0,0,0,51,12
"OTU_2446",0,0,0,0,0,0,0,0,12,0,5,0,0,0,0,0,0,0,0,0,0,0,0,0,331,0,0,0,0,0,0,20,0,0,0,0,0,0,0,0
"OTU_2448",0,0,0,0,0,0,0,0,0,0,0,0,0,0,0,0,0,20,7,0,0,0,0,0,0,0,0,0,0,0,0,0,0,6,0,0,0,0,1,0
"OTU_2450",92,12,0,0,19,98,20,14,6,0,0,0,0,13,0,0,10,0,0,0,0,0,0,16,0,21,13,12,10,0,10,0,0,0,0,0,0,0,0,0
"OTU_2451",23,21,40,12,0,0,16,45,32,0,0,0,0,0,0,0,0,0,0,0,0,0,0,0,0,6,0,0,0,0,122,0,0,0,0,0,0,0,0,22
"OTU_2452",0,0,0,0,0,0,0,0,33,0,0,0,0,0,0,6,0,0,0,0,0,0,0,0,6,0,0,0,0,0,0,0,8,5,0,0,0,0,0,8
"OTU_2454",0,0,11,0,0,0,0,0,0,0,0,0,0,0,5,12,0,0,4,0,0,0,0,0,0,0,0,0,0,0,0,0,6,4,0,0,8,0,0,0
"OTU_2456",0,0,0,0,3,0,0,0,11,12,0,0,8,0,0,0,0,0,0,0,10,0,0,17,6,0,0,5,30,15,0,0,0,0,0,0,17,0,5,0
"OTU_2457",3,5,0,0,0,0,0,34,37,0,0,0,0,0,0,0,0,0,0,0,0,0,0,0,0,9,14,10,0,61,0,90,0,0,0,0,0,0,0,0
"OTU_2459",20,0,4,0,8,0,10,18,0,0,0,0,0,0,8,0,0,0,8,0,0,0,0,0,0,15,18,38,0,8,67,10,14,7,0,0,8,0,0,0
"OTU_2462",0,0,0,0,0,0,7,0,0,0,0,0,0,0,0,0,0,10,0,0,0,6,2,0,0,5,0,0,0,0,44,0,4,0,0,0,0,6,0,2
"OTU_2463",0,0,0,0,0,0,0,0,0,0,0,0,0,0,0,0,0,0,0,47,0,0,12,0,0,0,0,0,0,0,0,0,0,0,77,0,10,0,16,0
"OTU_2464",0,0,0,0,0,0,0,0,0,0,0,0,0,31,18,0,9,0,0,0,0,0,0,0,0,0,0,0,0,0,0,0,9,24,19,42,38,0,0,0
"OTU_2465",0,0,0,0,0,0,0,13,0,0,0,0,25,0,0,12,0,0,0,0,12,0,5,0,0,13,0,0,0,0,26,0,0,22,3,0,0,28,0,26
"OTU_2466",23,14,0,0,0,0,78,0,0,0,0,0,0,0,0,0,0,0,0,0,0,0,0,0,0,0,0,0,0,0,21,0,0,0,0,0,0,0,0,0
"OTU_2467",5,1,10,0,13,0,4,0,0,0,0,2,0,3,3,0,0,0,7,0,6,3,0,0,0,0,0,4,4,0,4,0,8,0,0,8,8,11,5,0
"OTU_2468",0,0,4,0,0,0,0,0,0,0,0,0,0,0,0,13,0,9,0,0,9,0,0,0,0,0,0,0,0,0,0,0,5,0,0,0,28,19,0,6
"OTU_2469",22,11,0,0,0,6,7,0,13,0,0,0,0,0,0,0,0,0,0,0,0,0,0,0,0,35,180,0,0,0,0,0,2,16,0,0,0,0,0,0
"OTU_2472",0,0,0,0,0,0,0,0,0,11,0,0,0,0,0,7,0,0,0,0,0,0,0,0,0,0,0,0,17,0,0,0,10,0,0,0,0,0,0,23
"OTU_2475",16,64,21,0,10,0,10,15,33,0,0,0,0,0,0,0,0,0,8,0,0,0,5,0,34,8,6,0,3,6,15,13,8,5,0,0,0,0,0,0
"OTU_2476",0,0,0,0,0,160,0,0,0,0,0,0,0,0,0,0,0,21,0,6,0,0,0,0,8,0,0,0,0,0,0,0,0,0,0,0,0,7,0,0
"OTU_2477",0,39,0,0,0,0,0,44,42,144,49,0,0,0,0,0,0,0,0,0,0,0,0,0,42,0,0,0,0,0,0,0,0,0,0,0,0,0,0,0
"OTU_2480",0,0,0,0,0,0,0,0,0,0,0,0,0,0,0,0,0,17,10,0,0,0,11,0,0,0,0,0,6,0,0,0,0,0,0,0,16,4,12,8
"OTU_2481",0,0,0,0,6,0,0,13,100,25,0,0,0,0,0,0,0,0,0,0,0,0,0,0,0,0,2,7,0,0,0,10,0,0,0,0,0,0,0,0
"OTU_2482",0,0,0,0,0,0,0,0,0,0,0,0,0,11,0,0,3,0,0,0,0,0,0,0,0,0,0,0,0,0,0,0,0,0,3,7,0,0,0,0
"OTU_2484",0,0,0,0,0,0,0,19,0,2,184,0,0,0,0,0,0,0,0,0,0,0,0,0,117,0,0,0,0,0,0,36,0,0,0,0,0,0,0,0
"OTU_2485",0,0,0,90,0,0,0,0,0,0,30,0,0,0,0,0,0,0,38,0,0,0,0,0,0,18,0,0,0,0,0,138,0,0,0,0,0,0,0,0
"OTU_2486",130,0,0,4,0,17,0,0,0,0,0,0,0,0,0,0,0,0,0,0,0,0,0,0,0,8,13,0,0,0,0,0,0,0,0,0,0,0,0,0
"OTU_2488",18,5,104,0,17,0,0,0,0,0,0,0,0,0,3,0,0,0,0,0,0,0,0,5,0,0,10,0,0,0,0,0,0,5,0,0,5,0,0,0
"OTU_2489",0,4,0,0,0,0,0,0,0,0,0,0,0,3,11,0,0,0,0,0,0,0,0,0,0,0,0,0,0,0,0,0,19,0,0,8,26,0,0,0
"OTU_2490",0,0,3,0,9,0,0,0,0,0,0,5,16,7,8,0,21,16,4,0,0,11,27,0,0,0,0,0,0,0,0,0,0,15,13,19,2,24,9,44
"OTU_2492",0,0,34,9,0,0,0,0,0,0,0,0,12,0,0,40,0,0,14,53,55,0,59,0,0,0,0,0,0,0,0,0,14,14,0,0,17,0,25,0
"OTU_2493",19,9,20,0,7,11,23,32,0,0,0,0,0,0,0,0,0,0,11,0,0,0,7,0,0,13,21,0,0,0,55,25,19,0,19,0,17,11,11,3
"OTU_2495",0,0,26,0,0,0,0,0,0,0,0,0,0,18,11,0,0,0,0,0,0,0,0,0,0,0,0,0,0,0,0,0,0,0,0,10,0,0,9,0
"OTU_2496",33,22,21,0,0,0,0,0,0,0,0,0,0,0,10,0,0,0,0,0,3,0,0,15,0,28,34,6,21,0,10,0,8,0,0,0,20,0,0,0
"OTU_2497",0,12,17,0,0,0,0,0,0,0,0,0,0,7,0,0,0,0,0,0,0,0,0,0,0,11,0,0,0,0,0,0,15,0,0,8,0,17,0,0
"OTU_2498",0,0,0,0,1,0,0,0,0,0,0,0,24,6,5,0,19,0,0,0,0,14,0,3,0,0,0,0,0,0,0,0,1,0,14,9,5,0,0,0
"OTU_2506",0,0,50,0,63,0,27,0,0,0,0,0,16,0,15,0,29,0,21,0,9,5,0,0,0,0,0,0,18,0,33,0,23,27,0,16,0,0,0,0
"OTU_2507",0,0,0,0,0,0,0,0,0,0,0,0,0,0,0,6,0,14,0,0,0,0,8,0,0,0,0,0,6,0,0,0,0,0,0,0,0,0,0,5
"OTU_2508",0,0,0,0,0,96,35,36,44,45,0,0,0,0,0,0,0,0,0,0,0,0,0,2,33,19,0,0,41,0,0,0,0,0,0,0,0,0,0,0
"OTU_2509",12,36,27,0,20,2,0,0,0,0,0,12,0,35,8,0,17,0,0,0,0,0,0,4,0,15,0,0,25,0,0,0,0,0,0,0,0,0,0,0
"OTU_2510",0,0,0,0,0,0,0,0,0,202,0,0,0,0,0,0,0,0,73,28,7,0,0,0,0,0,0,0,0,23,0,18,0,0,0,0,0,0,0,0
"OTU_2516",0,0,0,30,0,0,0,0,33,49,73,0,0,0,0,0,0,0,0,0,0,0,0,0,50,0,0,19,0,0,0,95,0,0,0,0,0,0,0,0
"OTU_2518",0,0,0,0,0,0,0,0,0,0,7,6,0,0,0,0,16,0,60,26,27,13,46,0,0,0,0,0,0,0,0,16,0,7,31,0,0,6,10,0
"OTU_2521",37,35,22,0,0,7,0,14,8,0,0,0,0,0,0,0,0,0,33,0,58,0,0,0,0,0,0,30,9,0,12,0,13,12,0,0,0,0,13,0
"OTU_2522",34,17,0,0,0,6,14,0,20,0,19,0,0,0,0,0,6,0,0,0,0,0,0,15,0,51,51,18,0,0,9,0,0,0,0,0,0,0,0,0
"OTU_2523",0,0,0,0,0,0,0,0,0,0,0,26,35,0,32,0,44,0,38,0,34,28,36,0,0,0,0,0,0,0,0,0,0,67,0,8,0,0,0,0
"OTU_2525",0,0,24,0,12,0,0,0,0,0,0,16,5,0,0,0,8,0,0,0,0,0,0,0,0,0,0,0,0,0,0,0,0,0,0,0,0,9,0,0
"OTU_2528",0,0,0,0,0,0,0,9,8,0,26,4,3,0,10,0,37,2,0,0,3,9,0,0,5,0,0,0,0,0,0,76,0,1,0,0,0,0,7,3
"OTU_2529",27,0,0,0,0,0,0,37,31,46,45,0,0,0,0,0,0,0,0,0,0,0,0,0,19,17,38,0,39,0,0,48,0,0,0,0,0,0,0,0
"OTU_2531",25,0,6,0,0,10,8,0,0,0,4,0,0,0,6,0,0,0,0,0,0,0,0,0,0,7,27,0,7,33,0,188,0,8,0,0,12,0,0,0
"OTU_2532",0,11,14,0,5,0,0,0,0,0,0,0,0,0,0,7,0,31,0,0,0,0,3,0,0,0,0,0,0,0,0,0,0,0,0,0,0,0,0,0
"OTU_2534",63,28,0,0,16,21,0,38,19,0,14,0,0,0,5,0,0,0,32,0,0,7,0,0,0,19,54,0,0,10,12,0,0,4,0,4,0,0,0,0
"OTU_2535",0,0,0,0,0,0,0,0,0,0,0,0,0,0,30,0,0,6,0,0,0,0,0,0,0,0,0,0,8,0,0,0,0,0,15,0,0,6,0,0
"OTU_2536",190,0,0,0,0,0,0,0,11,0,0,0,0,0,0,0,0,0,0,0,0,0,0,0,0,35,110,0,0,0,0,0,0,0,0,0,0,0,0,0
"OTU_2537",0,0,0,83,0,0,0,0,0,68,0,0,0,0,0,0,0,0,0,6,9,0,0,152,0,0,0,0,0,1,0,27,0,0,0,0,0,0,0,0
"OTU_2538",0,0,0,0,0,0,0,0,0,0,0,0,0,0,0,0,0,5,5,0,0,0,1,0,0,0,0,0,0,0,0,0,0,0,12,0,0,0,24,0
"OTU_2539",0,0,0,0,0,0,0,0,0,0,0,9,10,0,0,0,0,12,0,0,0,0,6,0,0,0,0,0,0,0,0,0,0,0,0,0,7,0,9,20
"OTU_2542",0,57,0,0,0,0,7,0,0,0,0,0,11,0,0,0,0,0,0,0,0,0,0,0,0,180,0,15,32,0,0,0,0,5,0,0,0,0,2,0
"OTU_2543",0,0,0,0,0,9,0,0,0,0,0,0,14,3,0,19,0,8,0,0,0,0,0,0,0,0,0,0,0,0,0,0,0,0,0,0,0,0,0,0
"OTU_2546",0,0,0,0,0,84,27,29,16,0,0,0,0,0,0,0,0,0,0,0,0,0,0,0,31,0,25,0,0,0,0,0,0,0,0,0,0,0,0,0
"OTU_2547",0,0,0,0,0,0,0,0,0,0,0,0,0,5,0,0,0,0,0,0,0,0,0,0,0,0,0,0,6,0,0,0,15,0,0,4,6,0,0,0
"OTU_2550",0,24,0,0,12,0,0,55,0,26,0,0,0,0,0,0,0,0,0,0,0,0,0,145,0,37,0,0,45,0,0,0,0,0,0,0,0,0,0,0
"OTU_2552",0,0,0,0,22,0,0,0,0,0,0,0,0,0,0,3,0,8,0,0,0,6,0,0,0,0,0,0,0,0,0,0,0,23,0,7,0,31,5,0
"OTU_2554",0,0,0,0,0,0,0,0,0,0,0,0,0,0,0,0,7,9,14,0,0,0,19,0,0,0,0,3,0,0,0,0,0,16,9,0,5,0,0,12
"OTU_2558",0,36,23,0,24,0,0,0,0,0,0,0,0,6,12,6,0,0,0,0,0,9,0,0,0,19,0,0,0,0,0,0,11,13,0,48,13,0,0,8
"OTU_2559",0,0,25,0,15,0,0,0,0,0,0,0,0,0,11,0,14,0,0,0,0,0,0,0,0,8,0,12,0,0,0,0,18,0,0,31,0,0,0,0
"OTU_2562",0,0,13,0,0,0,0,0,0,0,0,0,0,11,0,0,18,0,0,0,0,0,9,0,0,0,0,0,0,0,16,0,5,0,0,0,0,0,0,0
"OTU_2563",0,10,16,0,16,0,87,11,0,0,0,0,0,4,0,0,0,15,0,0,0,0,0,16,0,11,0,11,56,26,23,0,0,0,0,17,0,0,0,0
"OTU_2565",0,0,0,0,0,25,0,12,0,28,0,0,0,0,0,0,0,0,17,0,0,0,19,0,14,0,0,0,0,0,48,0,0,0,15,0,0,0,0,0
"OTU_2566",0,0,0,0,0,0,181,0,0,0,0,0,0,0,0,33,0,0,0,0,0,0,0,0,0,0,0,0,0,0,17,0,0,0,0,15,28,0,0,0
"OTU_2568",0,19,0,0,0,0,0,0,0,0,0,0,0,0,0,0,0,0,0,0,0,0,0,0,0,0,0,0,0,0,0,0,0,2,4,2,0,0,0,0
"OTU_2569",0,0,0,0,35,0,0,0,0,0,0,0,0,0,101,13,0,0,0,0,0,0,0,0,0,0,0,0,0,0,0,0,9,20,16,0,7,11,0,0
"OTU_2570",0,0,0,0,0,0,0,0,0,0,0,0,6,0,8,0,0,0,0,0,0,7,22,0,0,0,0,0,0,0,0,0,0,5,6,0,0,17,0,28
"OTU_2572",0,0,0,0,0,45,8,11,16,39,0,0,30,36,15,0,0,0,0,0,0,25,17,0,0,10,0,0,27,0,0,0,0,0,0,0,0,0,0,0
"OTU_2577",0,0,12,0,0,0,12,0,0,0,0,0,0,0,0,0,0,4,0,0,0,0,0,0,0,0,0,45,0,0,0,0,8,3,5,3,10,7,7,0
"OTU_2579",0,0,0,0,0,141,67,0,38,0,38,0,0,0,0,0,0,0,0,0,0,0,0,0,55,0,0,0,0,0,0,0,0,0,0,0,0,0,0,0
"OTU_2580",0,0,0,0,0,0,0,0,0,0,0,0,0,0,0,5,0,0,0,0,0,0,0,0,0,0,0,0,0,0,0,0,0,5,0,0,19,2,5,7
"OTU_2581",0,0,0,0,40,0,0,30,0,0,0,0,0,0,0,0,0,0,0,0,0,0,0,78,40,14,0,42,47,9,39,0,0,0,0,0,0,0,0,0
"OTU_2582",0,0,0,8,9,16,0,0,0,0,0,0,0,16,0,0,10,10,9,0,0,12,9,17,16,0,0,0,39,0,0,0,0,22,15,8,0,10,7,12
"OTU_2583",0,0,6,0,0,28,3,0,0,0,0,0,0,0,0,0,0,11,0,0,0,0,0,0,0,0,8,0,0,0,0,0,0,0,0,0,0,29,0,0
"OTU_2584",0,0,0,0,8,0,0,0,0,0,0,16,14,0,10,0,21,0,0,0,0,4,4,0,0,0,0,0,0,0,0,0,0,14,0,3,0,0,14,15
"OTU_2586",0,0,0,0,0,0,26,0,8,0,0,0,0,10,0,0,0,0,23,62,0,0,0,0,59,0,0,0,0,0,0,150,0,0,0,0,0,0,0,0
"OTU_2587",0,19,16,91,11,0,7,0,0,0,0,0,6,0,0,0,0,0,0,0,59,0,0,11,0,0,0,0,95,0,0,0,0,0,0,7,0,0,0,0
"OTU_2588",0,0,0,0,6,0,0,0,0,33,0,0,0,0,0,23,0,0,22,0,0,0,0,0,0,2,0,0,0,6,0,0,4,0,0,22,4,0,7,0
"OTU_2589",0,0,0,0,0,0,0,0,0,0,0,0,0,0,0,0,0,13,16,17,16,0,6,0,12,0,0,0,17,0,0,0,0,0,0,0,23,0,36,13
"OTU_2590",0,0,0,0,0,0,16,0,0,0,0,0,0,0,0,0,7,0,0,0,0,6,0,0,0,0,0,0,0,0,0,0,0,0,0,0,19,0,11,3
"OTU_2591",24,9,8,0,0,0,11,29,18,0,0,0,0,0,0,0,0,0,0,17,0,0,0,0,0,12,0,0,0,25,56,128,0,0,0,0,0,0,0,0
"OTU_2592",0,0,0,0,54,0,0,0,0,0,0,0,0,36,35,0,44,0,0,0,53,0,0,0,0,0,0,0,0,0,0,0,0,0,0,115,0,0,0,0
"OTU_2596",0,0,0,0,0,0,0,0,0,0,0,0,0,0,0,0,10,0,0,0,8,8,10,0,0,0,0,0,0,0,0,0,8,0,16,0,0,0,12,17
"OTU_2600",0,0,0,3,4,0,0,0,0,0,0,0,0,0,0,0,0,0,6,0,0,4,0,0,0,0,0,0,0,0,0,0,0,0,0,0,31,0,20,0
"OTU_2603",0,0,0,0,35,0,0,0,19,13,41,0,0,0,0,0,0,0,0,0,0,0,0,0,25,29,0,72,57,0,0,0,0,0,0,0,0,0,0,0
"OTU_2604",79,46,46,0,0,22,0,0,0,0,0,0,0,0,0,9,0,0,0,0,0,0,0,0,85,0,0,17,0,0,0,0,0,0,0,0,0,0,0,23
"OTU_2605",0,0,0,147,0,0,0,0,0,72,0,0,0,0,0,0,0,0,0,0,0,0,0,21,31,0,0,0,0,63,0,0,0,0,0,0,0,0,0,0
"OTU_2606",14,200,18,0,8,9,0,0,0,0,0,0,0,0,11,0,0,0,0,0,0,0,0,23,0,0,25,0,7,0,0,0,0,0,0,19,0,0,0,0
"OTU_2609",0,0,0,0,0,0,0,0,0,0,0,0,0,12,0,0,0,0,0,0,0,0,0,0,0,0,0,0,0,0,0,0,0,0,7,0,16,11,0,0
"OTU_2610",74,0,0,0,0,59,0,0,0,0,0,0,0,0,0,0,0,0,0,0,0,0,0,16,0,0,175,8,0,0,0,0,0,0,0,0,0,0,0,0
"OTU_2613",0,0,0,0,0,0,0,0,0,0,0,0,0,0,0,0,0,32,0,10,0,0,12,0,0,0,0,0,0,0,0,0,0,0,0,0,0,12,0,24
"OTU_2618",0,0,0,0,0,14,0,0,0,0,0,0,0,14,0,17,0,0,0,0,0,13,0,0,4,0,0,0,25,0,0,0,0,21,0,0,0,0,0,0
"OTU_2619",0,0,0,0,0,0,0,0,0,0,0,0,0,0,0,0,0,0,0,0,0,0,0,0,0,25,0,0,17,0,0,0,0,0,0,1,4,0,0,1
"OTU_2622",0,0,0,0,0,0,0,0,0,0,45,0,0,0,0,0,0,0,0,0,9,0,0,0,41,0,4,0,0,0,0,0,46,0,92,0,0,0,0,0
"OTU_2624",78,9,21,8,24,0,0,0,0,0,0,0,0,0,0,0,0,7,7,0,0,0,0,32,0,0,0,28,41,0,0,0,0,0,0,0,0,0,6,0
"OTU_2626",0,12,0,0,13,0,0,7,0,0,0,0,9,0,0,0,0,0,3,0,0,0,0,0,0,36,0,0,0,0,15,0,0,0,0,9,0,0,0,0
"OTU_2629",0,0,0,0,0,0,0,0,0,0,0,0,0,0,0,0,0,0,0,0,0,0,0,0,0,0,0,7,0,11,10,0,0,0,0,7,0,8,0,0
"OTU_2630",19,0,0,0,0,11,0,16,14,0,0,0,0,0,0,0,0,0,0,0,0,0,25,0,12,0,7,0,0,0,10,28,10,0,0,6,0,18,0,9
"OTU_2631",0,0,0,0,0,5,0,52,64,0,0,12,45,12,23,0,7,0,8,0,36,0,10,0,0,1,0,0,6,0,0,0,0,0,21,20,0,0,0,6
"OTU_2632",0,0,0,0,0,0,0,0,8,0,39,0,0,0,0,0,0,0,0,0,0,0,0,0,73,0,0,0,0,191,0,17,0,0,0,0,0,0,0,0
"OTU_2635",0,0,0,27,28,0,35,0,0,0,0,0,38,0,0,0,0,0,0,0,0,0,0,35,0,0,0,14,50,26,19,0,0,0,0,55,0,0,0,0
"OTU_2636",0,0,21,0,50,0,44,0,0,0,0,8,19,0,15,0,54,0,0,0,10,0,0,0,0,13,0,20,0,0,19,0,0,21,0,12,0,0,0,5
"OTU_2639",0,0,0,0,0,0,0,0,0,0,8,0,6,0,0,0,0,13,10,0,0,0,26,0,0,8,0,0,0,0,0,3,9,5,9,0,12,13,30,10
"OTU_2643",0,0,0,0,0,0,19,0,0,0,0,0,0,0,0,0,0,0,0,0,19,0,0,0,10,0,0,7,0,0,8,0,2,5,0,0,0,15,7,0
"OTU_2646",0,0,0,0,0,0,66,0,0,0,0,0,0,0,0,0,0,0,0,0,0,0,0,0,0,0,0,13,0,0,0,0,0,0,0,0,7,0,0,10
"OTU_2648",68,53,5,0,0,0,0,0,0,0,0,0,0,0,0,0,0,0,0,0,0,0,0,0,0,80,70,19,30,0,0,0,0,0,0,0,0,0,0,0
"OTU_2649",0,0,0,0,6,0,0,0,0,0,0,0,0,0,0,0,0,0,0,0,0,0,0,0,0,6,0,143,0,0,35,0,16,0,0,0,0,0,0,0
"OTU_2650",0,0,0,0,0,0,0,0,0,134,0,0,0,0,0,0,0,0,0,0,0,0,0,0,48,0,0,0,43,0,0,99,0,0,0,0,0,0,0,0
"OTU_2651",0,0,0,0,0,0,0,43,197,21,37,0,0,0,0,0,0,0,0,0,0,0,0,0,21,0,0,0,0,0,0,0,0,0,0,0,0,0,0,0
"OTU_2652",3,23,2,0,3,0,8,6,0,0,0,4,0,0,0,0,2,0,0,0,0,0,0,0,0,10,0,16,0,0,2,0,0,0,0,2,3,0,2,0
"OTU_2654",0,0,0,0,0,13,0,3,0,6,0,0,0,0,6,0,0,0,0,0,0,33,0,0,0,0,0,0,15,0,0,0,0,0,0,0,0,0,0,0
"OTU_2655",0,0,0,0,0,0,0,0,30,39,29,0,0,0,0,0,0,0,0,7,0,0,0,0,87,0,0,0,0,110,0,21,0,0,0,0,0,0,0,0
"OTU_2656",0,26,52,0,11,0,0,0,0,0,0,0,0,15,7,21,0,12,0,0,0,0,0,0,0,32,0,0,7,0,0,0,0,2,0,5,22,13,0,0
"OTU_2659",0,0,7,0,0,0,0,0,0,0,0,0,0,0,14,0,0,0,0,0,0,0,0,0,0,0,0,7,0,0,37,0,18,3,0,0,19,13,8,27
"OTU_2660",40,0,0,0,0,0,0,0,0,0,0,10,0,0,5,0,14,0,0,0,0,0,0,0,6,0,0,2,5,6,6,0,19,19,11,0,0,8,2,0
"OTU_2661",14,0,0,0,0,40,27,31,8,29,10,0,0,0,11,0,0,0,0,0,10,9,29,0,11,0,0,0,6,0,23,0,0,0,0,0,0,7,0,25
"OTU_2662",0,10,13,0,0,0,0,14,11,0,0,9,23,0,19,0,0,0,0,0,23,0,0,16,0,23,0,45,64,0,0,0,0,0,0,52,0,0,0,0
"OTU_2667",0,0,0,0,0,0,0,0,0,0,0,0,0,0,0,10,0,0,0,0,0,0,0,0,0,0,0,0,0,0,0,0,0,10,0,0,0,13,0,21
"OTU_2670",13,0,0,0,0,0,0,23,0,0,33,0,0,0,0,0,0,0,0,2,0,0,0,0,20,0,0,0,0,0,0,0,0,0,0,0,0,0,0,0
"OTU_2672",0,0,0,81,0,0,0,0,0,0,0,0,0,0,0,0,0,0,0,0,0,0,0,63,25,0,0,0,151,0,0,0,0,0,0,0,0,0,0,0
"OTU_2673",0,28,72,0,0,0,8,53,5,0,0,0,18,0,0,0,0,0,0,0,0,0,0,0,0,0,0,17,6,13,8,0,0,0,0,45,0,0,0,0
"OTU_2674",0,0,0,0,0,0,0,6,0,7,0,0,15,0,0,0,4,42,0,58,0,0,25,0,0,0,0,0,5,0,0,0,9,0,7,0,0,19,0,0
"OTU_2675",0,0,0,0,0,8,0,5,0,0,0,0,0,0,0,15,0,0,6,0,0,0,1,0,10,0,0,0,0,7,11,0,0,0,0,3,0,3,0,0
"OTU_2676",8,0,2,0,0,21,4,24,183,7,0,0,0,0,0,0,0,0,0,0,0,0,0,12,0,24,0,0,35,0,0,0,0,0,0,0,0,0,0,0
"OTU_2680",0,0,9,4,15,0,32,0,0,0,0,0,18,0,0,0,14,11,3,36,51,7,17,0,0,0,0,0,0,0,0,0,0,11,0,0,0,10,0,0
"OTU_2681",0,0,0,0,0,0,0,0,13,115,27,0,0,0,0,0,0,0,0,0,0,0,0,26,29,0,0,18,0,58,34,0,0,0,0,0,0,0,0,0
"OTU_2683",0,0,20,0,6,0,0,35,0,0,0,0,9,0,0,0,0,0,0,0,5,0,0,6,0,19,0,19,31,35,32,24,0,0,0,14,0,0,0,0
"OTU_2685",0,4,9,0,0,0,0,0,0,0,0,0,0,0,0,0,0,0,3,0,0,0,0,0,0,1,0,0,0,0,7,0,0,0,0,0,0,0,0,0
"OTU_2688",0,0,0,0,0,0,0,0,0,0,0,0,0,0,0,0,5,12,0,4,0,4,15,0,0,0,0,0,0,0,0,0,0,0,3,0,0,11,0,9
"OTU_2689",0,14,0,0,0,0,0,9,29,33,17,0,0,0,0,0,0,0,0,0,0,0,0,0,156,0,0,0,0,6,3,51,0,0,0,0,0,0,0,0
"OTU_2690",5,0,0,0,0,8,0,0,0,0,0,0,0,0,0,0,0,0,0,0,0,0,0,0,2,0,167,0,0,0,0,0,0,0,0,0,0,0,0,0
"OTU_2693",0,0,0,0,3,0,3,10,0,0,0,0,0,0,17,0,2,2,0,0,0,0,5,6,0,0,0,0,1,0,7,0,3,0,0,0,11,0,3,5
"OTU_2694",0,0,0,0,0,0,0,0,0,0,0,0,0,0,0,8,7,10,0,9,0,5,0,0,0,0,0,0,0,0,0,0,0,0,0,0,5,13,23,6
"OTU_2695",0,0,0,0,0,0,0,0,0,0,0,15,0,0,0,0,48,0,0,0,0,19,27,0,0,0,0,0,0,0,0,0,0,25,0,0,0,0,0,14
"OTU_2698",0,10,21,0,36,0,5,28,0,0,0,0,0,0,0,0,7,0,0,0,0,0,12,0,0,0,0,19,14,0,11,0,0,3,0,0,0,5,0,0
"OTU_2699",27,0,0,0,0,0,0,0,0,0,0,0,0,26,12,0,9,0,5,0,0,5,0,0,0,0,13,0,0,0,0,0,8,12,0,20,0,0,35,0
"OTU_2700",0,0,0,0,0,0,0,0,4,0,0,1,0,2,0,0,0,1,0,0,0,0,0,13,8,6,4,0,2,0,0,0,0,2,0,0,35,1,3,0
"OTU_2701",0,0,29,0,4,0,0,0,0,0,0,0,0,7,0,0,8,0,20,0,0,0,0,0,0,0,0,17,0,0,0,0,27,9,63,9,0,32,13,0
"OTU_2702",0,0,10,0,10,0,13,13,15,0,15,0,0,0,0,0,0,0,0,0,0,0,0,0,23,30,14,0,0,0,16,0,0,0,0,0,0,0,0,0
"OTU_2706",0,0,0,0,0,0,0,24,183,0,12,0,0,0,0,0,0,0,0,0,0,0,0,0,0,6,88,0,0,3,0,0,0,0,0,0,0,0,0,0
"OTU_2708",0,0,7,0,0,0,0,0,0,0,0,0,0,0,0,0,0,0,0,0,0,0,0,0,0,0,0,0,0,0,0,0,0,8,0,0,13,0,7,0
"OTU_2710",0,21,0,0,0,0,27,0,0,0,0,0,16,0,0,0,0,0,0,0,0,0,0,0,0,0,0,32,24,0,21,0,0,0,0,0,0,0,0,22
"OTU_2712",0,0,14,0,0,45,15,14,27,0,0,0,8,0,15,0,15,0,27,0,0,11,11,0,0,0,0,0,0,0,0,0,0,17,7,0,0,9,0,10
"OTU_2713",0,0,0,0,0,0,0,0,0,0,52,0,0,0,0,0,0,184,4,23,0,0,0,10,0,0,0,0,0,0,0,0,0,0,0,0,0,0,0,0
"OTU_2715",0,0,0,0,0,0,0,0,0,0,0,0,0,0,0,22,0,0,0,0,0,0,0,0,0,0,0,0,0,0,0,0,26,0,0,0,27,6,0,11
"OTU_2716",0,16,7,0,8,12,28,0,17,0,10,0,0,0,0,0,0,0,0,0,0,0,0,51,20,0,28,65,5,5,0,7,0,0,0,0,0,0,0,0
"OTU_2717",0,0,0,0,0,0,0,0,0,0,0,0,0,0,0,0,0,37,0,4,0,0,10,0,0,0,0,0,0,0,0,0,32,7,0,0,8,15,0,0
"OTU_2718",0,50,0,0,0,0,0,0,18,0,0,0,0,0,0,4,0,0,0,0,0,0,23,0,0,32,0,19,0,0,0,0,0,5,0,0,11,18,0,28
"OTU_2719",0,0,0,0,0,0,0,0,0,0,0,0,24,73,27,0,27,0,35,22,18,0,0,0,0,0,0,0,0,0,0,0,0,0,0,88,0,0,0,0
"OTU_2722",0,7,0,0,13,0,0,0,0,0,0,0,0,0,0,0,22,0,0,0,0,0,10,0,0,8,0,12,0,0,11,0,17,13,0,0,0,9,15,11
"OTU_2723",10,19,0,0,0,6,0,0,0,0,0,0,0,0,2,0,0,0,0,0,0,0,0,0,0,0,0,6,0,0,0,0,3,12,0,11,0,3,0,0
"OTU_2724",0,0,0,83,0,6,7,7,0,91,15,0,0,0,0,0,0,19,8,20,0,0,0,15,17,0,9,8,0,0,0,8,0,0,0,0,0,0,0,0
"OTU_2727",0,0,0,0,0,0,0,0,0,0,0,0,0,0,6,0,0,0,0,0,0,0,0,0,0,0,0,0,0,0,43,0,0,2,0,0,0,22,0,0
"OTU_2728",0,0,0,0,0,0,0,0,0,0,0,0,0,0,0,0,54,0,0,0,25,22,4,0,0,0,0,0,0,0,0,0,27,39,24,11,0,0,89,18
"OTU_2735",0,1,0,0,6,0,10,0,3,0,37,0,0,0,0,0,5,0,0,0,13,0,0,0,75,27,0,2,23,1,34,0,0,0,0,0,0,0,2,0
"OTU_2736",3,0,0,0,19,0,0,10,0,0,0,0,0,0,0,0,0,0,0,0,16,2,0,0,33,0,0,0,0,0,33,0,0,0,0,0,0,9,0,29
"OTU_2737",8,0,0,0,21,0,11,26,22,3,0,0,0,0,0,0,0,0,10,0,26,0,0,0,0,48,0,36,33,11,56,0,0,0,0,0,0,0,0,0
"OTU_2738",0,28,13,0,8,0,10,16,22,0,0,0,0,15,0,0,0,0,8,0,0,0,0,0,0,91,0,0,0,9,18,11,0,0,0,6,4,0,5,0
"OTU_2739",14,74,27,0,33,0,23,0,0,0,0,0,0,0,0,0,0,0,24,0,0,0,0,0,0,0,36,27,17,0,0,0,25,0,0,0,0,0,0,0
"OTU_2740",0,0,0,0,0,0,0,0,0,0,4,0,0,0,0,5,0,0,0,0,0,0,0,0,0,0,0,18,0,0,12,0,0,0,0,0,4,3,0,0
"OTU_2741",0,0,0,0,0,5,29,14,0,22,33,0,0,0,0,0,0,0,0,0,0,7,22,7,10,0,0,0,9,0,115,0,14,7,13,0,0,0,0,3
"OTU_2743",0,0,0,0,7,0,7,0,0,0,0,3,9,0,0,0,0,0,0,0,0,0,0,0,0,6,0,43,0,0,5,0,11,0,0,6,0,0,0,0
"OTU_2744",21,0,18,0,0,0,0,13,0,0,0,0,0,0,0,0,0,0,0,0,0,0,0,0,0,5,0,10,0,146,19,9,0,0,0,0,46,0,11,0
"OTU_2746",0,0,0,49,0,0,0,11,0,61,41,0,0,0,0,0,0,0,0,23,5,0,0,54,18,0,0,0,25,0,0,15,0,0,7,0,0,0,0,0
"OTU_2751",0,0,7,0,0,0,0,0,0,0,0,0,0,0,0,0,2,0,0,0,13,0,9,0,0,0,0,0,0,0,0,0,10,24,14,0,12,14,10,0
"OTU_2752",19,18,0,0,18,17,5,30,26,12,0,6,16,0,0,0,0,0,8,0,0,0,0,0,7,14,18,12,11,0,12,0,0,9,0,0,9,0,15,0
"OTU_2753",0,0,0,0,0,0,0,0,0,0,0,12,0,0,5,0,13,0,0,0,0,0,9,0,0,0,0,0,0,0,0,0,0,0,0,0,0,0,0,12
"OTU_2754",0,0,15,0,0,0,0,0,0,0,0,0,0,0,0,0,0,0,0,36,0,0,7,0,0,0,0,0,0,0,0,0,0,0,0,4,0,0,0,0
"OTU_2756",0,0,0,0,0,0,0,0,31,7,53,0,0,0,0,0,0,0,0,0,0,0,0,42,12,4,0,2,0,138,8,11,0,0,0,0,0,0,0,0
"OTU_2757",0,0,0,0,0,38,0,16,0,0,0,0,0,0,0,0,0,0,0,0,0,0,0,0,148,0,0,0,0,0,0,106,0,0,0,0,0,0,0,0
"OTU_2758",0,8,18,0,61,0,0,14,0,0,0,0,11,12,28,0,0,0,0,0,13,4,0,0,0,18,0,15,0,0,24,0,9,13,0,25,11,0,0,0
"OTU_2759",0,16,24,0,26,0,8,0,0,0,0,0,0,0,0,0,16,0,0,0,0,0,0,0,0,0,21,0,18,0,0,0,0,0,0,0,0,0,0,0
"OTU_2760",0,0,0,0,0,34,18,0,0,0,0,0,0,0,0,0,0,58,0,0,0,0,0,0,0,0,0,0,33,0,0,0,0,0,0,0,0,0,0,0
"OTU_2762",51,45,0,0,6,73,0,28,24,0,0,0,0,0,0,0,0,0,0,0,0,0,0,0,0,19,27,5,0,0,0,0,5,0,0,0,19,5,0,0
"OTU_2763",0,0,0,0,0,3,0,15,88,11,117,0,0,0,0,0,0,0,0,0,0,0,0,0,72,0,0,0,0,0,0,0,0,0,0,0,0,0,0,0
"OTU_2764",0,0,0,0,13,0,8,0,0,0,0,8,0,0,0,0,7,0,0,0,0,0,0,11,0,2,0,16,2,0,0,0,0,0,0,0,0,0,0,12
"OTU_2765",0,85,0,0,0,0,0,24,87,0,0,0,0,0,0,0,0,0,0,0,0,0,0,0,0,24,0,44,7,0,7,0,0,0,0,0,5,0,0,0
"OTU_2767",0,0,7,0,48,0,0,24,18,0,0,0,10,0,11,0,0,0,19,0,0,0,0,0,0,43,0,0,10,0,0,0,0,0,0,0,0,2,0,0
"OTU_2768",0,0,0,0,0,0,0,0,0,0,0,57,0,0,33,0,136,0,0,0,0,0,28,0,0,0,0,0,0,0,0,0,0,31,0,21,0,0,0,0
"OTU_2770",0,13,0,8,5,0,21,8,0,8,17,0,0,0,0,0,0,10,27,60,31,0,0,0,0,7,0,0,6,7,0,4,3,0,0,0,0,0,13,0
"OTU_2772",0,0,0,0,0,0,6,14,41,0,0,0,0,0,0,0,0,0,0,0,0,0,0,0,0,12,0,16,0,154,8,54,0,0,0,0,0,0,0,0
"OTU_2775",0,0,11,0,0,0,0,0,0,0,87,0,0,9,0,0,0,0,0,0,0,0,0,0,0,57,40,0,0,45,0,0,0,0,0,0,0,0,0,0
"OTU_2776",0,0,0,0,0,0,0,0,0,0,0,0,0,0,0,10,0,21,0,0,0,0,10,0,0,0,0,0,0,0,0,0,0,0,0,3,0,0,0,0
"OTU_2777",0,0,0,0,0,0,2,0,0,0,0,12,3,14,10,4,13,0,0,0,7,0,0,0,0,0,0,0,12,0,7,0,4,21,0,3,2,0,0,3
"OTU_2778",5,0,0,0,0,5,3,22,11,7,41,0,0,0,0,0,0,5,0,2,0,0,6,10,11,11,15,0,0,49,0,43,0,0,8,0,0,15,0,4
"OTU_2780",0,20,0,0,7,0,0,0,0,0,0,16,0,14,0,0,0,0,0,0,0,0,0,0,0,0,17,26,0,0,0,0,0,7,0,0,0,0,0,0
"OTU_2784",0,20,16,0,0,0,0,0,0,0,0,0,0,0,0,26,0,0,9,0,0,0,8,0,0,0,0,0,0,0,0,0,14,0,13,0,43,0,39,0
"OTU_2786",0,0,0,0,0,0,0,0,0,0,0,0,0,0,0,2,2,12,0,0,0,8,2,0,0,0,0,0,0,0,0,0,1,1,2,0,0,18,9,63
"OTU_2789",0,0,0,0,0,0,0,0,0,0,0,0,0,0,5,0,0,14,9,0,5,0,0,0,0,0,0,0,0,0,0,0,81,7,13,0,0,16,4,0
"OTU_2791",0,0,0,0,0,0,0,0,0,0,0,0,0,0,0,0,0,0,0,0,0,7,0,1,0,0,0,0,0,0,0,0,0,0,0,0,1,7,0,0
"OTU_2793",0,0,0,0,0,0,0,8,35,34,64,0,0,0,0,0,0,0,0,0,0,0,3,0,105,0,0,0,0,24,0,28,0,0,0,0,0,0,0,0
"OTU_2794",4,0,8,0,0,0,0,0,0,0,0,0,11,0,0,0,3,0,0,0,0,5,0,0,0,0,2,0,0,0,0,0,0,16,14,0,0,10,18,3
"OTU_2795",0,0,0,8,0,0,4,0,0,0,21,0,0,0,0,0,0,0,0,130,0,0,14,33,0,0,0,0,63,0,0,0,0,0,0,0,0,0,0,0
"OTU_2798",0,0,0,0,0,0,0,0,0,0,0,0,0,4,0,11,0,17,0,0,0,3,9,0,0,0,0,0,0,0,0,0,3,8,0,0,0,0,0,44
"OTU_2800",0,0,0,0,0,0,0,15,31,14,20,0,0,0,0,0,0,0,0,0,0,0,0,0,27,26,37,24,6,0,0,0,0,0,0,9,0,0,17,9
"OTU_2801",0,0,0,0,0,0,0,0,22,0,0,0,0,0,0,0,0,0,0,0,20,0,0,0,0,30,0,0,0,5,0,0,0,0,22,14,9,0,0,0
"OTU_2804",0,0,0,0,0,0,0,5,0,131,8,0,0,0,0,0,0,13,25,37,20,0,0,11,0,0,0,8,0,0,0,0,0,0,0,0,0,0,4,0
"OTU_2806",0,0,0,0,0,0,0,0,0,0,0,9,0,0,0,10,0,2,0,0,6,0,0,0,0,0,0,0,0,0,0,0,0,0,0,0,0,0,0,0
"OTU_2807",0,0,0,0,0,0,0,0,0,127,0,0,0,0,0,0,8,0,0,0,0,0,0,0,0,0,0,0,0,0,0,0,0,0,18,0,0,21,0,4
"OTU_2808",55,38,5,0,15,0,0,25,48,0,0,0,0,0,0,0,0,0,7,0,7,0,0,0,0,19,5,11,16,0,0,0,14,9,0,0,0,0,9,0
"OTU_2809",26,0,4,0,0,0,7,5,0,0,0,0,0,11,25,0,0,4,0,0,0,0,0,0,0,14,0,0,0,0,81,0,0,0,0,0,0,0,0,0
"OTU_2814",0,0,0,0,0,0,2,0,0,0,0,0,0,3,0,0,0,14,0,0,0,1,22,0,0,0,0,0,8,0,0,0,0,0,0,0,0,10,0,0
"OTU_2816",0,0,0,0,0,0,0,13,14,36,10,0,0,0,0,0,0,0,0,0,0,0,0,0,104,0,0,0,0,78,0,42,0,0,0,0,0,0,0,0
"OTU_2817",0,0,0,0,0,0,0,0,0,0,0,0,0,0,0,13,0,9,0,0,0,0,0,0,0,0,0,0,0,0,0,0,0,0,0,0,0,12,0,21
"OTU_2818",0,0,16,0,18,0,0,0,0,0,0,0,0,0,0,0,0,0,0,0,0,0,0,0,0,11,36,18,16,0,0,0,17,0,0,0,0,0,0,0
"OTU_2831",26,6,9,11,14,0,33,11,2,1,0,0,0,0,0,5,0,17,0,0,0,0,0,20,0,0,16,23,9,8,15,0,0,0,2,0,0,8,0,7
"OTU_2832",0,0,0,0,0,21,0,3,9,15,0,0,0,10,0,17,0,0,0,3,0,0,0,0,0,6,0,0,37,0,0,0,0,25,0,0,0,0,0,0
"OTU_2833",0,0,0,0,0,0,0,0,0,0,0,0,19,28,40,0,19,0,0,0,0,0,0,0,0,0,0,0,0,0,0,0,22,51,28,45,0,0,0,0
"OTU_2834",0,0,0,0,0,0,0,0,0,0,0,0,0,0,0,0,0,9,0,0,0,6,9,0,0,0,0,0,0,0,0,0,0,0,0,0,0,19,0,36
"OTU_2835",0,0,0,0,0,0,0,0,0,0,0,6,0,0,0,0,3,0,1,0,0,3,0,0,0,0,0,0,0,0,0,0,0,13,9,3,0,2,0,1
"OTU_2837",0,0,0,0,13,0,0,14,33,39,20,0,0,0,0,0,0,0,0,0,0,0,0,13,11,19,0,43,38,0,48,0,0,0,0,0,0,0,0,0
"OTU_2843",0,0,9,0,17,0,17,0,8,0,0,0,0,0,0,0,0,6,0,0,8,5,9,0,18,0,0,13,0,12,18,18,13,11,0,0,7,10,10,0
"OTU_2850",0,0,0,0,0,13,0,0,0,0,0,0,12,0,0,0,0,13,0,0,0,0,0,0,6,2,0,0,7,0,0,0,0,0,0,0,0,0,0,18
"OTU_2851",0,0,0,0,0,0,0,0,0,0,0,0,0,0,0,0,25,0,0,0,0,18,21,0,0,0,0,0,0,0,0,0,0,0,0,0,0,0,0,44
"OTU_2853",0,8,20,0,0,0,40,0,0,0,0,3,0,0,0,0,0,0,4,7,15,0,22,0,0,0,0,24,9,0,33,0,55,8,12,2,5,12,10,0
"OTU_2855",0,0,0,0,0,26,0,23,0,16,0,0,0,0,0,0,0,0,0,0,0,0,17,0,14,0,0,0,17,0,0,0,0,0,0,0,0,0,0,12
"OTU_2857",0,0,0,0,0,63,0,8,13,31,165,0,0,0,0,0,0,0,0,0,0,0,0,0,9,0,0,0,0,0,0,0,0,0,0,0,0,0,0,0
"OTU_2858",0,0,4,0,0,0,35,0,2,0,0,0,7,0,0,0,0,0,13,0,0,0,0,0,0,29,0,6,0,0,0,0,25,0,0,0,0,0,0,0
"OTU_2859",0,29,0,0,0,0,0,38,64,0,0,0,0,0,0,0,0,0,14,0,0,0,0,0,0,30,32,12,0,42,14,13,0,0,0,0,0,0,0,0
"OTU_2860",0,0,8,0,0,0,0,0,0,0,0,0,0,0,0,23,0,0,0,0,0,0,0,0,0,0,0,0,0,0,0,0,0,0,0,0,0,40,46,24
"OTU_2861",108,0,0,0,0,56,0,0,0,0,0,0,0,0,0,0,0,0,0,0,0,0,0,0,0,0,67,57,0,0,0,0,0,0,0,0,0,0,0,0
"OTU_2862",0,0,0,0,0,0,0,0,0,0,0,5,0,0,0,0,0,8,0,0,0,2,10,0,0,0,0,0,0,0,0,0,0,7,0,0,6,11,14,9
"OTU_2863",0,0,1,14,17,0,11,0,0,0,28,15,23,0,0,0,35,0,0,0,10,1,0,0,0,0,0,0,0,19,0,0,0,38,0,11,0,0,0,0
"OTU_2865",24,20,24,0,19,0,39,0,0,0,0,0,0,0,0,0,0,0,15,0,0,0,0,29,0,0,0,14,0,0,27,0,19,14,0,0,0,12,20,12
"OTU_2869",0,0,0,0,0,0,0,0,0,0,0,0,0,0,0,0,0,16,0,0,0,0,9,0,0,0,0,0,0,0,0,0,0,0,0,0,0,26,0,30
"OTU_2870",0,0,0,0,0,0,0,13,0,0,11,49,0,0,5,0,30,0,0,0,0,31,0,0,25,0,0,0,7,25,8,3,0,17,17,8,0,7,0,0
"OTU_2872",6,0,0,0,0,0,40,0,0,0,0,0,0,36,13,0,0,0,0,0,0,0,0,0,0,0,70,15,0,0,0,0,0,0,0,107,0,0,0,0
"OTU_2873",0,0,0,0,0,0,0,0,0,0,0,0,0,0,0,0,0,0,0,2,0,0,0,0,0,0,0,0,9,0,0,0,0,0,0,9,0,0,0,10
"OTU_2874",0,0,7,0,0,0,0,0,0,37,0,0,0,0,0,0,0,0,0,10,0,0,8,45,0,0,0,0,7,0,21,15,0,0,0,0,0,0,33,0
"OTU_2875",0,0,0,0,0,0,0,0,0,0,0,0,0,0,0,0,0,0,34,98,0,0,0,0,0,0,0,0,0,0,0,0,0,107,0,0,47,0,0,0
"OTU_2876",0,0,33,0,0,0,0,0,0,0,0,0,0,0,0,22,0,0,0,0,0,0,0,0,0,0,0,0,0,0,0,0,29,0,0,0,28,0,0,0
"OTU_2877",0,0,0,0,0,0,0,0,0,0,0,0,0,12,11,0,0,0,0,0,0,0,0,0,0,0,0,0,0,0,0,0,0,0,16,8,28,0,0,0
"OTU_2878",0,0,0,0,0,0,0,0,0,0,0,0,0,0,0,7,11,0,0,0,0,8,15,0,0,0,0,0,0,0,0,0,11,11,0,7,14,21,0,12
"OTU_2882",0,0,0,0,0,0,10,0,0,0,0,0,13,0,0,0,0,0,0,0,0,0,0,0,0,0,0,9,0,0,0,0,0,0,0,0,0,10,20,0
"OTU_2885",0,0,0,0,0,0,0,0,0,0,0,0,0,3,0,0,0,7,0,0,0,0,23,0,0,0,0,0,8,0,0,0,32,0,39,0,0,0,0,4
"OTU_2887",0,0,0,0,0,0,0,0,0,0,0,0,0,0,3,0,0,4,0,0,0,0,0,0,0,0,0,0,4,0,0,0,0,0,0,0,6,0,0,7
"OTU_2888",0,0,0,0,0,0,0,11,7,79,26,0,0,0,0,0,0,0,0,0,0,0,0,0,61,0,0,0,0,0,0,100,0,0,0,0,0,0,0,0
"OTU_2891",0,0,0,0,0,0,0,16,0,0,0,23,0,10,37,0,28,0,0,0,14,20,0,0,0,0,0,0,0,0,0,0,22,24,0,20,0,0,0,11
"OTU_2894",0,0,0,0,0,0,10,0,0,0,0,0,0,0,0,0,17,0,14,25,144,0,16,38,0,0,0,0,19,0,0,0,0,0,0,0,0,0,0,0
"OTU_2895",0,0,34,0,0,0,0,0,38,0,0,0,0,0,0,0,0,1,0,0,0,0,0,1,0,0,0,0,0,0,0,0,0,0,0,0,0,4,0,0
"OTU_2897",0,0,30,0,10,0,22,0,0,0,14,5,6,0,0,0,7,5,24,18,0,0,0,0,4,11,0,11,0,6,23,0,16,22,12,0,0,0,35,2
"OTU_2898",0,49,0,0,0,0,0,28,70,0,0,0,0,0,0,0,0,0,26,0,0,0,13,0,0,0,0,30,0,0,35,0,20,0,0,0,0,0,0,0
"OTU_2899",0,0,0,0,0,0,0,0,0,0,0,0,0,0,0,0,0,0,7,0,0,8,0,0,0,0,0,0,0,0,72,0,17,0,23,4,11,9,0,17
"OTU_2902",16,14,0,0,21,3,0,5,42,0,0,0,0,0,3,3,0,12,0,28,0,0,1,0,0,9,0,0,0,0,21,0,0,0,0,0,0,12,24,0
"OTU_2904",0,0,8,0,12,0,13,0,0,0,0,0,10,0,0,0,3,0,22,3,0,15,17,0,0,0,0,18,0,0,0,0,7,20,0,10,0,21,35,0
"OTU_2905",0,17,0,0,0,11,0,26,11,0,0,0,0,0,0,0,0,0,0,0,0,43,0,0,40,0,0,0,0,0,18,0,0,0,0,0,0,0,0,0
"OTU_2907",23,0,0,0,0,0,0,7,154,0,0,0,0,0,0,0,0,0,0,0,0,0,0,0,40,0,59,0,0,0,0,0,0,0,0,0,0,0,0,0
"OTU_2908",64,0,0,0,0,0,0,0,0,0,0,0,0,0,0,0,0,0,0,0,0,0,0,124,0,0,0,45,50,0,0,0,0,0,0,0,0,0,0,0
"OTU_2909",0,0,0,0,0,0,0,0,0,0,0,11,10,4,0,0,5,0,0,0,0,1,0,0,0,0,0,0,0,0,0,0,9,5,0,0,0,0,0,0
"OTU_2910",0,0,0,0,0,6,0,9,34,0,96,0,0,0,0,0,0,0,0,0,0,0,0,17,72,4,0,0,11,0,0,33,0,0,0,0,0,0,0,0
"OTU_2911",0,0,19,0,46,0,0,0,0,0,0,0,0,51,30,0,19,0,0,0,0,0,0,0,0,0,0,0,0,0,0,0,0,16,24,64,0,0,0,0
"OTU_2913",0,0,0,0,0,0,0,0,0,0,0,0,0,0,0,0,0,0,0,0,0,13,1,0,0,0,0,0,0,0,0,0,0,0,28,0,0,10,0,4
"OTU_2914",10,0,0,0,0,59,0,42,0,0,0,0,0,0,0,0,0,4,0,0,0,0,12,0,20,11,0,0,23,0,0,0,0,0,0,0,0,0,0,15
"OTU_2916",0,0,0,0,0,0,0,0,0,0,0,0,0,16,7,10,17,0,0,0,0,0,0,0,0,0,0,0,0,0,0,0,16,8,0,30,7,0,0,0
"OTU_2917",0,0,0,0,0,0,56,13,29,0,0,0,0,0,0,0,0,0,0,0,0,0,0,0,0,48,0,21,14,0,19,0,0,0,0,0,0,0,0,0
"OTU_2919",0,5,0,0,0,0,0,0,16,56,0,0,0,0,0,0,0,13,24,0,0,0,0,0,0,8,0,0,0,0,4,0,0,2,0,31,0,0,19,0
"OTU_2922",0,0,0,0,3,12,0,58,14,30,0,0,22,0,0,0,0,0,0,0,0,0,0,0,26,14,23,10,17,16,12,0,0,0,0,0,0,0,0,6
"OTU_2923",0,0,0,0,0,0,0,0,0,0,0,0,0,0,0,0,0,0,0,131,61,0,36,0,0,0,0,0,0,0,0,0,0,0,0,0,0,0,53,0
"OTU_2925",5,0,0,0,0,6,0,16,8,14,0,0,0,0,0,0,0,0,0,10,0,0,10,7,12,0,0,0,13,11,20,17,0,0,0,0,10,0,0,0
"OTU_2929",0,0,0,0,0,0,0,0,0,0,0,0,51,0,0,0,31,0,24,28,119,0,13,0,0,0,0,0,0,0,0,0,0,14,0,0,0,0,0,0
"OTU_2930",0,0,0,0,0,0,0,0,0,0,0,0,0,26,0,0,0,0,52,0,67,0,0,0,0,0,0,0,0,0,14,0,0,47,0,74,0,0,0,0
"OTU_2933",13,0,0,0,17,38,0,24,0,3,0,0,0,0,0,0,0,0,1,0,0,0,0,0,7,57,0,42,0,25,0,36,0,0,6,0,0,0,0,0
"OTU_2937",48,45,37,0,23,9,0,4,9,0,0,0,0,0,9,0,0,0,11,0,11,0,0,10,5,11,17,0,0,12,0,0,8,5,0,0,0,5,0,0
"OTU_2938",0,31,24,0,0,0,23,0,11,0,0,0,0,0,0,0,0,0,0,0,0,0,0,0,0,46,26,78,11,0,0,0,0,9,0,12,0,0,0,0
"OTU_2939",0,0,8,0,0,0,13,0,0,0,0,0,21,0,2,0,0,0,43,30,29,0,0,0,19,0,0,0,0,78,0,0,0,11,9,0,0,14,0,2
"OTU_2940",111,0,0,0,0,20,8,0,0,0,0,4,0,0,0,0,0,0,0,0,0,0,0,0,0,47,11,20,0,0,0,0,0,0,0,0,0,0,0,0
"OTU_2941",0,0,0,5,0,0,0,0,0,0,0,0,0,0,0,10,0,0,0,0,0,0,0,0,0,0,0,0,0,0,0,0,0,0,0,0,10,6,3,12
"OTU_2942",0,0,0,0,0,0,0,0,0,0,0,6,0,0,0,1,0,1,0,0,0,0,1,0,0,0,0,0,0,0,0,0,0,1,0,0,0,2,0,1
"OTU_2943",5,4,9,0,11,3,0,7,0,0,0,0,0,9,0,0,0,0,0,0,0,0,0,0,8,0,12,11,0,0,7,0,5,0,0,0,7,0,0,0
"OTU_2945",0,0,0,0,0,0,0,0,0,0,0,0,0,0,0,0,0,37,0,0,0,8,31,0,0,0,0,0,0,0,0,0,0,0,0,0,0,16,0,30
"OTU_2947",0,0,0,0,0,0,0,0,0,0,0,0,0,0,0,5,0,14,6,0,0,0,0,0,0,0,0,0,0,0,0,0,0,0,0,6,0,3,8,0
"OTU_2948",20,0,4,6,12,0,3,13,0,0,0,0,0,0,0,0,0,7,0,0,4,0,0,0,0,0,0,2,13,0,11,0,0,6,9,4,0,0,0,0
"OTU_2949",0,0,0,0,0,0,0,12,0,101,24,0,0,0,0,0,0,0,0,0,0,0,0,0,34,0,0,0,0,0,0,107,0,0,0,0,0,0,0,0
"OTU_2952",0,0,0,0,0,0,0,0,0,0,0,0,0,0,11,0,6,0,0,0,0,0,0,0,0,0,0,0,0,0,0,0,0,25,13,5,0,19,0,11
"OTU_2953",0,0,0,0,0,0,0,0,0,0,0,0,0,0,0,0,0,11,6,0,0,0,0,0,0,0,0,4,0,0,0,0,0,0,0,0,0,0,0,67
"OTU_2954",0,0,0,0,0,0,0,3,0,0,0,4,0,6,0,5,0,0,0,0,16,0,7,4,0,0,0,0,7,0,0,0,9,10,0,9,0,8,6,0
"OTU_2955",0,0,0,0,0,0,0,0,0,0,0,0,0,0,0,0,0,13,0,0,0,0,0,0,0,0,0,0,0,0,5,0,0,0,12,0,38,16,0,0
"OTU_2959",0,0,0,0,0,0,0,0,0,0,0,9,14,0,0,0,0,19,24,0,0,0,6,0,0,0,0,0,0,0,17,0,0,0,0,0,0,33,14,0
"OTU_2963",12,0,0,0,0,48,0,0,0,0,0,0,0,0,0,0,0,0,0,0,0,0,0,30,0,0,186,0,0,0,0,0,0,0,0,0,0,0,0,0
"OTU_2968",0,0,19,0,14,0,0,0,0,0,0,0,8,0,30,0,0,0,0,0,0,0,0,0,0,0,0,0,0,0,0,0,0,22,0,0,0,0,23,0
"OTU_2969",0,0,4,0,0,0,0,0,0,0,0,9,0,12,9,11,16,0,0,0,0,0,0,0,0,0,0,0,0,0,0,0,0,4,0,14,9,0,0,3
"OTU_2971",0,0,5,0,7,0,0,0,0,0,0,0,22,0,0,0,43,0,0,0,0,0,0,0,0,0,0,0,17,0,0,0,3,0,0,0,0,0,100,7
"OTU_2973",0,11,0,0,0,0,35,4,0,0,0,0,0,0,0,0,0,0,0,2,0,0,0,0,0,8,11,0,0,0,0,0,0,0,0,0,7,7,5,0
"OTU_2974",9,17,9,0,15,31,13,0,0,0,0,0,0,0,0,0,0,12,9,0,0,0,25,0,0,0,10,36,0,0,31,0,0,0,14,8,0,18,12,0
"OTU_2976",58,0,0,0,0,51,0,0,49,0,16,0,0,0,0,0,0,0,0,0,0,0,0,0,36,0,39,0,5,7,14,0,0,0,0,0,0,0,0,0
"OTU_2977",0,0,38,8,38,0,11,14,0,0,0,0,9,0,7,0,0,21,0,0,0,0,0,0,10,7,0,0,10,0,8,0,0,0,0,0,2,19,16,40
"OTU_2978",0,0,0,0,0,0,0,0,0,0,4,10,0,0,0,0,3,0,0,0,0,15,5,0,0,0,0,0,0,0,0,0,0,0,19,0,0,7,0,4
"OTU_2979",0,0,0,0,0,0,0,0,0,0,13,8,0,0,0,0,0,0,11,10,0,20,0,0,0,0,0,0,0,0,0,0,0,0,0,0,0,0,0,0
"OTU_2983",0,0,0,10,0,0,0,0,0,78,20,0,0,0,6,0,0,0,48,0,0,0,0,12,0,0,0,0,0,72,6,22,0,0,0,0,0,0,0,0
"OTU_2985",6,10,0,0,0,20,1,0,0,11,12,0,0,0,6,0,2,0,0,0,0,3,0,11,14,49,37,8,0,13,5,8,0,13,0,4,0,8,0,0
"OTU_2987",0,0,0,0,0,0,0,0,0,0,0,0,0,0,0,0,0,16,0,0,0,0,0,0,0,0,0,0,0,0,0,0,7,8,0,0,0,37,52,0
"OTU_2990",19,0,18,0,10,0,30,28,0,0,0,0,0,0,0,3,0,0,0,0,0,0,0,7,0,5,7,7,0,0,5,0,0,2,0,10,0,0,0,0
"OTU_2991",0,0,0,0,0,0,0,0,0,0,0,0,0,0,0,0,0,0,0,11,0,0,17,0,0,0,0,0,0,0,0,0,157,26,33,0,3,0,26,0
"OTU_2993",0,0,0,0,5,0,33,29,23,14,38,0,0,0,0,0,0,0,0,0,0,0,21,0,35,0,0,4,11,0,39,9,0,11,0,0,0,0,0,0
"OTU_2997",0,0,0,0,0,0,0,0,0,0,0,0,0,0,0,0,0,1,7,0,0,3,1,0,0,0,0,0,0,6,0,0,0,2,0,7,0,8,7,1
"OTU_3000",0,0,0,0,0,0,5,0,0,18,2,0,10,15,4,0,0,0,0,0,0,0,19,0,0,0,16,13,0,0,0,0,0,0,0,7,9,0,0,0
"OTU_3001",18,0,0,0,0,0,0,0,0,0,0,0,0,0,0,0,0,0,0,0,0,6,0,0,0,7,0,0,0,0,0,0,16,0,0,0,5,0,0,0
"OTU_3002",0,0,0,0,0,0,0,0,0,0,0,0,0,10,0,0,0,0,0,0,0,0,0,0,0,0,0,0,0,0,0,0,4,0,7,7,0,0,0,0
"OTU_3003",0,0,0,0,0,0,0,0,0,0,0,0,0,0,0,13,8,0,0,0,0,0,13,0,0,0,0,0,0,0,0,0,0,9,0,0,0,0,0,0
"OTU_3006",0,0,0,0,0,0,0,0,0,0,0,0,7,0,5,0,0,0,4,0,0,0,0,0,0,0,0,0,0,0,0,0,0,4,0,0,2,0,0,0
"OTU_3009",0,2,0,0,0,0,0,16,10,0,11,0,0,0,0,0,0,0,0,0,0,0,0,0,0,0,9,0,0,81,64,77,0,0,0,0,0,0,0,0
"OTU_3010",0,0,0,0,0,7,0,0,0,0,5,0,0,0,0,0,0,0,0,0,0,0,0,0,0,8,11,0,0,0,12,0,0,0,0,0,0,0,0,0
"OTU_3014",0,0,0,0,0,0,0,0,0,113,0,0,0,0,0,0,0,9,25,8,10,0,0,9,6,0,0,0,11,2,0,0,0,0,0,0,0,0,0,0
"OTU_3016",12,2,15,0,5,12,60,0,0,0,0,0,0,0,0,0,0,0,0,0,0,0,11,0,0,0,0,0,0,0,15,0,25,0,4,0,8,0,0,0
"OTU_3020",19,0,0,0,0,13,0,48,7,0,0,0,0,0,0,0,0,0,0,0,0,6,13,13,0,31,37,0,0,0,0,0,0,0,0,0,0,0,0,0
"OTU_3021",0,0,0,0,0,0,31,21,21,0,0,0,0,0,0,0,0,0,0,0,0,0,0,0,0,43,0,65,32,34,21,0,0,0,0,0,0,0,0,0
"OTU_3026",0,0,0,0,0,0,10,0,5,0,0,0,0,0,6,0,0,0,0,0,0,0,0,0,134,0,0,0,7,49,14,0,15,0,0,8,0,0,14,0
"OTU_3027",0,0,0,0,0,0,0,24,0,60,32,0,0,0,0,0,0,0,0,0,0,0,0,0,0,6,35,0,0,105,5,0,0,0,0,0,0,0,0,0
"OTU_3028",0,0,0,0,0,0,0,0,0,0,0,0,0,13,12,0,0,0,0,0,0,0,0,0,0,0,0,0,0,0,0,0,4,12,7,8,0,0,0,0
"OTU_3029",0,0,0,0,0,0,15,0,0,0,0,0,0,0,0,0,0,0,0,3,11,11,25,0,0,7,0,0,0,0,0,0,0,0,0,0,0,0,0,17
"OTU_3031",0,0,0,0,0,0,0,0,0,0,0,0,0,0,0,0,0,67,0,40,0,0,8,0,0,0,0,0,0,0,0,0,0,0,0,0,0,22,65,0
"OTU_3032",0,0,0,0,0,0,57,24,0,38,0,0,0,0,0,0,0,0,0,0,0,0,0,104,0,0,0,44,0,0,0,0,0,0,0,0,0,0,0,0
"OTU_3033",0,0,0,0,0,0,0,0,0,0,0,0,0,0,12,0,24,19,0,5,0,25,22,0,0,0,0,0,0,0,0,0,0,26,7,9,0,21,10,30
"OTU_3035",0,0,0,0,0,0,0,0,0,0,0,0,0,0,0,0,0,0,0,0,0,72,57,0,0,0,0,0,0,0,0,0,0,54,83,0,0,0,0,0
"OTU_3036",0,38,43,0,13,0,0,0,0,0,0,5,11,13,0,0,0,0,12,0,0,0,0,0,0,2,51,17,0,0,0,0,7,14,0,0,0,0,18,0
"OTU_3037",0,0,0,0,0,0,0,26,0,5,5,0,8,0,0,0,8,16,0,0,0,0,0,0,20,0,0,0,8,0,0,0,0,0,0,0,0,0,0,0
"OTU_3038",0,0,0,0,0,0,0,0,0,0,0,0,0,0,0,0,0,0,0,0,0,0,10,0,0,0,0,9,0,0,1,0,0,0,0,0,0,0,1,0
"OTU_3041",16,9,23,0,14,0,0,0,0,0,0,0,0,0,16,0,0,0,8,0,0,0,11,0,0,0,0,0,0,0,10,0,26,13,0,4,0,30,20,0
"OTU_3046",0,0,4,0,20,0,31,10,20,54,10,0,5,7,0,0,0,9,10,0,5,0,6,0,4,8,0,0,4,0,29,0,12,4,0,0,0,0,12,0
"OTU_3047",4,0,0,0,0,0,0,20,37,10,9,0,0,0,0,0,0,0,0,0,0,0,0,27,0,21,41,16,13,49,11,0,0,0,0,6,0,0,0,0
"OTU_3048",0,0,0,0,0,0,25,0,0,0,0,0,0,0,0,29,0,26,0,0,0,0,11,0,0,0,0,0,0,0,20,0,0,16,0,0,0,0,0,7
"OTU_3050",0,0,30,0,0,0,0,0,0,0,0,0,0,30,1,0,0,0,0,0,0,0,0,0,0,0,0,93,32,0,0,0,0,0,0,1,0,0,0,0
"OTU_3051",0,0,0,0,0,8,0,12,9,26,10,0,0,13,0,0,0,11,0,0,0,0,6,0,23,8,0,7,17,10,0,7,0,12,0,0,0,6,0,0
"OTU_3052",0,0,0,0,0,0,25,16,47,16,80,0,0,0,0,0,0,0,0,0,0,0,0,0,20,11,0,10,0,0,0,39,0,0,0,0,0,0,0,0
"OTU_3056",0,0,0,0,0,0,0,0,0,0,0,4,0,0,0,0,0,0,0,0,0,0,0,0,0,0,0,11,0,0,0,0,0,5,15,0,0,0,21,0
"OTU_3058",0,0,7,0,0,0,0,6,0,0,0,0,0,0,0,0,0,0,0,0,0,0,0,0,0,10,0,0,0,9,5,104,0,0,0,0,12,0,0,0
"OTU_3059",0,0,4,0,8,7,13,0,21,23,0,0,0,0,7,0,0,0,0,0,0,0,0,0,131,9,10,11,0,0,8,11,0,0,0,0,0,0,0,0
"OTU_3060",0,0,0,0,0,0,0,12,0,164,23,0,0,0,0,0,0,0,0,0,0,0,0,0,37,0,0,0,0,0,0,27,0,0,0,0,0,0,0,0
"OTU_3064",0,0,0,7,0,0,0,0,0,0,142,0,0,0,0,0,0,0,0,0,12,0,0,0,0,0,9,0,37,15,0,0,0,0,0,0,8,0,0,0
"OTU_3066",0,0,0,1,0,0,0,0,0,0,0,0,0,0,0,0,0,0,103,0,0,0,0,2,0,0,0,0,2,6,0,0,0,2,146,0,0,0,0,0
"OTU_3068",0,25,19,0,50,0,0,0,0,0,0,4,0,22,13,0,10,0,0,0,0,0,4,0,0,0,0,10,4,15,72,0,0,0,0,0,0,0,0,5
"OTU_3069",0,34,0,0,13,0,27,18,18,0,0,0,0,0,0,0,0,0,10,0,0,0,0,0,16,14,0,43,12,0,20,0,0,0,0,0,0,0,18,0
"OTU_3070",0,0,0,0,0,0,0,0,0,0,0,0,0,61,14,0,0,0,0,0,0,0,0,0,0,0,0,0,0,0,0,0,0,0,0,38,21,0,0,0
"OTU_3071",0,0,0,0,0,0,9,0,0,0,0,0,0,0,0,0,0,0,0,0,0,0,16,0,0,0,0,0,4,0,0,0,0,10,0,0,0,0,0,14
"OTU_3072",0,0,0,0,0,0,0,0,0,0,0,0,0,0,0,23,0,0,0,0,96,0,0,0,0,0,0,0,0,0,0,0,25,0,27,0,63,0,28,0
"OTU_3073",23,0,0,0,10,9,0,0,0,0,0,0,0,0,0,0,0,0,0,0,0,0,0,0,0,176,31,12,0,0,0,0,0,0,0,0,0,0,0,0
"OTU_3075",0,98,0,0,21,5,0,0,0,0,8,0,0,0,0,0,0,0,0,0,0,0,0,0,0,0,0,0,0,14,35,0,0,0,0,5,0,0,0,0
"OTU_3076",0,0,5,8,0,0,0,0,14,0,46,0,0,0,0,0,0,0,0,0,0,0,0,0,0,0,0,0,2,8,9,169,0,0,0,0,0,0,0,0
"OTU_3081",0,0,0,0,0,0,0,0,111,0,0,0,9,0,0,0,0,0,13,0,0,10,0,0,0,7,0,0,0,0,0,0,4,0,0,0,0,0,19,0
"OTU_3082",0,0,0,0,0,0,7,0,0,0,0,0,0,0,0,19,10,0,18,23,19,0,7,12,0,0,0,0,40,0,0,0,0,0,36,0,39,30,0,0
"OTU_3085",0,0,10,6,7,0,8,0,7,15,14,0,0,0,0,0,0,0,0,0,0,0,3,0,6,0,0,0,35,0,0,0,0,10,0,8,5,5,0,0
"OTU_3087",0,0,0,0,0,8,0,0,13,0,0,0,0,0,0,0,0,0,0,0,0,0,0,0,0,0,0,0,10,0,0,0,21,0,0,0,17,0,0,0
"OTU_3091",0,0,0,0,0,0,50,7,0,0,0,0,9,0,0,0,0,0,0,0,10,0,5,0,8,106,0,0,0,0,55,0,0,10,0,0,0,0,0,0
"OTU_3093",0,0,0,0,0,0,0,0,0,0,0,5,0,0,0,0,0,0,0,0,0,8,5,0,0,0,0,0,0,0,0,0,0,0,0,8,0,11,9,11
"OTU_3094",0,0,0,0,0,0,0,0,0,0,0,0,0,0,0,0,0,10,0,0,0,0,0,0,0,0,0,0,0,0,0,0,0,0,0,0,0,4,7,10
"OTU_3095",0,0,0,0,0,0,0,0,120,0,20,0,0,0,0,0,0,0,0,0,0,0,0,0,69,47,0,0,0,0,0,0,0,0,0,0,0,0,0,0
"OTU_3097",0,0,0,0,3,0,32,12,43,15,0,0,0,0,0,0,0,7,0,0,0,0,6,0,6,7,0,0,0,4,38,9,12,13,10,0,5,8,0,3
"OTU_3098",172,0,6,0,0,56,0,0,0,0,0,0,0,0,0,0,0,0,0,0,0,0,0,0,0,4,13,7,0,0,0,0,0,0,0,0,0,0,0,0
"OTU_3099",17,0,0,0,6,0,0,0,0,0,0,0,0,0,0,0,0,0,0,11,0,0,0,0,0,0,0,0,0,0,20,0,0,0,0,11,0,6,0,0
"OTU_3103",0,0,0,10,0,0,0,0,0,0,0,0,0,0,0,0,0,0,0,0,0,0,0,9,0,0,0,5,14,208,0,12,0,0,0,0,0,0,0,0
"OTU_3107",0,0,0,0,25,0,0,0,0,0,0,0,18,3,0,0,21,0,6,0,0,0,5,0,0,0,0,0,0,0,0,0,0,0,0,8,0,0,0,29
"OTU_3108",0,0,0,0,0,19,0,9,8,0,0,0,0,3,0,0,0,0,0,0,0,0,0,0,0,0,0,0,0,3,0,0,0,0,0,0,0,0,0,0
"OTU_3110",0,13,31,0,17,0,0,14,0,7,4,0,15,0,14,0,0,0,5,0,11,0,0,0,0,28,0,10,12,53,7,0,0,16,0,0,0,0,0,0
"OTU_3112",0,0,0,0,0,0,13,16,20,22,12,0,0,0,0,0,0,0,0,4,0,0,0,0,58,17,6,8,0,10,16,54,0,0,0,0,0,0,0,0
"OTU_3113",0,3,0,0,0,0,0,0,0,0,0,0,0,0,0,0,0,0,20,52,0,0,0,0,0,0,0,31,50,0,15,67,0,0,0,0,0,0,18,0
"OTU_3115",0,0,8,0,0,0,213,0,0,0,0,0,0,0,0,0,0,0,0,12,0,0,0,0,0,0,0,0,0,0,17,0,0,0,0,0,0,0,0,0
"OTU_3117",0,0,0,28,0,0,0,26,20,58,43,0,0,0,0,0,0,0,5,0,0,0,0,1,20,0,0,0,7,0,6,17,0,0,0,0,0,0,0,0
"OTU_3118",33,0,0,0,0,0,9,17,0,0,0,10,0,0,9,0,0,0,16,0,17,0,0,0,0,0,13,0,0,0,22,0,0,18,6,0,0,0,18,0
"OTU_3120",0,0,0,0,0,0,0,0,0,0,0,0,0,0,0,10,0,0,0,0,0,6,11,0,0,0,0,0,0,0,0,0,0,0,0,0,0,8,0,14
"OTU_3123",0,11,0,0,0,0,0,0,0,0,0,0,5,0,0,0,0,0,0,0,0,0,0,0,0,8,0,0,0,0,0,0,0,0,0,3,0,0,8,0
"OTU_3127",0,0,0,0,0,0,0,0,0,0,0,0,0,0,0,0,4,0,0,0,0,0,0,0,0,0,0,0,0,0,0,0,0,0,0,0,0,20,5,29
"OTU_3131",0,0,0,0,23,0,0,12,0,0,0,0,15,0,0,0,0,10,0,0,0,25,0,0,0,0,0,0,0,0,0,0,0,16,19,0,0,11,0,21
"OTU_3132",0,0,0,0,0,0,0,0,0,0,0,5,0,0,0,3,0,4,1,0,2,1,7,0,0,0,0,0,0,0,0,0,4,4,10,0,1,3,0,12
"OTU_3133",0,0,0,0,0,0,0,0,0,24,61,0,0,0,0,0,0,0,0,0,0,0,0,0,28,0,0,0,0,62,0,79,0,0,0,0,0,0,0,0
"OTU_3134",0,0,20,0,0,0,6,7,49,0,4,0,6,0,15,0,17,0,6,0,0,0,0,0,0,0,0,11,8,22,0,0,0,17,0,0,0,0,0,0
"OTU_3137",0,0,0,0,0,34,0,0,66,0,14,12,0,0,0,3,0,0,0,0,0,22,0,0,0,0,0,0,0,0,0,0,0,11,0,0,0,0,0,0
"OTU_3143",7,31,0,3,0,28,8,0,0,0,0,0,0,0,0,0,0,0,0,0,0,0,0,13,23,42,41,26,0,5,0,3,0,0,0,0,0,0,0,0
"OTU_3144",0,0,0,0,0,0,0,0,0,0,0,25,11,47,18,0,27,0,0,0,0,0,0,0,0,0,0,0,0,0,0,0,19,17,0,0,0,0,0,0
"OTU_3145",0,0,0,0,0,0,0,5,2,0,0,0,0,0,0,0,0,0,0,0,0,0,0,0,21,6,0,0,0,216,0,3,0,0,0,0,0,0,0,0
"OTU_3146",0,0,0,0,0,0,0,0,0,0,0,0,0,0,0,39,0,0,17,41,0,21,40,0,0,0,0,0,0,0,0,0,19,0,37,0,0,0,0,13
"OTU_3147",0,0,0,0,17,22,0,14,14,34,9,0,4,0,0,0,0,0,9,0,0,0,28,0,11,0,0,14,14,0,20,0,0,10,0,0,0,0,0,9
"OTU_3152",58,0,0,0,0,27,0,5,0,0,0,0,0,0,0,0,0,0,0,0,0,0,0,2,0,29,32,7,14,0,0,0,0,0,0,0,0,0,0,0
"OTU_3153",0,0,0,0,0,0,0,0,0,0,0,10,25,12,24,0,3,0,31,0,63,22,29,0,0,0,0,0,0,0,0,0,0,9,0,7,0,0,0,0
"OTU_3156",187,0,0,0,0,16,0,0,0,0,0,0,0,0,0,0,0,0,0,0,0,0,0,0,11,24,12,2,0,0,0,0,0,0,0,0,0,0,0,0
"OTU_3158",0,0,94,0,0,0,26,0,0,0,0,0,0,0,0,0,0,0,69,0,0,0,7,0,0,0,0,0,0,0,0,0,7,0,5,0,0,0,44,0
"OTU_3159",0,0,0,0,7,21,12,5,0,0,38,0,18,0,0,0,0,0,0,0,0,0,24,0,80,19,0,0,0,0,4,0,0,0,24,0,0,0,0,0
"OTU_3161",0,0,0,0,0,0,0,9,13,0,0,0,0,0,0,0,0,0,0,0,0,0,0,0,0,58,0,0,0,133,39,0,0,0,0,0,0,0,0,0
"OTU_3162",152,0,0,0,0,24,0,54,0,0,0,0,0,0,0,0,0,0,0,0,0,0,0,0,0,0,0,0,22,0,0,0,0,0,0,0,0,0,0,0
"OTU_3165",19,12,0,0,0,0,0,15,13,0,0,0,0,0,0,0,0,0,7,0,0,3,0,0,84,0,15,0,36,0,47,0,0,0,0,0,0,0,0,0
"OTU_3166",11,0,0,0,7,0,0,14,32,0,0,0,0,0,0,0,0,0,0,0,41,0,0,0,9,36,8,14,10,19,38,12,0,0,0,0,0,0,0,0
"OTU_3170",0,0,0,0,11,0,0,0,0,0,0,7,0,15,0,0,11,13,0,0,0,0,4,0,0,0,0,0,0,0,0,0,0,0,15,0,0,0,15,0
"OTU_3172",0,0,0,115,0,0,54,0,0,32,0,0,0,0,0,0,0,0,0,3,0,0,0,17,0,0,0,0,0,0,0,3,6,9,11,0,0,0,0,0
"OTU_3173",104,13,0,0,0,26,0,8,20,0,0,0,0,0,0,0,0,0,0,0,0,0,0,9,0,27,25,18,0,0,0,0,0,0,0,0,0,0,0,0
"OTU_3174",0,0,0,0,0,0,0,0,0,0,0,0,0,0,0,0,0,0,21,0,0,0,0,0,0,0,7,0,0,0,0,0,0,0,0,18,22,0,0,0
"OTU_3176",0,0,24,0,0,0,0,0,0,0,0,0,0,36,0,0,0,0,0,0,0,0,0,0,0,14,0,12,0,0,0,0,0,0,0,12,0,0,0,0
"OTU_3177",0,0,0,0,3,0,0,0,0,0,0,8,8,8,20,4,23,16,5,0,0,27,14,0,0,0,0,0,7,0,0,0,8,0,6,4,0,19,6,32
"OTU_3178",5,0,0,0,0,12,0,0,0,0,0,0,0,0,0,2,0,0,0,0,0,0,0,0,0,0,0,0,0,0,0,0,0,0,0,0,0,7,0,6
"OTU_3180",5,0,0,0,0,0,18,0,0,7,0,0,0,0,0,9,0,0,8,0,0,0,9,0,0,8,7,0,10,18,0,0,0,0,0,9,25,0,0,0
"OTU_3185",0,0,0,0,0,0,4,13,0,0,0,0,0,0,0,7,0,0,0,0,4,0,7,0,56,11,5,0,9,0,45,0,18,10,0,0,0,9,0,17
"OTU_3190",0,0,0,0,0,0,0,0,0,0,0,0,0,0,0,0,6,19,6,70,0,0,0,0,0,0,0,0,0,0,45,0,18,0,0,0,0,18,11,15
"OTU_3191",0,0,6,0,0,0,0,0,0,0,0,0,0,2,0,0,0,0,0,0,0,0,0,0,0,0,0,4,4,0,0,0,0,0,0,0,0,0,0,0
"OTU_3194",0,0,0,0,0,0,18,5,9,0,26,0,13,0,7,0,0,0,11,21,0,0,9,0,25,0,0,0,0,66,12,16,0,9,0,0,0,0,0,0
"OTU_3195",0,0,0,0,0,3,11,12,0,0,9,0,0,0,0,0,0,0,29,0,36,0,28,56,33,0,0,0,14,0,16,0,0,0,0,0,0,0,0,0
"OTU_3196",22,0,0,0,0,0,0,0,0,0,0,0,17,13,36,0,17,0,0,0,0,8,0,0,0,0,0,0,0,0,0,0,2,12,0,0,0,13,0,0
"OTU_3197",0,20,9,0,0,0,16,0,0,0,0,0,0,4,0,0,2,0,0,0,0,0,0,0,0,0,0,28,0,0,0,0,0,0,0,5,0,0,0,0
"OTU_3199",0,12,15,0,10,0,24,0,0,0,0,0,0,0,0,0,0,0,28,14,0,0,0,32,11,4,0,15,34,0,24,0,0,23,0,0,0,0,0,0
"OTU_3201",0,0,27,0,23,0,5,0,0,0,0,0,34,0,6,0,0,0,0,0,0,0,0,0,0,24,0,0,5,7,0,0,2,9,0,0,0,4,6,0
"OTU_3202",0,0,0,0,0,0,0,0,0,0,0,11,7,0,0,0,0,0,0,0,0,0,0,0,0,0,0,0,0,0,0,0,0,7,18,0,12,0,0,0
"OTU_3204",10,0,0,0,0,0,0,0,0,0,0,0,0,0,0,0,8,8,0,0,0,0,15,0,0,0,33,0,0,0,15,0,0,0,0,6,5,21,21,0
"OTU_3210",0,0,0,0,0,0,0,5,14,22,3,0,6,6,0,0,0,0,13,0,58,0,30,6,39,0,0,0,21,0,9,0,0,7,5,0,0,0,0,0
"OTU_3211",0,0,7,0,0,0,0,0,0,0,0,0,0,0,0,2,0,0,0,0,0,0,0,0,0,0,0,0,0,0,0,0,0,0,0,0,0,14,13,0
"OTU_3212",0,10,0,0,15,0,0,0,0,0,0,0,0,0,0,0,0,0,0,0,0,0,0,0,0,0,0,0,0,0,0,0,4,0,0,0,10,17,0,0
"OTU_3213",0,0,0,0,0,0,0,0,0,0,0,7,0,0,0,0,4,0,0,0,0,9,9,0,0,0,0,0,0,0,0,0,0,0,0,0,0,0,0,21
"OTU_3216",11,0,0,0,0,35,0,0,0,23,0,0,0,8,0,0,0,0,0,0,0,0,0,0,0,0,0,0,35,0,0,0,0,0,6,0,0,0,0,9
"OTU_3218",0,3,0,0,4,0,0,0,0,0,0,0,2,0,0,4,0,0,4,0,0,0,0,0,0,0,0,0,0,0,0,0,0,0,0,6,0,0,0,0
"OTU_3221",0,0,0,0,7,0,0,0,0,0,0,0,0,0,0,0,12,0,0,0,0,0,0,0,0,0,4,0,0,0,0,0,4,7,0,0,12,7,7,0
"OTU_3224",0,0,0,0,2,0,0,0,0,0,0,0,0,0,4,0,0,0,0,0,6,2,9,0,0,0,0,0,0,0,0,0,0,9,0,0,10,0,0,0
"OTU_3225",3,0,26,5,0,0,8,14,0,0,0,0,0,0,0,0,0,0,9,0,8,0,0,0,0,0,0,0,0,0,11,0,9,24,0,0,26,0,10,0
"OTU_3227",0,0,0,0,5,0,6,0,0,0,0,0,0,0,0,0,3,22,0,0,0,5,0,0,0,0,0,0,0,0,8,0,0,0,0,0,0,0,12,9
"OTU_3228",0,0,0,0,0,40,0,15,32,0,25,0,0,0,0,0,0,0,0,0,0,0,0,0,0,0,0,0,0,103,0,26,0,0,0,0,0,0,0,0
"OTU_3229",0,0,0,0,0,0,0,0,16,33,0,0,0,0,0,0,0,0,0,0,0,0,0,0,79,0,0,0,0,0,0,113,0,0,0,0,0,0,0,0
"OTU_3230",0,0,0,0,0,0,0,2,0,0,0,0,0,0,5,20,0,0,0,16,0,0,14,0,0,0,0,0,0,0,0,11,12,13,0,0,11,8,0,0
"OTU_3233",0,0,0,0,0,32,0,39,0,34,0,0,41,9,0,0,0,0,0,0,0,0,11,0,29,0,0,0,11,0,22,0,0,0,13,0,0,0,0,0
"OTU_3234",0,0,0,0,0,0,0,0,0,0,0,0,0,0,0,0,0,31,0,0,0,0,16,0,0,0,0,0,0,0,0,0,0,0,9,0,0,41,0,31
"OTU_3235",0,0,0,0,8,0,18,11,0,20,16,0,2,0,15,0,5,0,0,0,20,0,0,0,0,0,0,0,9,0,37,7,0,12,13,27,0,0,0,0
"OTU_3237",0,0,0,68,0,0,0,0,0,0,0,0,0,0,0,0,0,0,138,0,0,0,0,17,0,0,0,0,18,0,0,0,0,0,0,0,0,0,0,0
"OTU_3239",0,0,0,0,0,0,0,0,0,0,0,5,0,0,0,2,12,0,0,0,0,1,0,0,0,0,0,0,0,0,0,0,0,2,1,0,1,0,0,0
"OTU_3240",0,0,0,0,16,0,20,0,0,0,0,0,5,3,5,0,0,0,0,0,0,2,0,0,0,0,0,0,0,0,0,0,0,0,0,13,4,0,10,0
"OTU_3241",11,0,0,0,0,0,0,0,0,0,0,7,0,0,0,0,0,0,0,0,0,0,0,0,0,0,6,0,0,0,0,0,2,5,0,8,0,0,0,0
"OTU_3242",0,0,0,0,14,0,13,0,0,0,0,7,0,22,18,5,14,0,15,0,0,0,0,0,0,0,0,0,16,0,40,0,23,12,0,8,11,0,0,9
"OTU_3245",23,0,0,0,0,44,0,22,0,0,0,0,0,0,0,0,0,0,0,0,0,0,0,32,0,0,0,0,42,0,0,0,0,0,0,0,0,0,0,5
"OTU_3247",7,0,39,0,17,0,0,0,0,0,0,0,0,12,17,0,0,0,0,0,0,0,0,0,0,0,0,57,0,0,0,0,0,23,0,31,0,14,11,0
"OTU_3249",42,15,27,0,11,0,4,0,0,0,0,0,0,8,4,0,9,0,0,0,0,0,0,19,0,25,16,9,5,0,0,0,13,0,8,19,0,0,0,0
"OTU_3253",0,5,0,0,9,0,7,13,35,2,14,0,0,0,10,0,0,0,0,0,24,0,9,0,8,10,0,22,12,36,12,0,0,11,0,0,0,0,0,0
"OTU_3254",0,13,12,0,20,0,0,0,0,0,0,0,0,76,50,0,21,0,0,0,0,0,0,0,0,0,0,0,0,0,0,0,0,0,0,47,0,0,0,0
"OTU_3256",74,0,11,0,10,0,0,0,0,0,0,6,0,0,0,0,4,0,0,0,3,0,0,0,0,0,22,0,4,0,0,0,0,0,0,0,0,0,0,0
"OTU_3257",0,0,0,0,0,0,0,0,0,0,0,25,37,22,16,0,68,0,15,0,0,9,0,0,0,0,0,0,0,0,0,0,0,46,0,0,0,0,0,0
"OTU_3259",0,0,0,0,0,0,12,0,0,0,0,0,0,0,0,8,0,0,0,0,0,0,0,0,0,14,0,12,0,0,0,0,0,0,0,0,0,4,0,0
"OTU_3261",0,0,8,0,0,0,0,0,0,0,0,0,0,0,0,0,0,6,0,0,0,0,0,0,0,0,0,0,0,0,0,0,0,0,0,0,0,5,8,0
"OTU_3262",0,0,0,16,0,25,32,0,0,30,23,0,0,0,0,0,0,0,0,0,6,0,0,0,28,0,0,0,14,16,10,29,0,9,0,0,0,0,0,0
"OTU_3263",0,13,0,0,8,8,26,15,0,11,0,0,5,6,0,0,0,0,0,0,0,0,6,0,25,11,0,10,21,6,56,0,0,4,6,0,0,0,0,0
"OTU_3265",0,0,0,70,0,0,0,0,0,52,0,0,0,0,0,0,0,0,0,0,0,0,0,25,29,0,0,0,20,0,0,41,0,0,0,0,0,0,0,0
"OTU_3266",0,0,0,0,0,7,0,6,36,0,0,0,0,0,0,0,0,0,0,0,0,0,0,0,0,15,4,0,0,18,0,151,0,0,0,0,0,0,0,0
"OTU_3267",0,0,0,0,0,0,0,0,0,0,0,0,0,0,0,0,11,6,9,0,0,7,0,0,0,0,0,0,0,0,0,0,0,0,0,0,4,7,0,8
"OTU_3268",0,4,7,0,0,0,1,0,0,0,0,7,10,1,16,3,15,0,7,0,1,3,0,0,0,12,0,1,1,0,0,0,19,21,23,2,0,0,3,0
"OTU_3269",38,0,0,0,3,0,0,0,0,0,0,0,0,0,0,0,0,0,0,0,0,0,0,0,0,7,8,0,0,0,140,0,0,0,0,0,14,5,0,0
"OTU_3270",0,0,0,0,0,0,0,0,0,0,0,0,12,0,0,0,0,0,0,0,0,0,13,0,0,19,0,0,0,0,0,0,0,0,5,0,0,0,0,0
"OTU_3272",0,0,0,0,9,0,12,0,0,0,0,0,0,0,0,6,0,0,0,0,0,0,0,0,0,0,0,25,0,0,0,0,0,0,0,0,3,0,9,0
"OTU_3273",0,0,0,0,0,0,0,0,0,12,7,0,0,0,0,0,0,6,6,57,0,0,7,25,0,0,0,0,101,0,0,0,0,0,0,0,0,0,0,0
"OTU_3274",0,0,0,0,0,0,16,0,0,0,0,0,17,0,0,0,22,11,0,0,0,0,11,0,0,8,0,0,0,0,3,0,0,13,0,0,0,15,5,13
"OTU_3281",0,0,0,0,0,0,4,15,50,4,0,0,0,0,0,0,0,0,0,0,0,0,0,0,30,0,0,0,0,51,18,50,0,0,0,0,0,0,14,0
"OTU_3282",0,0,30,35,0,0,18,5,0,14,5,0,0,0,4,0,0,0,10,0,36,0,0,0,0,0,0,0,34,37,0,0,0,0,0,0,0,0,0,0
"OTU_3283",0,0,0,0,0,0,5,0,45,0,0,0,0,0,0,0,0,0,0,0,0,0,0,0,0,32,120,33,0,0,0,0,0,0,0,0,0,0,0,0
"OTU_3284",0,0,0,0,0,0,7,0,19,0,0,0,0,0,0,5,0,11,0,0,0,0,2,0,0,0,0,0,0,0,0,0,0,0,0,0,0,13,0,26
"OTU_3285",5,0,0,0,0,0,0,0,0,0,0,0,0,0,0,0,0,0,0,0,0,0,0,7,0,185,0,0,38,0,0,0,0,0,0,0,0,0,0,0
"OTU_3287",18,0,13,0,9,0,0,0,0,0,0,0,0,0,0,0,0,0,0,0,0,0,0,2,0,16,50,0,28,0,0,0,0,0,0,7,12,0,0,0
"OTU_3289",0,0,4,0,0,0,0,0,0,0,0,0,0,0,0,0,0,12,0,0,0,3,0,0,0,0,0,0,8,0,0,0,0,0,0,0,5,7,0,18
"OTU_3290",0,0,1,0,0,0,0,0,0,0,0,0,0,0,0,7,0,5,0,7,0,0,0,1,0,0,0,0,0,0,1,0,4,0,0,0,0,7,9,10
"OTU_3294",0,0,0,0,0,0,0,0,0,0,0,0,4,0,0,0,7,9,0,0,0,7,18,0,0,0,0,0,0,0,0,0,0,6,4,0,0,12,0,16
"OTU_3296",0,1,20,0,0,0,0,1,0,0,0,0,0,1,1,4,1,3,4,9,3,0,0,0,0,0,0,2,0,8,0,0,0,0,5,12,4,0,0,2
"OTU_3299",0,0,8,0,0,0,26,0,0,0,0,0,0,0,3,0,0,11,12,26,0,0,0,0,0,0,0,0,0,10,3,16,12,0,27,0,4,14,34,0
"OTU_3300",0,0,0,0,0,0,0,0,0,0,0,0,9,0,0,0,0,0,73,0,0,0,0,0,0,0,0,0,0,0,0,0,41,0,110,0,0,0,0,0
"OTU_3301",7,0,0,0,0,0,7,11,54,0,21,0,0,0,0,0,0,0,0,0,0,0,0,0,0,0,114,19,0,0,0,0,0,0,0,0,0,0,0,0
"OTU_3302",0,10,0,0,0,0,0,4,0,0,4,0,0,0,0,0,0,0,122,14,0,0,0,5,0,0,0,0,0,17,0,57,0,0,0,0,0,0,0,0
"OTU_3303",0,0,0,9,18,0,23,0,0,11,0,0,9,8,0,0,0,0,0,0,30,0,0,0,0,10,0,37,26,20,19,0,0,13,0,0,0,0,0,0
"OTU_3304",151,25,0,0,0,4,0,0,0,0,0,0,0,0,0,0,0,0,0,0,0,0,0,0,0,0,35,12,3,0,0,3,0,0,0,0,0,0,0,0
"OTU_3305",0,0,0,0,0,0,0,3,0,196,0,0,0,0,0,0,0,0,0,0,0,0,0,0,0,0,0,0,0,32,2,0,0,0,0,0,0,0,0,0
"OTU_3307",0,0,0,0,0,0,0,8,0,0,0,0,0,0,0,0,9,0,0,0,0,0,0,0,0,0,0,0,3,0,6,0,14,0,0,0,0,0,0,6
"OTU_3308",61,0,0,0,0,47,15,0,0,0,0,0,0,0,0,0,0,0,0,0,0,0,0,0,0,0,109,0,0,0,0,0,0,0,0,0,0,0,0,0
"OTU_3310",0,0,0,0,0,0,0,70,20,0,0,0,0,0,0,0,0,0,0,0,0,0,0,0,0,13,30,13,36,0,25,25,0,0,0,0,0,0,0,0
"OTU_3312",0,0,0,0,8,37,0,5,32,0,0,0,0,0,0,0,0,0,0,0,0,0,0,0,0,0,6,0,0,0,18,0,0,0,0,0,0,15,92,0
"OTU_3313",0,0,4,3,0,0,17,13,5,21,50,0,6,0,0,0,11,0,0,0,5,0,0,0,50,0,0,0,11,0,24,0,0,12,0,0,0,0,0,0
"OTU_3316",0,3,0,0,0,0,13,0,0,0,0,5,6,0,0,0,0,0,0,0,0,20,0,0,0,0,0,9,0,0,0,0,0,45,0,28,0,0,0,0
"OTU_3319",0,0,16,0,22,0,0,0,0,0,0,0,0,0,8,0,4,0,0,0,0,0,0,0,0,0,0,0,0,0,0,0,17,0,0,18,0,0,0,0
"OTU_3324",0,15,0,0,0,4,0,0,19,67,0,0,0,0,0,0,0,0,9,30,3,0,0,0,55,8,0,0,0,16,0,0,0,0,0,0,0,0,0,0
"OTU_3326",0,0,0,0,21,0,21,7,0,0,0,5,16,6,17,0,11,0,17,0,25,0,0,0,7,0,0,20,0,12,16,0,0,0,0,16,0,0,0,0
"OTU_3328",0,0,0,0,0,9,8,0,10,0,0,0,0,0,0,0,0,0,0,0,0,0,0,0,27,2,104,70,0,0,0,0,0,0,0,0,0,0,0,0
"OTU_3331",0,15,3,0,0,0,0,0,0,0,0,0,4,4,0,0,0,0,0,0,0,0,0,0,0,0,0,0,0,0,0,0,0,0,5,0,4,6,6,13
"OTU_3332",22,44,0,0,9,22,0,25,14,0,0,0,11,0,0,0,0,0,15,0,0,0,0,0,4,3,10,11,0,0,25,0,0,0,0,0,0,0,0,0
"OTU_3333",0,0,0,0,0,0,0,0,0,0,0,3,5,0,4,0,0,0,0,0,0,0,0,0,0,0,0,0,0,0,0,0,4,0,0,0,0,0,0,9
"OTU_3335",0,0,0,0,0,0,0,0,0,0,0,0,0,0,0,0,0,8,0,0,0,9,19,0,0,0,0,0,0,0,0,0,0,0,0,0,0,14,21,0
"OTU_3336",0,14,165,0,8,0,0,0,13,0,0,0,0,0,0,0,0,0,0,0,0,0,0,0,0,0,0,0,0,0,0,0,25,0,0,0,0,0,0,0
"OTU_3337",0,6,0,0,17,10,0,0,7,0,0,0,0,0,5,0,0,0,0,0,0,0,31,0,24,16,13,14,0,0,28,0,0,0,24,20,0,0,0,0
"OTU_3338",5,4,8,0,5,1,3,1,0,1,1,0,0,4,3,0,11,2,7,4,2,1,5,4,0,1,0,1,3,2,5,0,8,2,1,6,0,0,3,13
"OTU_3340",0,0,0,0,0,0,0,0,0,0,0,29,0,0,0,0,7,0,6,0,0,14,15,0,0,0,0,8,0,0,0,0,17,19,20,15,0,0,0,0
"OTU_3343",0,0,9,10,2,0,0,0,0,11,11,3,4,3,7,4,2,0,15,15,17,4,2,0,4,0,0,1,12,12,4,6,0,4,3,5,6,3,0,1
"OTU_3348",0,0,0,0,0,0,0,0,0,0,0,0,0,0,0,6,0,5,0,0,0,6,0,0,0,0,0,0,5,0,0,0,0,0,0,0,0,12,0,5
"OTU_3352",0,0,0,0,0,0,0,0,0,0,0,5,0,0,0,0,16,0,0,0,0,0,0,0,0,0,0,0,0,0,0,0,0,0,0,0,0,5,0,53
"OTU_3355",0,16,0,0,0,0,0,3,0,15,24,8,0,0,10,0,9,0,0,0,17,0,0,0,30,0,0,0,0,0,0,6,24,0,0,42,0,0,0,0
"OTU_3357",0,0,0,0,0,36,11,7,0,15,0,0,0,12,0,7,0,0,0,0,0,7,0,0,0,0,0,0,28,0,0,0,0,0,7,0,4,0,0,0
"OTU_3360",0,0,0,0,0,9,0,0,0,0,0,0,0,0,3,2,5,0,9,0,0,0,0,0,0,3,11,0,4,0,0,0,0,0,5,0,0,10,0,0
"OTU_3362",0,0,0,0,0,0,0,0,0,0,0,0,1,0,0,0,0,26,0,0,0,0,23,0,0,0,0,0,0,0,0,0,20,0,0,0,10,28,18,50
"OTU_3363",0,8,16,0,0,0,0,0,114,0,0,0,0,0,0,0,0,0,0,0,0,0,0,0,36,0,0,0,0,0,0,0,14,0,0,0,28,0,0,0
"OTU_3364",81,0,0,0,0,27,0,0,0,0,0,0,0,12,15,0,0,0,0,0,0,0,0,16,19,0,18,0,20,0,0,0,0,0,0,19,0,0,0,0
"OTU_3365",83,0,0,0,0,0,26,0,0,0,0,0,0,7,0,0,0,0,0,0,0,0,0,5,0,0,82,3,0,0,0,0,0,0,0,6,0,0,0,0
"OTU_3366",11,0,0,0,0,0,0,0,0,63,0,0,0,0,0,0,0,0,29,0,0,0,0,0,41,0,0,0,0,31,0,46,0,0,0,0,5,0,0,0
"OTU_3369",19,0,12,0,62,0,0,0,0,0,0,0,0,0,0,0,0,0,0,0,0,0,0,0,0,0,0,0,0,0,0,0,7,0,0,0,0,18,0,0
"OTU_3370",0,0,39,0,0,0,85,0,0,0,0,0,0,7,2,0,0,0,0,0,0,0,0,0,0,0,0,20,0,0,71,0,0,0,0,2,0,0,0,0
"OTU_3371",0,26,67,0,23,0,0,0,5,0,0,0,0,0,0,0,0,0,0,0,52,6,0,0,0,0,0,0,0,0,0,0,16,7,24,0,0,0,0,0
"OTU_3372",0,0,22,0,0,0,0,0,0,0,0,0,12,8,7,0,0,0,0,0,0,0,0,0,0,0,0,12,0,0,0,0,0,0,0,0,0,6,13,0
"OTU_3376",0,0,0,0,0,0,58,12,0,9,6,0,0,0,0,0,0,0,0,0,99,0,0,8,0,0,0,4,12,0,17,0,0,0,0,0,0,0,0,0
"OTU_3377",0,0,0,0,17,0,30,0,0,0,0,0,0,0,0,8,0,3,0,0,0,4,6,0,0,0,0,11,0,0,0,0,0,1,0,0,5,3,7,16
"OTU_3380",156,0,0,0,0,0,13,0,17,0,0,0,0,0,0,0,0,0,0,0,0,0,0,6,0,0,33,0,0,0,0,0,0,0,0,0,0,0,0,0
"OTU_3381",0,0,0,0,0,0,0,0,0,0,0,0,0,28,47,0,0,0,7,0,11,0,0,0,0,0,0,0,0,0,0,0,0,24,0,108,0,0,0,0
"OTU_3382",0,0,0,0,0,0,0,0,0,0,0,0,8,0,0,0,0,0,0,0,0,0,0,0,0,0,0,0,0,0,0,0,0,5,0,0,0,0,5,6
"OTU_3385",0,0,0,0,0,0,0,0,0,0,0,20,0,0,0,0,61,0,0,0,0,0,33,0,0,0,0,0,0,0,0,0,28,16,0,0,0,30,0,37
"OTU_3386",0,0,0,0,0,0,0,0,0,0,0,0,0,0,0,0,0,0,30,0,10,0,0,0,0,0,0,0,0,0,0,0,5,0,78,0,0,0,0,0
"OTU_3388",0,0,12,0,3,0,33,22,0,11,11,0,5,0,0,0,0,0,0,0,5,0,5,16,2,0,0,1,0,8,78,0,0,0,0,0,0,0,12,0
"OTU_3389",0,0,0,0,0,0,6,0,0,0,0,0,0,0,0,0,0,0,4,0,0,0,10,0,0,0,0,0,0,0,0,0,0,8,0,0,18,7,0,0
"OTU_3392",0,0,0,0,0,51,0,0,0,0,0,0,0,0,0,0,0,26,0,0,0,0,21,0,0,0,0,0,70,0,0,0,0,0,0,0,0,0,0,38
"OTU_3393",81,0,0,0,13,0,0,0,0,0,0,0,0,0,9,0,0,0,0,0,0,0,0,0,0,22,40,39,0,0,0,0,0,0,0,0,0,0,0,0
"OTU_3396",0,0,0,0,0,0,0,0,0,0,0,0,8,0,13,0,14,0,0,2,14,0,17,0,0,0,0,0,0,0,0,0,0,0,47,0,0,0,11,24
"OTU_3400",0,34,0,0,0,0,13,25,0,0,0,0,0,0,0,0,0,0,18,0,0,0,0,0,0,32,0,16,0,0,16,48,0,0,0,0,0,0,21,0
"OTU_3401",0,0,0,0,0,0,0,0,0,0,0,0,0,0,0,6,0,4,0,0,0,0,8,0,0,0,0,0,0,0,0,0,7,0,12,0,7,0,0,0
"OTU_3402",0,0,64,0,4,0,0,0,0,0,0,4,4,0,0,0,0,0,3,0,0,0,0,0,0,0,0,0,0,0,0,0,0,3,0,0,0,0,0,0
"OTU_3406",71,35,0,0,0,0,0,0,0,0,0,0,0,0,0,0,0,0,0,0,0,0,0,0,0,21,57,0,0,0,0,0,0,0,0,0,0,0,0,0
"OTU_3411",0,7,14,0,9,0,0,0,0,0,0,0,15,0,0,0,7,0,0,0,0,6,0,0,0,0,0,11,0,0,0,0,0,0,0,0,14,16,0,0
"OTU_3415",0,60,0,0,0,0,0,0,0,0,0,0,0,0,0,0,0,0,0,0,0,0,0,0,0,40,0,0,22,0,0,0,6,0,0,0,27,0,0,0
"OTU_3418",0,0,0,0,0,0,0,0,0,105,35,0,10,0,0,0,0,0,17,0,0,0,0,0,0,0,0,0,0,0,0,54,0,0,0,0,0,0,0,0
"OTU_3420",0,0,17,0,4,0,10,0,7,0,0,0,0,0,0,0,0,15,9,0,25,0,23,0,0,0,0,0,0,0,7,0,0,21,0,0,0,8,25,9
"OTU_3422",0,0,0,0,0,0,0,0,0,0,0,13,0,0,0,0,0,0,26,105,8,0,22,0,0,0,0,0,0,0,0,0,0,18,18,0,0,0,11,0
"OTU_3423",7,0,0,19,0,0,14,0,0,0,119,0,0,0,0,0,0,0,0,0,0,0,0,17,10,20,0,2,7,0,6,0,0,0,0,0,0,0,0,0
"OTU_3424",0,0,11,0,0,0,0,0,0,0,0,7,0,0,0,0,11,0,0,0,8,0,0,0,0,0,0,0,0,0,0,0,0,4,0,0,0,7,10,2
"OTU_3425",0,0,0,0,0,0,0,0,0,0,0,3,0,1,0,0,7,1,0,0,0,0,0,0,0,0,0,0,0,2,0,2,0,0,0,0,0,1,3,0
"OTU_3426",0,0,0,0,0,0,0,0,0,0,0,0,0,0,0,0,0,78,0,11,8,0,0,0,0,0,0,0,0,0,0,0,10,0,98,0,6,9,0,0
"OTU_3428",0,0,0,0,0,0,0,10,0,47,0,0,0,14,17,0,0,0,0,0,0,0,0,0,0,0,0,0,34,23,0,0,0,0,0,0,0,0,0,0
"OTU_3429",6,0,1,0,0,0,0,6,0,2,0,0,13,0,0,8,8,20,0,0,1,0,6,0,0,1,0,0,0,0,0,10,8,13,0,0,0,17,22,11
"OTU_3430",68,0,0,0,0,15,0,0,0,0,0,0,0,0,0,0,0,0,0,0,0,0,0,12,0,31,41,0,0,0,0,0,0,7,0,12,0,0,0,0
"OTU_3433",0,0,0,0,0,0,0,0,6,0,0,17,0,0,0,0,0,17,0,0,0,0,10,0,0,0,0,0,0,0,0,0,0,3,0,9,0,0,5,16
"OTU_3434",0,0,0,0,0,0,0,0,0,0,0,0,0,0,39,0,0,0,0,0,0,0,0,0,0,0,0,0,0,0,0,0,0,0,19,41,12,0,0,0
"OTU_3436",59,49,0,0,20,0,0,19,0,0,0,0,15,0,0,0,0,0,0,0,0,0,0,4,0,41,7,0,0,0,0,0,0,0,0,5,0,0,0,0
"OTU_3439",0,0,0,0,0,5,0,0,44,0,0,0,15,5,0,14,9,12,0,0,0,17,2,0,0,0,0,0,0,0,0,0,0,5,2,0,0,19,0,18
"OTU_3442",0,0,0,0,0,0,0,0,0,0,0,0,0,0,0,4,6,0,0,0,0,0,0,0,0,0,0,0,0,0,0,0,0,0,0,0,8,0,3,0
"OTU_3443",0,0,0,0,0,0,0,0,0,0,0,0,24,0,7,0,33,0,0,0,11,0,0,0,0,0,0,0,0,0,3,0,0,0,12,0,0,9,0,4
"OTU_3444",0,0,0,0,0,0,0,3,0,0,0,0,0,0,0,0,5,0,0,0,0,0,0,0,139,4,0,0,45,1,0,0,0,0,0,0,0,0,0,0
"OTU_3445",0,0,0,0,0,0,0,0,0,0,3,0,0,0,0,0,0,15,0,0,0,0,0,0,0,0,0,0,91,0,15,0,0,8,0,0,0,0,0,0
"OTU_3447",0,44,19,0,0,0,19,0,0,0,10,0,0,0,4,0,0,0,13,11,0,10,0,0,13,28,0,0,0,16,16,0,0,0,0,15,0,0,0,0
"OTU_3448",70,0,0,0,0,5,0,0,0,0,0,0,0,0,0,0,0,0,0,0,0,0,0,17,0,0,109,0,0,0,7,0,0,0,0,0,0,0,0,0
"OTU_3449",0,0,0,0,0,0,0,0,0,0,0,0,0,0,0,0,0,18,0,0,0,0,5,0,0,0,0,0,0,0,0,0,0,4,0,0,3,5,0,0
"OTU_3454",0,0,0,0,0,0,0,0,0,0,0,0,0,0,0,0,0,11,0,0,0,0,13,0,0,0,0,0,0,0,0,0,0,0,0,0,0,11,4,37
"OTU_3458",0,0,0,0,0,0,0,0,0,0,0,0,0,0,0,16,0,60,0,0,0,0,0,9,0,0,0,0,0,0,0,0,0,0,33,0,11,17,9,0
"OTU_3461",59,26,26,0,9,0,0,0,0,0,0,0,0,0,0,0,0,0,6,0,0,0,0,0,0,46,8,0,22,0,0,0,2,0,0,2,0,0,0,0
"OTU_3462",0,1,0,0,0,0,75,12,0,0,0,0,0,0,0,0,0,11,0,0,0,0,0,4,0,0,0,0,0,0,30,0,0,0,14,0,0,14,0,0
"OTU_3463",8,0,0,0,0,6,0,0,0,0,0,0,0,0,7,0,0,0,0,0,0,0,0,0,0,0,4,0,5,0,0,0,3,0,0,14,0,0,0,0
"OTU_3464",0,0,0,0,0,0,0,0,0,0,0,0,0,0,3,0,0,32,0,0,0,0,0,0,0,0,0,0,0,0,35,0,0,4,0,0,0,12,0,19
"OTU_3466",0,0,0,8,3,0,0,24,0,21,0,0,0,0,0,0,0,0,6,8,36,0,0,2,0,0,0,0,40,48,20,0,0,0,0,0,0,0,0,0
"OTU_3470",0,0,0,0,0,0,0,0,0,0,0,7,0,8,0,0,0,0,0,0,0,0,0,0,0,0,0,0,0,0,0,0,10,0,0,0,0,0,0,23
"OTU_3471",0,0,0,0,0,0,0,0,0,20,34,0,0,0,0,0,0,0,0,0,0,0,0,151,0,0,0,0,0,0,0,11,0,0,0,0,0,0,0,0
"OTU_3476",7,18,3,0,0,0,0,0,0,0,0,0,6,0,5,0,11,0,7,0,0,0,9,0,0,0,0,21,3,0,10,0,0,15,0,0,9,0,11,0
"OTU_3477",0,0,0,0,0,0,0,0,0,0,0,0,4,0,0,0,0,0,0,7,0,0,24,0,0,0,0,0,7,0,0,0,0,0,0,0,0,0,0,0
"OTU_3478",0,3,0,0,3,0,1,4,0,30,0,0,0,0,0,10,0,6,0,1,4,2,0,0,0,1,0,1,3,2,1,0,2,11,0,0,0,0,2,0
"OTU_3481",0,8,3,0,0,0,0,0,0,0,0,0,0,0,0,0,0,0,0,0,5,0,0,5,20,6,0,0,0,3,7,5,0,0,0,0,0,0,17,0
"OTU_3487",0,0,0,0,0,0,0,0,16,37,26,0,0,0,0,0,0,0,0,0,0,0,0,0,63,0,0,0,0,0,0,73,0,0,0,0,0,0,0,0
"OTU_3488",0,0,0,0,0,13,0,0,20,0,0,0,20,8,0,15,0,0,0,0,0,0,0,0,0,0,0,0,0,0,0,0,0,0,0,4,0,0,0,0
"OTU_3491",0,0,0,0,0,0,0,0,0,0,0,0,0,0,0,0,0,15,9,0,0,0,9,0,0,0,0,0,0,0,0,0,0,0,0,0,0,0,7,0
"OTU_3492",23,14,16,0,8,0,61,0,0,0,0,0,0,0,0,0,10,0,0,0,0,0,0,0,0,0,0,29,0,0,0,0,0,0,0,0,0,0,0,0
"OTU_3493",0,82,0,0,0,0,0,0,0,6,0,0,0,0,0,0,0,0,0,0,0,0,0,0,5,9,0,28,0,69,8,7,0,0,0,0,0,0,0,0
"OTU_3495",0,0,7,0,0,0,0,0,0,0,0,0,0,0,8,7,3,0,0,0,0,3,0,0,0,0,0,0,0,0,0,0,0,0,0,6,14,14,0,0
"OTU_3497",0,0,0,0,0,0,49,26,0,0,0,0,0,0,0,0,0,0,0,0,0,0,0,0,37,0,0,0,0,0,101,0,0,0,0,0,0,0,0,0
"OTU_3499",151,0,0,0,0,30,0,0,0,0,0,0,0,0,0,0,0,0,0,0,0,0,0,0,0,20,12,0,0,0,0,0,0,0,0,0,0,0,0,0
"OTU_3503",0,0,0,0,0,0,0,0,0,0,0,0,0,28,23,0,23,0,0,0,0,0,12,0,0,0,0,0,0,0,0,0,0,21,0,0,0,0,22,0
"OTU_3504",6,0,0,0,0,62,0,4,0,0,0,0,0,0,0,0,0,0,0,0,0,0,0,0,0,118,6,0,0,17,0,0,0,0,0,0,0,0,0,0
"OTU_3508",0,0,0,0,0,0,0,39,109,0,0,0,0,0,0,0,0,0,0,0,0,0,0,0,0,17,0,0,12,0,0,16,0,15,0,0,0,0,0,0
"OTU_3511",19,29,0,0,38,0,0,0,0,0,0,0,0,0,10,0,0,0,0,0,12,0,0,0,0,44,0,0,0,0,0,0,0,17,0,10,0,13,0,0
"OTU_3512",0,0,9,0,0,0,0,0,0,0,0,0,6,0,0,6,16,0,12,0,0,0,0,0,0,0,0,0,0,0,0,0,16,11,0,0,9,0,0,0
"OTU_3513",0,13,0,0,0,0,0,14,57,55,0,0,0,0,0,0,0,0,0,0,0,0,0,0,36,0,0,0,0,35,0,2,0,0,0,0,0,0,0,0
"OTU_3514",0,0,15,0,14,0,0,0,0,0,0,0,7,0,0,0,0,0,0,0,0,0,3,0,0,0,0,21,11,0,8,0,0,0,0,0,0,14,0,0
"OTU_3516",28,0,14,0,15,0,13,0,0,0,0,0,0,5,10,0,0,0,0,0,0,0,0,11,0,0,0,0,0,0,0,0,0,14,0,0,0,0,0,0
"OTU_3518",0,12,0,0,7,0,0,0,0,0,0,0,7,0,0,0,0,0,0,0,0,0,5,0,0,33,0,0,0,0,44,0,0,0,0,0,0,25,0,0
"OTU_3521",0,9,0,0,0,6,0,37,18,24,27,0,0,0,0,0,0,0,10,0,0,0,0,0,0,12,0,5,0,10,0,53,0,0,0,0,0,0,0,0
"OTU_3522",0,0,0,0,28,0,0,0,0,0,0,0,0,0,0,0,0,0,19,0,0,0,22,5,0,3,0,32,84,0,5,0,0,0,0,0,0,0,0,0
"OTU_3524",0,0,12,0,13,0,14,2,5,0,0,0,0,2,6,7,4,0,0,0,3,5,2,0,0,0,2,4,0,3,1,0,5,12,0,5,0,0,1,0
"OTU_3525",0,0,0,0,0,0,0,0,0,0,0,0,0,0,8,9,0,0,0,0,0,0,0,0,0,0,0,0,0,0,0,0,0,0,8,0,27,0,0,0
"OTU_3526",0,0,0,0,0,0,0,0,0,0,44,0,0,0,0,0,0,0,0,0,0,0,0,0,40,0,0,0,0,84,0,42,0,0,0,0,0,0,0,0
"OTU_3527",0,6,0,0,8,0,2,0,1,0,1,0,0,1,5,0,0,1,3,0,3,0,1,0,0,1,1,0,1,2,1,0,0,0,0,2,2,0,0,0
"OTU_3528",0,0,0,0,0,0,0,0,0,0,0,0,0,4,0,0,6,0,0,0,0,0,0,0,0,0,0,0,0,0,9,0,0,0,0,0,0,0,0,4
"OTU_3529",0,0,0,0,0,0,0,6,51,0,34,0,0,0,0,0,0,0,0,0,0,0,0,0,47,0,0,0,0,0,4,0,0,0,0,0,0,1,0,0
"OTU_3533",0,0,0,0,0,0,0,0,0,0,0,0,0,0,0,0,0,9,0,0,0,0,9,0,0,0,0,0,0,0,0,0,0,0,0,0,0,26,0,17
"OTU_3536",0,0,31,0,24,0,5,0,0,0,0,0,3,0,26,2,0,0,0,0,0,0,0,0,0,0,0,0,2,0,0,0,0,0,0,16,3,0,0,0
"OTU_3537",0,0,0,11,0,0,0,9,11,0,0,0,6,0,0,0,0,17,0,0,0,4,18,0,41,0,0,17,5,0,18,22,0,0,5,0,0,11,0,0
"OTU_3538",0,0,0,0,0,0,0,0,0,0,0,0,14,0,0,0,21,0,30,1,13,0,4,0,0,0,0,0,22,0,0,0,0,17,0,0,18,0,0,0
"OTU_3541",6,0,0,0,7,0,0,0,0,0,0,4,0,0,0,0,10,0,0,0,0,0,0,0,0,0,0,0,0,0,0,0,0,0,0,0,0,0,7,0
"OTU_3542",0,0,4,0,28,0,0,0,0,0,0,0,0,9,0,0,0,0,0,0,0,0,0,11,0,5,0,0,0,0,0,0,0,0,0,0,0,4,0,0
"OTU_3543",0,0,0,0,0,0,0,0,0,0,0,11,0,0,13,9,10,0,0,0,0,14,0,0,0,0,0,0,0,0,0,0,22,18,0,20,0,6,5,0
"OTU_3544",0,0,0,0,9,0,0,0,0,0,0,0,0,0,0,0,0,0,0,0,0,0,0,0,0,0,0,0,0,0,0,0,0,24,0,0,0,15,9,29
"OTU_3545",0,10,0,0,0,0,0,0,0,0,9,0,0,0,0,0,0,0,7,0,0,0,0,0,0,29,0,0,0,0,15,0,0,0,0,0,0,0,0,0
"OTU_3554",0,0,0,0,0,0,0,0,0,0,0,0,6,0,5,0,0,8,17,0,14,4,0,0,4,0,0,0,0,0,0,0,0,0,0,0,0,0,0,0
"OTU_3556",0,0,7,0,0,0,0,0,0,0,0,0,0,0,0,12,0,0,0,0,6,0,0,0,0,51,0,0,0,0,0,0,19,0,61,0,52,0,0,0
"OTU_3559",0,0,0,0,0,0,0,8,26,0,0,0,0,0,0,0,0,0,0,0,0,0,0,0,109,0,0,0,0,26,0,38,0,0,0,0,0,0,0,0
"OTU_3560",0,0,0,0,0,0,0,21,26,10,8,0,15,2,0,0,0,0,0,0,0,0,0,0,15,31,0,0,27,3,49,0,0,0,0,0,0,0,0,0
"OTU_3564",0,0,0,0,0,0,0,0,22,21,39,0,0,3,0,0,0,12,0,0,0,0,0,0,36,0,0,0,0,19,0,13,0,0,0,0,0,12,0,7
"OTU_3565",11,0,0,0,6,0,0,0,3,0,0,0,0,0,0,0,0,0,0,0,0,0,0,0,0,0,0,0,0,0,0,6,0,0,0,6,6,11,11,0
"OTU_3574",0,0,0,0,0,0,0,0,0,0,0,18,0,0,0,0,0,25,19,0,0,0,10,0,0,0,0,0,0,0,0,0,0,17,0,0,0,0,0,0
"OTU_3579",0,0,0,0,0,0,0,0,0,0,0,0,0,21,11,0,0,0,0,0,0,0,0,0,0,0,0,0,0,0,0,0,8,0,6,10,0,0,0,0
"OTU_3580",0,0,0,0,0,0,0,0,0,0,0,0,0,0,0,19,16,6,50,0,7,0,0,0,0,0,0,0,0,0,0,0,16,9,0,0,0,0,0,7
"OTU_3582",6,15,19,0,25,0,0,0,0,0,0,7,0,7,0,0,0,0,6,0,0,0,0,0,0,0,0,8,0,0,4,0,9,0,0,7,6,0,11,0
"OTU_3584",0,0,0,0,5,0,49,0,0,0,0,7,7,0,0,0,4,27,0,0,0,0,8,0,0,0,0,0,0,0,0,0,0,0,0,0,0,0,0,0
"OTU_3585",0,0,0,0,0,0,0,0,0,0,0,0,0,0,0,4,0,5,4,0,0,0,0,0,0,0,0,0,0,0,0,0,12,0,3,11,7,3,0,6
"OTU_3586",0,0,0,0,0,32,0,0,0,0,12,0,0,0,0,2,0,7,6,0,0,0,0,0,0,0,0,0,0,0,0,0,0,0,0,37,0,10,4,12
"OTU_3590",0,0,0,0,0,0,0,0,0,0,0,0,0,0,0,0,5,0,0,0,0,0,17,0,0,0,0,0,0,0,0,0,0,0,0,0,9,13,0,0
"OTU_3591",0,3,2,0,1,0,6,0,0,0,0,0,0,1,0,6,0,1,3,0,2,1,0,2,1,5,0,0,1,0,1,0,1,0,0,0,1,4,1,1
"OTU_3593",0,16,0,0,0,0,14,12,11,0,7,0,0,0,0,0,0,0,0,0,0,0,0,10,39,0,0,0,0,0,23,64,0,0,0,8,0,0,0,0
"OTU_3599",3,0,0,0,0,90,0,0,0,0,0,0,0,0,0,0,6,0,0,0,0,0,0,38,0,0,50,17,0,0,0,0,0,0,0,0,0,0,0,0
"OTU_3600",0,0,0,0,0,0,0,0,0,0,0,0,0,0,0,8,0,13,12,0,0,0,10,0,0,0,0,0,0,0,0,0,0,0,0,0,14,22,0,0
"OTU_3601",0,0,0,0,0,0,0,0,0,0,0,6,0,0,0,0,0,0,8,0,0,0,9,0,0,0,0,0,0,0,8,0,18,0,0,0,0,38,0,0
"OTU_3602",0,0,0,0,0,0,0,0,0,0,0,0,0,0,0,0,9,0,0,0,0,0,0,0,30,0,30,0,0,0,0,0,0,9,0,0,0,0,0,0
"OTU_3606",0,0,0,0,0,0,50,0,0,0,0,0,0,10,0,0,27,0,0,0,0,0,0,0,0,0,0,0,0,18,76,0,0,22,0,0,0,0,0,0
"OTU_3607",0,0,0,0,0,0,3,0,0,24,0,0,0,30,0,0,0,7,0,0,0,0,7,5,16,0,0,2,5,3,4,0,16,23,0,3,0,22,25,0
"OTU_3608",0,8,16,0,10,0,10,10,5,0,11,0,11,0,0,0,19,0,8,11,16,0,0,0,11,0,0,0,0,0,17,0,0,0,12,0,0,0,7,0
"OTU_3610",0,0,12,0,2,0,0,2,6,0,25,0,0,0,0,0,0,0,0,0,0,0,0,0,0,18,0,6,10,12,10,0,0,0,0,0,0,0,0,0
"OTU_3611",0,0,0,0,0,0,16,0,0,21,0,0,0,0,0,7,0,0,0,0,11,0,0,0,4,0,0,33,0,0,0,0,0,0,0,0,0,0,0,0
"OTU_3612",0,0,0,0,0,0,0,5,0,0,0,9,0,8,5,6,0,0,0,0,0,0,0,0,0,29,20,11,10,0,0,0,10,5,3,17,4,0,0,0
"OTU_3613",0,0,0,0,0,0,0,0,0,0,0,6,0,0,0,0,0,0,11,0,0,0,0,0,0,0,0,0,0,0,0,0,5,0,0,0,21,0,0,0
"OTU_3616",0,0,0,0,6,0,18,0,0,0,0,0,9,10,0,0,0,0,0,0,6,0,4,0,4,0,0,0,0,0,0,0,0,10,9,7,0,10,0,0
"OTU_3618",0,6,13,0,0,0,43,0,0,0,0,0,0,0,0,0,0,0,0,0,0,0,14,0,0,4,0,39,0,0,69,0,0,0,0,0,0,8,0,0
"OTU_3619",0,12,25,0,0,14,17,0,8,12,0,0,0,0,12,0,0,0,15,0,9,0,0,8,0,0,0,16,20,0,16,0,5,4,0,0,0,0,0,0
"OTU_3620",0,0,0,0,0,0,0,12,45,127,10,0,0,0,0,0,0,0,0,0,0,0,0,0,8,0,0,0,0,0,0,0,0,0,0,0,0,0,0,0
"OTU_3621",0,0,0,0,0,0,5,0,11,46,41,0,0,0,0,0,0,0,0,0,0,0,0,0,17,0,0,0,27,32,0,23,0,0,0,0,0,0,0,0
"OTU_3622",0,0,10,0,10,0,0,0,0,0,0,0,0,0,0,0,0,0,0,0,7,0,0,0,28,0,0,0,0,0,0,0,0,20,0,0,12,0,0,0
"OTU_3623",0,0,0,0,0,0,16,0,0,0,0,0,0,0,20,0,0,0,0,0,0,0,0,0,5,0,0,0,0,0,0,0,0,48,0,5,0,0,0,0
"OTU_3624",6,0,14,0,0,4,5,0,0,0,0,0,25,0,15,0,0,0,13,2,0,0,14,0,0,0,0,0,0,6,48,0,0,0,0,17,0,0,0,0
"OTU_3625",0,0,0,0,0,0,0,0,0,0,0,0,9,0,0,0,0,0,81,0,76,8,0,0,0,0,0,0,0,0,0,12,0,0,0,0,0,0,15,0
"OTU_3626",0,0,0,0,0,37,0,0,0,0,21,0,0,0,29,0,0,0,0,19,0,0,0,0,0,0,28,0,11,0,0,0,15,0,0,20,0,0,0,0
"OTU_3627",0,0,0,0,0,0,0,0,0,0,0,0,11,0,0,17,0,16,0,0,9,0,28,0,0,0,0,0,0,0,5,0,0,6,14,0,0,40,0,47
"OTU_3628",0,0,19,0,0,4,0,0,0,0,0,79,8,0,10,0,20,0,0,0,0,0,0,0,0,0,0,61,0,0,0,0,0,0,0,0,0,0,0,0
"OTU_3634",0,0,0,0,0,0,0,13,0,125,0,0,0,0,0,0,0,0,0,0,0,0,0,0,37,0,0,0,0,0,25,0,0,0,0,0,0,0,0,0
"OTU_3636",0,0,2,0,0,0,5,8,0,0,0,0,4,0,0,3,2,0,7,16,2,0,2,0,3,0,3,4,0,0,8,0,5,0,10,0,11,0,40,0
"OTU_3640",0,0,0,0,0,0,14,0,0,0,0,0,0,0,0,0,0,0,0,0,0,0,0,0,0,0,0,0,0,0,8,0,0,16,0,0,0,0,0,16
"OTU_3641",26,0,7,0,0,0,33,0,0,0,0,0,0,0,0,0,0,0,0,0,0,0,4,0,0,0,0,0,0,0,5,0,0,0,0,0,8,19,11,0
"OTU_3643",0,0,22,0,0,0,0,0,0,18,0,0,0,0,5,0,0,0,0,0,0,0,0,0,0,31,0,0,5,67,39,13,0,0,0,0,0,0,0,0
"OTU_3650",0,26,34,0,22,0,11,0,0,0,0,0,3,4,0,0,0,0,0,0,2,0,0,0,0,16,0,11,10,0,0,0,0,3,0,8,0,11,3,6
"OTU_3651",0,0,0,0,0,84,31,0,0,0,0,0,0,0,0,0,0,0,0,0,0,0,0,0,0,15,0,0,69,0,0,0,0,0,0,0,0,0,0,0
"OTU_3656",0,2,1,0,17,0,0,0,0,0,0,0,0,0,4,0,0,0,15,0,0,0,0,0,0,0,0,0,0,0,0,0,14,10,0,8,0,16,1,0
"OTU_3660",21,64,6,0,0,0,0,2,9,0,0,0,6,0,10,0,0,0,9,0,0,0,0,0,0,0,14,0,16,0,26,0,0,0,0,0,0,0,0,0
"OTU_3662",0,0,0,13,0,0,0,0,0,0,0,0,0,0,9,0,0,0,0,0,0,0,4,0,0,0,0,0,0,0,0,0,0,10,0,0,0,0,0,0
"OTU_3663",0,0,0,0,0,0,0,0,0,0,0,5,9,0,8,0,0,0,0,0,0,0,0,0,0,0,0,0,0,0,0,0,0,0,0,39,0,0,0,0
"OTU_3666",0,0,0,0,17,0,0,0,0,0,0,12,0,0,0,0,0,0,0,0,0,14,0,0,0,0,0,0,0,0,0,0,0,11,0,8,0,0,0,0
"OTU_3667",0,0,0,0,0,0,17,13,0,31,27,0,0,0,0,0,0,0,0,0,0,0,0,22,0,0,0,15,0,73,0,0,0,0,0,0,0,0,0,0
"OTU_3669",0,0,0,0,0,0,0,0,0,0,0,0,8,0,0,0,0,16,0,0,0,0,0,0,0,0,0,0,0,0,0,0,0,0,0,0,0,16,0,25
"OTU_3670",0,0,0,0,0,18,0,6,0,0,0,13,22,0,13,0,24,0,8,0,0,12,15,0,0,0,0,0,11,6,34,0,0,13,0,3,0,0,0,0
"OTU_3673",0,13,0,16,0,0,0,0,12,11,84,0,0,0,0,0,0,0,0,0,0,0,0,0,0,8,13,18,18,0,0,0,0,0,0,0,0,0,0,0
"OTU_3674",0,0,0,0,0,0,0,0,0,0,0,0,0,0,0,0,0,7,32,0,0,0,0,0,0,0,0,0,0,0,0,0,0,12,31,0,0,0,0,8
"OTU_3675",0,0,2,0,0,0,0,0,0,0,0,0,0,20,21,0,0,7,0,0,0,0,0,0,0,0,8,0,0,0,0,0,0,8,10,30,0,0,0,0
"OTU_3678",0,0,0,0,0,0,0,0,0,0,0,0,0,0,2,0,0,0,0,0,0,0,0,0,0,0,0,0,0,0,0,6,4,0,0,0,0,21,12,0
"OTU_3679",0,0,0,0,0,0,0,0,0,5,0,0,0,1,0,6,0,1,0,0,0,1,0,6,0,0,0,0,0,0,0,0,2,3,0,0,0,0,4,4
"OTU_3680",0,0,0,0,0,0,0,0,0,0,0,0,0,24,11,0,0,0,0,0,0,0,0,0,17,0,0,8,0,0,0,0,0,0,0,35,0,0,0,0
"OTU_3681",0,14,0,0,16,0,0,0,0,0,0,0,7,0,0,0,9,0,0,0,0,0,0,0,0,0,0,0,20,0,0,0,0,0,0,0,0,0,5,0
"OTU_3682",0,0,0,0,0,0,0,0,0,0,0,0,2,14,4,0,0,0,25,0,0,0,0,0,0,0,0,0,0,0,0,0,0,0,0,0,0,0,0,0
"OTU_3685",0,0,0,0,0,0,0,16,11,37,0,0,0,0,0,0,0,0,0,0,0,0,0,0,50,0,0,0,0,20,19,43,0,0,0,0,0,0,0,0
"OTU_3687",0,0,9,0,64,0,9,0,0,0,0,0,0,0,0,0,0,0,0,0,0,0,0,0,0,0,0,0,4,0,0,0,11,0,0,0,15,9,42,0
"OTU_3688",0,0,0,0,0,0,0,0,0,0,0,0,15,50,33,0,0,0,0,0,0,0,0,0,0,0,0,0,0,0,0,0,0,0,27,71,0,0,0,0
"OTU_3691",0,0,0,0,0,0,0,0,0,0,0,0,8,0,0,0,8,0,0,0,0,0,13,0,0,0,0,0,0,0,0,0,0,0,0,0,30,16,13,8
"OTU_3692",0,0,0,0,0,0,0,0,0,0,0,0,0,0,0,4,9,6,5,0,0,0,0,0,0,0,3,0,0,0,0,0,0,0,0,0,8,6,0,15
"OTU_3696",0,0,0,0,0,0,0,0,0,0,0,0,0,0,0,0,0,0,0,38,0,0,0,84,0,0,0,0,0,0,47,0,0,0,0,26,0,0,0,0
"OTU_3698",0,0,0,0,0,0,3,0,0,33,91,0,0,0,0,0,0,0,0,0,0,0,0,0,19,0,10,0,0,13,0,26,0,0,0,0,0,0,0,0
"OTU_3700",0,0,6,4,0,0,0,0,0,0,0,0,0,0,0,0,0,23,0,0,0,0,6,0,0,0,0,0,0,0,0,0,0,14,0,0,2,10,0,0
"OTU_3702",0,0,0,0,0,0,0,0,0,0,0,0,0,0,0,10,0,0,0,54,20,0,8,0,0,0,0,0,0,0,0,0,15,8,0,0,16,0,0,0
"OTU_3703",0,0,0,0,0,0,0,0,0,130,0,0,0,0,0,0,0,0,0,0,0,0,0,0,31,0,0,0,0,0,0,22,0,0,12,0,0,0,0,0
"OTU_3705",0,0,0,0,0,0,28,15,0,0,0,0,0,0,0,0,0,39,0,0,0,0,0,0,14,0,0,0,0,0,30,0,0,0,0,0,0,0,0,48
"OTU_3708",0,0,0,0,0,0,0,0,0,0,0,10,2,0,0,9,7,0,0,0,7,7,0,0,0,0,0,0,0,0,0,0,0,0,0,0,0,0,0,0
"OTU_3711",0,0,0,0,0,0,0,9,0,0,0,8,0,54,35,0,0,0,0,0,0,0,0,0,0,0,0,0,0,0,0,0,6,14,0,15,0,0,0,0
"OTU_3713",99,53,0,0,0,0,9,0,0,0,0,0,0,0,0,0,0,0,0,0,0,0,0,0,0,18,0,0,12,0,0,0,0,0,0,0,0,0,0,0
"OTU_3716",0,0,0,0,0,0,0,0,0,0,3,0,0,0,0,0,0,0,0,11,0,0,0,0,0,0,0,0,11,0,0,0,0,0,0,0,0,0,0,10
"OTU_3717",0,0,0,0,0,4,0,0,0,0,0,0,0,0,0,0,0,18,0,0,0,0,0,0,0,0,0,0,0,4,0,0,0,0,0,0,0,29,8,32
"OTU_3719",0,0,9,0,20,0,0,0,15,3,4,0,0,0,0,0,0,0,0,0,0,0,0,0,6,9,38,0,0,7,0,82,0,0,0,0,0,0,0,0
"OTU_3723",0,0,0,0,0,0,0,0,0,0,0,0,0,0,0,0,0,13,0,0,0,0,0,0,0,0,0,0,0,0,0,0,0,0,0,0,0,22,32,8
"OTU_3726",0,0,0,0,0,0,0,8,72,0,21,0,0,0,0,0,0,0,0,0,0,0,0,0,81,0,0,5,0,0,6,0,0,0,0,0,0,0,0,0
"OTU_3727",0,0,0,0,9,0,0,0,0,0,0,0,4,0,5,0,7,0,0,0,0,0,0,0,0,0,0,0,8,0,0,0,0,0,0,0,22,19,87,0
"OTU_3735",0,0,1,0,0,0,6,0,0,0,0,0,0,2,4,11,0,0,0,0,0,0,0,0,0,0,49,0,0,0,0,0,0,16,9,1,6,0,0,0
"OTU_3738",3,24,5,0,0,19,0,0,0,0,0,0,0,0,10,0,0,8,0,0,0,0,8,0,0,16,0,3,0,0,0,0,21,0,0,0,0,0,0,0
"OTU_3739",0,0,0,6,0,0,38,6,21,0,0,0,0,0,0,0,0,0,0,0,0,0,0,44,4,12,14,47,0,0,0,0,0,0,0,0,0,0,0,0
"OTU_3744",0,18,4,0,10,0,0,0,0,0,0,0,0,0,0,0,0,0,0,0,0,14,0,0,0,0,0,0,0,0,0,0,0,3,0,0,0,0,0,0
"OTU_3745",0,0,0,0,0,34,0,0,0,0,0,0,0,0,0,0,0,0,0,0,0,18,0,0,0,9,0,0,14,0,0,0,0,0,0,0,0,0,0,0
"OTU_3747",0,0,0,0,0,0,33,0,0,0,0,0,0,0,0,9,8,0,0,0,0,0,20,0,0,0,0,0,0,0,5,4,21,0,11,0,0,0,0,14
"OTU_3749",9,18,0,0,24,0,11,0,0,0,0,0,0,0,0,0,4,0,0,0,0,0,0,0,0,33,33,0,14,0,0,0,0,0,0,0,0,0,0,0
"OTU_3750",0,0,0,0,0,0,0,0,0,0,0,0,0,0,0,0,0,0,0,13,11,0,0,0,0,0,0,0,0,0,0,0,11,12,0,0,0,0,5,0
"OTU_3751",20,0,0,0,0,0,0,0,0,0,0,0,0,0,0,0,0,10,10,0,0,0,0,3,0,0,0,0,0,0,0,0,0,0,0,0,0,0,0,0
"OTU_3753",0,1,0,0,0,0,0,0,0,0,0,0,0,0,0,7,0,0,6,0,0,0,0,0,0,0,0,0,0,0,0,0,0,0,2,0,5,0,0,2
"OTU_3756",0,0,21,0,0,0,0,0,0,0,0,0,13,5,0,0,0,0,7,5,0,6,0,0,0,0,0,0,0,0,0,0,0,0,0,0,0,9,24,0
"OTU_3760",3,0,2,0,0,0,0,0,0,0,0,0,0,0,8,0,0,0,0,0,0,0,0,0,0,0,0,0,0,0,0,0,1,0,0,0,0,0,0,0
"OTU_3763",36,0,0,0,0,0,0,0,0,0,0,0,0,0,0,0,0,4,0,0,0,0,5,0,0,0,0,0,0,0,0,0,0,0,0,0,6,6,8,0
"OTU_3764",0,0,0,0,0,0,0,0,0,11,18,0,0,0,0,0,4,0,0,0,0,0,0,0,17,0,0,0,0,0,0,18,0,0,0,0,0,0,0,0
"OTU_3766",0,11,8,0,0,0,31,19,37,0,0,0,0,0,5,0,5,0,16,0,0,0,0,5,0,2,0,6,3,0,16,0,0,2,0,0,0,0,0,0
"OTU_3767",0,0,0,0,0,0,0,0,0,0,23,0,44,0,0,0,0,0,0,0,0,0,0,0,10,0,0,0,10,0,13,0,0,19,0,0,0,0,0,0
"OTU_3769",4,2,1,3,0,0,3,1,0,0,0,2,1,4,1,1,1,0,1,0,5,0,0,0,1,2,0,5,0,2,6,0,0,0,0,4,3,0,1,0
"OTU_3772",22,0,0,0,0,58,0,0,0,0,0,0,0,46,16,0,0,0,0,0,0,0,0,0,0,0,0,0,0,0,0,0,0,0,0,48,0,0,0,0
"OTU_3778",23,0,0,0,0,98,0,0,0,0,0,0,0,0,0,4,0,0,0,0,0,0,0,0,0,0,46,0,0,0,0,0,0,0,0,0,0,0,0,0
"OTU_3779",0,0,0,0,3,0,0,0,0,0,0,0,0,0,0,0,0,0,0,0,0,0,20,0,0,0,0,0,0,0,0,0,0,26,7,0,0,8,11,10
"OTU_3780",0,0,0,0,0,0,0,0,0,0,0,0,0,0,0,11,0,0,0,0,0,0,0,0,0,0,0,0,0,0,0,0,4,0,0,0,8,0,8,12
"OTU_3781",0,0,0,0,0,0,11,0,0,0,0,0,0,0,0,0,0,0,0,0,30,0,11,0,0,0,21,0,0,0,54,0,7,14,16,0,0,0,0,0
"OTU_3782",21,0,0,0,0,9,4,0,0,0,0,0,0,0,0,0,0,0,0,0,0,0,0,28,0,0,0,0,0,0,0,0,0,0,0,0,0,0,0,0
"OTU_3783",0,0,0,0,0,0,18,0,0,0,0,0,4,0,0,0,0,0,0,5,0,0,10,0,0,0,0,0,0,0,0,0,0,0,0,0,10,14,16,0
"OTU_3784",0,0,0,0,0,29,0,0,19,14,0,0,0,0,0,0,0,0,0,0,0,0,0,0,13,27,0,27,10,40,0,11,0,0,0,0,0,0,0,0
"OTU_3787",0,17,31,0,47,0,30,0,0,0,0,0,0,0,0,0,0,0,0,0,0,0,0,0,0,0,0,0,23,0,0,0,0,0,0,22,19,0,0,0
"OTU_3790",0,0,0,0,0,0,0,0,0,0,0,0,0,0,0,0,0,8,0,0,9,0,11,0,0,0,0,0,0,0,0,0,0,0,0,0,44,0,7,0
"OTU_3792",0,0,0,0,0,0,0,3,23,0,19,0,0,0,0,0,0,0,0,0,0,0,0,0,0,0,0,0,0,0,0,144,0,0,0,0,0,0,0,0
"OTU_3796",0,0,0,0,0,0,0,0,0,0,0,0,0,6,6,0,0,0,0,0,4,0,0,0,0,7,0,0,0,0,0,0,0,0,0,0,0,0,0,0
"OTU_3797",11,50,12,0,9,0,0,0,0,0,0,3,8,0,16,0,0,0,0,0,0,0,0,0,0,0,0,0,0,0,0,0,0,0,10,0,0,0,0,0
"OTU_3799",0,0,0,0,0,0,0,0,0,0,0,0,6,0,0,0,0,12,0,6,0,0,13,0,0,0,0,0,0,0,0,0,0,0,0,0,0,12,0,13
"OTU_3800",18,13,0,0,6,0,22,0,0,0,0,16,0,6,0,0,0,0,0,0,0,0,0,0,0,0,2,0,0,0,0,0,0,0,4,19,0,0,0,0
"OTU_3803",0,0,0,0,0,0,0,0,0,0,0,0,0,0,0,0,0,0,0,0,0,0,0,0,0,0,0,0,0,0,0,0,0,7,0,0,7,17,5,0
"OTU_3804",0,0,0,0,0,0,0,0,0,0,0,0,0,0,0,0,0,0,0,0,14,0,0,0,0,22,0,0,0,143,9,0,0,0,0,0,0,0,0,0
"OTU_3805",0,0,0,0,0,0,0,0,0,0,0,0,13,0,0,0,23,0,0,0,0,0,3,0,0,0,0,0,0,0,0,0,9,19,0,14,0,0,0,0
"OTU_3807",0,18,15,0,16,8,0,17,0,0,0,0,0,0,0,0,0,0,0,0,0,0,0,0,0,0,0,0,0,0,11,0,0,14,0,0,0,0,0,7
"OTU_3808",5,0,0,0,0,0,0,0,0,0,0,0,0,0,0,0,1,0,0,2,0,1,1,0,0,0,0,0,0,0,0,0,0,0,0,0,0,0,0,2
"OTU_3809",0,0,0,0,0,0,0,0,0,0,0,0,0,0,0,0,0,0,0,18,143,0,0,0,0,0,0,0,9,0,18,0,0,0,0,0,0,0,0,0
"OTU_3810",0,0,0,0,0,0,0,0,0,0,0,9,0,0,0,9,19,7,0,0,0,0,11,0,0,0,0,0,0,0,0,0,0,10,0,5,3,13,0,22
"OTU_3812",0,0,0,0,0,0,0,0,0,0,0,0,0,0,2,0,10,0,0,0,0,0,4,0,0,0,0,0,0,0,0,0,0,0,2,3,0,0,0,0
"OTU_3816",37,0,3,0,0,26,0,0,0,20,0,0,0,0,0,0,0,0,0,0,0,0,0,11,45,0,0,0,0,0,19,0,0,0,0,4,0,2,0,0
"OTU_3817",0,17,33,0,15,0,0,0,0,0,0,0,11,0,8,0,0,0,20,0,0,0,0,0,0,13,0,0,0,0,0,0,0,8,0,4,0,0,0,0
"OTU_3818",0,0,0,0,0,0,0,0,0,0,0,0,0,6,0,0,8,0,0,0,0,0,0,0,0,0,0,0,0,0,0,0,8,0,0,0,14,0,0,0
"OTU_3821",0,0,0,0,0,0,0,0,0,0,0,0,0,0,0,0,0,0,6,8,71,0,31,0,0,0,0,0,0,0,0,0,8,27,12,0,9,0,0,11
"OTU_3822",0,9,0,0,0,0,0,0,0,55,0,0,0,0,0,0,0,0,18,0,0,0,0,0,0,13,0,0,0,0,81,0,0,0,0,0,0,11,0,0
"OTU_3823",0,0,0,0,0,0,0,0,0,22,6,0,0,0,0,0,0,0,0,0,0,0,0,0,142,0,0,0,0,0,0,17,0,0,0,0,0,0,0,0
"OTU_3824",0,0,9,0,14,0,7,0,0,0,4,15,0,0,7,0,0,0,0,0,0,0,1,0,0,0,0,0,0,0,0,0,0,7,0,0,0,0,0,0
"OTU_3825",0,0,0,0,28,0,0,0,0,0,0,11,0,0,9,0,0,0,0,0,0,0,0,0,0,0,0,0,7,0,0,0,0,0,8,17,0,0,0,23
"OTU_3827",0,0,0,0,0,0,0,0,0,0,0,0,0,0,0,0,0,11,0,0,0,0,0,0,0,0,0,0,0,0,0,0,15,0,0,0,0,10,6,0
"OTU_3831",0,0,0,0,0,0,0,0,0,0,0,26,6,0,39,0,12,0,22,0,30,0,0,0,0,0,0,0,0,0,0,0,0,26,17,8,0,0,0,0
"OTU_3835",0,9,25,0,0,0,0,0,0,0,0,10,0,0,0,0,0,0,0,0,0,0,0,0,0,6,0,0,0,0,0,0,0,0,0,0,11,11,0,0
"OTU_3837",13,0,0,0,0,6,0,6,19,0,0,0,0,3,0,0,0,0,0,0,3,0,0,0,16,57,15,2,9,15,0,0,0,0,0,6,0,0,0,0
"OTU_3839",0,0,0,0,0,56,0,11,0,0,0,0,0,0,3,0,0,0,0,0,0,14,7,0,31,8,0,0,8,0,0,0,0,0,0,0,0,0,0,6
"OTU_3840",0,0,0,0,0,0,0,0,61,0,28,0,0,0,0,0,0,0,0,0,0,0,0,0,0,72,0,9,0,0,0,0,0,0,0,0,0,9,0,0
"OTU_3841",0,4,0,0,0,0,1,0,2,0,0,0,0,0,3,2,0,0,2,1,0,1,0,0,0,1,0,1,0,1,0,1,2,2,1,0,5,1,5,5
"OTU_3843",0,0,0,0,0,16,0,0,2,30,6,0,0,0,0,0,0,9,0,0,0,0,0,0,12,0,0,0,32,0,0,0,0,0,0,0,0,0,0,0
"OTU_3844",7,0,0,0,0,0,22,0,0,0,0,0,4,0,9,0,0,0,0,0,0,3,0,0,0,0,0,5,10,0,6,0,9,16,9,0,7,0,0,0
"OTU_3845",0,0,0,0,0,0,0,0,0,0,0,0,0,96,0,0,0,0,0,0,0,0,0,0,1,0,0,0,0,2,0,9,0,0,0,51,0,0,0,0
"OTU_3846",0,6,0,0,0,0,0,0,0,0,0,0,0,2,0,0,0,7,0,0,0,4,2,0,0,0,0,0,0,0,0,0,0,7,0,0,0,13,0,0
"OTU_3847",11,13,16,3,7,0,40,0,0,0,0,0,0,0,0,0,0,0,18,0,0,0,0,0,0,7,0,10,0,0,33,0,5,0,0,0,0,0,0,0
"OTU_3848",0,0,0,0,0,58,0,0,0,13,0,0,2,0,0,0,0,0,30,0,0,0,0,0,35,6,8,0,0,19,0,0,14,0,0,0,0,0,0,0
"OTU_3850",0,26,4,0,16,13,0,0,15,0,0,0,0,0,4,0,9,0,0,0,0,0,0,0,15,0,0,20,0,0,0,0,0,0,0,0,14,0,0,0
"OTU_3851",0,0,0,0,0,0,0,0,0,0,0,0,0,0,0,25,0,0,0,17,16,0,23,0,0,0,0,0,0,0,0,0,0,0,24,0,79,0,0,0
"OTU_3854",0,0,0,0,0,0,0,0,0,0,0,0,0,10,0,0,0,24,0,0,0,0,0,0,0,0,0,0,0,0,0,0,0,8,6,0,12,0,7,0
"OTU_3855",0,8,0,0,0,0,0,0,0,0,0,7,0,0,5,5,0,11,12,0,0,0,23,0,0,0,0,0,0,0,0,0,0,9,0,0,12,37,4,0
"OTU_3857",0,0,0,0,0,0,0,0,0,0,0,2,27,0,0,0,50,0,0,0,0,7,0,0,0,0,0,0,0,0,0,0,0,0,0,0,0,0,0,0
"OTU_3858",0,0,0,0,0,0,0,0,0,0,0,0,0,0,0,11,0,6,0,0,0,4,0,0,0,0,0,0,0,0,0,0,0,0,0,10,18,0,0,0
"OTU_3860",0,5,0,0,0,0,0,12,49,0,0,0,0,0,0,0,0,0,0,0,0,0,0,0,0,0,0,0,0,12,15,73,0,0,0,0,0,0,0,0
"OTU_3862",11,0,0,0,0,91,0,0,0,0,0,0,0,0,0,0,0,0,0,0,0,0,0,16,0,0,8,0,0,0,0,0,0,0,0,34,0,0,0,0
"OTU_3865",0,8,0,0,4,0,0,0,0,0,0,0,10,9,0,0,6,0,0,0,0,0,0,0,0,0,0,0,0,0,0,0,23,0,0,0,10,0,0,0
"OTU_3866",0,0,0,0,0,0,0,14,42,37,0,0,0,0,0,0,0,0,0,0,0,0,0,0,0,0,0,0,0,0,0,90,0,0,0,0,0,0,0,0
"OTU_3868",0,0,14,0,0,0,13,5,0,0,0,0,0,0,0,0,0,0,13,0,0,0,0,0,0,0,0,0,0,0,70,0,18,2,34,0,2,0,7,0
"OTU_3871",0,0,0,0,2,0,0,0,0,0,0,4,0,0,0,0,2,3,0,0,2,0,1,0,0,0,0,0,0,0,0,0,0,0,1,0,0,3,0,2
"OTU_3872",0,0,9,0,8,0,0,0,0,0,0,0,5,32,24,0,0,0,0,0,0,0,0,0,0,0,0,0,0,0,0,0,14,4,0,0,0,14,25,12
"OTU_3878",0,0,0,0,0,0,0,11,38,0,0,0,0,0,0,0,0,0,0,0,0,0,0,22,6,47,42,9,7,0,0,0,0,0,0,0,0,0,0,0
"OTU_3884",0,0,0,0,10,0,0,0,36,0,0,0,10,23,5,0,0,0,0,9,26,0,0,0,0,14,0,0,0,0,0,0,0,0,15,12,7,0,0,0
"OTU_3885",0,0,13,0,0,0,0,0,0,0,0,0,0,0,0,0,0,0,0,0,0,0,0,0,0,0,0,0,35,52,46,0,0,0,0,0,0,0,0,0
"OTU_3886",0,0,15,1,7,0,10,0,4,2,0,0,0,1,8,3,0,2,1,0,1,2,0,0,3,0,0,1,1,3,1,2,3,1,0,1,4,0,12,3
"OTU_3892",0,0,1,0,3,0,56,0,0,0,0,0,10,0,0,0,0,0,17,0,0,0,7,0,0,0,0,0,0,0,3,0,0,35,21,0,0,0,0,0
"OTU_3894",0,0,0,0,0,0,0,0,0,0,0,0,0,0,0,0,32,0,107,27,0,0,0,0,0,0,0,0,0,0,0,0,0,15,0,0,0,0,0,0
"OTU_3896",0,0,0,0,0,0,3,0,0,0,0,8,0,0,0,0,27,8,0,0,14,36,13,0,0,0,0,0,0,0,0,0,0,24,0,0,0,0,0,22
"OTU_3899",0,0,0,0,0,0,0,0,0,45,0,0,0,0,0,8,0,8,0,0,0,0,0,0,26,28,0,0,0,0,0,0,0,0,0,0,44,0,0,7
"OTU_3900",0,0,0,0,0,10,1,0,0,8,0,0,0,0,0,0,0,0,0,0,0,0,0,0,0,0,0,0,5,0,5,0,0,0,0,0,0,0,0,0
"OTU_3902",0,0,0,0,0,3,0,18,22,0,7,0,0,0,0,0,0,0,0,0,0,0,0,4,0,12,36,0,7,59,12,0,0,0,0,0,0,0,0,0
"OTU_3903",5,0,0,0,0,0,0,62,5,0,0,0,0,0,0,0,10,0,5,0,0,0,0,0,0,0,0,0,0,0,5,0,0,9,0,0,5,7,6,0
"OTU_3905",0,2,0,0,0,5,32,6,2,0,0,4,0,13,1,0,12,0,0,0,3,0,0,1,0,8,7,45,2,5,1,0,0,0,0,31,0,0,0,0
"OTU_3907",34,0,0,0,0,40,5,0,0,0,0,0,0,0,0,0,0,0,0,0,0,0,0,7,0,0,46,0,0,0,0,0,0,0,0,0,0,0,0,0
"OTU_3908",0,0,0,0,0,0,0,0,0,0,0,0,0,0,0,0,0,26,0,0,0,0,9,0,0,0,0,0,0,0,5,0,0,0,7,0,0,21,0,9
"OTU_3914",0,0,25,0,32,0,0,0,0,0,0,0,0,65,0,0,0,0,0,0,0,0,0,0,0,0,0,0,57,0,0,0,0,0,0,0,0,0,0,0
"OTU_3916",0,0,0,0,0,0,48,0,0,0,18,0,0,0,0,0,0,0,0,0,0,0,0,0,23,0,0,31,0,16,0,24,0,0,0,0,0,0,0,0
"OTU_3919",0,26,14,0,0,0,0,0,0,0,0,0,0,35,19,0,0,0,0,0,0,0,0,0,0,0,0,0,0,0,0,0,0,0,0,0,10,0,0,0
"OTU_3920",0,0,0,0,0,0,0,0,0,0,11,0,7,0,0,0,0,0,0,0,0,0,0,0,44,0,0,0,0,0,0,117,0,0,0,0,0,0,0,0
"OTU_3924",3,0,0,0,12,0,0,0,0,0,0,0,0,22,0,0,0,18,0,0,0,0,0,0,0,0,0,0,0,0,0,0,15,0,0,0,0,0,14,0
"OTU_3927",0,0,9,0,0,0,2,10,20,0,28,0,0,0,0,0,0,8,0,0,0,0,2,0,15,0,0,0,0,0,0,0,0,0,0,0,0,0,0,0
"OTU_3929",0,0,23,0,19,0,0,0,0,0,0,0,0,0,0,0,0,1,11,8,0,0,4,0,0,0,0,0,0,0,11,0,0,0,0,0,19,18,37,0
"OTU_3930",0,0,0,0,0,0,23,0,0,0,0,0,22,0,0,16,0,0,0,0,0,0,0,0,0,8,0,0,0,0,16,0,0,4,0,24,13,0,0,0
"OTU_3932",0,26,0,0,0,0,0,9,40,0,0,0,0,0,0,0,3,0,0,0,0,0,0,0,0,0,0,0,0,10,19,0,2,0,0,7,2,0,0,0
"OTU_3935",0,0,0,0,0,0,0,0,0,0,0,31,0,41,58,0,0,0,0,0,0,0,0,0,0,0,0,0,0,0,0,0,0,0,0,27,0,13,0,8
"OTU_3936",0,0,0,0,0,0,0,0,0,0,0,0,0,0,0,2,0,0,0,0,16,0,0,0,0,0,0,1,0,0,0,0,4,30,0,0,0,0,58,0
"OTU_3938",0,0,0,9,119,0,0,0,0,0,0,0,0,0,0,0,0,0,0,0,0,0,0,0,0,0,0,0,0,0,0,0,0,0,17,32,0,0,0,0
"OTU_3941",0,0,0,0,0,0,0,0,7,0,56,0,0,0,0,0,0,0,0,0,0,0,0,0,22,0,0,0,27,65,0,0,0,0,0,0,0,0,0,0
"OTU_3944",51,30,0,0,0,0,18,37,14,0,0,0,0,0,0,0,0,0,0,0,0,0,0,0,0,14,10,0,0,0,0,0,0,0,0,0,0,0,0,0
"OTU_3949",0,0,0,6,20,42,27,0,0,0,0,0,0,0,0,0,0,0,0,0,0,0,0,0,0,34,23,0,24,0,0,0,0,0,0,0,0,0,0,0
"OTU_3951",0,12,5,0,0,0,14,0,0,0,0,0,0,0,0,0,0,0,0,0,0,0,0,0,0,0,0,15,0,0,0,0,0,0,0,0,0,0,0,0
"OTU_3953",0,0,0,0,0,0,0,0,123,0,9,0,0,0,0,0,0,0,0,0,0,0,0,0,16,0,0,0,0,0,0,28,0,0,0,0,0,0,0,0
"OTU_3961",0,0,0,0,0,0,0,0,0,0,0,0,0,0,0,0,0,28,0,0,0,5,12,0,0,0,0,0,0,0,0,0,0,0,12,0,17,30,21,0
"OTU_3962",0,0,0,0,0,0,0,13,35,0,15,0,0,0,0,0,0,0,0,0,0,0,19,0,35,0,0,0,0,0,0,16,0,0,0,0,0,0,0,6
"OTU_3965",0,0,0,0,0,0,0,0,0,0,0,0,8,22,9,0,12,0,0,0,0,0,0,0,0,0,0,0,0,0,0,0,0,0,0,0,0,0,0,0
"OTU_3966",0,6,15,0,7,0,10,0,0,32,0,0,0,0,0,0,0,0,0,0,0,0,0,0,73,0,0,0,0,0,32,0,0,0,0,0,0,0,0,0
"OTU_3970",0,0,0,0,0,0,0,0,0,0,0,0,0,0,0,0,0,3,0,5,47,0,0,0,0,0,0,0,0,0,0,0,0,0,5,0,0,0,0,0
"OTU_3972",0,43,12,0,44,0,0,0,0,0,0,0,0,14,0,0,0,0,0,0,0,0,0,0,0,0,0,0,0,0,0,62,0,0,0,0,0,0,0,0
"OTU_3973",31,0,0,0,0,11,0,0,0,0,0,0,0,12,0,0,0,0,0,0,0,0,0,121,0,0,0,0,0,0,0,0,0,0,0,0,0,0,0,0
"OTU_3974",0,0,0,0,0,0,0,8,9,0,0,0,2,0,0,3,0,4,10,0,0,0,0,0,0,0,0,8,0,0,0,10,0,0,0,0,8,0,5,0
"OTU_3977",27,0,0,0,0,22,0,17,0,0,0,0,0,0,0,0,0,0,0,0,0,0,15,8,0,0,38,0,0,0,19,0,0,0,0,0,6,0,0,0
"OTU_3978",0,41,43,0,22,0,0,0,0,0,0,0,0,0,0,0,0,0,0,0,0,0,0,0,0,0,0,0,0,0,0,0,0,16,0,0,0,0,52,0
"OTU_3979",0,0,16,0,0,0,0,6,13,12,8,0,0,0,0,0,0,0,0,0,0,0,0,6,35,0,0,0,24,9,37,0,8,0,0,0,0,0,0,0
"OTU_3981",0,0,11,0,0,0,0,0,0,0,0,0,11,0,0,0,13,28,17,17,0,13,12,0,0,0,0,0,0,0,0,0,8,0,0,0,0,25,12,0
"OTU_3983",14,0,0,0,0,18,0,11,69,0,18,0,0,0,0,0,0,0,0,0,0,0,0,4,40,0,0,0,0,0,0,0,0,0,0,0,0,0,0,0
"OTU_3985",25,12,0,0,6,0,0,0,10,13,0,0,0,0,15,0,0,0,0,0,0,0,0,0,12,18,0,12,4,0,32,0,0,11,0,0,0,0,0,0
"OTU_3987",85,14,0,0,0,0,0,0,0,0,0,0,0,0,0,0,0,0,0,0,0,0,0,25,0,40,0,0,0,0,0,10,0,0,0,0,0,0,0,0
"OTU_3988",0,46,0,0,0,0,0,0,0,44,5,0,0,9,0,0,0,0,0,0,0,0,25,0,2,0,0,0,32,1,0,0,0,10,0,0,0,0,0,0
"OTU_3989",0,0,0,0,0,0,0,0,0,0,0,18,7,0,17,0,15,0,0,0,0,9,0,0,0,0,0,0,0,0,0,0,0,0,0,12,0,0,22,0
"OTU_3990",0,0,0,0,0,0,0,0,0,0,0,0,0,0,0,13,0,0,5,53,7,2,0,0,0,0,0,0,0,0,0,0,2,19,6,0,21,0,41,0
"OTU_3992",0,0,0,4,0,0,10,0,0,0,10,0,0,0,19,0,0,0,0,0,0,0,9,0,2,17,0,13,0,0,0,0,0,11,0,8,0,8,20,5
"OTU_3993",0,0,0,0,0,0,0,0,0,0,0,0,0,0,0,0,0,0,0,11,9,0,0,0,0,0,0,0,0,0,0,0,0,6,0,0,0,8,0,13
"OTU_3995",42,0,0,0,0,7,0,0,0,0,0,0,0,0,0,0,0,0,0,0,0,7,0,25,0,71,4,0,0,0,0,14,0,4,0,0,0,0,0,0
"OTU_3996",0,18,0,0,22,0,0,24,40,27,0,0,30,0,0,0,0,0,0,0,13,0,0,0,0,0,0,0,0,0,0,0,0,0,0,0,0,0,0,0
"OTU_3997",0,0,0,0,0,0,0,0,0,0,0,11,0,0,9,0,0,0,0,0,0,0,12,0,0,0,0,0,0,0,116,7,0,0,0,0,0,0,0,0
"OTU_4000",0,0,0,0,0,0,0,0,0,0,0,0,0,0,0,0,0,0,0,0,0,14,19,0,0,0,0,0,0,0,0,0,0,12,62,0,35,0,24,0
"OTU_4002",0,0,0,13,0,0,0,0,0,0,12,0,0,0,0,4,0,107,0,6,5,0,0,0,0,0,0,0,0,0,0,0,0,0,0,0,0,0,0,0
"OTU_4003",0,0,14,0,9,0,0,0,0,0,0,0,0,0,0,7,0,0,0,0,0,0,0,0,0,0,4,7,0,0,0,0,0,0,0,0,14,0,0,0
"OTU_4010",0,0,0,0,22,13,12,0,0,0,0,0,0,0,0,0,0,0,0,0,0,0,0,0,0,0,33,0,11,0,8,0,0,0,0,0,0,0,0,0
"OTU_4012",9,0,0,0,0,0,9,0,0,0,0,0,0,0,0,0,0,0,0,0,0,0,0,0,8,28,99,12,0,0,0,0,0,0,0,0,0,0,0,0
"OTU_4014",0,0,0,0,0,0,0,0,0,0,0,0,0,0,0,0,0,0,6,0,0,0,4,0,0,0,0,0,0,0,0,0,21,0,99,0,0,0,7,11
"OTU_4015",0,0,0,0,0,0,0,0,0,0,0,0,0,0,0,0,9,10,0,0,0,0,0,0,0,0,0,0,0,0,0,0,18,49,0,0,0,30,0,0
"OTU_4016",0,0,0,0,6,0,0,21,17,0,0,0,2,0,0,15,0,0,0,0,0,0,0,0,0,0,0,0,6,0,7,0,11,0,0,0,0,0,0,0
"OTU_4017",0,0,0,0,0,28,0,11,0,0,0,0,0,0,0,0,0,0,0,0,0,0,0,0,0,0,0,0,0,0,9,6,0,0,0,12,0,0,0,0
"OTU_4018",0,0,0,0,0,55,11,46,0,25,0,0,0,0,0,0,0,0,0,0,0,0,0,0,0,15,0,0,20,0,0,0,0,0,0,0,0,0,0,0
"OTU_4019",0,0,0,0,0,49,10,7,0,0,0,0,0,0,0,0,0,0,0,0,6,5,0,0,20,0,0,11,0,0,0,0,0,0,0,0,0,0,4,0
"OTU_4021",0,0,0,0,0,0,25,0,0,41,0,0,4,0,0,0,7,0,0,0,0,0,0,0,9,0,0,0,0,0,68,0,0,0,0,0,9,0,0,0
"OTU_4023",0,0,0,0,0,14,0,0,0,0,5,12,0,0,0,0,8,0,0,0,0,0,1,0,0,0,6,0,0,0,0,0,0,4,3,0,0,4,0,6
"OTU_4025",0,0,0,0,0,0,0,32,30,17,0,0,0,0,0,0,0,0,0,0,0,0,0,0,16,0,8,0,18,8,21,21,0,0,0,0,0,0,0,0
"OTU_4028",0,0,4,0,23,0,0,0,0,0,0,5,14,0,11,0,0,0,0,0,12,22,0,0,0,0,0,9,0,0,33,0,0,6,0,7,0,0,20,5
"OTU_4030",0,0,0,0,0,0,10,0,0,0,0,0,0,0,0,0,0,9,0,0,0,0,6,0,0,0,0,0,0,0,0,0,0,0,0,0,0,11,0,5
"OTU_4031",0,0,12,0,3,0,0,0,0,0,0,0,0,0,10,0,10,0,0,0,0,13,0,0,0,0,0,0,0,0,0,0,0,9,0,0,11,7,18,0
"OTU_4040",0,0,0,0,61,0,0,0,0,0,0,0,0,0,0,0,7,0,0,0,0,0,0,0,0,0,0,0,0,0,27,0,0,6,0,6,0,0,0,13
"OTU_4042",0,0,8,0,0,0,38,0,0,0,0,0,0,0,0,0,0,18,0,0,0,0,0,0,0,0,0,6,0,0,0,0,0,4,0,0,0,15,0,14
"OTU_4044",0,14,7,0,13,0,7,0,0,0,0,0,0,0,0,5,0,0,4,0,0,0,0,0,0,0,0,0,0,0,0,0,15,0,0,0,11,8,5,16
"OTU_4045",0,0,0,0,0,8,0,0,30,13,0,0,0,0,0,0,0,10,0,0,0,5,0,0,11,0,0,0,0,0,0,0,0,1,0,0,0,0,0,0
"OTU_4048",0,0,0,0,8,0,0,0,0,0,0,2,0,0,0,0,0,0,0,0,0,0,0,3,0,8,0,12,7,0,0,0,0,0,0,0,0,0,0,0
"OTU_4049",0,0,20,0,3,0,0,25,27,10,23,0,0,15,0,0,0,0,0,0,0,0,0,0,0,0,0,0,0,0,0,31,0,0,0,0,0,0,0,0
"OTU_4050",0,0,0,0,0,0,0,5,47,0,27,0,0,0,0,0,9,0,0,0,0,0,0,0,0,0,0,14,0,56,11,0,0,0,0,0,0,0,0,0
"OTU_4051",0,0,0,0,0,0,0,0,0,0,0,6,10,0,0,0,20,18,14,0,0,0,0,0,0,0,0,0,0,0,0,0,0,8,0,0,0,12,0,8
"OTU_4052",0,0,0,0,0,0,0,2,4,0,0,0,0,4,0,0,0,0,0,0,0,0,0,0,0,0,0,0,0,15,25,119,0,0,0,0,0,0,0,0
"OTU_4055",0,0,0,0,0,0,0,0,0,0,6,0,0,0,0,0,4,0,2,0,0,8,0,0,0,0,0,0,0,0,0,0,1,0,0,0,9,5,6,0
"OTU_4058",0,0,3,0,0,0,0,0,0,0,0,0,0,3,0,0,0,0,3,0,0,4,4,0,0,0,0,0,0,0,0,0,0,0,0,3,8,0,0,0
"OTU_4059",0,0,0,0,0,0,0,20,79,3,0,0,0,0,0,0,0,0,0,0,0,0,0,0,0,40,0,18,0,0,9,0,0,0,0,0,0,0,0,0
"OTU_4062",0,0,0,0,0,0,20,0,0,0,0,0,0,0,0,0,0,3,12,23,22,0,17,0,0,0,0,0,0,0,0,0,8,7,11,0,0,0,12,0
"OTU_4064",28,2,0,0,0,0,0,0,55,0,0,0,0,0,0,0,0,0,0,0,0,0,0,0,0,0,0,65,0,0,0,0,0,0,0,0,0,0,0,0
"OTU_4067",0,6,0,0,21,0,0,0,0,0,0,0,0,6,14,9,0,0,0,0,0,0,0,0,0,11,0,0,0,0,0,0,4,11,0,14,9,0,0,0
"OTU_4070",0,0,0,0,0,0,0,0,0,0,0,0,3,9,4,0,0,0,0,0,0,0,0,0,0,0,0,0,0,0,0,0,0,0,7,31,0,0,0,0
"OTU_4072",0,0,0,0,0,0,0,0,0,0,0,0,0,0,0,0,6,13,0,0,0,0,0,0,0,0,0,0,7,0,0,0,0,0,0,0,0,0,5,20
"OTU_4077",0,0,0,0,1,0,0,0,0,0,0,0,0,0,0,0,0,0,0,0,0,0,0,0,0,35,0,11,0,0,25,0,0,0,0,0,15,0,0,0
"OTU_4079",0,0,0,0,0,0,0,0,0,0,0,0,12,0,0,0,18,14,0,0,0,16,6,0,0,0,0,0,0,0,0,0,0,0,0,0,0,24,25,0
"OTU_4084",0,0,6,0,0,0,21,0,0,0,0,0,0,0,0,0,0,0,0,0,0,0,5,0,0,0,0,6,0,0,0,0,0,8,7,3,0,13,0,0
"OTU_4087",0,0,0,0,0,0,0,0,0,0,0,0,0,0,0,0,13,0,0,0,0,0,24,0,0,0,0,0,0,0,0,0,0,0,27,0,8,0,0,0
"OTU_4089",0,18,18,0,6,0,12,0,0,0,0,0,0,0,0,0,0,0,0,0,0,0,0,0,0,0,0,0,46,0,0,0,0,0,0,0,0,9,12,0
"OTU_4091",0,6,12,0,0,5,0,3,20,0,0,4,0,0,0,0,0,0,0,0,0,0,0,0,0,0,0,5,0,0,0,0,0,0,0,11,11,0,0,0
"OTU_4093",0,0,0,23,0,0,0,0,0,0,0,0,0,0,0,0,0,0,0,0,0,0,0,0,0,0,0,0,0,0,0,0,0,0,39,0,21,0,12,0
"OTU_4094",0,0,6,0,0,0,26,0,0,0,0,0,0,0,0,0,6,9,16,0,0,0,0,0,13,24,0,0,0,0,32,0,13,0,0,0,0,0,0,0
"OTU_4096",0,0,0,0,0,0,2,0,0,0,0,0,0,0,1,2,0,0,1,0,0,0,1,0,0,0,0,0,0,0,0,0,1,2,2,2,0,0,1,0
"OTU_4097",0,0,0,0,0,0,0,11,0,0,7,0,0,0,0,0,9,0,0,0,0,0,0,0,21,40,0,0,33,18,21,7,0,0,0,0,0,0,0,0
"OTU_4098",7,0,0,0,0,7,6,16,14,0,0,0,0,0,0,0,0,0,0,0,0,0,0,0,7,32,0,7,27,30,14,0,0,0,0,0,0,0,0,0
"OTU_4100",0,0,0,0,0,13,11,0,0,0,0,0,0,0,0,0,0,0,0,0,0,0,0,0,0,0,0,0,25,0,10,0,0,0,0,0,0,0,0,0
"OTU_4103",0,0,0,0,0,0,15,9,0,9,6,0,0,0,0,0,0,7,6,0,4,6,6,0,0,0,0,0,0,0,0,0,0,0,0,0,0,3,0,0
"OTU_4105",0,0,0,0,0,18,0,0,0,0,0,0,0,10,0,0,13,0,0,0,0,0,0,0,0,0,0,0,0,0,0,0,0,12,0,0,0,0,0,0
"OTU_4108",0,0,0,0,0,4,0,0,0,0,0,0,0,0,0,0,0,0,0,0,0,0,7,0,0,0,0,0,0,0,0,0,0,4,0,0,0,5,0,10
"OTU_4110",0,0,0,0,0,0,0,0,0,0,0,5,0,8,0,0,0,0,0,0,0,0,0,0,0,0,0,0,0,0,0,0,10,0,0,22,8,0,0,0
"OTU_4112",0,14,0,0,0,0,0,0,0,0,0,0,0,32,0,0,0,0,0,0,0,0,0,0,0,0,0,0,0,0,0,0,0,0,0,52,9,0,0,0
"OTU_4114",0,0,0,0,10,0,4,4,0,0,0,0,8,0,0,0,0,0,11,0,0,0,0,0,0,0,0,0,0,0,0,0,0,0,0,0,0,0,24,0
"OTU_4115",0,0,0,0,0,13,0,0,13,0,0,0,6,0,0,0,0,14,11,23,12,0,0,0,17,0,0,0,3,0,0,0,0,9,0,0,10,7,0,0
"OTU_4119",0,0,0,0,0,0,89,21,0,0,0,0,0,0,0,5,0,0,0,0,0,0,0,5,0,0,0,0,0,0,20,0,0,4,0,0,0,0,6,0
"OTU_4121",0,36,0,0,0,0,0,0,0,0,0,0,0,0,0,0,0,0,0,0,0,0,0,0,110,0,0,0,0,8,0,12,0,0,0,0,0,0,0,0
"OTU_4122",123,0,0,0,0,0,0,0,25,0,0,0,0,0,0,0,0,0,0,0,0,0,0,0,9,0,9,0,0,0,0,0,0,0,0,0,0,0,0,0
"OTU_4124",0,0,0,0,6,0,0,4,16,0,0,0,0,0,0,0,0,0,0,0,0,0,0,0,15,43,0,8,10,27,0,26,0,0,0,0,0,3,0,0
"OTU_4125",0,0,2,0,0,0,0,0,0,0,0,5,0,0,7,10,13,0,0,0,0,5,0,0,0,0,0,0,0,0,0,0,0,0,0,4,0,0,0,0
"OTU_4126",0,0,0,0,0,0,4,0,0,9,0,0,4,0,1,0,0,0,0,0,0,0,0,0,0,0,0,0,0,0,0,0,2,0,0,0,0,2,0,2
"OTU_4127",0,8,0,0,0,0,0,0,0,0,9,0,0,0,0,0,0,0,0,0,0,0,0,0,0,88,24,37,0,0,0,0,0,0,0,0,0,0,0,0
"OTU_4129",70,22,0,0,0,0,0,0,0,0,47,0,0,0,0,0,0,0,0,0,0,0,0,0,0,0,9,11,0,0,0,0,0,0,0,6,0,0,0,0
"OTU_4130",0,0,26,0,0,0,0,0,0,0,0,0,0,0,0,0,0,0,0,0,0,0,8,0,10,0,26,0,0,0,0,0,0,0,0,0,0,0,0,5
"OTU_4132",0,16,3,0,6,0,7,0,0,0,0,0,0,0,0,0,0,0,4,0,0,0,0,0,0,0,0,0,0,0,0,0,0,0,0,0,0,0,12,0
"OTU_4133",0,0,0,0,0,0,0,0,0,0,0,0,0,0,0,12,0,9,0,0,0,0,0,0,0,0,0,0,0,0,0,0,0,0,0,0,12,22,0,5
"OTU_4135",0,0,0,0,0,9,0,0,0,0,0,6,0,0,22,0,17,0,0,0,0,0,0,0,0,8,12,0,0,0,0,0,0,23,9,19,0,0,0,0
"OTU_4136",101,0,21,0,0,0,0,0,0,0,0,0,0,0,0,0,0,0,0,0,0,0,0,10,0,0,14,17,2,0,0,0,0,0,0,0,0,0,0,0
"OTU_4137",0,0,0,0,0,0,7,0,16,0,0,0,3,0,0,0,0,0,26,0,0,0,0,0,0,0,0,0,0,0,31,0,10,0,0,0,0,0,0,0
"OTU_4139",0,0,0,10,0,0,0,2,0,13,13,0,0,0,0,0,0,0,0,0,0,0,3,0,0,0,0,0,15,19,12,7,4,0,0,0,0,0,0,0
"OTU_4140",0,0,0,11,0,0,0,0,0,0,0,0,0,0,0,0,0,0,23,18,9,0,20,0,0,0,0,0,0,0,0,0,21,20,0,0,0,0,43,0
"OTU_4143",7,0,21,0,6,0,0,0,0,0,0,0,7,15,0,0,0,0,0,0,0,0,0,0,0,0,0,0,0,0,0,0,0,0,0,7,21,0,0,0
"OTU_4149",0,0,0,0,0,0,0,2,0,0,5,0,0,0,0,0,0,0,0,0,0,0,0,0,13,0,0,0,0,0,0,144,0,0,0,0,0,0,0,0
"OTU_4150",0,0,0,0,0,25,0,11,26,0,0,0,0,0,0,0,0,0,0,0,0,0,0,0,6,0,0,0,28,0,0,0,0,16,0,0,0,0,0,0
"OTU_4151",0,17,0,0,19,0,0,0,0,0,0,7,0,0,15,0,26,0,0,0,0,0,0,0,0,7,0,0,0,0,0,0,0,12,0,12,0,0,0,0
"OTU_4158",0,0,3,0,0,0,0,0,0,0,0,0,0,0,0,0,0,0,0,2,0,0,13,0,0,0,0,0,0,0,0,0,0,0,0,0,21,16,12,0
"OTU_4160",104,0,0,0,0,14,12,0,0,0,0,0,0,0,0,0,0,0,0,0,0,0,0,4,2,5,0,11,0,0,2,0,0,10,0,0,0,0,0,0
"OTU_4165",0,0,0,0,0,0,0,0,0,0,0,0,0,9,0,13,0,14,0,0,0,0,9,0,0,0,0,0,0,0,0,0,0,0,0,0,0,0,0,0
"OTU_4166",0,0,4,0,0,0,0,0,0,0,0,7,0,0,0,0,0,0,0,0,3,0,0,0,0,0,0,0,0,0,0,0,0,0,0,19,5,5,0,0
"OTU_4167",0,0,0,0,0,0,6,0,11,0,0,0,0,0,0,0,0,0,0,0,0,0,0,0,49,14,16,2,0,0,0,10,0,0,6,0,0,0,0,4
"OTU_4168",0,0,11,0,0,0,0,0,0,0,0,3,0,3,9,3,9,18,0,0,0,0,0,0,0,0,0,0,0,0,3,0,0,16,0,5,0,15,0,40
"OTU_4172",0,0,0,0,10,4,45,9,0,0,0,0,0,0,0,0,0,0,0,0,0,0,9,21,23,0,0,7,10,0,14,0,0,0,0,0,0,0,0,0
"OTU_4173",0,0,13,0,0,0,0,0,0,0,0,0,0,0,0,0,0,0,20,0,0,0,0,0,0,82,0,0,46,0,0,0,0,0,2,0,0,0,0,0
"OTU_4175",0,0,19,0,0,0,0,0,0,0,0,0,0,0,0,0,0,14,0,0,7,8,26,0,0,0,0,0,0,0,0,0,25,11,0,0,0,0,18,0
"OTU_4177",0,0,12,0,8,0,0,0,0,0,0,0,0,0,5,0,0,13,0,0,0,0,0,0,0,7,11,4,0,0,8,0,0,0,0,0,0,0,0,0
"OTU_4178",0,0,0,0,0,0,0,0,0,0,0,0,0,9,0,0,0,0,0,0,0,9,0,0,0,0,0,0,0,0,0,0,8,0,10,6,0,0,28,0
"OTU_4179",0,0,0,0,0,0,27,0,0,0,0,0,0,0,0,0,0,11,0,0,6,0,0,0,0,0,0,0,0,0,10,0,0,0,0,0,0,0,0,0
"OTU_4180",0,0,0,0,0,0,0,0,0,0,0,0,0,0,12,0,0,0,0,0,0,0,0,0,0,0,6,0,0,0,0,0,0,0,0,13,11,0,0,0
"OTU_4181",0,0,0,0,0,0,0,0,0,0,0,0,25,0,0,0,41,4,0,0,0,12,0,0,0,0,0,0,0,0,11,0,0,23,0,0,4,0,0,0
"OTU_4182",0,0,0,0,0,35,12,0,22,0,0,0,0,0,0,0,0,0,0,0,0,0,11,0,0,8,0,0,66,9,0,0,0,0,0,0,0,0,0,0
"OTU_4184",0,0,0,0,0,0,0,30,31,0,0,0,0,0,0,0,0,0,0,0,0,0,0,0,0,41,0,0,0,39,0,22,0,0,0,0,0,0,0,0
"OTU_4185",0,0,0,0,0,0,0,0,0,0,0,0,0,0,0,0,14,0,1,0,0,0,0,0,0,0,0,0,0,0,0,0,0,0,0,13,1,0,0,1
"OTU_4188",0,0,0,0,0,0,0,0,0,0,0,0,11,0,0,0,8,0,4,0,0,0,0,0,0,0,0,0,0,0,0,0,0,6,0,0,7,28,0,0
"OTU_4192",0,0,0,0,0,0,0,0,0,0,0,0,0,2,0,8,0,15,0,0,0,4,0,0,0,0,0,0,0,0,0,0,0,0,0,0,0,0,0,0
"OTU_4197",0,0,0,0,0,0,21,0,14,0,0,0,0,0,0,0,0,0,4,0,15,0,0,0,0,0,0,0,0,0,52,0,10,0,0,0,6,0,23,0
"OTU_4206",0,22,35,0,0,0,0,0,0,0,8,0,0,0,5,0,0,0,0,0,0,0,0,0,0,0,0,0,0,0,39,0,0,0,0,0,0,0,53,0
"OTU_4209",0,0,0,0,0,0,0,0,0,0,0,0,10,0,0,10,0,0,24,0,0,0,0,0,0,0,0,0,2,0,10,0,9,0,25,0,7,1,7,0
"OTU_4212",0,0,0,0,29,0,0,0,0,0,0,0,0,0,7,0,15,0,21,0,2,0,0,0,0,0,0,0,0,0,0,0,0,33,0,0,0,0,0,0
"OTU_4213",0,0,0,0,0,0,0,65,35,0,5,0,0,0,0,0,0,0,0,0,0,0,0,0,0,0,0,0,0,0,56,0,0,0,0,0,0,0,0,0
"OTU_4214",0,0,0,0,0,0,12,0,0,26,5,0,0,0,0,0,0,0,0,0,0,0,5,0,28,0,0,0,0,0,6,0,0,0,0,0,0,0,0,6
"OTU_4216",0,0,0,0,0,0,0,0,0,0,0,0,0,0,0,0,5,0,0,0,0,0,0,0,0,0,0,0,0,0,0,0,4,2,11,0,0,0,0,0
"OTU_4218",25,0,0,0,0,61,0,0,15,0,0,0,0,0,0,0,0,0,0,0,0,0,0,9,0,0,0,0,0,0,0,0,0,0,0,0,0,0,0,4
"OTU_4219",0,0,21,0,0,7,13,4,0,0,11,0,0,0,0,3,0,0,0,0,0,0,16,0,0,0,0,13,0,0,0,0,0,28,22,0,0,0,0,0
"OTU_4224",0,0,0,0,0,0,28,0,21,0,104,0,0,0,0,0,0,0,0,0,0,0,0,0,0,0,0,2,0,0,0,0,0,0,0,0,0,0,0,0
"OTU_4228",0,0,0,0,0,0,0,0,0,0,0,0,0,53,30,7,7,0,0,0,0,0,0,0,0,0,0,0,0,0,0,0,23,0,0,26,0,0,0,0
"OTU_4230",22,41,0,0,0,0,0,14,0,0,0,0,3,0,7,0,0,0,0,0,0,0,0,0,0,25,17,0,32,0,0,0,0,0,0,0,0,0,0,0
"OTU_4231",0,0,0,0,0,0,0,0,0,0,0,0,0,0,12,0,0,0,6,0,0,0,0,0,0,0,0,20,0,0,15,0,7,0,0,0,0,0,6,0
"OTU_4232",52,0,5,0,0,0,0,0,0,0,0,0,0,0,0,0,0,0,0,0,0,0,4,0,0,0,31,26,0,0,0,0,0,0,0,0,0,0,8,0
"OTU_4234",0,0,0,0,0,0,0,0,0,0,0,0,12,0,0,0,9,0,14,15,0,6,12,0,0,0,0,0,15,0,0,0,6,0,0,0,0,6,21,0
"OTU_4236",6,0,0,0,0,28,12,0,0,0,0,0,0,0,0,0,0,0,0,0,0,0,0,7,0,0,107,0,0,0,0,0,0,0,0,0,0,0,0,0
"OTU_4237",0,0,5,13,0,0,0,8,12,0,0,0,0,0,0,0,0,0,0,0,0,0,0,0,22,0,11,0,0,0,18,48,0,0,0,0,0,0,0,0
"OTU_4239",0,0,0,0,0,0,0,0,15,42,5,0,14,0,0,7,0,0,0,8,0,10,0,0,33,0,0,0,0,10,0,0,0,0,0,0,0,0,0,0
"OTU_4240",0,0,0,0,12,0,11,0,0,0,0,0,0,0,0,0,5,0,0,0,0,0,0,7,0,3,0,0,103,0,19,0,0,0,0,0,0,0,0,0
"OTU_4242",0,0,0,0,0,0,1,0,0,0,0,0,0,0,0,4,0,0,0,0,0,0,11,0,0,0,0,0,4,0,9,0,13,0,0,0,3,21,0,20
"OTU_4243",22,0,41,0,0,0,13,6,0,0,0,0,0,0,0,0,0,0,0,0,0,0,0,0,0,0,41,0,0,0,0,0,0,0,0,0,4,10,0,0
"OTU_4246",0,0,0,0,0,0,0,0,0,0,0,0,0,0,0,0,0,0,5,0,2,15,0,0,0,0,0,0,0,0,1,0,3,6,0,3,0,0,0,0
"OTU_4247",0,0,0,0,0,0,0,0,0,0,0,0,0,5,0,7,6,0,0,0,0,3,6,0,0,0,0,0,0,0,6,0,0,0,0,0,0,0,0,0
"OTU_4248",0,0,0,0,0,0,0,0,0,0,0,0,0,0,0,0,0,0,0,0,0,0,20,0,0,0,0,0,0,0,0,0,0,0,0,0,7,14,0,9
"OTU_4254",0,8,0,0,8,0,0,0,0,0,0,0,0,11,0,0,5,0,0,0,0,0,0,0,0,0,0,0,9,0,0,0,0,0,0,20,0,0,11,0
"OTU_4259",0,0,0,0,0,8,25,0,0,0,20,0,11,0,0,0,0,0,4,13,16,0,0,5,12,0,0,0,0,35,5,0,0,0,0,0,0,0,0,0
"OTU_4261",0,0,0,0,0,0,0,0,0,0,0,0,0,0,0,4,3,0,0,0,0,0,0,0,0,0,0,4,0,0,0,0,3,0,6,0,0,0,6,1
"OTU_4265",0,0,0,0,0,0,0,0,16,4,0,0,0,0,0,0,0,0,5,0,0,0,0,42,35,0,0,0,45,5,6,0,0,0,0,0,0,0,0,0
"OTU_4267",0,5,0,0,0,0,9,0,0,2,0,0,0,0,17,0,3,3,0,0,2,8,5,0,0,0,0,0,0,0,5,0,2,0,0,0,0,2,0,0
"OTU_4271",0,0,11,0,0,0,0,0,0,0,0,0,0,0,0,0,6,0,0,5,0,0,0,0,0,0,0,0,0,0,0,0,0,0,0,1,0,0,0,0
"OTU_4275",0,0,0,0,0,0,0,0,53,0,0,0,7,7,0,0,0,0,0,0,0,12,0,0,0,0,0,0,13,0,0,0,0,9,0,0,0,0,0,8
"OTU_4279",0,0,10,0,0,0,0,18,76,0,0,0,0,0,7,0,0,7,0,0,0,0,0,0,0,0,0,7,0,0,25,0,0,0,0,0,0,0,0,0
"OTU_4280",0,0,0,0,0,0,0,15,0,0,0,0,0,0,0,0,0,12,0,0,0,0,0,0,2,0,0,0,0,0,1,0,0,0,0,0,0,0,0,0
"OTU_4281",0,0,0,0,0,0,0,0,0,0,0,0,0,21,0,2,0,0,0,0,0,0,0,0,0,0,0,0,0,0,0,0,0,0,0,14,11,0,0,0
"OTU_4282",0,0,0,8,15,0,0,0,0,0,0,0,28,4,37,0,65,0,0,0,0,0,0,0,0,0,0,0,0,0,0,0,0,0,0,0,0,0,0,0
"OTU_4285",0,8,0,0,0,0,0,0,0,0,0,0,0,0,0,0,10,8,0,3,0,0,0,0,0,0,0,0,0,0,0,0,0,4,0,0,0,0,0,0
"OTU_4289",0,0,0,0,0,0,0,0,0,0,0,13,0,0,0,0,0,0,0,0,0,0,0,0,0,0,0,0,0,0,46,0,14,0,0,0,23,0,0,0
"OTU_4290",0,0,0,0,0,31,0,0,0,0,0,0,0,11,0,0,0,0,6,0,0,0,0,0,0,0,41,0,0,0,0,0,0,0,0,24,0,0,0,0
"OTU_4291",0,0,0,0,0,0,0,0,79,0,24,0,0,0,0,0,0,0,0,0,0,0,0,0,6,0,0,0,29,0,0,18,0,0,0,0,0,0,0,0
"OTU_4294",49,23,0,0,0,14,0,15,0,23,0,0,0,0,0,0,0,0,0,0,0,0,0,16,0,0,16,0,0,0,0,0,0,0,0,0,0,0,0,0
"OTU_4296",0,0,0,0,0,0,0,0,0,0,31,0,6,0,0,0,0,0,0,0,0,0,0,0,43,0,0,0,17,0,0,26,0,0,33,0,0,0,0,0
"OTU_4300",0,0,0,0,0,0,5,10,7,44,16,0,0,0,0,0,0,0,0,0,7,0,0,5,24,0,0,0,9,18,11,0,0,0,0,0,0,0,0,0
"OTU_4301",51,0,0,0,0,29,0,0,0,0,0,7,0,8,0,0,10,0,0,0,0,0,0,0,0,0,0,0,0,0,0,0,0,0,0,0,0,0,0,0
"OTU_4304",0,11,6,0,0,0,0,0,0,0,0,0,0,0,6,0,9,0,0,0,0,0,0,0,0,0,0,0,0,0,0,0,10,0,0,10,5,0,0,0
"OTU_4305",11,19,9,0,11,0,3,9,11,20,0,0,0,0,0,0,0,0,0,0,0,0,0,0,0,12,0,7,0,17,7,0,0,0,0,0,5,0,0,0
"OTU_4307",0,0,0,0,0,0,0,0,0,0,0,0,0,0,0,0,0,0,0,0,0,0,3,0,0,0,0,0,0,0,0,0,0,0,6,0,0,7,0,11
"OTU_4313",0,0,0,0,0,27,0,17,10,0,21,0,0,0,0,0,0,0,0,0,0,0,0,0,47,0,0,15,18,0,0,0,0,0,0,0,0,0,0,0
"OTU_4323",0,0,0,0,0,0,0,0,0,0,0,0,0,0,0,0,0,14,0,0,0,7,0,0,0,0,0,0,0,0,0,0,0,0,0,4,0,7,12,15
"OTU_4324",0,0,0,0,0,32,0,13,0,0,0,0,0,0,0,0,0,0,0,0,0,0,0,0,37,0,0,0,25,0,19,0,0,0,0,0,0,0,0,0
"OTU_4326",20,0,0,0,0,10,6,13,32,0,7,0,0,0,4,0,0,0,0,0,0,0,3,0,0,7,9,0,0,0,14,10,0,0,0,0,10,0,0,0
"OTU_4330",0,0,0,0,0,0,0,0,20,0,18,0,0,0,0,0,0,0,0,0,0,0,0,0,8,0,0,12,0,0,13,29,0,0,20,0,0,0,0,0
"OTU_4335",10,7,11,0,3,0,72,24,0,0,0,0,0,2,0,0,3,0,0,0,0,0,0,0,10,3,0,4,0,0,5,0,0,0,0,0,0,0,0,0
"OTU_4338",0,0,2,0,0,0,0,0,0,0,0,0,0,0,0,0,0,22,0,4,0,0,3,12,0,0,0,0,0,0,0,0,0,0,0,0,45,33,0,0
"OTU_4339",0,0,0,17,7,0,44,0,0,2,3,0,13,0,0,0,3,0,0,0,0,0,4,18,0,0,0,6,9,0,7,0,0,0,0,0,9,0,0,0
"OTU_4341",0,0,25,0,0,0,0,0,0,0,0,0,0,0,0,0,5,0,0,0,15,0,0,0,0,0,0,0,0,0,19,0,0,0,0,0,0,0,0,0
"OTU_4343",0,0,6,0,0,0,6,0,0,0,0,1,0,0,0,4,0,12,0,0,0,0,9,0,0,0,0,0,0,0,0,0,3,0,0,0,0,0,0,11
"OTU_4344",0,0,0,0,0,0,0,15,19,0,46,0,0,0,0,0,0,0,0,0,0,0,0,0,71,0,0,0,2,0,0,0,0,0,0,0,0,0,0,0
"OTU_4345",0,0,0,0,0,0,14,8,8,13,0,0,3,0,0,0,0,0,0,0,0,0,3,0,0,0,0,0,0,0,0,0,0,3,0,0,2,0,0,0
"OTU_4349",0,0,0,2,0,0,0,1,3,2,0,0,0,0,0,0,3,0,0,0,0,0,0,0,2,2,0,0,2,5,0,1,0,1,0,0,0,0,82,0
"OTU_4359",0,0,0,0,0,0,0,0,0,0,0,0,28,0,0,14,23,13,0,0,8,0,0,0,0,0,0,0,0,0,0,0,0,0,0,0,0,0,0,0
"OTU_4360",0,0,27,0,12,0,0,0,0,0,0,0,0,0,7,5,0,0,0,0,0,0,0,0,0,5,0,9,14,0,0,0,0,0,0,0,29,0,0,0
"OTU_4361",22,11,4,0,0,14,0,10,17,0,0,0,0,0,0,0,0,0,0,0,0,0,0,19,0,10,31,0,8,0,0,0,6,0,0,0,0,0,0,0
"OTU_4363",0,0,0,0,0,0,0,0,0,0,0,0,0,8,0,0,0,0,0,6,0,0,30,0,0,0,0,0,0,0,0,0,0,0,0,0,0,0,0,49
"OTU_4364",0,0,0,0,0,0,0,21,0,0,37,0,44,0,0,0,0,0,0,0,0,0,0,0,50,0,0,0,0,0,0,0,0,0,0,0,0,0,0,0
"OTU_4366",0,0,0,0,0,0,0,0,0,0,0,0,0,0,0,0,13,0,0,9,0,0,0,0,0,0,0,0,0,0,0,0,0,8,0,0,0,14,0,11
"OTU_4368",0,0,0,24,0,0,15,0,0,0,0,0,4,0,0,0,0,0,0,6,0,0,17,0,0,19,0,0,0,0,0,0,0,14,13,0,0,0,0,6
"OTU_4370",0,0,0,0,0,0,3,0,0,14,0,0,0,0,0,0,0,0,0,0,0,0,0,113,0,0,0,0,22,0,0,0,0,0,0,0,0,0,0,0
"OTU_4372",0,1,0,0,0,0,2,0,0,0,0,2,0,0,0,0,2,0,0,0,0,0,2,0,0,3,2,2,2,0,2,0,3,0,3,5,0,0,0,0
"OTU_4374",0,0,0,0,0,0,38,0,0,0,0,0,0,0,0,0,0,0,0,0,0,0,0,27,12,8,0,6,25,0,0,0,0,0,0,0,0,0,0,0
"OTU_4375",0,0,0,5,0,0,10,0,0,0,0,2,0,0,3,0,0,5,8,0,7,0,7,0,0,0,0,4,0,0,13,0,0,0,0,0,12,0,0,0
"OTU_4378",0,0,0,0,0,0,0,14,22,11,0,0,0,0,0,0,0,0,0,0,0,0,0,0,105,0,0,0,0,0,0,0,0,0,0,0,0,0,0,0
"OTU_4382",17,0,0,0,11,10,0,0,0,0,0,0,0,0,0,0,0,0,0,0,0,0,0,4,0,0,0,0,0,0,0,0,0,0,0,0,0,0,0,0
"OTU_4383",0,0,27,0,0,0,0,0,0,0,0,12,9,7,2,3,4,0,8,0,0,0,0,0,0,0,0,0,0,0,0,0,16,2,11,0,1,0,0,0
"OTU_4384",0,0,0,0,0,0,0,0,0,0,0,0,0,0,0,0,0,23,0,0,0,0,0,0,0,0,0,0,0,0,34,0,0,0,0,0,0,31,0,30
"OTU_4388",0,0,0,0,0,0,0,0,0,0,0,0,2,0,0,0,8,14,0,0,0,0,6,0,0,0,0,0,10,0,0,0,0,3,0,0,0,17,0,23
"OTU_4391",3,0,0,0,0,29,7,0,0,0,0,0,5,0,0,0,0,25,0,0,0,16,0,0,0,0,0,0,33,0,3,0,0,4,0,0,0,0,0,0
"OTU_4393",19,0,0,0,0,0,7,0,0,0,0,0,0,0,0,0,0,0,0,0,0,0,0,0,0,29,60,0,14,0,0,0,0,0,0,0,0,0,0,0
"OTU_4394",23,0,3,0,0,0,0,10,0,0,0,0,0,0,0,0,0,0,0,0,0,0,0,0,0,18,28,0,0,0,29,0,0,0,0,6,11,0,0,0
"OTU_4395",0,10,2,0,12,0,0,0,0,0,0,5,0,12,6,1,9,2,0,0,0,0,0,0,0,2,0,0,0,3,0,0,4,14,5,3,1,0,1,0
"OTU_4397",0,0,0,0,0,0,0,0,0,0,0,0,0,0,0,0,0,0,0,6,0,0,0,0,0,0,0,0,0,0,0,0,0,0,0,0,0,13,5,8
"OTU_4398",6,4,9,0,0,0,0,0,0,0,29,0,0,0,0,0,0,0,0,0,0,0,0,0,23,40,11,14,0,0,0,14,0,0,0,0,0,0,0,0
"OTU_4401",0,0,0,0,0,0,0,0,0,0,0,0,0,0,0,0,0,0,0,0,0,0,2,0,0,0,0,0,0,0,0,0,1,0,7,0,0,0,0,20
"OTU_4405",0,0,0,0,0,0,41,0,0,0,0,0,0,0,0,0,0,0,0,16,0,0,0,8,0,10,43,32,0,0,0,0,0,0,0,0,0,0,0,0
"OTU_4406",0,0,0,16,0,0,0,0,0,0,0,0,37,0,9,0,21,0,0,0,44,0,0,0,0,0,0,0,0,0,0,0,0,23,0,0,0,0,0,0
"OTU_4408",0,10,4,0,0,0,0,0,0,0,0,0,0,0,0,0,0,0,0,0,0,0,0,0,0,18,0,0,4,0,0,0,0,0,0,0,0,0,0,21
"OTU_4412",0,2,0,0,0,0,7,0,0,0,0,0,5,0,0,0,0,0,0,0,0,0,3,0,11,0,0,0,6,72,0,4,0,0,0,0,0,0,0,4
"OTU_4414",0,0,0,0,3,0,0,0,0,0,0,0,0,0,0,0,0,0,0,0,0,0,0,0,0,0,0,0,0,0,0,0,15,0,8,10,35,0,0,0
"OTU_4415",0,0,0,0,8,41,18,7,0,0,0,0,0,0,0,0,0,0,0,0,0,0,0,7,0,0,0,11,12,0,46,0,0,0,0,0,0,0,0,0
"OTU_4417",0,0,0,0,0,0,0,0,0,0,0,0,0,7,0,12,0,6,0,0,0,0,0,0,0,10,0,0,22,0,0,0,0,0,0,0,8,0,0,0
"OTU_4418",0,0,0,0,0,0,0,0,0,0,0,0,0,35,35,11,0,0,0,0,0,0,0,0,0,0,0,0,0,0,0,0,0,0,15,19,29,0,0,0
"OTU_4421",0,0,0,0,0,0,0,0,0,0,0,27,0,28,24,0,13,0,0,0,0,7,0,0,0,0,0,0,0,0,0,0,0,28,0,23,0,0,0,0
"OTU_4422",0,0,0,0,0,0,0,0,60,11,0,0,0,0,0,0,3,0,3,0,0,0,10,0,0,0,0,0,0,0,19,0,0,0,0,0,0,0,0,0
"OTU_4425",0,0,0,0,0,0,0,6,0,0,5,0,0,0,0,0,0,14,0,0,0,0,21,0,0,0,0,0,0,0,7,0,0,0,0,0,4,0,0,13
"OTU_4428",0,0,9,0,0,0,38,0,0,0,0,8,0,0,0,0,0,0,0,0,0,8,0,0,0,0,0,9,0,0,0,0,0,0,0,0,26,0,12,0
"OTU_4429",0,0,0,0,0,0,0,0,36,42,21,0,0,5,0,0,0,0,0,0,0,0,0,0,21,0,0,0,0,0,24,0,0,0,0,0,0,0,0,0
"OTU_4432",0,0,0,0,0,0,0,0,24,0,48,0,0,0,0,0,0,0,0,0,0,0,0,24,11,0,0,0,34,8,0,0,0,0,0,0,0,0,0,0
"OTU_4433",0,0,0,0,0,5,0,7,10,20,0,0,0,0,0,0,0,0,0,0,0,0,0,0,87,0,0,0,0,0,12,8,0,0,0,0,0,0,0,0
"OTU_4434",0,2,8,6,0,0,0,0,0,0,0,0,6,11,0,8,0,0,0,0,0,0,0,0,0,0,0,0,12,0,0,0,0,0,0,0,9,0,0,0
"OTU_4435",0,0,28,0,0,0,0,0,0,0,0,0,0,0,0,0,0,0,0,0,0,0,0,8,0,0,26,0,0,0,43,0,0,0,0,22,0,7,0,0
"OTU_4439",0,0,0,0,0,0,0,0,0,0,0,0,0,2,0,0,10,14,0,0,0,0,0,0,0,0,0,0,0,0,0,0,0,0,0,0,0,23,0,0
"OTU_4441",0,10,14,0,12,0,0,0,0,0,0,0,0,0,20,0,0,0,0,0,0,10,0,0,0,0,0,12,11,0,0,0,7,11,0,10,0,10,0,0
"OTU_4442",0,0,0,0,0,0,0,14,10,0,0,0,0,0,0,0,0,0,0,0,0,0,0,0,0,35,0,0,0,33,32,17,0,0,0,0,0,0,0,0
"OTU_4443",0,0,0,0,0,0,0,0,0,0,0,0,0,0,0,16,0,0,0,0,0,0,0,0,41,0,0,0,0,0,0,65,0,21,0,0,0,0,0,0
"OTU_4447",0,4,3,0,26,0,5,8,0,0,0,0,0,0,3,0,0,0,0,0,0,0,0,0,0,6,14,0,0,0,0,0,0,0,0,0,0,0,11,0
"OTU_4448",0,0,0,0,0,0,0,0,0,0,0,0,0,9,0,0,3,13,0,0,9,8,6,0,0,0,4,0,0,0,6,0,7,12,0,0,0,0,9,10
"OTU_4449",0,0,0,0,0,0,0,0,0,0,11,0,0,0,0,0,0,0,0,0,0,0,23,0,72,0,0,0,0,7,0,35,0,0,0,0,0,0,0,0
"OTU_4451",0,11,0,0,9,0,7,16,24,0,0,0,0,21,0,0,0,0,4,0,5,0,0,0,0,0,0,6,0,0,40,5,0,0,0,0,0,0,0,0
"OTU_4454",0,0,0,0,0,0,0,0,0,0,0,17,16,23,19,0,14,0,0,0,2,6,0,0,0,0,0,0,0,0,0,0,0,18,0,0,0,0,0,0
"OTU_4456",0,0,0,0,0,4,0,18,0,22,0,0,0,0,0,0,0,0,0,0,0,0,0,0,0,39,0,0,30,0,0,0,0,0,0,0,0,0,0,0
"OTU_4459",81,22,0,0,0,4,0,0,0,0,0,0,0,0,0,0,0,0,0,0,0,0,0,0,0,0,17,0,24,0,0,0,0,0,0,0,0,0,0,0
"OTU_4460",0,0,0,0,0,0,6,0,0,0,0,0,0,0,0,0,0,0,0,0,0,5,0,0,0,0,0,0,0,0,9,0,0,0,0,0,0,6,0,0
"OTU_4464",13,29,0,0,0,0,10,12,0,0,0,0,14,0,12,0,0,0,0,0,0,0,0,0,0,0,0,0,10,0,6,0,8,0,4,6,2,0,0,0
"OTU_4465",0,0,0,0,0,0,3,12,21,6,10,0,0,8,0,0,0,0,0,0,0,0,0,0,24,0,0,9,0,10,8,10,0,0,0,13,6,0,0,0
"OTU_4468",0,0,0,0,0,0,0,0,0,0,0,0,0,0,0,0,15,0,0,0,0,0,7,0,0,0,0,0,0,0,0,0,0,0,0,0,0,6,0,9
"OTU_4469",60,37,0,0,0,0,0,25,0,0,0,0,0,0,0,0,0,0,0,0,0,0,0,0,0,11,7,0,0,7,0,0,0,0,0,0,0,0,0,0
"OTU_4470",0,0,3,0,0,0,0,0,0,0,0,0,0,14,0,0,0,0,0,0,0,0,0,0,0,0,0,0,0,0,0,0,0,9,0,0,0,0,16,0
"OTU_4471",102,0,0,0,0,15,0,0,0,0,0,0,0,0,0,0,0,0,0,0,0,0,0,0,0,5,25,0,0,0,0,0,0,0,0,0,0,0,0,0
"OTU_4472",0,0,0,0,0,0,0,0,0,0,0,0,0,0,0,0,0,0,0,5,7,4,7,0,0,0,0,0,0,0,0,0,26,9,0,0,0,0,0,0
"OTU_4476",0,0,0,0,0,0,0,0,0,0,0,0,0,7,11,6,9,0,0,0,0,0,0,0,0,0,0,0,0,0,0,0,0,0,0,16,12,0,0,0
"OTU_4479",0,0,0,0,0,0,0,0,0,0,0,0,0,0,0,0,0,0,0,0,0,0,0,0,0,0,0,0,0,0,0,0,0,0,0,0,9,11,6,5
"OTU_4483",20,61,0,0,0,0,0,0,0,0,0,3,10,0,0,0,0,0,0,0,0,0,0,0,0,0,12,4,0,0,0,0,0,0,0,7,0,0,0,0
"OTU_4485",0,0,0,0,0,43,0,10,0,0,45,0,4,0,0,0,0,0,0,0,0,0,7,0,37,0,0,0,0,0,0,0,0,0,0,0,0,0,0,0
"OTU_4486",0,0,2,0,4,0,0,0,0,0,0,3,13,0,14,0,6,0,4,0,0,5,0,0,0,0,0,0,2,3,0,0,18,11,0,0,6,0,13,0
"OTU_4487",0,0,0,0,0,0,0,0,0,0,0,0,0,0,0,0,0,3,0,0,0,0,4,0,0,0,0,0,0,0,0,0,0,0,0,0,0,16,0,40
"OTU_4488",0,0,0,0,0,0,0,0,0,49,17,0,0,0,0,0,0,0,0,0,0,0,0,0,20,0,0,0,0,0,0,60,0,0,0,0,0,0,0,0
"OTU_4489",0,0,0,0,0,0,0,0,0,0,0,0,0,0,0,0,0,17,0,0,0,0,0,0,0,0,0,0,0,0,0,0,10,0,0,0,15,14,4,0
"OTU_4490",0,0,0,0,30,0,0,0,0,0,11,0,11,0,0,0,0,0,0,0,0,0,0,0,0,0,0,0,41,53,0,0,0,0,0,0,0,0,0,0
"OTU_4492",0,0,0,0,0,0,0,0,6,0,0,0,1,0,0,0,17,0,0,0,0,0,0,0,0,0,0,0,0,0,0,0,0,0,0,0,0,12,0,19
"OTU_4497",0,0,0,0,0,0,0,0,0,0,0,0,0,0,0,0,0,0,1,0,0,0,0,0,0,0,0,0,0,0,0,2,0,0,9,0,7,0,0,0
"OTU_4498",13,0,10,0,10,46,0,0,0,0,0,0,0,0,0,0,0,0,0,0,0,0,0,0,5,19,11,16,0,0,0,0,10,0,0,0,0,0,0,0
"OTU_4500",0,0,0,0,0,0,0,10,0,6,0,0,0,0,0,0,0,0,0,0,0,0,0,0,0,0,7,0,4,11,0,96,0,0,0,0,0,0,0,0
"OTU_4501",0,0,0,0,0,0,0,13,0,0,5,0,0,0,0,0,0,0,19,0,0,0,0,0,16,19,0,0,4,34,0,35,0,0,0,0,0,0,0,0
"OTU_4503",3,0,0,0,0,6,0,0,0,0,0,0,0,0,0,1,0,0,0,0,0,0,0,0,0,0,34,0,0,0,2,0,0,0,0,0,0,0,0,0
"OTU_4506",0,0,0,0,3,0,0,21,34,0,0,0,0,0,7,0,8,0,15,0,0,0,0,0,0,0,0,0,0,0,0,0,0,13,0,0,0,0,0,0
"OTU_4515",11,0,0,0,0,33,0,0,0,0,0,0,0,0,0,0,0,0,0,0,0,7,0,0,44,0,17,0,0,0,0,0,0,0,0,0,0,0,0,0
"OTU_4517",0,0,0,0,0,0,0,0,0,0,0,0,9,0,0,0,0,0,0,0,0,0,0,0,0,0,0,0,0,0,0,0,0,10,0,7,4,0,0,0
"OTU_4518",44,0,4,0,16,0,7,15,0,0,0,0,0,17,0,0,0,0,0,0,0,0,0,0,0,0,0,12,0,0,19,0,0,0,0,0,0,3,0,0
"OTU_4520",0,0,0,0,0,0,19,0,0,0,0,0,0,0,0,4,0,0,0,0,6,0,9,0,12,0,0,0,0,0,11,18,0,0,0,0,33,0,0,0
"OTU_4528",0,12,0,0,0,0,0,0,0,0,0,0,0,8,0,2,0,0,0,0,0,0,0,0,0,0,0,0,0,0,0,0,0,0,0,0,0,4,0,0
"OTU_4530",5,0,0,0,0,0,0,0,23,0,0,0,0,0,0,0,0,0,0,0,0,0,0,0,31,50,0,5,30,0,0,0,0,0,0,0,0,0,0,0
"OTU_4531",64,0,0,0,0,0,0,0,0,0,0,0,0,0,6,0,0,0,0,0,0,0,3,0,0,0,5,0,0,0,0,0,0,0,0,7,0,0,0,0
"OTU_4532",0,64,0,0,0,0,0,0,0,0,0,0,0,16,0,0,0,0,0,0,0,0,0,0,0,19,0,0,0,0,0,0,0,0,0,23,0,0,0,0
"OTU_4535",0,0,0,0,0,0,14,0,0,0,0,0,15,0,0,0,1,0,0,0,0,0,0,13,0,22,0,0,35,0,0,0,0,0,0,0,0,0,0,0
"OTU_4537",0,0,0,0,0,0,0,0,0,0,9,0,0,0,0,0,0,0,0,10,0,0,0,19,2,14,10,24,0,8,6,0,0,0,0,0,0,0,0,3
"OTU_4542",0,0,0,0,0,0,0,0,0,3,0,0,0,0,0,18,0,0,0,0,0,0,0,0,0,0,0,0,0,0,0,0,0,0,0,0,2,0,0,9
"OTU_4546",0,0,6,0,0,0,0,0,0,0,0,0,2,0,0,0,0,0,7,0,21,0,4,0,0,0,0,0,0,0,0,0,0,0,0,0,5,0,3,6
"OTU_4549",0,0,0,0,0,0,10,0,0,0,0,0,7,0,0,0,0,0,0,3,0,0,5,0,12,0,0,0,0,0,3,0,0,11,4,0,0,9,0,8
"OTU_4550",0,0,0,0,0,0,0,0,0,0,0,0,0,0,0,0,0,37,0,11,0,0,0,0,0,0,0,0,0,0,0,0,0,0,0,0,0,12,31,0
"OTU_4551",0,0,0,0,0,0,0,0,0,0,0,0,0,0,0,0,0,0,0,0,0,0,13,0,0,0,0,0,0,0,0,0,15,0,10,0,0,8,0,15
"OTU_4557",0,14,0,0,4,0,0,0,0,0,0,0,0,0,0,0,0,0,0,0,0,0,0,6,0,0,0,0,0,0,6,112,0,0,0,0,0,0,0,0
"OTU_4559",0,0,0,0,0,0,20,0,0,0,0,0,0,0,0,0,5,0,7,0,0,4,13,0,0,0,0,0,0,4,74,0,6,9,0,0,0,0,0,0
"OTU_4563",0,19,0,0,0,0,8,23,0,0,0,0,0,0,0,0,0,0,0,5,0,0,0,0,0,49,0,0,0,12,26,0,0,0,0,0,0,0,0,0
"OTU_4567",0,0,0,0,0,0,0,0,0,29,21,0,0,0,0,0,0,0,0,0,0,0,0,66,13,0,0,0,13,0,0,0,0,0,0,0,0,0,0,0
"OTU_4572",0,0,0,0,0,0,0,0,0,0,0,0,0,0,0,0,0,33,7,0,11,0,0,0,0,0,0,0,0,0,0,0,0,0,8,0,0,6,20,0
"OTU_4573",0,2,0,0,0,0,0,23,53,0,2,0,0,0,0,0,0,0,0,0,0,0,0,0,19,0,0,0,0,0,0,33,0,0,0,0,0,0,0,0
"OTU_4575",0,0,0,0,0,0,0,0,0,0,0,0,0,0,0,0,0,10,0,13,19,0,10,0,0,0,0,0,0,0,0,0,0,0,0,0,0,0,0,4
"OTU_4580",0,91,5,0,6,0,7,0,0,0,0,0,0,0,3,0,0,0,0,0,0,0,0,6,0,0,0,0,0,0,23,0,0,0,0,0,0,0,0,0
"OTU_4581",7,0,0,0,0,0,0,0,0,0,0,0,0,0,0,0,0,0,0,0,0,0,4,0,5,5,0,0,0,0,0,0,0,4,0,0,0,0,0,0
"OTU_4583",0,0,0,0,0,0,0,0,0,0,0,0,0,10,23,0,7,0,0,0,0,0,0,0,0,0,0,0,0,0,0,0,0,0,0,8,7,0,7,0
"OTU_4585",0,0,0,0,0,0,0,0,0,0,0,1,3,0,0,0,0,0,0,0,0,3,0,0,0,0,0,0,0,0,0,0,0,0,16,0,0,0,0,0
"OTU_4587",0,0,0,0,0,0,0,0,0,0,0,15,13,0,17,0,43,0,0,0,5,21,0,0,0,0,0,0,0,0,0,0,0,27,0,0,0,0,0,0
"OTU_4588",0,3,0,0,0,0,0,0,0,0,0,0,0,6,0,0,0,0,2,0,0,0,4,0,0,0,0,0,0,0,0,0,0,0,0,0,0,6,0,0
"OTU_4590",0,25,0,0,0,0,13,0,0,0,0,0,0,0,18,0,0,0,15,0,9,0,0,0,0,0,6,9,0,0,7,0,8,13,0,0,0,12,6,0
"OTU_4591",0,0,0,20,0,0,0,0,0,0,0,0,12,0,0,0,0,0,44,0,11,5,0,0,0,0,0,0,0,0,0,0,0,0,49,0,0,0,0,0
"OTU_4596",0,0,0,0,0,0,0,32,24,0,0,0,0,0,0,0,0,0,0,0,0,0,0,0,0,0,0,15,0,0,0,0,0,0,0,0,0,27,0,4
"OTU_4600",9,0,0,0,0,0,0,54,29,4,0,0,0,0,0,0,0,0,0,0,0,0,0,0,0,0,0,0,0,0,44,0,0,0,0,0,0,0,0,0
"OTU_4602",0,0,0,0,0,0,0,0,0,0,0,0,0,0,0,0,0,9,0,0,0,0,2,0,0,0,0,0,0,0,0,0,0,0,0,0,12,0,0,14
"OTU_4604",0,0,0,0,0,0,0,0,0,0,0,0,0,0,0,0,0,0,6,0,0,0,0,0,0,0,0,0,0,0,0,0,13,0,0,0,13,31,0,0
"OTU_4608",0,0,0,0,0,0,0,0,0,0,0,0,0,0,0,11,0,0,12,0,10,0,0,0,0,0,0,0,0,0,9,0,0,0,0,0,16,4,0,2
"OTU_4610",0,0,11,0,14,0,17,0,0,0,0,0,0,0,0,0,16,0,0,0,0,8,0,0,0,0,0,19,7,0,11,0,0,4,0,11,0,0,0,0
"OTU_4612",0,0,0,3,0,0,0,0,0,0,0,0,0,0,0,0,0,0,0,25,37,0,0,0,0,0,0,0,0,0,0,0,0,0,75,0,0,0,0,0
"OTU_4619",0,0,0,0,0,0,0,0,0,0,0,0,0,0,0,0,0,6,0,0,0,0,7,0,0,0,0,0,0,0,0,0,6,0,0,0,0,8,0,0
"OTU_4621",0,0,0,0,6,0,0,0,0,0,0,0,0,0,0,0,0,0,0,0,4,0,0,0,0,0,0,0,0,0,0,0,0,9,0,0,0,0,5,0
"OTU_4624",85,0,0,0,0,8,0,0,0,0,0,0,0,0,0,0,0,0,0,0,0,0,0,0,0,19,22,0,0,0,0,0,0,0,0,0,0,0,0,0
"OTU_4629",0,13,0,0,13,0,0,48,0,0,0,0,0,0,0,0,0,0,23,0,0,0,0,0,0,20,5,6,11,0,0,0,0,0,0,0,0,0,0,0
"OTU_4630",0,15,16,0,0,5,0,0,0,0,0,0,0,0,0,0,0,0,0,0,0,0,0,0,0,12,0,11,14,13,18,35,0,0,0,0,0,0,0,0
"OTU_4633",0,0,4,0,10,19,0,24,0,0,0,8,3,0,0,0,0,6,0,0,0,0,0,0,0,0,0,0,0,0,5,0,6,0,0,0,0,8,0,11
"OTU_4636",0,0,0,0,29,0,10,0,0,0,0,0,0,0,0,0,0,0,0,0,0,0,0,0,0,0,0,0,57,13,0,0,0,0,0,0,0,0,0,0
"OTU_4638",0,0,0,0,0,20,3,7,0,10,0,5,0,5,5,0,7,0,0,0,0,5,13,0,0,5,0,0,11,0,14,10,0,0,0,0,0,8,0,6
"OTU_4643",0,3,0,0,1,0,4,0,0,0,0,1,1,0,3,0,0,0,1,0,1,1,0,0,0,0,0,0,0,2,3,0,0,0,0,1,2,0,1,0
"OTU_4645",0,0,0,0,0,0,0,0,0,0,0,0,0,0,0,4,0,0,0,0,0,4,0,16,0,12,0,0,0,0,0,0,7,6,0,0,7,0,0,0
"OTU_4647",0,3,0,0,2,0,45,0,0,0,0,0,6,0,0,0,0,0,0,0,0,0,0,0,0,5,4,4,0,0,8,0,6,6,0,0,0,0,0,0
"OTU_4648",38,0,0,0,0,6,0,0,0,0,0,0,0,0,0,0,0,0,0,0,0,0,0,0,0,7,5,0,0,0,0,0,0,0,0,0,0,0,0,0
"OTU_4650",0,0,0,0,0,0,0,0,0,0,0,22,6,25,21,0,0,0,5,0,20,0,0,0,0,0,0,0,0,0,0,0,14,0,0,25,0,0,0,0
"OTU_4652",0,0,0,0,0,27,0,26,0,22,0,0,0,0,0,8,0,0,0,0,0,0,0,0,30,0,0,0,18,0,0,0,0,0,0,0,0,0,0,0
"OTU_4657",0,0,0,0,0,16,0,0,0,0,0,29,0,0,0,0,75,0,0,0,0,0,0,0,0,0,0,0,0,0,0,0,0,18,0,0,0,0,0,0
"OTU_4663",0,21,8,0,0,0,0,0,0,0,0,0,0,0,0,0,0,0,16,0,0,0,0,0,0,27,12,0,0,0,3,0,12,0,0,0,0,0,0,0
"OTU_4664",42,0,0,0,0,8,0,0,0,0,0,0,0,0,0,0,0,0,0,0,0,0,0,56,0,0,31,0,0,0,0,0,0,0,0,0,0,0,0,0
"OTU_4665",0,0,0,0,12,0,14,0,0,0,0,0,0,0,7,6,0,0,0,0,0,3,13,0,0,0,0,0,0,0,0,0,15,3,15,0,8,0,13,0
"OTU_4666",14,0,13,0,0,41,0,0,0,0,0,0,0,0,0,0,0,0,0,0,0,0,0,0,0,0,19,0,0,0,0,0,0,0,0,0,0,0,0,0
"OTU_4667",0,0,0,0,9,0,43,0,0,0,0,0,0,0,12,0,0,0,0,0,0,0,0,6,0,0,0,0,9,0,0,0,0,0,0,5,0,0,9,4
"OTU_4668",0,8,0,0,0,0,0,0,6,22,12,0,0,0,0,0,0,0,0,0,0,0,0,6,0,0,0,0,46,37,0,0,0,0,0,0,0,0,0,0
"OTU_4669",0,0,7,0,0,0,0,0,0,0,0,0,4,0,0,0,0,0,0,0,0,0,0,0,6,0,0,0,0,0,8,0,0,0,0,0,0,0,0,0
"OTU_4670",0,0,0,0,0,9,0,2,0,6,0,0,0,0,0,0,0,6,0,0,0,0,0,2,8,12,0,3,23,0,45,0,0,3,8,0,0,0,0,7
"OTU_4673",0,26,14,0,0,0,22,0,0,0,0,0,0,13,0,0,0,0,0,0,0,0,0,0,0,17,39,0,0,0,0,0,0,6,0,0,0,0,0,0
"OTU_4674",0,0,0,0,0,0,0,0,0,0,0,0,0,0,0,0,0,17,0,0,0,28,0,0,0,0,0,0,0,0,8,0,0,36,0,0,0,0,0,1
"OTU_4679",0,0,0,0,0,0,0,0,45,0,65,0,0,0,0,0,0,0,0,0,0,0,0,0,0,0,0,0,0,7,0,0,0,9,0,0,0,0,0,0
"OTU_4683",0,0,0,0,0,0,0,0,0,0,0,2,0,0,0,0,0,0,0,0,0,0,0,0,0,0,0,0,0,0,0,0,0,2,0,5,0,1,0,0
"OTU_4684",0,0,0,0,0,0,0,0,0,0,0,0,0,0,0,0,0,4,0,0,0,0,0,12,0,0,0,0,0,0,0,0,9,14,0,0,0,0,0,29
"OTU_4686",30,0,0,0,16,13,0,0,0,0,0,0,0,10,0,0,0,0,0,0,0,0,0,7,0,13,0,0,8,0,10,0,0,0,0,0,0,0,0,0
"OTU_4687",11,0,0,0,0,36,0,0,0,0,0,0,0,0,0,0,0,0,0,0,0,0,0,0,0,0,16,0,0,0,0,0,6,0,0,0,0,0,0,0
"OTU_4691",0,0,0,0,0,0,0,0,0,0,0,0,0,0,0,0,0,6,0,24,15,0,4,0,0,0,0,0,0,0,0,0,14,4,19,0,0,0,26,0
"OTU_4693",0,0,0,0,0,0,0,0,0,0,0,0,0,0,0,0,0,12,0,0,0,0,15,0,0,0,0,0,0,0,0,0,0,0,0,0,0,14,0,27
"OTU_4700",0,6,2,0,0,0,0,0,0,0,0,0,0,0,3,0,0,0,0,0,0,1,6,0,0,0,0,0,0,0,0,0,5,1,0,0,0,0,0,1
"OTU_4704",0,0,0,0,0,0,16,0,0,0,0,0,0,0,0,0,0,0,0,0,0,0,0,0,0,16,18,47,38,0,0,0,0,0,0,0,0,0,0,0
"OTU_4712",0,0,3,0,0,0,0,0,0,2,0,0,0,0,0,1,0,1,1,5,0,0,0,0,0,0,0,0,0,2,0,0,0,4,0,0,0,1,0,0
"OTU_4713",0,0,0,0,0,0,0,35,60,10,25,0,0,0,0,0,0,0,0,0,0,0,0,0,5,0,0,0,0,0,0,0,0,0,0,0,0,0,0,0
"OTU_4715",0,0,0,0,0,0,4,0,0,0,0,12,6,0,5,0,17,0,0,0,4,0,0,0,0,0,0,0,0,0,0,0,0,15,0,0,0,0,0,0
"OTU_4718",0,0,0,0,0,0,7,7,5,0,0,0,0,0,0,0,0,7,0,0,0,0,0,0,16,0,0,0,0,0,39,39,5,0,0,0,0,0,0,0
"OTU_4720",0,0,7,0,0,0,0,11,39,0,0,0,0,0,0,0,0,0,5,0,6,0,0,0,0,0,10,0,0,33,0,23,0,0,0,0,0,0,0,0
"OTU_4721",0,3,0,0,0,0,0,0,0,0,0,0,0,11,0,3,2,0,0,0,0,0,0,0,0,0,0,0,0,0,0,0,2,0,0,0,0,0,0,0
"OTU_4722",0,0,10,0,0,3,0,0,0,0,0,0,0,0,0,0,0,0,11,0,0,0,0,0,0,4,7,0,2,0,11,41,8,9,3,0,0,0,0,0
"OTU_4723",0,0,0,0,0,0,0,0,0,0,0,0,2,0,0,2,0,0,0,0,0,0,0,0,0,0,0,0,0,0,0,0,5,0,0,0,0,2,0,0
"OTU_4724",0,0,0,0,0,0,0,35,18,13,29,0,0,0,0,0,0,0,0,0,0,0,2,0,35,0,0,2,0,0,0,0,0,0,0,0,0,0,0,0
"OTU_4727",0,0,0,0,0,0,0,0,0,0,0,2,0,0,3,0,0,2,0,0,0,2,2,0,0,0,0,0,0,0,0,0,0,1,2,0,0,2,0,4
"OTU_4728",10,0,5,0,0,0,0,43,31,0,0,0,0,0,0,0,0,0,0,0,0,0,0,0,0,0,0,6,0,0,22,0,0,0,0,0,0,0,17,0
"OTU_4730",0,0,0,0,0,17,13,0,6,0,0,0,0,0,0,0,0,0,0,0,0,0,0,0,11,0,87,0,0,0,0,0,0,0,0,0,0,0,0,0
"OTU_4735",0,0,0,0,0,0,13,0,8,0,0,0,0,0,0,0,0,0,0,0,0,10,0,0,0,0,0,0,0,0,8,0,0,5,0,0,5,0,0,0
"OTU_4738",28,0,0,0,17,0,0,27,9,0,10,0,0,0,0,0,0,0,0,0,0,0,0,0,6,8,7,0,10,0,0,0,0,0,0,5,0,0,0,0
"OTU_4740",0,0,0,0,0,0,0,16,0,0,35,0,0,0,0,0,0,0,0,0,0,0,0,0,35,0,0,0,0,0,0,48,0,0,0,0,0,0,0,0
"OTU_4745",61,31,0,0,0,19,2,0,0,0,0,0,0,0,0,0,0,0,0,0,0,0,0,0,0,0,19,2,0,0,0,0,0,0,0,0,0,0,0,0
"OTU_4746",0,0,0,0,0,0,0,0,0,0,0,17,0,0,10,0,26,0,28,0,19,0,0,0,0,0,0,0,0,0,0,0,0,16,0,18,0,0,0,0
"OTU_4748",0,12,0,0,6,0,8,0,0,0,0,8,10,0,0,0,0,0,0,0,0,0,0,0,0,0,0,0,0,0,0,0,0,0,0,0,0,0,0,0
"OTU_4750",0,0,14,0,0,0,0,0,0,0,0,0,0,0,0,0,0,0,11,0,0,6,0,0,0,0,0,0,0,0,0,0,0,31,0,0,0,0,0,0
"OTU_4752",0,0,0,0,0,40,17,0,0,0,0,0,0,0,0,0,0,0,0,0,0,0,0,0,0,0,0,0,48,0,28,0,0,0,0,0,0,0,0,0
"OTU_4754",0,0,0,0,0,0,1,8,0,6,0,0,0,0,0,0,0,0,0,27,0,0,0,0,0,0,0,0,10,0,0,0,0,0,0,0,0,7,30,0
"OTU_4758",0,24,14,0,11,0,15,0,0,0,0,0,0,11,0,0,0,0,14,0,0,0,0,0,0,0,0,0,0,0,0,0,0,25,0,0,0,0,6,0
"OTU_4760",0,0,0,0,0,0,0,0,11,0,100,0,0,0,0,0,0,0,0,0,0,0,0,0,5,0,0,0,7,0,0,10,0,0,0,0,0,0,0,0
"OTU_4762",0,0,0,0,0,0,7,10,0,0,0,0,0,0,0,0,0,0,0,0,0,0,18,0,19,0,0,0,11,0,47,0,0,0,21,0,0,0,0,0
"OTU_4763",0,0,5,0,0,0,0,0,8,13,0,0,2,0,0,0,2,0,0,0,14,0,11,0,0,0,0,19,7,0,0,11,0,0,0,0,0,0,0,0
"OTU_4764",0,0,5,0,11,0,0,0,60,0,0,0,0,0,0,0,0,0,0,0,0,0,0,0,0,0,3,0,0,0,0,0,0,0,0,0,8,0,19,0
"OTU_4766",0,0,0,0,0,0,18,10,0,49,0,0,0,0,0,0,0,0,0,0,0,0,0,0,0,0,0,0,0,36,0,10,3,0,0,0,0,0,0,0
"OTU_4770",0,0,0,0,0,0,0,0,0,0,0,18,0,0,7,0,100,0,0,0,0,0,0,0,0,0,0,0,0,0,0,0,0,0,0,0,0,8,0,0
"OTU_4773",0,0,0,18,0,0,0,0,0,28,37,0,0,0,0,0,0,0,0,0,0,0,0,0,10,0,0,0,7,14,0,18,0,0,0,0,0,0,0,0
"OTU_4774",0,0,0,0,0,0,0,3,0,90,4,0,0,0,0,0,0,0,0,0,0,0,0,0,0,0,0,0,0,0,0,12,0,0,0,0,0,0,0,0
"OTU_4775",0,2,8,0,0,0,0,0,34,48,0,0,0,0,0,0,2,0,0,0,0,0,0,0,0,0,0,0,0,2,12,18,0,0,6,0,0,0,0,0
"OTU_4776",0,11,8,0,0,0,0,6,0,0,0,0,3,0,0,0,0,0,1,0,0,0,0,0,0,0,0,9,0,0,0,0,5,0,0,1,9,0,0,0
"OTU_4777",0,0,0,0,0,0,0,0,0,0,0,0,13,0,0,0,0,34,0,25,7,0,0,16,0,0,0,0,0,0,0,0,4,0,0,0,0,7,0,0
"OTU_4778",23,4,0,0,0,24,0,0,0,0,0,10,0,10,0,0,0,0,0,0,0,0,0,0,0,0,43,0,5,0,0,0,0,0,0,8,3,0,0,0
"OTU_4781",0,0,7,0,0,0,0,0,0,0,0,0,0,0,0,0,13,6,7,0,5,0,9,0,0,0,0,0,0,0,17,0,11,8,0,0,6,11,19,13
"OTU_4782",8,0,0,0,13,0,0,0,0,0,0,0,0,0,0,0,0,0,0,0,7,0,4,0,0,8,0,0,6,0,0,0,0,15,0,11,0,0,0,0
"OTU_4784",0,0,0,0,6,3,9,0,0,0,0,0,11,0,0,0,0,0,0,0,38,4,0,0,0,0,0,0,0,0,0,0,0,0,0,0,0,0,23,0
"OTU_4786",0,0,37,0,32,0,0,7,0,0,0,0,0,0,0,0,0,0,0,0,0,0,0,0,0,50,0,0,6,0,0,0,0,0,0,0,0,0,0,0
"OTU_4789",0,0,0,0,0,0,0,4,0,0,2,0,9,0,12,0,0,0,22,7,16,6,0,0,14,0,0,0,0,0,0,0,0,7,0,0,0,0,33,0
"OTU_4791",0,0,0,0,0,0,0,9,22,20,14,0,0,0,18,0,0,0,0,0,0,0,0,0,23,0,0,0,3,0,0,12,11,0,0,0,0,0,0,0
"OTU_4795",0,0,0,0,0,0,0,0,0,0,0,0,4,6,13,0,2,2,0,0,1,0,0,0,0,0,0,0,0,0,0,0,0,1,3,0,0,0,0,1
"OTU_4798",0,0,0,0,0,0,0,0,0,0,0,0,0,10,15,0,0,0,0,0,8,0,0,0,0,0,0,0,4,0,0,0,0,0,0,0,0,0,0,0
"OTU_4799",0,0,0,0,8,0,17,0,0,0,0,0,0,0,0,0,0,0,0,0,86,0,0,0,0,0,0,0,0,0,20,0,0,0,0,0,0,0,0,0
"OTU_4803",0,0,0,0,0,0,4,0,1,0,0,0,2,0,0,0,2,0,6,0,5,4,0,0,0,0,2,0,0,2,3,0,0,9,1,0,0,0,4,0
"OTU_4804",0,0,0,0,0,0,0,0,0,0,0,0,51,0,0,0,20,0,24,0,36,0,0,0,0,0,0,0,0,0,0,0,0,0,0,0,0,0,0,0
"OTU_4805",0,0,0,0,0,0,0,0,0,0,0,0,0,0,0,0,14,0,0,0,5,6,37,0,0,0,0,0,0,0,0,0,0,15,0,0,0,0,10,23
"OTU_4813",0,0,0,0,0,0,0,0,0,0,0,0,0,0,0,0,0,0,0,16,0,0,12,0,0,0,0,0,0,0,4,0,0,0,0,0,0,0,27,0
"OTU_4814",0,0,0,0,0,0,0,6,0,0,0,0,0,0,0,0,0,0,0,0,0,23,0,0,0,7,0,0,8,0,12,0,0,0,0,0,0,0,0,0
"OTU_4817",0,0,0,0,0,0,0,0,0,0,0,0,0,0,0,0,0,0,0,0,0,0,0,0,0,45,0,15,25,15,30,0,0,0,0,0,0,0,0,0
"OTU_4819",0,0,13,0,0,0,0,0,0,0,0,23,12,0,17,0,29,0,0,0,0,0,0,0,0,0,0,0,0,0,0,0,0,36,0,0,0,0,0,0
"OTU_4821",0,0,0,0,0,0,31,0,0,0,0,0,0,0,0,0,0,0,42,20,0,0,0,0,0,0,0,10,0,0,0,0,0,12,0,0,0,0,0,0
"OTU_4830",0,0,0,0,0,0,0,0,0,0,0,35,11,0,0,0,6,0,0,0,0,25,12,0,0,0,0,0,0,0,0,0,0,19,0,0,0,0,0,0
"OTU_4832",2,0,22,0,3,47,0,0,0,0,0,0,0,0,0,0,0,0,0,0,0,0,0,0,0,0,0,7,0,0,15,0,0,7,0,0,0,14,0,3
"OTU_4834",0,0,0,0,0,0,0,0,0,0,0,0,0,0,0,0,0,15,0,0,0,7,12,0,0,0,0,0,0,0,0,0,0,0,0,0,0,7,12,0
"OTU_4836",0,0,0,0,0,0,0,0,0,0,0,0,7,0,11,0,0,0,14,0,20,0,9,0,0,4,0,0,24,0,16,0,0,7,0,0,0,0,0,7
"OTU_4838",0,15,17,0,0,0,0,0,0,0,0,0,0,0,0,0,0,0,0,0,0,0,0,0,0,0,0,2,0,0,0,0,0,6,0,0,0,0,0,0
"OTU_4840",0,0,0,0,0,0,0,0,0,0,0,0,0,0,20,0,0,3,0,0,8,8,2,0,28,0,0,0,0,30,0,0,6,5,2,0,0,2,5,0
"OTU_4841",0,0,0,0,0,0,0,0,0,0,0,0,2,0,0,0,0,4,0,0,2,0,0,0,0,0,0,2,0,0,0,0,2,0,0,0,0,6,0,0
"OTU_4844",0,0,0,0,0,0,0,10,14,8,19,0,8,0,0,0,0,0,0,0,8,0,12,0,23,0,0,0,0,0,6,12,0,0,0,0,0,0,9,0
"OTU_4846",61,14,0,0,0,11,0,0,0,0,0,0,0,0,0,0,0,0,0,0,0,0,0,4,0,14,25,0,0,0,0,0,0,0,0,0,0,0,0,0
"OTU_4847",0,0,0,0,0,0,0,0,0,0,0,13,6,0,10,0,28,0,4,0,4,5,10,0,0,0,0,0,0,0,0,0,0,15,28,6,0,0,0,0
"OTU_4850",0,0,7,4,0,0,0,18,6,12,0,0,0,10,34,0,0,0,5,0,1,0,0,0,0,4,0,0,0,0,0,2,0,0,4,0,0,0,3,0
"OTU_4851",0,0,0,0,0,17,6,0,0,6,10,0,0,0,0,0,18,0,0,9,0,0,0,8,16,0,0,0,21,0,9,0,0,0,0,0,0,0,6,0
"OTU_4852",0,0,0,0,0,21,0,0,0,0,6,0,0,0,0,0,0,0,0,0,0,9,19,0,26,0,0,0,7,0,0,20,0,0,15,0,0,0,0,0
"OTU_4853",0,0,0,0,0,0,0,0,0,0,0,0,21,0,0,0,0,0,12,31,0,0,3,0,0,0,0,0,0,0,0,0,0,0,11,0,0,0,51,0
"OTU_4854",0,0,0,0,0,32,0,26,0,0,0,0,0,0,0,0,0,0,0,0,0,0,0,0,0,31,0,0,40,0,0,0,0,0,0,0,0,0,0,0
"OTU_4857",44,15,0,0,0,0,0,0,7,0,0,0,0,0,0,0,0,0,0,0,0,0,0,8,0,28,4,2,0,0,21,0,0,0,0,0,0,0,0,0
"OTU_4858",0,0,21,0,6,0,20,6,20,0,0,0,0,0,0,4,0,0,0,0,5,0,0,0,0,0,0,0,0,0,16,25,0,0,0,0,6,0,0,0
"OTU_4859",0,0,0,0,0,0,0,0,0,0,0,0,0,0,0,6,0,0,0,0,0,0,0,0,0,0,0,11,0,0,0,0,0,0,0,6,13,0,0,0
"OTU_4861",0,0,0,0,0,0,0,0,0,0,0,11,0,0,0,0,48,0,5,0,0,0,0,0,0,0,0,0,0,0,0,0,0,0,3,0,0,0,0,0
"OTU_4864",0,0,0,0,14,5,0,0,0,0,0,0,0,0,0,0,0,0,0,0,0,4,16,0,0,0,0,0,0,0,0,0,0,0,0,0,0,9,5,0
"OTU_4868",0,0,0,0,0,0,0,0,16,0,0,0,15,20,17,0,11,0,0,0,17,0,0,0,0,0,0,0,0,0,0,0,0,23,0,9,0,0,0,0
"OTU_4871",0,0,0,0,0,0,0,0,0,0,0,0,0,0,0,0,0,0,0,6,0,0,0,0,0,0,0,11,0,0,0,0,4,0,0,0,0,8,0,4
"OTU_4878",0,0,0,0,0,0,12,0,2,0,0,0,0,0,0,0,0,0,0,0,0,8,0,0,0,0,9,0,0,0,0,0,0,0,0,0,0,0,0,0
"OTU_4881",0,0,0,0,10,0,102,0,0,0,0,0,0,0,0,0,0,0,0,0,0,6,0,0,0,0,0,10,0,0,0,0,0,0,0,0,0,0,0,0
"OTU_4884",0,0,0,0,0,0,0,24,24,0,0,0,0,0,0,0,0,0,0,0,0,3,0,0,0,0,0,0,0,0,0,0,0,0,0,0,0,0,18,0
"OTU_4885",0,0,0,0,0,0,0,0,0,0,0,0,0,0,0,0,12,0,0,0,0,0,0,9,0,0,4,0,0,0,0,0,0,10,0,0,0,7,0,5
"OTU_4886",0,0,0,0,0,0,0,12,0,0,43,0,0,0,0,0,0,0,0,0,0,0,0,0,42,0,0,0,0,5,0,25,0,0,0,0,0,0,0,0
"OTU_4887",0,0,0,0,0,0,11,9,0,23,0,8,0,0,0,0,0,0,0,0,4,0,17,0,9,0,0,5,0,0,10,0,0,4,0,0,0,0,0,0
"OTU_4891",0,0,0,0,0,0,0,0,0,0,0,0,0,0,0,0,0,0,0,0,0,0,0,0,0,0,0,0,0,0,33,0,8,0,5,0,10,0,5,0
"OTU_4893",0,0,6,0,0,0,0,0,0,0,0,0,0,0,0,0,0,0,0,0,0,0,0,0,0,0,6,13,0,4,0,0,0,0,0,0,0,0,0,0
"OTU_4896",0,0,0,0,0,0,0,0,0,0,0,0,0,0,0,0,0,8,0,0,0,11,32,0,0,0,0,0,0,0,0,0,0,0,10,0,0,25,0,28
"OTU_4897",0,0,0,0,0,0,0,0,6,0,0,12,1,0,11,0,0,0,0,0,0,0,0,0,0,0,0,0,0,0,0,0,0,3,4,8,0,0,0,0
"OTU_4900",0,0,0,0,0,0,0,0,0,0,0,0,0,15,18,9,0,0,0,0,0,0,0,0,0,0,0,0,0,0,0,0,20,0,0,46,9,0,0,0
"OTU_4901",0,0,0,0,0,0,0,0,0,0,0,0,0,0,0,8,0,0,0,0,0,13,0,0,0,0,0,0,0,0,0,0,0,91,0,4,0,0,0,0
"OTU_4903",0,0,0,0,0,0,0,0,0,88,0,0,0,0,0,0,0,0,0,13,0,0,0,12,0,0,0,0,0,0,0,14,0,0,0,0,0,0,0,0
"OTU_4907",0,0,0,0,0,0,0,4,55,0,0,0,0,0,0,0,0,0,0,0,0,0,0,0,0,49,18,0,0,0,0,0,0,0,0,0,0,0,0,0
"OTU_4909",0,0,0,0,0,23,0,0,0,9,9,0,0,0,0,0,4,0,0,0,0,0,0,11,23,7,0,9,6,0,25,0,0,0,0,0,0,0,0,0
"OTU_4910",0,0,0,0,20,0,0,0,0,0,0,0,21,0,0,0,79,0,0,0,0,0,0,0,0,0,0,0,0,0,0,0,6,0,0,0,0,0,0,0
"OTU_4915",0,0,0,0,0,0,0,0,0,0,0,0,0,0,0,4,0,0,3,0,0,0,3,0,0,0,0,0,0,0,2,0,0,0,0,0,3,7,3,4
"OTU_4916",0,1,0,0,0,0,0,38,23,6,0,0,0,0,10,0,0,0,10,0,0,0,0,19,0,0,0,0,6,0,13,0,0,0,0,0,0,0,0,0
"OTU_4920",0,0,0,0,10,0,0,0,0,13,10,0,0,0,0,0,0,0,0,0,0,0,0,0,0,11,7,0,0,0,0,73,0,0,0,2,0,0,0,0
"OTU_4922",12,0,0,0,0,0,0,0,0,0,0,0,0,0,0,0,0,0,0,0,0,0,0,0,0,0,7,0,0,0,0,103,0,0,0,0,0,0,0,4
"OTU_4923",0,0,0,0,0,15,0,0,0,0,0,0,0,0,0,0,0,0,4,0,0,0,0,0,14,0,0,0,0,0,16,6,0,0,0,0,0,0,31,0
"OTU_4924",0,0,6,0,10,0,0,6,0,0,0,0,0,5,0,0,0,0,0,0,0,0,0,0,0,0,0,7,0,0,0,0,0,0,0,0,10,0,0,0
"OTU_4927",0,0,5,0,11,0,0,0,0,0,0,0,0,0,7,0,0,0,2,0,0,0,0,0,0,0,0,0,0,0,0,0,0,0,0,6,0,0,6,0
"OTU_4928",0,0,6,0,0,0,0,12,23,0,0,5,0,0,2,3,0,5,0,0,0,4,3,0,0,0,0,0,0,0,0,0,0,0,4,0,4,0,0,0
"OTU_4931",0,17,0,0,0,0,11,9,0,0,0,0,0,0,0,0,0,0,0,0,0,0,6,0,0,0,0,0,8,0,0,0,6,0,0,0,0,12,0,0
"OTU_4939",0,0,0,0,0,0,0,0,0,0,0,0,1,2,0,0,9,0,0,0,0,0,0,0,0,0,0,0,0,0,0,0,0,1,0,0,0,0,1,1
"OTU_4941",0,0,0,0,0,0,16,0,0,0,0,0,0,9,0,0,0,0,0,0,0,0,0,0,0,38,17,41,0,0,0,0,0,4,0,0,0,0,0,0
"OTU_4943",0,0,0,0,0,0,0,33,51,0,16,0,0,0,0,0,0,0,0,0,0,0,0,0,9,0,0,0,0,0,0,16,0,0,0,0,0,0,0,0
"OTU_4945",0,0,0,0,0,17,0,14,7,37,0,0,0,3,0,0,0,0,0,0,0,0,2,0,21,6,0,0,13,0,0,0,0,0,0,0,0,0,0,0
"OTU_4946",0,0,0,0,0,0,0,0,0,0,0,0,0,0,0,0,0,0,0,0,0,0,0,0,0,44,0,0,0,0,11,0,24,9,0,0,27,0,0,0
"OTU_4951",0,0,0,0,0,0,0,0,8,89,0,0,0,0,0,0,0,0,13,0,0,0,0,0,0,0,0,0,0,0,0,15,0,0,0,0,0,0,0,0
"OTU_4956",0,13,12,0,17,17,0,0,0,0,0,0,6,0,0,0,0,0,0,0,0,0,0,6,0,0,0,10,0,0,0,0,0,0,0,12,0,0,0,0
"OTU_4957",3,0,15,0,0,0,0,0,0,0,0,0,0,0,0,0,0,15,0,0,0,0,7,0,0,0,0,0,0,0,0,0,0,0,0,0,4,9,15,10
"OTU_4961",0,0,0,0,0,0,0,0,0,0,0,0,0,0,0,0,0,19,0,0,0,11,0,0,0,0,0,0,31,0,0,0,0,0,0,0,0,0,0,17
"OTU_4963",0,0,0,0,0,0,0,0,0,0,0,0,0,0,0,0,3,11,0,0,0,0,0,0,0,0,0,0,0,0,0,0,0,0,0,0,0,7,0,9
"OTU_4964",0,0,0,0,0,0,0,0,23,0,0,0,0,0,0,0,8,7,0,0,0,0,0,0,0,0,0,0,0,0,0,0,0,0,0,0,0,16,23,0
"OTU_4967",0,0,0,0,0,0,0,0,16,0,7,0,0,0,0,0,0,0,0,22,11,0,0,14,0,15,0,5,0,9,19,0,0,6,0,0,0,0,0,0
"OTU_4968",0,0,19,0,0,0,0,11,13,0,0,0,12,0,0,0,0,0,8,0,7,0,0,0,0,0,0,0,14,6,0,0,11,14,0,0,0,0,0,0
"OTU_4970",0,16,0,0,0,0,0,23,51,10,0,0,0,0,0,0,0,0,0,0,0,0,0,0,11,0,0,0,0,0,0,10,3,0,0,0,0,0,0,0
"OTU_4974",0,0,0,0,23,0,8,18,25,0,0,0,0,0,5,0,0,0,0,0,0,0,0,0,0,0,0,24,0,0,21,0,0,0,0,0,0,0,0,0
"OTU_4979",0,0,0,0,0,0,0,0,0,0,0,0,0,0,0,0,5,0,0,0,0,0,0,0,0,0,0,0,0,0,4,0,0,3,0,0,0,4,0,0
"OTU_4980",0,0,0,0,0,0,0,0,0,0,0,0,0,0,0,0,9,11,7,0,0,0,0,0,0,0,0,0,0,0,0,0,6,0,0,0,0,20,8,11
"OTU_4982",0,0,0,0,0,0,0,0,0,0,0,0,0,0,0,0,0,14,0,9,0,0,20,0,0,0,0,0,0,0,0,0,0,10,0,0,0,0,0,0
"OTU_4983",0,0,0,0,0,0,14,0,33,0,0,0,0,0,0,0,0,0,14,0,0,0,0,0,16,7,0,0,0,0,0,0,0,6,0,0,0,4,0,0
"OTU_4984",0,0,0,0,0,33,12,0,0,0,0,0,0,0,0,0,0,0,0,0,0,0,0,0,0,0,4,0,15,0,0,0,0,0,0,4,0,0,0,14
"OTU_4985",0,0,0,0,0,0,0,6,8,0,24,0,0,0,0,0,0,0,0,0,0,0,0,0,81,0,0,0,0,0,0,5,0,0,0,0,0,0,0,0
"OTU_4986",0,2,1,1,0,0,2,2,4,0,2,0,0,0,1,0,1,0,1,0,5,0,0,1,10,0,0,0,0,0,5,2,1,0,1,0,0,0,2,0
"OTU_4987",0,0,16,0,0,0,0,0,0,17,0,0,10,0,0,0,0,0,0,0,0,18,0,0,0,0,0,0,0,0,0,0,5,0,7,0,0,0,0,0
"OTU_4988",56,0,9,0,0,13,0,5,0,0,0,0,0,3,0,0,0,0,0,0,0,0,0,0,0,4,17,6,6,0,0,0,0,0,0,4,0,0,0,0
"OTU_4992",0,0,0,0,0,23,6,15,0,17,0,0,0,7,0,0,0,0,0,0,2,0,0,0,29,12,0,0,12,0,0,0,0,0,0,0,0,0,0,0
"OTU_4995",0,0,0,0,18,0,0,0,0,0,0,0,18,0,0,0,0,0,0,0,0,0,0,0,0,0,0,6,0,0,12,0,0,0,0,0,0,0,0,0
"OTU_4996",15,0,0,0,0,47,17,0,0,0,0,0,0,0,0,0,0,0,0,0,0,0,0,10,0,0,34,0,0,0,0,0,0,0,0,0,0,0,0,0
"OTU_4998",0,0,0,0,0,0,0,0,0,0,0,0,0,0,0,0,0,4,0,0,0,0,7,0,0,0,0,0,0,0,0,0,0,0,0,0,0,10,0,10
"OTU_5000",0,0,0,0,0,0,0,0,3,0,0,0,0,2,0,0,0,0,0,0,0,27,0,0,0,0,0,0,0,0,0,0,0,44,0,0,0,0,0,0
"OTU_5002",4,0,0,0,0,39,0,15,16,0,7,0,0,0,0,0,0,0,0,0,0,0,0,0,8,0,15,19,0,0,0,0,0,0,0,0,0,0,0,0
"OTU_5003",0,0,0,0,0,0,0,0,0,0,0,0,0,0,0,0,0,0,7,0,0,0,2,0,0,0,0,0,13,0,0,0,0,0,2,0,5,0,13,0
"OTU_5005",0,0,11,0,5,0,0,4,0,0,0,0,0,7,0,0,0,0,0,0,0,0,0,0,0,0,0,16,0,0,0,0,4,0,0,0,0,0,0,0
"OTU_5012",0,0,0,0,0,0,0,17,55,10,0,0,0,0,0,0,0,0,0,0,0,0,0,0,26,5,0,10,0,0,0,0,0,0,0,0,0,0,0,0
"OTU_5013",0,0,0,0,0,0,0,0,0,0,0,0,0,2,0,0,0,8,0,0,0,6,3,0,0,0,0,0,0,0,0,0,0,0,0,0,0,7,8,0
"OTU_5017",0,0,0,0,0,0,0,0,0,32,13,0,11,0,0,0,0,0,0,0,0,0,0,0,42,0,0,0,0,0,0,24,0,0,0,0,0,0,0,0
"OTU_5018",0,0,0,0,0,0,0,0,0,0,0,0,0,0,0,0,9,0,25,6,0,0,0,0,0,0,0,0,0,0,0,0,0,0,9,0,50,23,0,0
"OTU_5026",0,0,0,0,0,0,0,0,0,0,0,0,0,0,0,0,0,3,0,4,7,0,11,0,0,0,0,0,0,0,0,0,0,0,0,0,10,0,14,0
"OTU_5028",0,0,0,0,0,0,0,0,0,0,8,0,0,0,0,0,0,14,0,0,0,0,0,0,0,0,0,0,0,0,5,0,0,5,0,0,0,0,0,9
"OTU_5033",0,0,0,0,5,0,0,0,0,0,0,0,0,0,6,0,0,0,0,0,0,2,0,0,0,0,0,0,0,0,0,0,0,5,0,5,6,0,0,0
"OTU_5036",0,0,0,0,0,0,27,0,0,0,0,6,7,0,0,0,0,0,0,0,0,0,0,0,0,0,0,0,0,0,0,0,0,0,0,0,0,4,0,9
"OTU_5037",7,0,0,0,0,0,0,20,23,0,0,0,0,0,0,0,0,10,0,2,0,0,0,0,0,0,58,0,0,0,0,0,0,0,0,0,0,2,0,0
"OTU_5038",0,0,0,0,10,0,9,0,0,0,0,0,0,0,0,0,12,0,0,0,0,10,0,0,0,0,0,0,0,0,0,0,4,0,0,0,18,8,8,0
"OTU_5040",0,0,0,0,0,0,0,0,0,0,0,0,0,0,3,0,0,10,0,0,0,0,0,0,0,0,0,0,12,0,0,0,0,2,0,0,0,0,0,0
"OTU_5042",26,11,0,0,9,0,0,0,0,0,0,0,0,0,6,0,0,0,0,0,0,0,0,0,0,45,7,11,6,0,0,0,0,0,0,0,0,0,0,0
"OTU_5043",0,0,6,0,0,17,0,0,0,0,0,0,0,0,0,0,11,0,18,0,0,0,0,0,0,0,0,0,0,0,0,0,16,0,0,0,0,0,0,0
"OTU_5044",0,0,0,0,11,0,21,0,23,0,17,0,0,0,0,0,0,0,0,0,0,0,0,0,0,0,8,16,0,0,0,0,0,0,0,0,0,0,0,0
"OTU_5049",0,15,29,0,10,0,14,0,0,0,0,0,0,0,0,0,0,0,0,0,0,0,0,13,0,0,0,16,17,0,0,0,0,0,0,7,0,0,0,0
"OTU_5050",43,13,14,0,0,0,0,12,0,0,0,0,0,0,4,0,0,0,0,0,0,0,0,0,0,13,0,0,0,0,0,0,0,0,0,22,0,0,0,0
"OTU_5051",0,0,0,0,0,0,0,0,0,0,0,16,0,0,0,0,0,0,0,0,0,0,4,0,0,0,0,0,0,0,0,0,0,12,0,0,0,6,0,5
"OTU_5053",0,0,1,0,0,0,0,0,0,0,0,0,0,5,6,2,0,0,0,12,0,0,0,0,0,0,0,0,0,0,0,0,0,0,0,0,0,0,1,0
"OTU_5059",0,0,0,0,0,0,0,0,0,0,0,0,9,0,7,0,0,0,25,0,6,0,6,0,0,0,0,0,0,0,0,0,0,0,41,0,0,7,9,11
"OTU_5062",0,0,0,0,6,0,7,7,16,0,15,0,11,0,0,0,8,0,0,0,0,0,0,0,29,0,0,0,9,0,0,0,0,9,0,4,0,0,0,0
"OTU_5063",0,0,0,0,0,0,0,0,0,0,0,0,0,0,0,0,0,5,0,0,0,0,0,0,0,0,0,0,0,0,0,0,0,0,10,0,0,11,6,0
"OTU_5065",0,8,0,0,0,0,0,0,0,0,0,0,0,0,0,0,0,0,0,0,0,0,0,4,16,0,0,0,0,18,0,32,0,0,0,0,0,0,0,0
"OTU_5066",26,0,0,0,0,0,12,4,0,0,0,0,0,0,0,0,0,0,0,0,0,3,0,0,0,9,0,0,0,0,12,0,0,0,0,0,16,6,12,0
"OTU_5069",0,0,0,0,0,2,0,0,0,0,0,0,0,0,3,1,0,0,0,0,0,2,1,0,0,0,0,0,9,0,0,0,0,0,0,10,0,0,0,1
"OTU_5071",0,0,0,0,0,0,0,12,0,0,0,0,7,0,0,0,0,18,0,0,0,5,0,0,0,0,0,0,0,0,0,0,9,0,12,0,26,12,0,0
"OTU_5074",0,0,0,0,0,0,40,0,0,0,0,0,0,0,0,0,0,0,0,12,0,0,0,0,11,40,0,0,0,0,0,0,0,0,10,7,0,0,0,0
"OTU_5077",0,12,0,0,0,0,0,46,45,0,0,0,0,0,0,0,0,0,0,0,0,0,0,0,0,4,0,13,0,0,0,0,0,0,0,0,0,0,0,0
"OTU_5078",0,0,0,0,54,0,0,0,0,0,0,0,0,19,6,0,0,0,0,0,0,0,0,0,0,0,0,0,0,0,0,0,0,0,0,20,0,0,0,0
"OTU_5079",0,12,17,0,0,8,0,0,0,0,0,0,0,13,0,0,0,0,0,0,0,0,4,0,0,21,0,0,45,0,0,0,0,0,0,0,0,0,0,0
"OTU_5080",0,15,9,0,0,0,0,0,24,0,0,0,0,0,0,0,0,0,0,0,0,0,0,0,0,0,0,0,0,14,52,0,0,3,0,0,0,0,0,0
"OTU_5081",23,0,0,0,0,24,0,0,0,0,0,0,0,0,0,0,0,0,0,0,0,0,0,38,0,0,0,0,35,0,0,0,0,0,0,0,0,0,0,0
"OTU_5082",0,0,0,0,0,0,0,0,0,0,0,0,0,0,0,2,0,0,0,0,0,0,0,0,0,0,0,0,0,0,8,0,0,0,0,0,0,0,2,8
"OTU_5083",0,12,0,0,11,0,0,0,12,0,0,0,0,0,0,0,0,0,0,0,8,0,0,0,0,0,0,0,0,0,0,0,0,2,18,5,5,0,0,0
"OTU_5088",0,0,0,0,0,0,2,0,0,2,0,4,0,0,0,0,0,25,0,0,0,0,0,0,7,12,0,0,4,0,0,18,0,18,18,0,0,4,0,0
"OTU_5089",0,0,0,0,1,0,0,0,0,0,0,0,0,0,0,0,1,0,0,1,2,1,0,0,0,0,0,0,0,0,0,0,0,0,0,0,1,4,0,0
"OTU_5094",0,0,0,0,0,0,6,0,0,19,8,0,0,0,0,0,0,0,3,0,0,0,0,0,16,0,0,0,7,19,19,9,0,0,0,0,0,0,14,0
"OTU_5099",0,0,0,0,0,0,0,0,0,0,0,0,4,0,0,0,0,0,0,0,8,0,0,0,0,7,7,0,0,0,0,0,0,0,0,0,0,0,93,0
"OTU_5102",0,0,0,0,0,0,0,0,0,0,0,0,7,0,0,0,0,0,0,0,0,0,11,0,0,0,0,0,0,0,0,0,0,9,4,0,4,14,3,0
"OTU_5109",0,0,0,0,0,0,0,0,0,0,7,12,0,0,0,11,25,0,7,0,0,0,7,0,0,0,0,0,0,0,0,0,4,0,13,0,4,0,0,4
"OTU_5113",0,0,21,0,30,0,0,0,0,0,40,0,0,0,0,0,0,0,0,0,0,0,0,0,14,0,0,0,0,0,0,0,0,0,0,0,0,0,0,0
"OTU_5115",8,0,0,0,0,65,0,9,0,0,0,0,7,0,0,0,0,0,0,0,0,0,0,0,22,0,8,0,0,0,0,0,0,0,0,0,0,0,0,0
"OTU_5116",0,0,0,0,0,0,0,0,0,0,0,0,0,0,0,0,8,1,0,0,0,10,0,0,17,0,0,0,0,0,0,8,0,0,0,0,0,0,0,0
"OTU_5117",0,0,0,0,0,3,0,15,0,0,0,0,0,4,0,7,15,10,0,0,0,0,12,0,6,0,0,0,0,0,0,0,0,0,0,0,7,0,0,0
"OTU_5118",0,0,0,0,0,0,0,0,0,0,0,0,0,0,0,0,0,0,0,0,0,0,0,0,0,15,0,0,0,0,0,0,3,0,0,5,2,0,0,3
"OTU_5120",0,11,0,0,3,0,0,0,0,0,0,0,0,0,0,0,0,0,0,0,0,0,0,0,0,4,0,5,0,0,0,0,0,0,0,0,0,0,0,0
"OTU_5124",0,10,0,0,12,0,0,0,0,0,0,0,0,0,0,9,8,0,0,0,0,0,0,0,0,0,0,0,4,0,0,0,5,7,0,11,0,0,5,0
"OTU_5127",0,0,0,0,0,0,9,0,0,0,0,0,0,6,0,0,0,52,0,0,0,0,4,0,0,0,0,0,0,0,0,0,0,0,0,0,0,5,42,0
"OTU_5128",0,0,0,0,0,0,0,0,0,5,20,0,0,0,0,0,0,0,0,0,0,0,0,69,7,0,0,0,17,0,0,0,0,0,0,0,0,0,0,0
"OTU_5136",0,0,0,0,0,0,8,0,0,0,0,0,0,0,0,0,0,3,0,0,0,0,6,0,0,0,0,0,0,0,0,0,0,0,0,0,0,9,0,11
"OTU_5138",0,0,3,0,0,0,20,0,0,0,0,0,10,0,0,0,0,11,0,4,4,0,11,0,0,0,0,0,0,0,0,0,0,4,0,0,0,15,0,0
"OTU_5145",34,0,0,0,2,0,0,0,0,42,0,0,8,0,0,0,0,0,0,0,13,0,0,0,0,5,0,0,0,0,0,0,6,5,0,0,3,0,0,0
"OTU_5147",0,0,0,27,0,0,0,0,0,0,0,0,0,0,0,0,0,0,0,0,55,0,0,0,0,0,0,0,0,0,25,0,0,0,0,0,11,0,0,0
"OTU_5150",0,0,0,0,0,0,0,12,26,0,0,0,0,0,0,0,0,0,0,0,0,0,0,0,0,39,22,0,0,0,19,0,0,0,0,0,0,0,0,0
"OTU_5155",37,8,0,0,0,0,0,0,0,0,16,0,0,0,0,0,0,0,0,0,0,0,0,0,4,15,30,0,0,0,0,0,0,0,0,0,0,0,0,0
"OTU_5159",0,0,33,0,0,0,0,0,0,0,0,0,0,0,0,0,0,0,0,0,0,0,0,0,0,0,0,12,0,0,0,24,15,0,0,0,0,0,0,0
"OTU_5160",0,4,0,0,0,0,0,1,0,0,0,0,0,2,6,0,0,0,3,1,0,0,0,0,2,0,0,4,1,0,0,0,4,8,0,6,0,0,0,1
"OTU_5163",0,0,0,0,0,0,24,0,0,0,0,0,0,0,0,0,0,0,0,0,0,0,0,17,0,61,0,15,0,0,0,0,0,0,0,0,0,0,0,0
"OTU_5164",0,9,0,0,0,3,0,35,0,0,0,0,0,0,0,0,0,0,0,0,0,0,0,0,0,14,0,11,0,0,0,0,0,0,0,0,0,0,0,0
"OTU_5165",0,0,0,0,0,0,8,0,0,42,0,0,0,0,0,0,0,0,0,10,0,0,0,0,22,0,0,0,18,0,0,0,17,0,0,0,0,0,0,0
"OTU_5172",1,6,1,0,1,0,1,2,0,0,0,0,0,2,2,1,1,0,2,0,3,0,0,3,0,5,1,1,1,1,0,0,0,1,0,0,0,0,0,0
"OTU_5175",0,0,0,0,0,42,0,0,0,30,11,0,0,0,0,0,0,0,0,0,0,0,0,0,0,9,0,4,21,0,0,0,0,0,0,0,0,0,0,0
"OTU_5177",22,0,0,0,0,0,0,0,0,0,0,0,0,0,0,0,0,0,4,0,0,0,0,0,0,18,0,0,0,0,9,0,6,0,0,3,0,0,0,6
"OTU_5180",0,3,0,0,0,0,0,0,1,0,4,3,0,0,0,1,0,0,0,0,0,0,0,0,6,0,1,0,3,1,0,0,0,0,0,1,0,0,0,0
"OTU_5183",0,0,0,0,0,0,0,0,0,0,0,0,0,0,0,0,0,13,0,0,0,2,6,0,0,0,0,0,0,0,0,0,0,0,0,0,0,0,0,7
"OTU_5186",0,0,0,0,0,0,26,0,0,0,14,0,0,0,0,5,0,0,0,0,0,0,0,0,25,0,0,0,0,0,18,0,0,0,0,3,0,0,0,0
"OTU_5187",0,0,0,0,0,0,0,0,0,0,0,9,0,0,0,0,0,7,6,0,0,0,0,0,0,0,0,0,0,0,0,0,0,0,0,0,7,0,23,0
"OTU_5190",0,0,0,0,0,0,0,0,0,0,0,0,0,0,0,0,0,0,0,17,0,0,9,0,0,0,0,0,0,0,20,0,0,0,0,0,0,0,70,0
"OTU_5193",0,0,0,0,0,0,0,0,9,0,0,0,0,0,0,0,0,0,17,0,0,0,0,0,0,0,0,0,0,0,26,23,0,0,0,19,0,0,0,0
"OTU_5197",0,0,0,0,0,17,0,21,0,0,0,0,0,0,0,0,0,0,0,0,0,0,0,0,0,0,0,0,0,0,0,0,8,0,0,0,15,12,0,0
"OTU_5200",0,0,8,0,0,0,0,0,0,0,0,0,0,0,0,0,0,0,0,0,0,4,0,0,0,9,18,0,0,0,0,0,0,0,0,0,0,0,0,0
"OTU_5203",0,0,0,0,0,0,0,0,0,0,0,0,19,0,0,0,0,0,0,0,0,0,0,0,0,0,0,0,0,0,0,0,0,0,0,0,40,14,36,0
"OTU_5206",0,7,0,0,5,0,0,0,0,0,0,0,0,0,0,0,0,0,0,0,0,0,0,0,6,0,0,0,0,0,11,0,4,0,0,0,0,12,7,0
"OTU_5207",19,0,0,0,0,0,28,0,0,37,0,0,0,0,0,0,0,0,0,0,0,0,0,0,6,0,0,9,0,0,0,0,0,0,0,0,0,0,0,0
"OTU_5211",0,0,0,0,0,0,0,0,0,0,0,0,0,0,0,0,0,4,0,0,0,0,9,0,0,0,0,0,0,0,0,0,0,0,0,0,0,11,0,16
"OTU_5219",0,0,0,0,0,0,0,0,14,31,0,0,0,0,0,0,0,0,0,0,0,0,0,14,13,14,0,0,0,0,6,0,0,12,0,0,0,0,0,0
"OTU_5222",0,0,0,0,0,0,0,0,0,0,0,0,6,0,4,0,0,0,10,0,11,0,0,0,0,0,0,0,0,0,0,0,9,13,10,16,5,3,0,0
"OTU_5225",0,0,0,0,0,0,0,0,0,0,5,0,9,0,0,0,27,0,5,0,0,0,10,0,0,0,0,0,0,0,0,0,0,0,0,0,0,0,0,0
"OTU_5233",0,0,0,0,0,0,0,0,0,0,0,10,17,14,15,0,14,0,0,0,0,21,0,0,0,0,0,0,0,0,0,0,0,23,0,0,0,0,0,0
"OTU_5234",0,13,4,0,0,0,0,0,0,0,0,0,0,6,0,0,0,0,0,0,0,10,0,0,0,0,0,0,0,0,0,0,0,0,0,0,14,0,0,0
"OTU_5236",0,0,0,0,0,0,0,0,0,0,0,0,0,0,0,0,0,6,0,0,0,0,8,0,0,0,0,0,0,0,0,0,7,0,0,0,0,18,0,11
"OTU_5237",0,0,0,0,9,0,0,0,16,0,0,0,10,0,0,0,0,0,0,4,18,0,0,0,0,0,0,0,0,0,0,0,0,0,0,0,2,0,0,0
"OTU_5238",0,0,0,0,0,0,0,0,0,0,0,0,0,0,0,0,0,11,0,5,0,5,0,0,0,0,0,0,0,0,0,0,0,0,0,0,0,10,0,8
"OTU_5241",0,0,4,0,3,0,0,0,0,0,0,0,0,0,2,0,0,8,0,0,0,0,6,0,0,0,0,0,0,0,13,0,0,2,0,0,0,8,0,14
"OTU_5242",8,0,13,0,0,0,11,0,0,0,0,0,0,0,2,0,6,0,6,0,5,0,0,0,0,18,0,6,5,0,10,0,0,0,0,0,0,8,6,0
"OTU_5244",0,0,0,0,0,0,33,0,0,0,0,0,10,0,0,0,41,0,0,0,6,0,10,0,6,0,0,0,0,0,0,0,0,4,0,0,0,0,0,0
"OTU_5245",0,0,0,0,0,0,0,8,21,0,0,11,8,2,0,0,9,0,0,0,0,10,1,0,0,4,0,0,0,0,2,0,0,0,0,0,0,0,0,1
"OTU_5248",0,0,0,0,0,0,0,0,66,0,7,0,0,0,0,0,0,0,0,0,0,0,0,0,4,10,0,0,0,23,0,4,0,0,0,0,0,0,0,0
"OTU_5249",0,0,7,0,0,0,0,6,0,0,0,0,0,0,12,4,0,0,4,0,0,0,0,0,5,0,0,0,2,0,0,0,0,0,0,16,0,0,16,0
"OTU_5253",0,0,0,0,0,0,0,45,0,0,0,0,0,0,0,8,0,9,0,7,0,0,0,0,0,0,0,0,0,0,0,0,10,0,0,0,6,11,0,0
"OTU_5254",0,11,22,0,0,0,0,7,0,0,0,0,0,0,0,0,0,0,0,0,0,0,0,0,0,9,0,10,12,0,0,0,13,11,0,0,9,0,0,0
"OTU_5256",6,0,10,0,7,0,0,14,13,0,0,0,0,0,0,0,0,0,0,0,0,0,0,0,0,0,0,0,0,0,5,0,0,0,0,2,0,3,0,0
"OTU_5262",0,0,0,0,3,0,0,0,0,0,0,0,0,0,6,2,0,0,0,0,0,0,0,0,0,0,0,0,4,0,3,0,2,0,0,0,0,0,0,0
"OTU_5263",0,0,4,0,1,0,2,0,2,0,0,1,0,1,0,1,0,0,2,1,3,0,2,0,0,0,0,0,0,2,0,0,0,1,1,0,2,0,1,1
"OTU_5265",2,0,8,0,0,28,11,0,0,0,0,0,0,0,0,0,0,0,0,0,0,0,0,0,44,18,2,0,0,0,0,0,0,0,0,0,0,0,0,0
"OTU_5267",20,6,9,0,0,5,0,0,24,0,0,0,0,0,0,0,0,0,0,0,0,0,0,0,0,10,12,0,0,0,0,0,0,0,0,0,0,0,13,0
"OTU_5268",0,0,0,0,12,0,2,0,0,0,0,0,0,0,0,0,0,5,0,0,0,0,0,0,0,0,4,0,0,0,0,0,0,0,0,0,0,0,0,0
"OTU_5271",0,0,0,0,0,0,17,0,0,0,0,7,3,0,0,0,8,0,0,0,0,0,8,0,0,0,0,0,0,0,17,0,0,0,0,4,0,0,0,0
"OTU_5274",46,0,0,0,15,6,0,0,0,0,0,0,0,0,0,0,0,0,0,0,0,0,0,0,0,0,7,0,0,0,0,0,0,0,0,0,0,0,0,0
"OTU_5277",0,0,0,0,0,0,0,0,0,0,17,0,0,0,0,0,0,0,0,0,0,0,0,27,40,0,0,0,29,0,0,0,0,0,0,0,0,0,0,0
"OTU_5279",0,0,0,0,0,0,0,0,0,0,0,0,0,0,0,4,0,6,0,2,0,0,6,0,0,0,0,0,0,0,0,0,0,0,0,0,0,0,0,8
"OTU_5288",0,0,0,0,0,0,0,0,15,21,0,0,0,0,0,0,0,0,5,8,8,0,0,0,16,0,0,0,0,0,20,0,0,0,13,0,0,0,7,0
"OTU_5289",0,0,6,0,0,0,33,9,0,0,0,0,0,0,0,9,0,0,0,0,0,0,0,0,0,0,0,0,0,0,20,0,0,0,0,0,7,0,0,0
"OTU_5290",0,0,0,0,0,0,49,13,0,6,10,0,0,0,0,0,0,0,0,4,9,0,14,0,0,0,0,0,0,0,8,0,0,0,0,0,0,0,0,0
"OTU_5292",0,0,0,0,0,0,0,0,8,0,15,12,0,0,0,0,1,3,0,0,0,4,0,0,0,0,0,0,0,0,0,27,0,0,0,0,0,9,0,0
"OTU_5296",0,22,30,0,16,0,13,0,0,0,0,0,0,0,0,0,0,0,0,0,0,0,0,0,0,0,0,0,0,0,19,0,0,12,0,0,0,0,0,0
"OTU_5297",0,11,0,0,0,0,0,0,0,0,5,0,0,0,0,0,0,0,0,0,0,0,5,0,20,0,0,0,0,5,12,0,0,0,0,0,10,0,0,0
"OTU_5299",2,0,1,0,4,0,1,0,2,0,0,2,0,5,3,0,5,0,1,0,0,0,0,0,0,1,0,1,2,0,1,2,0,0,0,8,1,3,3,0
"OTU_5302",0,2,0,0,2,5,0,0,0,0,0,0,7,7,5,0,9,1,0,2,0,0,0,0,0,2,0,0,0,0,1,0,0,0,2,0,0,0,0,2
"OTU_5305",0,0,0,0,0,0,0,0,0,0,0,0,0,0,9,0,0,0,10,0,0,0,0,0,0,0,0,0,0,0,0,0,7,0,0,0,0,22,0,0
"OTU_5306",0,0,0,0,0,0,0,0,0,0,0,0,0,0,3,7,5,0,0,0,0,0,0,0,0,0,0,0,0,0,0,0,0,0,4,0,5,0,0,0
"OTU_5307",0,0,0,17,0,0,0,0,0,0,0,0,0,0,0,0,0,0,7,47,0,0,0,1,14,0,0,0,0,0,0,26,0,0,0,0,0,0,0,0
"OTU_5309",0,0,0,5,0,0,0,0,0,18,0,0,6,0,0,0,9,0,0,5,20,0,0,0,0,0,0,0,8,13,7,0,0,0,0,0,0,0,0,0
"OTU_5313",0,0,0,0,0,0,0,0,0,0,0,0,1,0,0,0,0,2,0,0,0,6,5,0,0,0,0,0,0,0,0,0,0,0,0,0,0,0,0,0
"OTU_5317",0,0,0,0,0,0,0,0,0,0,0,0,0,0,0,0,0,0,0,0,0,0,3,0,0,0,0,0,0,0,17,0,0,0,20,0,0,6,33,0
"OTU_5318",0,0,8,0,0,0,0,7,0,0,0,0,0,0,0,0,0,0,0,0,0,0,0,0,0,0,0,0,0,0,0,0,0,0,0,0,0,1,9,0
"OTU_5320",0,0,0,6,0,0,0,0,0,16,0,0,0,0,0,0,0,0,0,0,0,0,0,0,33,0,0,0,6,51,0,0,0,0,0,0,0,0,0,0
"OTU_5322",0,0,0,0,0,0,17,0,0,0,0,0,0,0,0,0,0,0,20,0,9,0,0,0,22,0,0,0,0,0,20,0,0,0,0,0,0,0,0,0
"OTU_5323",11,0,0,0,0,14,0,0,0,0,0,0,0,0,0,0,0,0,0,0,0,0,0,0,0,0,25,0,0,0,0,0,0,3,0,0,0,0,0,0
"OTU_5326",0,0,0,0,0,0,8,8,0,0,0,0,0,0,0,9,3,0,0,0,0,18,0,0,4,0,0,0,0,0,0,0,0,0,0,5,0,0,0,0
"OTU_5327",0,0,0,0,0,0,0,0,6,0,0,0,0,4,0,0,0,0,0,0,0,0,0,0,0,0,0,0,1,0,0,0,0,0,0,0,0,0,0,11
"OTU_5329",0,2,3,0,0,0,0,0,0,0,0,0,0,0,0,2,0,0,0,0,0,0,0,0,0,0,0,0,0,0,0,0,0,2,0,0,2,2,0,0
"OTU_5330",0,0,0,0,0,0,0,0,0,0,0,0,13,0,13,0,0,0,16,0,23,0,0,0,0,0,0,0,0,0,0,0,47,0,0,0,0,0,0,0
"OTU_5334",0,0,0,0,0,29,0,0,12,0,0,0,0,0,0,0,0,0,0,0,0,7,0,0,0,0,0,0,8,0,0,0,0,0,0,0,0,0,0,0
"OTU_5342",0,0,0,0,0,0,35,27,0,0,0,0,0,0,0,0,0,21,0,0,0,0,0,11,7,0,0,0,0,0,10,0,0,0,0,0,0,0,0,0
"OTU_5347",0,0,0,42,0,0,0,0,7,0,0,0,0,0,0,0,0,0,0,0,0,0,0,0,0,54,0,0,8,0,0,0,0,0,0,0,0,0,0,0
"OTU_5349",0,0,0,0,0,0,0,0,0,0,0,0,0,0,18,18,0,10,0,0,0,0,0,0,0,0,0,0,0,0,0,0,0,0,0,0,5,0,0,8
"OTU_5350",0,2,0,1,2,0,3,0,3,0,1,0,0,0,0,4,0,0,0,0,4,0,1,0,0,2,0,2,1,2,4,0,0,3,0,0,1,0,1,0
"OTU_5351",0,0,0,0,0,0,0,0,0,0,0,0,0,16,15,0,0,0,0,0,0,0,0,0,0,0,0,0,0,0,0,0,0,0,0,10,0,0,3,0
"OTU_5353",0,0,13,0,11,0,6,0,0,0,0,0,0,0,0,0,0,0,0,0,0,0,0,0,0,20,0,7,5,0,21,0,0,0,0,9,0,0,9,0
"OTU_5358",0,0,1,5,0,2,2,4,1,2,4,0,0,0,0,0,0,15,3,0,0,2,0,2,0,0,0,1,0,0,0,1,0,0,0,0,0,0,32,0
"OTU_5360",0,0,0,0,0,0,0,0,10,0,0,0,0,0,0,0,0,0,0,0,0,0,0,0,0,62,13,14,12,0,0,0,0,0,0,0,0,0,0,0
"OTU_5361",0,0,0,0,0,0,0,0,0,0,0,0,0,0,0,23,0,26,0,0,0,0,0,0,0,0,0,0,0,0,0,0,0,0,0,0,22,0,31,0
"OTU_5362",3,0,0,0,0,24,6,0,42,0,0,0,0,6,0,0,0,0,0,0,0,0,0,0,0,0,0,0,15,0,0,0,0,0,0,0,0,0,0,0
"OTU_5369",32,6,0,0,0,0,0,0,0,0,0,0,0,0,0,0,0,0,0,0,0,0,0,0,0,12,34,0,26,0,0,0,0,0,0,0,0,0,0,0
"OTU_5370",0,0,0,0,0,0,16,0,0,0,0,0,0,0,0,0,6,0,0,0,0,0,0,0,0,0,0,17,0,7,43,9,0,0,12,0,0,0,0,0
"OTU_5373",5,0,0,0,0,0,0,0,0,0,0,0,0,0,0,0,0,0,0,0,15,0,0,0,0,0,0,0,0,0,59,0,0,0,16,0,0,5,0,0
"OTU_5374",0,0,0,0,0,0,0,0,8,0,0,0,0,0,0,0,0,0,0,0,0,0,0,0,0,11,0,0,59,32,0,0,0,0,0,0,0,0,0,0
"OTU_5377",45,17,0,0,0,10,0,0,0,0,0,0,0,4,12,0,0,0,0,0,0,0,0,0,0,0,11,0,0,0,0,0,0,0,0,11,0,0,0,0
"OTU_5379",16,0,0,0,5,0,0,0,0,0,0,2,0,0,2,0,0,1,1,0,0,4,0,0,0,0,28,0,0,0,10,0,0,9,0,0,0,3,0,0
"OTU_5380",0,0,0,0,0,0,62,0,0,0,0,0,0,0,0,0,0,0,0,0,0,0,0,0,0,4,0,8,0,8,28,0,0,0,0,0,0,0,0,0
"OTU_5381",0,0,0,0,0,0,0,0,19,0,0,0,0,0,0,0,0,0,0,0,2,0,0,0,0,0,0,15,0,0,11,0,0,0,0,0,0,0,0,0
"OTU_5384",1,0,0,0,0,8,3,12,0,49,0,0,0,0,0,0,0,0,0,0,0,0,0,0,1,16,0,20,0,0,0,0,0,0,0,0,0,0,0,0
"OTU_5386",0,0,0,0,0,5,0,60,12,0,2,0,3,0,0,0,0,0,0,0,0,0,0,0,0,0,0,0,0,0,0,0,0,0,0,0,0,0,0,0
"OTU_5389",0,0,0,0,0,0,0,0,0,0,0,12,0,0,1,0,0,0,14,1,26,0,0,0,0,0,0,0,0,0,0,0,0,8,0,1,0,0,0,0
"OTU_5398",12,4,0,0,5,0,0,15,16,0,0,0,0,0,5,0,0,0,0,12,0,0,0,0,0,0,0,0,0,0,10,30,0,0,0,0,0,0,0,0
"OTU_5401",0,13,0,0,0,0,0,0,0,0,0,0,0,20,0,0,0,0,0,0,0,0,0,0,0,0,0,0,44,0,0,0,0,0,0,13,0,9,0,0
"OTU_5402",0,0,0,0,20,0,0,0,8,0,0,0,0,0,0,14,3,0,0,0,0,4,0,0,0,0,3,0,0,0,0,0,3,6,8,0,6,0,0,0
"OTU_5408",0,0,0,0,0,0,0,0,0,0,0,2,0,5,0,2,0,0,0,0,1,0,0,0,0,0,0,0,0,0,0,5,0,1,0,1,0,0,1,1
"OTU_5409",0,0,3,0,5,0,0,0,0,0,0,0,0,0,0,4,0,0,18,0,0,0,0,0,0,0,0,0,0,0,0,0,0,0,0,0,2,0,0,0
"OTU_5410",0,0,0,0,2,0,0,0,0,0,0,0,0,0,0,0,0,11,0,0,0,0,0,0,0,0,0,0,0,0,0,0,0,0,0,0,0,12,9,0
"OTU_5417",0,0,1,0,0,0,3,0,0,2,0,1,0,0,1,0,0,0,0,0,0,0,0,0,2,0,0,0,0,0,0,0,0,0,0,0,0,4,0,1
"OTU_5418",0,0,0,0,0,0,31,0,0,0,0,0,0,0,0,0,0,0,0,0,20,0,0,0,0,0,21,37,0,0,0,0,0,0,0,0,0,0,0,0
"OTU_5423",4,0,14,0,0,0,0,4,0,0,0,0,6,0,0,0,0,0,0,0,0,0,0,0,0,0,0,0,0,0,0,0,11,52,0,0,0,0,0,0
"OTU_5424",0,0,15,0,0,0,0,0,0,0,0,0,0,0,0,0,0,0,69,0,0,0,0,3,0,0,0,0,0,0,0,0,0,21,0,0,0,0,0,0
"OTU_5425",27,13,7,0,0,16,0,0,10,0,0,0,2,0,0,0,0,0,0,0,0,0,0,0,0,18,13,2,0,0,0,0,0,0,0,0,0,0,0,0
"OTU_5426",18,0,0,0,0,0,0,0,0,0,0,0,0,0,0,0,0,0,0,0,0,0,0,10,0,2,13,6,56,0,0,0,0,0,0,0,0,0,0,0
"OTU_5427",10,0,0,0,0,10,0,0,0,0,0,0,0,0,0,0,0,0,0,0,0,0,10,0,0,0,0,0,0,0,0,0,0,0,0,0,0,0,0,20
"OTU_5430",0,0,0,0,0,0,0,0,0,0,0,0,0,0,0,0,0,0,0,0,0,0,0,14,0,48,14,0,0,0,0,0,10,0,0,22,0,0,0,0
"OTU_5438",13,12,0,0,0,5,0,0,0,0,0,0,0,0,0,0,0,0,0,0,0,0,0,0,0,13,0,5,0,0,0,0,0,0,0,0,0,0,0,0
"OTU_5439",0,0,0,0,0,0,0,0,0,0,0,0,0,0,4,0,0,0,0,0,0,6,15,0,0,0,0,0,0,0,0,0,0,14,9,0,0,0,0,0
"OTU_5441",0,0,0,0,0,0,5,0,0,0,0,0,0,0,0,0,0,36,0,5,0,0,2,0,0,0,0,0,0,0,0,0,0,0,0,0,0,5,7,0
"OTU_5445",0,0,0,0,0,0,0,0,0,0,0,0,0,0,6,0,0,0,6,0,0,2,0,0,0,0,0,0,0,0,0,0,8,0,0,5,0,16,0,0
"OTU_5446",0,0,0,0,9,0,0,0,0,0,0,0,13,0,0,0,0,0,31,0,16,0,0,0,0,0,0,12,0,22,0,0,0,0,0,0,0,0,0,0
"OTU_5447",0,0,0,0,0,0,0,0,0,0,0,0,0,0,0,9,13,0,0,0,0,0,26,37,0,0,0,0,0,0,0,0,0,0,23,0,0,0,0,0
"OTU_5449",0,0,0,0,0,0,0,22,0,4,0,0,0,0,0,0,0,0,0,0,0,16,21,0,0,13,0,0,0,0,17,0,0,0,15,0,0,0,0,0
"OTU_5450",0,0,0,0,0,0,0,0,0,0,0,0,34,0,18,0,36,0,0,0,0,0,0,0,0,0,0,0,0,0,0,0,0,19,0,0,0,0,0,0
"OTU_5451",0,0,13,0,14,0,0,0,0,0,14,0,5,0,0,0,0,0,0,0,0,0,0,0,8,19,0,31,0,0,3,0,0,0,0,0,0,0,0,0
"OTU_5461",0,7,0,0,0,3,0,24,28,0,0,0,0,0,0,0,0,0,0,0,0,0,0,0,12,24,0,9,0,0,0,0,0,0,0,0,0,0,0,0
"OTU_5462",0,0,0,0,0,0,23,0,0,0,0,4,0,0,0,0,0,2,0,0,0,0,0,0,0,0,0,0,0,0,0,0,0,7,0,0,0,0,0,0
"OTU_5464",0,0,0,0,1,0,6,0,0,0,0,10,0,0,7,18,15,0,0,0,0,16,0,0,0,0,0,0,0,0,0,0,0,29,5,0,0,0,0,0
"OTU_5466",0,12,0,0,0,0,5,8,0,0,0,0,0,0,0,0,0,0,0,0,0,0,0,0,0,58,17,7,0,0,0,0,0,0,0,0,0,0,0,0
"OTU_5467",0,0,0,0,0,0,0,0,0,0,0,0,0,0,0,0,0,9,0,11,0,0,11,0,0,0,0,0,0,0,0,0,18,0,0,0,9,0,49,0
"OTU_5471",0,0,0,0,0,0,0,0,0,5,0,0,0,0,0,0,0,0,56,23,11,0,12,0,0,0,0,0,0,0,0,0,0,0,0,0,0,0,0,0
"OTU_5482",0,0,0,0,0,0,0,16,0,20,0,0,0,0,0,0,0,0,0,0,0,0,0,0,0,35,0,13,14,0,9,0,0,0,0,0,0,0,0,0
"OTU_5483",9,0,0,0,0,8,0,0,0,0,0,0,0,0,0,0,0,0,0,0,0,0,0,0,0,0,65,24,0,0,0,0,0,0,0,0,0,0,0,0
"OTU_5484",18,26,0,0,0,0,0,0,0,0,0,0,0,0,0,0,0,0,0,0,0,0,0,0,4,4,0,0,0,11,43,0,0,0,0,0,0,0,0,0
"OTU_5486",0,0,0,0,6,18,0,16,20,0,0,0,0,0,0,0,0,0,0,21,5,0,0,0,0,0,0,0,0,0,0,5,0,0,0,0,0,12,0,0
"OTU_5487",0,0,0,0,0,0,0,0,0,0,0,0,16,0,0,0,0,0,1,0,0,0,0,0,0,0,0,0,0,0,0,0,0,0,0,27,18,0,0,0
"OTU_5488",0,12,5,0,0,0,4,4,3,0,0,0,0,0,0,0,0,0,0,0,0,0,0,0,0,0,0,4,0,0,11,0,0,0,0,0,0,0,0,0
"OTU_5490",16,0,0,0,0,0,0,0,0,0,0,0,0,12,0,0,0,0,0,0,0,0,0,0,0,0,13,0,0,0,3,0,0,17,0,0,0,3,0,0
"OTU_5494",0,0,0,0,0,0,0,6,0,0,0,0,0,0,0,0,0,0,42,12,0,0,0,0,0,7,0,6,7,16,10,0,0,0,0,0,0,0,0,0
"OTU_5502",0,0,0,7,0,0,0,0,0,0,0,0,0,0,0,0,0,15,9,0,6,0,0,0,0,0,0,0,0,0,0,0,0,2,0,0,6,11,0,0
"OTU_5504",0,0,0,0,16,0,0,0,0,0,0,0,0,0,0,0,0,0,0,0,0,0,0,0,0,0,0,0,10,49,14,0,0,0,0,17,0,0,0,0
"OTU_5506",0,0,5,0,2,0,0,0,0,0,0,0,0,2,4,4,3,0,0,0,0,3,0,0,0,0,4,10,0,0,0,0,4,5,3,1,0,0,0,0
"OTU_5508",10,44,0,0,7,0,0,0,22,0,0,0,0,0,13,0,0,0,0,0,0,0,0,0,0,3,7,0,0,0,0,0,0,0,0,0,0,0,0,0
"OTU_5509",0,0,0,0,5,3,11,0,0,6,0,0,0,0,0,0,0,0,0,10,0,0,14,0,6,0,0,3,0,0,0,0,0,0,15,0,0,0,14,0
"OTU_5512",0,0,0,0,0,0,0,0,0,0,0,0,0,0,0,0,7,0,0,0,0,8,0,0,0,0,0,0,0,0,0,0,0,14,0,0,0,0,0,9
"OTU_5513",0,0,0,0,0,0,3,0,0,0,0,0,19,0,11,0,0,14,14,0,11,6,0,0,2,0,0,0,0,0,0,0,0,6,0,0,0,0,7,0
"OTU_5518",0,0,0,0,0,0,0,39,0,0,13,0,0,0,0,0,0,0,0,0,0,0,0,17,36,0,0,0,0,0,0,0,0,0,0,0,0,0,0,0
"OTU_5520",0,0,0,0,0,0,26,0,0,0,0,0,0,0,0,0,0,0,0,0,0,0,12,0,0,0,0,0,0,0,26,0,0,0,9,0,0,32,0,0
"OTU_5521",0,7,0,0,0,0,0,13,0,0,0,0,7,0,0,0,0,0,0,0,0,0,0,0,0,0,0,8,8,35,3,24,0,0,0,0,0,0,0,0
"OTU_5525",0,0,5,0,9,0,0,0,0,0,0,8,0,27,22,0,0,0,0,0,0,3,0,0,0,6,0,0,0,0,0,0,0,0,0,25,0,0,0,0
"OTU_5530",0,4,0,0,0,0,0,0,19,0,0,0,0,0,0,0,0,0,0,0,0,0,0,0,0,14,0,11,0,26,3,0,0,0,0,14,0,0,0,0
"OTU_5532",0,0,0,0,0,0,0,9,15,19,20,0,0,0,0,0,0,0,0,0,0,0,0,0,34,0,0,0,0,0,0,8,0,0,0,0,0,0,0,0
"OTU_5533",0,0,0,0,0,0,0,0,0,0,0,0,0,0,0,7,0,11,0,0,0,0,3,0,0,0,0,0,6,0,0,0,0,0,0,0,0,9,0,21
"OTU_5534",0,0,0,0,0,0,0,0,0,4,0,0,15,0,0,0,0,0,0,0,13,0,10,0,0,0,0,13,0,0,0,0,0,0,0,0,0,0,0,0
"OTU_5536",0,0,0,0,0,0,9,0,0,0,0,0,0,8,3,9,4,0,0,0,5,14,0,0,0,0,0,0,0,0,0,0,9,3,8,12,1,0,0,0
"OTU_5538",0,3,0,0,4,0,0,1,0,78,0,0,0,0,0,0,0,0,0,0,0,0,0,0,4,1,0,0,1,6,0,7,0,0,0,0,0,0,0,0
"OTU_5544",0,0,0,0,0,0,3,0,0,0,7,0,0,0,0,0,0,18,0,0,0,11,0,0,0,0,0,0,0,0,0,0,0,7,0,0,0,0,0,0
"OTU_5545",0,0,0,0,0,0,0,0,0,0,0,0,0,0,0,0,0,13,0,4,6,0,0,0,0,0,0,0,0,0,0,0,0,0,0,0,0,0,0,4
"OTU_5548",0,0,0,0,0,0,0,0,15,0,0,0,0,10,10,0,0,9,33,0,0,0,0,0,13,0,0,0,0,0,0,0,0,0,2,0,0,0,3,0
"OTU_5552",0,0,0,0,0,0,0,0,0,0,0,0,0,0,0,0,9,0,0,3,0,0,0,0,0,0,0,0,0,0,11,0,0,0,13,0,0,0,0,0
"OTU_5555",0,0,0,0,0,5,0,0,0,0,0,0,0,0,0,0,0,0,0,0,5,0,5,0,0,0,0,0,0,0,0,0,0,6,0,0,0,6,0,7
"OTU_5558",0,0,0,0,0,0,0,0,0,0,0,0,0,0,0,0,10,0,0,0,6,0,0,0,0,0,0,0,0,0,11,0,0,0,0,0,0,0,35,6
"OTU_5559",0,0,0,0,5,0,0,0,0,0,0,0,0,5,0,0,0,0,0,0,0,0,0,0,0,0,0,0,0,0,0,7,0,0,0,0,4,0,0,0
"OTU_5568",0,0,0,0,0,0,0,0,0,0,0,0,10,0,0,0,0,10,0,0,0,0,9,0,0,0,0,0,15,0,0,0,0,0,0,0,0,0,0,0
"OTU_5570",50,15,6,0,0,0,16,0,0,0,0,0,0,0,0,0,0,0,0,0,0,0,0,0,0,0,0,12,0,5,0,0,0,0,0,0,0,0,0,0
"OTU_5575",0,0,7,0,0,0,0,0,0,0,0,0,10,0,0,0,0,3,3,0,3,0,0,0,0,0,0,0,0,0,0,0,5,0,0,0,0,0,5,0
"OTU_5578",0,0,0,0,0,0,9,0,0,0,0,0,0,0,0,0,0,0,0,0,0,0,6,0,0,0,0,0,0,0,0,0,0,0,0,0,3,14,0,0
"OTU_5579",0,0,0,0,0,0,0,0,0,0,0,0,0,0,0,0,0,0,0,0,2,0,5,0,0,0,0,0,0,0,0,0,0,0,24,0,0,8,65,0
"OTU_5582",3,0,0,0,0,0,0,0,14,0,18,0,0,0,0,0,0,0,0,0,0,0,0,0,68,0,0,0,0,0,0,0,0,0,0,0,0,0,0,0
"OTU_5588",27,0,0,0,0,10,0,0,2,0,6,0,0,0,0,0,0,0,0,0,0,0,0,0,0,0,49,4,0,0,0,0,0,0,0,0,0,0,0,0
"OTU_5591",0,0,0,0,0,0,0,0,0,0,26,0,0,0,0,0,0,0,0,0,0,0,0,0,34,0,0,0,0,18,0,25,0,0,0,0,0,0,0,0
"OTU_5592",0,0,0,0,0,58,10,12,0,10,0,0,0,13,0,0,0,0,0,0,0,0,0,0,0,0,0,0,0,0,0,0,0,0,0,0,0,0,0,0
"OTU_5597",0,0,2,0,0,0,3,0,0,0,0,0,0,0,0,3,2,0,0,0,0,0,0,0,0,0,0,0,2,0,0,0,2,0,0,3,0,0,0,1
"OTU_5600",0,0,0,0,0,0,0,0,0,0,0,0,0,0,0,0,4,9,0,0,0,0,0,0,0,0,0,0,0,0,0,0,0,0,0,0,0,16,0,17
"OTU_5602",0,0,0,0,0,0,0,8,0,90,0,0,0,0,0,0,0,0,0,0,0,0,0,3,2,0,0,0,0,0,0,0,0,0,0,0,0,0,0,0
"OTU_5603",0,0,0,5,0,0,0,0,0,0,0,0,0,0,0,0,0,0,0,0,13,0,11,0,0,0,0,0,0,43,31,0,0,0,0,0,0,0,0,0
"OTU_5604",0,11,4,0,0,13,0,8,0,0,0,0,0,0,0,0,0,0,0,0,0,0,0,0,0,4,7,0,0,42,14,0,0,0,0,0,0,0,0,0
"OTU_5605",0,0,0,0,0,0,0,0,0,0,0,0,19,19,19,0,0,0,0,0,0,0,0,0,0,0,0,0,46,0,0,0,0,0,0,0,0,0,0,0
"OTU_5612",0,0,9,0,0,0,0,0,0,0,0,0,0,0,0,0,0,0,7,0,0,6,9,0,0,0,0,0,0,0,0,0,0,5,3,0,0,10,0,11
"OTU_5615",0,18,23,0,0,0,0,0,0,0,0,0,0,6,0,0,0,0,0,0,0,0,0,0,0,11,0,24,0,0,5,0,0,0,0,15,0,0,0,0
"OTU_5616",0,0,0,0,0,0,0,0,0,0,0,0,0,10,0,11,4,0,2,0,0,0,13,0,0,0,0,0,0,0,0,0,5,0,0,0,0,0,0,0
"OTU_5619",0,0,0,0,0,0,26,0,0,0,0,0,0,0,0,0,0,0,0,0,9,0,0,9,0,0,0,5,14,0,4,0,0,11,0,0,0,9,0,0
"OTU_5620",0,0,33,0,0,0,0,3,0,0,0,0,0,0,0,0,0,0,0,0,0,0,0,32,0,6,0,0,2,0,9,0,0,2,0,0,0,0,0,0
"OTU_5622",0,0,0,0,0,0,0,0,0,0,0,0,0,0,0,3,9,0,0,0,0,0,0,0,0,0,0,0,0,0,0,0,15,0,0,7,0,0,0,0
"OTU_5629",0,8,5,0,17,0,0,0,0,0,0,0,0,0,5,5,0,0,2,0,0,0,0,0,0,0,0,0,0,0,0,0,6,0,3,0,6,0,0,0
"OTU_5630",0,0,0,0,0,0,0,0,0,0,0,0,0,0,7,12,0,0,0,0,0,0,11,0,0,0,0,0,0,0,0,0,0,8,0,0,10,0,0,14
"OTU_5632",0,0,0,0,0,0,4,0,0,25,4,0,0,0,0,0,0,0,0,0,0,0,2,44,11,0,0,0,0,0,0,12,0,0,0,0,0,0,0,0
"OTU_5633",0,0,0,0,0,28,6,0,0,23,0,0,14,0,0,0,0,0,0,0,0,0,0,0,0,0,0,0,10,0,0,0,0,0,0,0,0,0,0,16
"OTU_5640",0,17,7,0,5,0,0,21,0,23,4,0,0,0,0,0,0,0,0,0,0,0,0,0,25,0,0,0,0,0,0,0,0,0,0,0,0,0,0,0
"OTU_5641",0,0,0,0,0,22,0,5,7,0,0,0,0,2,0,1,0,0,0,0,0,0,0,0,11,0,0,0,0,0,0,0,0,0,0,0,0,0,0,0
"OTU_5644",5,0,0,0,0,0,0,0,0,0,0,0,0,0,0,0,0,0,22,0,0,0,0,0,0,6,2,0,17,0,10,0,0,8,0,0,0,6,15,0
"OTU_5646",0,5,3,0,0,0,10,0,0,0,0,0,0,0,0,0,0,0,0,0,0,0,0,0,0,0,0,0,0,0,0,21,3,0,0,0,4,6,0,0
"OTU_5648",0,0,0,0,13,0,22,0,0,0,0,0,0,0,0,0,0,0,11,0,0,0,0,0,6,0,0,0,0,0,0,0,12,0,0,0,0,12,10,0
"OTU_5650",0,8,0,0,32,0,15,0,0,0,0,0,0,0,0,0,0,0,0,0,0,0,0,0,0,3,0,7,0,0,36,0,0,0,0,0,0,0,0,0
"OTU_5651",0,0,0,0,4,0,0,0,0,0,0,0,0,0,0,0,0,0,0,0,0,0,0,0,0,0,0,0,0,0,0,0,0,3,0,0,9,5,10,0
"OTU_5652",0,0,0,0,0,0,0,0,0,0,0,0,0,0,0,0,0,7,0,0,0,0,0,0,0,0,0,0,0,0,28,0,11,0,0,7,9,10,0,0
"OTU_5660",0,0,0,0,0,0,0,24,0,0,26,0,0,0,0,0,0,0,0,0,0,0,0,0,25,0,0,0,0,0,0,26,0,0,0,0,0,0,0,0
"OTU_5664",0,11,6,0,0,0,0,0,0,0,0,0,5,0,13,0,0,0,0,0,0,0,0,0,0,0,6,0,1,0,0,11,0,8,7,4,0,0,0,4
"OTU_5673",0,0,0,0,0,0,3,0,0,0,0,0,0,0,0,0,0,0,0,0,0,0,0,0,0,74,12,0,0,0,11,0,0,0,0,0,0,0,0,0
"OTU_5681",0,0,0,0,0,0,0,0,0,0,0,0,0,0,0,0,18,0,0,0,0,0,0,0,0,0,0,0,0,0,0,9,0,0,0,0,12,10,8,0
"OTU_5687",0,0,0,0,0,0,0,0,0,0,0,0,4,0,0,0,0,0,17,21,0,0,9,0,0,0,0,0,0,0,0,0,6,6,7,0,0,6,19,5
"OTU_5690",0,0,0,0,0,0,0,0,7,12,2,0,0,0,0,0,0,0,8,0,0,0,0,0,23,0,0,0,0,5,0,28,0,0,0,0,0,0,0,0
"OTU_5693",11,0,10,0,0,12,4,0,0,0,0,0,0,0,0,0,0,0,0,0,0,0,0,0,0,17,25,9,0,0,0,0,0,0,0,0,0,0,0,0
"OTU_5695",0,0,0,0,0,0,2,6,0,0,0,0,0,0,0,0,0,0,0,0,0,0,11,0,11,8,0,2,0,0,0,0,12,0,12,0,0,0,0,0
"OTU_5702",0,0,0,0,0,0,0,0,0,0,0,0,0,0,0,12,0,0,0,0,0,0,10,0,0,0,0,0,0,0,0,0,0,14,10,0,0,0,0,0
"OTU_5707",0,0,0,0,0,0,0,0,0,0,0,0,0,7,0,0,0,9,0,0,8,0,0,0,0,0,0,3,0,0,0,0,0,0,0,0,0,0,0,0
"OTU_5712",0,0,0,9,15,0,0,0,0,0,0,6,0,0,0,0,11,0,0,0,0,0,4,0,0,0,0,0,37,8,0,0,0,0,0,0,0,0,0,0
"OTU_5719",0,17,17,0,12,0,0,0,0,0,0,0,0,0,0,0,0,0,0,0,0,0,0,0,0,0,17,7,12,0,0,0,0,0,0,0,0,0,0,0
"OTU_5723",0,0,0,0,3,62,0,0,0,0,0,0,0,0,0,0,0,0,0,0,0,0,0,0,17,0,17,0,0,0,0,0,0,0,0,0,0,0,0,0
"OTU_5736",0,0,7,0,0,33,16,0,15,0,0,0,0,0,0,0,0,0,0,0,2,0,0,9,0,0,0,9,8,0,0,0,0,0,0,0,0,0,0,0
"OTU_5739",0,0,0,0,0,0,0,0,21,0,8,0,0,0,0,0,0,0,0,0,0,0,0,0,47,0,0,0,0,0,0,23,0,0,0,0,0,0,0,0
"OTU_5740",0,0,6,0,0,0,0,0,0,0,0,0,0,0,0,0,0,0,22,0,13,0,0,0,0,0,0,5,10,0,19,0,0,11,0,0,0,7,0,0
"OTU_5742",24,0,11,0,0,11,0,0,0,0,0,0,0,0,0,0,0,0,0,0,0,0,0,0,0,7,18,10,0,0,0,0,0,0,0,0,0,0,6,0
"OTU_5748",1,0,0,0,0,0,0,0,0,0,0,2,0,1,0,0,0,0,0,0,0,0,0,0,0,0,2,2,1,0,0,0,0,0,0,1,0,0,0,0
"OTU_5749",16,0,3,0,0,17,0,17,0,0,0,0,0,0,0,0,0,0,0,0,0,0,0,8,0,7,13,0,6,11,0,0,0,0,0,0,0,0,0,0
"OTU_5751",0,0,0,0,0,0,0,0,0,0,0,0,0,0,0,0,0,16,0,0,22,3,14,0,0,0,0,0,0,0,0,0,0,0,0,0,0,0,0,5
"OTU_5757",0,0,0,0,0,0,0,0,0,0,0,0,0,17,0,19,0,0,0,0,0,0,22,0,0,0,0,0,0,0,0,0,0,0,26,7,0,0,0,0
"OTU_5759",0,0,0,0,0,0,14,0,0,0,0,0,0,5,0,0,0,3,7,0,0,0,0,0,0,0,0,17,0,0,0,0,0,0,0,0,0,0,0,0
"OTU_5763",0,0,12,0,0,0,0,0,0,0,28,0,0,0,0,0,0,0,0,0,0,0,0,0,0,0,0,0,0,0,0,0,0,0,0,18,4,0,0,0
"OTU_5764",0,0,0,0,0,0,0,0,0,0,0,27,0,21,17,0,19,0,0,0,0,0,0,0,0,0,0,0,0,0,0,0,0,0,0,0,0,0,0,0
"OTU_5765",0,0,0,0,0,0,0,0,0,0,0,0,0,0,0,0,31,0,0,0,0,0,18,0,0,0,0,0,0,0,0,0,0,0,0,0,0,22,0,26
"OTU_5767",0,0,0,0,0,0,0,0,0,0,0,0,0,0,0,0,0,0,0,0,10,0,0,0,0,0,0,0,0,0,0,0,18,7,8,0,0,0,8,3
"OTU_5768",0,0,0,0,0,0,0,0,18,0,18,0,0,0,0,0,0,0,0,0,0,0,0,0,10,0,0,0,0,0,0,51,0,0,0,0,0,0,0,0
"OTU_5769",0,0,0,0,24,0,1,0,0,0,0,0,8,0,0,0,0,0,0,0,0,14,0,0,0,0,0,0,0,0,0,0,0,32,0,0,0,0,3,9
"OTU_5771",19,0,0,0,0,12,0,0,0,0,0,0,0,0,0,0,0,0,0,0,0,0,0,0,35,0,0,0,0,0,17,0,0,0,0,0,0,0,0,0
"OTU_5772",0,0,3,0,0,0,4,0,0,2,0,0,1,0,1,3,0,4,6,1,8,0,0,0,0,0,0,0,0,0,1,0,0,3,3,0,1,0,2,1
"OTU_5773",0,0,0,0,0,0,0,0,8,0,18,0,0,0,0,0,0,0,5,0,0,0,0,0,0,11,0,0,0,7,0,0,0,0,0,0,0,0,0,0
"OTU_5779",0,0,0,0,0,0,0,0,0,0,20,0,0,0,0,0,0,0,0,0,0,0,0,11,42,0,0,0,0,24,0,0,0,0,0,0,0,0,0,0
"OTU_5784",0,0,9,0,0,0,0,0,16,0,0,0,0,0,0,0,0,0,14,0,0,0,0,0,0,0,0,0,47,0,0,0,0,0,0,0,0,0,0,0
"OTU_5785",0,0,0,0,0,0,0,0,0,0,0,0,1,5,0,0,3,0,0,0,9,0,0,0,0,0,0,0,0,0,0,0,0,7,0,0,4,0,0,0
"OTU_5792",0,0,0,0,0,0,0,0,0,0,0,0,8,13,0,0,0,0,13,0,0,0,0,0,0,6,0,0,0,0,0,0,0,0,0,0,0,0,0,0
"OTU_5801",0,0,0,0,0,0,0,0,0,0,0,0,0,0,0,0,0,25,0,0,0,12,0,0,0,0,0,0,0,0,0,0,0,0,10,0,0,0,0,23
"OTU_5807",27,7,0,0,0,0,4,0,0,0,0,0,0,0,0,0,0,8,5,0,0,0,0,0,0,0,0,0,0,0,0,0,0,0,0,0,0,22,0,0
"OTU_5808",0,0,0,0,0,0,0,0,0,0,0,0,0,0,0,0,0,9,0,0,0,0,27,0,0,0,0,0,0,0,0,0,0,0,0,0,0,17,8,0
"OTU_5809",16,0,0,0,6,5,8,0,8,0,0,0,0,0,0,0,0,0,0,0,0,0,0,0,0,10,6,0,0,0,0,0,0,0,0,0,0,0,0,0
"OTU_5812",0,0,0,0,0,0,0,0,0,0,0,0,0,0,0,0,0,0,0,14,0,0,0,0,0,0,0,0,0,0,0,0,4,32,0,0,19,0,27,0
"OTU_5813",0,2,1,0,0,0,0,0,0,0,0,0,0,1,2,0,0,0,1,0,1,1,0,0,0,0,0,0,0,0,1,0,0,0,0,0,0,1,2,0
"OTU_5814",0,0,0,0,0,0,0,0,0,0,0,0,0,6,0,0,0,0,4,0,0,0,0,0,0,0,0,0,0,0,0,0,0,13,0,0,14,0,8,0
"OTU_5815",0,0,0,0,8,0,0,0,0,0,0,0,0,14,13,0,5,0,0,0,0,0,0,0,0,0,0,0,0,0,0,0,0,0,0,0,0,0,0,0
"OTU_5819",0,0,0,0,0,0,16,0,0,0,0,4,0,0,0,0,10,6,0,0,0,5,8,0,0,0,0,0,0,0,6,0,0,17,0,0,0,6,0,6
"OTU_5825",0,0,0,0,0,0,0,13,0,0,6,0,0,0,0,0,0,0,0,0,0,0,0,0,0,0,0,0,0,0,0,35,21,0,0,0,0,0,0,0
"OTU_5826",0,0,12,0,0,0,0,0,0,0,0,0,0,0,0,0,0,0,6,0,0,0,0,0,0,0,0,0,0,0,0,0,7,0,0,0,0,15,0,0
"OTU_5830",0,0,0,0,0,6,0,13,0,0,9,0,7,0,0,0,0,0,0,0,0,0,4,0,21,0,0,0,0,0,0,0,0,0,0,0,0,0,0,0
"OTU_5831",0,0,0,0,0,0,0,0,0,0,0,0,0,0,0,0,0,52,0,18,0,0,0,0,0,0,0,0,0,0,0,0,0,0,0,0,0,10,13,0
"OTU_5833",0,0,0,0,5,0,0,0,0,0,0,0,16,3,0,0,0,0,0,0,0,0,0,0,0,0,0,0,0,0,0,0,0,0,0,17,0,0,0,0
"OTU_5834",0,0,0,0,0,0,0,0,0,0,0,0,0,0,6,0,0,0,7,4,0,0,14,0,0,0,0,0,0,0,0,0,0,0,0,0,0,0,0,0
"OTU_5839",20,11,8,0,0,0,0,0,0,0,0,0,0,0,0,0,0,0,0,0,0,0,0,0,0,0,31,5,0,0,0,0,0,0,0,0,0,0,0,0
"OTU_5841",0,0,0,0,0,0,0,0,0,0,0,0,0,0,0,0,0,0,6,0,0,0,3,0,0,0,0,0,0,0,0,0,3,0,17,0,7,14,0,0
"OTU_5842",0,0,0,0,0,0,0,0,0,0,0,0,0,2,0,0,0,2,0,0,0,2,0,0,0,0,0,0,0,0,0,0,0,0,0,0,0,5,5,5
"OTU_5848",0,0,0,0,0,0,0,0,0,0,0,0,0,0,0,0,4,0,0,0,3,9,9,0,0,0,0,0,0,0,0,0,0,8,0,0,0,4,0,0
"OTU_5849",12,0,0,0,14,31,0,0,0,0,0,0,0,0,0,0,0,0,0,0,0,0,0,0,0,14,24,0,0,0,0,0,0,0,0,0,0,0,0,0
"OTU_5850",0,0,0,0,0,0,6,0,0,0,0,0,8,0,0,0,0,8,0,0,0,0,0,0,0,0,0,0,0,0,12,0,0,0,0,0,0,0,9,0
"OTU_5852",0,0,16,0,2,0,0,0,0,0,0,0,0,0,0,0,0,0,0,0,0,0,0,0,0,0,0,0,0,0,0,0,0,0,0,0,0,5,4,0
"OTU_5853",0,0,0,0,0,0,0,0,0,0,0,0,0,0,13,4,0,0,7,0,0,0,9,0,0,0,0,0,0,0,0,0,4,4,0,0,0,0,0,0
"OTU_5858",0,0,8,0,0,0,0,0,0,0,0,4,0,0,0,0,0,6,0,0,0,0,0,0,0,0,0,0,0,0,0,0,0,0,3,0,0,15,0,0
"OTU_5860",0,0,0,0,12,22,0,0,0,0,0,0,13,0,9,0,11,0,0,0,0,0,0,0,0,0,28,0,0,0,0,0,0,0,0,0,0,0,0,0
"OTU_5864",0,0,0,0,0,5,0,7,59,0,0,0,0,0,0,0,0,0,0,0,0,0,0,0,10,0,0,0,14,0,0,0,0,0,0,0,0,0,0,0
"OTU_5866",0,0,0,0,0,0,0,0,0,9,17,0,0,0,0,0,0,0,0,0,0,0,0,10,30,0,0,0,0,0,0,29,0,0,0,0,0,0,0,0
"OTU_5867",0,0,36,0,9,0,0,0,0,0,0,0,0,0,19,0,0,7,0,0,0,0,0,0,0,0,0,15,0,0,0,0,0,0,0,0,0,0,0,0
"OTU_5869",0,0,0,0,0,0,0,0,0,0,0,0,0,0,13,2,0,0,4,0,0,0,0,0,0,0,0,0,0,0,43,0,0,23,0,0,0,0,0,0
"OTU_5872",20,5,0,0,0,5,0,0,5,0,0,0,0,0,0,0,0,0,0,0,0,0,0,0,4,22,24,10,0,0,0,0,0,0,0,0,0,0,0,0
"OTU_5876",0,0,0,0,0,0,0,0,0,0,0,0,0,29,9,0,0,0,0,0,2,0,0,0,0,0,0,0,0,0,0,0,0,0,5,47,0,0,0,0
"OTU_5879",0,0,0,0,0,0,0,3,0,0,0,0,0,0,10,0,0,0,5,12,0,0,0,6,9,0,5,0,0,26,0,18,0,0,0,0,0,0,0,0
"OTU_5880",0,0,0,0,0,0,0,9,0,15,10,0,0,0,0,0,0,0,0,0,0,0,0,0,12,0,0,0,11,29,0,8,0,0,0,0,0,0,0,0
"OTU_5889",0,0,0,0,0,0,0,0,0,0,0,0,0,0,0,0,3,0,0,0,0,0,0,0,0,0,0,0,0,0,0,0,0,0,0,0,8,7,10,0
"OTU_5890",28,0,0,0,5,0,3,6,13,0,0,0,0,0,0,0,0,0,0,0,0,0,0,0,0,12,0,4,9,0,14,0,0,0,0,0,0,0,0,0
"OTU_5899",0,0,0,0,0,0,0,0,0,0,0,0,0,0,0,6,0,0,0,0,0,0,18,0,0,0,0,0,0,0,0,0,0,15,30,0,18,0,0,0
"OTU_5901",0,0,11,0,0,0,23,0,0,0,0,0,0,0,9,0,0,0,0,0,0,0,0,0,0,0,0,4,0,0,0,0,0,8,17,0,8,14,0,0
"OTU_5904",0,0,0,0,10,0,0,0,0,0,0,0,0,0,0,0,0,0,0,0,0,0,0,0,13,0,0,0,0,0,0,0,0,0,0,0,0,6,8,0
"OTU_5905",0,0,0,0,0,0,0,0,0,0,0,0,9,0,0,0,21,13,0,0,0,0,0,0,0,0,0,4,0,0,24,0,0,0,0,0,0,0,14,0
"OTU_5906",0,0,0,0,0,0,7,0,7,0,0,0,0,0,0,0,0,0,0,0,0,0,0,0,0,0,0,0,0,8,0,0,0,0,0,0,4,0,6,0
"OTU_5911",5,2,2,0,1,0,0,0,0,0,0,0,0,0,1,0,0,0,0,0,0,0,0,0,0,0,0,0,0,0,0,0,4,2,0,0,0,0,0,0
"OTU_5912",4,0,0,0,0,0,0,0,0,0,0,0,0,0,0,0,7,0,0,0,0,0,13,0,0,0,0,0,0,0,15,0,0,0,0,0,0,0,1,0
"OTU_5915",7,0,4,0,2,0,5,6,6,0,0,0,0,0,4,3,0,0,0,0,0,0,0,0,8,5,0,0,0,0,16,0,0,3,0,0,0,0,0,0
"OTU_5916",0,0,0,4,6,0,0,0,0,0,0,18,0,0,7,0,0,0,0,0,0,0,0,0,0,0,0,0,0,0,0,0,0,0,0,0,10,0,0,0
"OTU_5917",0,0,0,0,0,0,0,0,0,0,3,0,0,6,5,0,0,0,0,0,0,0,0,0,15,0,12,0,0,0,14,0,12,0,0,0,0,10,6,0
"OTU_5919",0,0,0,0,0,0,6,0,0,0,0,0,0,0,0,0,0,0,13,0,6,0,0,0,0,0,0,0,0,0,10,0,0,0,0,0,5,0,22,0
"OTU_5920",0,0,0,0,0,0,0,0,0,0,0,0,0,0,0,0,0,9,9,31,0,0,0,0,9,0,0,0,14,0,0,0,0,0,0,0,0,0,0,0
"OTU_5921",11,0,0,0,0,0,10,17,0,0,0,0,0,0,0,0,0,0,11,0,0,0,0,0,0,13,0,0,0,0,0,0,0,0,0,0,0,22,9,0
"OTU_5922",0,0,0,0,0,0,0,0,0,0,8,0,0,0,0,0,0,0,11,7,0,0,8,0,8,0,0,0,0,0,0,32,12,7,0,0,0,0,0,0
"OTU_5925",0,0,0,0,4,7,0,0,0,9,0,0,20,0,0,0,0,0,8,0,0,0,0,0,0,0,0,0,0,0,8,0,0,0,0,0,0,0,0,7
"OTU_5928",0,1,0,0,1,0,0,0,0,0,0,0,0,1,1,0,0,0,3,0,0,0,0,0,0,0,0,0,1,0,2,0,1,0,0,0,1,1,0,0
"OTU_5932",0,0,0,0,0,14,7,0,0,0,0,0,0,0,0,0,0,0,27,7,10,0,0,0,0,5,6,0,0,5,0,12,0,0,0,0,0,0,0,0
"OTU_5934",0,0,0,0,0,0,0,0,0,0,0,0,0,0,0,0,0,10,0,10,0,0,15,12,0,0,0,0,0,0,0,0,5,0,0,0,0,25,0,0
"OTU_5936",0,41,0,0,0,0,0,0,5,23,0,0,0,0,0,0,0,0,0,0,0,0,0,0,24,0,0,0,0,0,0,0,0,0,0,0,0,0,0,0
"OTU_5939",0,0,0,0,0,10,0,33,18,0,0,0,0,0,0,0,0,0,6,0,0,0,0,0,0,0,0,0,0,0,0,0,0,0,0,0,0,4,0,0
"OTU_5941",0,0,12,0,33,0,0,0,0,0,0,0,10,6,19,0,5,0,0,0,0,0,0,0,0,0,0,0,0,0,0,0,0,8,0,0,0,0,0,0
"OTU_5943",0,0,0,0,0,11,0,0,0,0,0,0,0,0,0,0,0,14,0,0,0,0,12,0,0,0,0,0,0,0,9,0,0,0,0,0,0,0,0,0
"OTU_5945",0,0,5,0,12,0,0,0,0,0,0,0,6,0,0,0,5,0,0,0,0,0,0,0,0,20,6,9,0,0,0,0,0,0,0,11,0,0,0,0
"OTU_5947",0,16,0,0,12,0,0,4,0,0,0,0,9,0,14,0,0,0,0,0,8,0,0,0,0,15,15,0,0,0,0,0,0,0,0,0,0,0,0,0
"OTU_5954",13,0,5,0,0,0,0,0,0,5,0,0,0,0,0,0,0,0,0,6,0,0,0,3,0,9,4,0,0,0,23,12,0,0,0,0,0,0,13,0
"OTU_5955",0,0,0,0,0,0,0,0,21,0,33,0,0,0,0,0,0,0,0,0,0,0,0,0,0,11,0,0,0,0,0,28,0,0,0,0,0,0,0,0
"OTU_5956",56,0,0,0,0,0,0,0,0,0,0,0,0,4,0,0,0,0,0,0,0,0,0,0,0,6,27,0,0,0,0,0,0,0,0,0,0,0,0,0
"OTU_5957",0,9,2,0,0,0,0,0,7,0,0,0,0,0,0,0,0,0,0,0,0,0,0,0,0,0,0,0,0,0,0,0,0,0,4,0,0,0,0,0
"OTU_5960",0,0,0,0,0,0,19,0,0,8,0,0,0,0,0,0,0,0,0,0,0,9,12,0,0,0,0,0,16,0,19,0,0,0,0,0,0,3,0,0
"OTU_5961",0,0,0,0,11,0,3,5,0,0,0,0,0,0,0,0,0,0,0,0,0,0,0,5,0,0,7,0,6,0,44,0,0,0,0,3,0,0,0,0
"OTU_5965",7,0,5,0,0,12,0,0,5,0,0,0,0,0,7,0,0,0,6,0,0,3,0,0,18,7,0,0,0,0,12,0,0,6,0,0,0,0,0,0
"OTU_5971",0,0,0,0,0,20,0,4,6,0,0,0,0,0,0,0,0,0,0,0,0,0,0,0,5,17,40,0,0,0,0,0,0,0,0,0,0,0,0,0
"OTU_5973",0,0,0,0,19,0,0,0,0,0,0,9,0,0,18,0,7,0,0,0,8,0,0,0,0,0,0,0,0,0,0,0,14,17,0,0,0,0,0,0
"OTU_5976",0,0,0,0,0,0,0,6,10,13,7,0,0,0,0,0,0,0,0,0,0,0,0,0,18,0,0,0,0,24,14,0,0,0,0,0,0,0,0,0
"OTU_5979",0,0,0,2,0,0,1,0,0,11,4,2,0,1,2,0,2,0,0,0,2,0,0,18,0,3,0,0,10,1,1,1,1,0,4,0,1,0,1,0
"OTU_5983",2,0,1,0,0,0,0,0,0,0,0,1,0,0,1,0,0,0,0,0,0,0,0,0,0,0,0,0,0,0,0,0,1,1,0,0,2,2,2,0
"OTU_5984",0,0,0,0,0,0,0,0,0,0,0,0,0,0,0,0,6,0,0,0,0,0,0,0,1,0,0,0,4,2,0,0,0,3,0,0,0,3,0,0
"OTU_5990",0,0,0,0,16,0,0,0,0,0,0,0,0,0,6,0,0,0,0,0,0,22,0,0,0,0,0,3,0,0,0,0,0,36,0,0,0,0,0,0
"OTU_5993",0,0,0,0,0,0,0,0,0,0,0,0,0,0,0,0,0,0,15,23,0,0,0,0,0,0,0,0,0,0,0,0,17,4,0,0,0,0,12,0
"OTU_5994",0,0,0,0,0,0,11,0,0,0,0,0,0,0,0,0,0,0,9,0,0,14,0,0,0,0,15,0,0,0,0,0,0,0,0,4,0,0,0,0
"OTU_5995",0,0,0,0,0,0,2,1,0,0,1,3,0,2,1,1,7,4,1,0,2,5,3,0,0,0,0,0,0,0,0,0,3,4,2,1,0,2,0,3
"OTU_5997",0,0,0,0,0,29,0,12,25,0,0,0,0,0,0,0,0,0,0,0,0,0,0,0,0,11,0,0,0,0,14,0,0,0,0,0,0,0,0,0
"OTU_5999",0,0,0,0,0,0,0,0,0,0,0,0,0,0,10,0,13,0,3,5,0,0,20,0,0,0,0,0,0,0,0,0,0,0,15,0,10,0,15,0
"OTU_6002",0,0,0,0,0,18,9,14,13,0,5,0,0,0,0,0,0,0,0,0,0,0,0,0,28,2,0,0,0,0,0,0,0,0,0,0,0,0,0,0
"OTU_6005",0,0,0,0,0,0,4,0,0,0,0,0,0,0,0,0,0,0,0,0,0,2,0,0,0,4,0,0,0,0,81,0,0,0,0,0,0,0,0,0
"OTU_6006",0,0,0,0,0,7,0,30,0,0,0,0,0,0,0,0,0,0,0,0,0,0,0,0,0,10,0,0,0,0,0,0,0,0,14,0,0,25,0,0
"OTU_6016",0,0,0,4,0,0,2,0,0,5,4,0,0,0,1,2,2,2,6,6,10,0,3,3,0,0,0,0,4,1,3,0,3,4,8,2,2,0,2,0
"OTU_6026",0,0,0,0,0,0,0,0,0,0,0,0,9,0,11,0,18,0,0,0,5,3,0,0,0,0,0,0,0,0,0,0,0,45,0,0,0,0,0,0
"OTU_6028",0,11,0,0,28,0,0,0,0,0,0,0,0,0,0,0,0,0,0,0,18,0,0,0,0,0,0,0,16,0,0,0,0,0,0,0,0,0,0,6
"OTU_6030",0,0,0,0,0,0,0,0,0,0,0,0,0,0,0,0,0,0,0,0,0,0,0,0,0,10,0,0,17,20,43,0,0,0,0,0,0,0,0,0
"OTU_6031",6,0,0,0,0,0,16,0,16,0,0,0,0,0,4,0,0,0,0,0,0,0,0,0,0,0,0,7,0,0,24,17,0,0,0,0,0,0,0,0
"OTU_6032",0,0,0,0,19,0,0,0,0,0,0,0,0,0,0,0,0,0,0,0,7,0,0,0,0,0,0,31,33,0,0,0,0,0,0,0,0,0,0,0
"OTU_6034",0,13,0,0,6,0,0,0,0,0,0,8,0,17,17,0,0,0,0,0,0,0,0,0,0,0,0,0,0,0,0,0,0,6,0,20,0,0,0,0
"OTU_6036",0,0,0,0,0,0,0,0,0,0,4,0,0,0,0,0,0,6,0,0,0,0,0,0,0,0,0,0,0,0,0,0,7,0,9,0,0,0,0,0
"OTU_6042",0,2,0,2,0,0,0,0,0,0,2,1,1,0,0,2,0,0,4,15,3,0,1,4,1,0,0,0,4,1,1,0,1,3,20,0,1,1,3,0
"OTU_6044",9,0,0,0,0,0,0,0,0,0,0,0,0,4,0,0,0,0,0,0,0,0,0,0,0,0,0,0,0,0,0,0,2,0,0,0,4,0,0,0
"OTU_6052",0,0,0,0,0,0,0,0,0,0,0,0,0,5,0,0,0,0,17,0,0,0,0,0,5,0,0,0,0,0,0,0,0,0,0,0,9,0,0,17
"OTU_6054",0,0,0,0,0,0,4,0,0,0,0,0,0,0,0,0,0,0,0,0,10,0,34,0,0,0,0,0,0,0,25,0,0,0,0,0,0,0,0,11
"OTU_6056",3,0,0,0,0,4,0,4,0,9,0,0,7,0,0,0,0,0,0,0,0,0,0,0,0,0,0,0,11,0,0,0,0,0,0,0,0,0,0,0
"OTU_6058",0,0,0,0,0,0,0,0,0,0,0,0,0,0,0,3,2,0,0,0,0,0,0,0,0,0,0,0,0,0,0,0,0,0,2,0,13,0,0,0
"OTU_6063",0,0,0,0,11,0,0,0,0,0,0,0,0,0,0,0,9,0,0,0,0,0,0,0,0,0,0,0,0,0,0,0,0,10,0,0,5,19,0,26
"OTU_6065",0,0,0,0,0,0,4,0,0,0,0,0,0,0,0,0,0,0,0,0,0,0,0,7,2,40,18,15,0,4,0,0,0,0,0,0,0,0,0,0
"OTU_6067",0,0,0,0,0,0,0,8,4,0,17,0,0,0,0,0,0,0,0,0,0,0,0,0,6,0,0,0,0,31,0,24,0,0,0,0,0,0,0,0
"OTU_6070",0,0,0,0,0,0,0,0,0,0,0,0,0,0,0,0,0,0,0,0,0,0,0,5,2,0,3,4,1,1,0,2,0,0,0,3,1,0,0,1
"OTU_6071",59,0,0,0,0,9,0,0,0,0,0,0,0,0,0,0,0,0,0,0,0,0,0,0,0,16,6,0,0,0,0,0,0,0,0,0,0,0,0,0
"OTU_6072",5,0,0,0,0,0,1,0,0,0,0,0,0,3,3,3,0,0,0,0,0,0,0,0,0,0,0,0,0,0,0,0,0,0,0,1,0,0,0,0
"OTU_6074",0,0,0,0,0,0,37,9,0,0,0,0,0,0,0,0,0,0,0,0,0,0,0,0,6,0,0,0,0,0,37,0,0,0,0,0,0,0,0,0
"OTU_6078",0,9,7,0,14,0,6,0,0,0,0,0,0,0,4,0,0,0,0,0,0,0,0,0,0,5,0,0,0,0,5,0,5,3,0,6,5,0,0,0
"OTU_6081",0,0,0,0,0,0,5,2,0,0,0,0,0,0,0,0,13,0,0,5,0,5,0,0,0,0,0,0,0,0,0,0,0,0,0,5,0,2,12,0
"OTU_6082",0,13,0,0,11,0,0,7,0,0,0,0,0,0,7,0,0,0,0,0,0,0,0,0,0,2,3,0,0,0,3,0,0,5,0,0,0,8,5,0
"OTU_6083",0,0,0,0,0,0,0,0,0,0,2,3,0,0,0,0,11,0,1,0,3,0,0,5,0,0,0,0,0,19,0,4,0,0,0,0,0,0,0,0
"OTU_6084",0,0,0,0,0,0,0,0,0,0,0,0,0,0,0,0,0,0,10,34,14,0,25,0,0,0,0,0,0,0,0,0,0,0,0,0,6,0,0,0
"OTU_6085",0,0,0,0,0,0,0,0,0,0,0,0,0,0,0,0,0,55,0,11,0,0,0,0,0,0,0,0,0,0,0,0,0,0,19,0,0,4,0,0
"OTU_6088",15,0,0,0,0,0,0,0,0,0,0,0,0,0,0,0,9,0,0,0,0,0,0,0,0,0,0,0,0,0,0,0,0,6,0,0,0,0,7,0
"OTU_6100",0,0,0,0,0,0,0,0,34,18,0,0,0,0,0,0,0,0,0,0,0,0,0,0,0,14,0,0,13,0,10,0,0,0,0,0,0,0,0,0
"OTU_6108",0,0,0,0,0,0,12,6,0,0,3,0,0,0,0,0,0,0,0,0,0,0,0,3,11,9,0,18,7,0,20,0,0,0,0,0,0,0,0,0
"OTU_6113",0,0,0,0,0,0,0,0,0,0,0,0,0,0,0,7,0,0,0,0,6,12,0,0,0,0,0,0,0,0,0,0,0,0,10,0,0,0,0,0
"OTU_6114",0,0,0,0,0,0,18,0,0,0,0,4,3,0,0,0,0,0,2,0,0,0,0,0,0,0,0,0,0,0,4,0,0,0,0,0,4,0,0,0
"OTU_6117",0,0,0,0,0,6,0,13,10,0,0,0,0,0,0,0,0,0,0,0,0,0,0,0,0,0,0,0,0,18,0,0,0,0,0,0,0,0,0,0
"OTU_6120",46,0,0,0,0,0,6,0,0,0,0,0,0,0,0,0,0,0,0,0,0,0,0,0,0,8,14,14,0,0,0,0,0,0,0,0,0,0,0,0
"OTU_6124",8,19,6,0,11,13,0,8,5,0,0,0,0,0,0,0,0,0,0,0,0,0,0,0,0,0,0,0,0,0,0,0,0,0,0,0,0,0,0,0
"OTU_6130",0,0,0,0,0,0,0,15,35,4,24,0,0,0,0,0,0,0,0,0,0,0,0,0,10,0,0,0,0,0,0,0,0,0,0,0,0,0,0,0
"OTU_6133",3,0,0,0,0,0,0,0,0,0,0,0,0,1,0,1,0,0,0,0,0,0,0,0,0,0,4,0,0,0,0,0,1,0,0,2,1,0,0,0
"OTU_6134",0,0,0,0,0,0,0,0,0,0,0,0,0,0,0,0,0,0,0,0,0,0,0,2,0,0,0,1,3,0,0,0,2,0,5,2,3,0,0,0
"OTU_6137",0,11,12,0,0,0,0,0,0,0,0,0,4,0,0,0,0,0,0,0,0,0,0,0,0,0,0,0,0,0,0,0,11,0,0,15,0,0,0,0
"OTU_6143",0,0,0,0,0,0,0,0,0,0,31,0,0,2,0,0,0,0,0,0,0,0,0,0,10,0,0,0,0,19,0,22,0,0,0,4,0,0,0,0
"OTU_6144",0,0,0,0,0,0,0,0,0,7,20,0,0,5,0,1,9,0,0,0,0,0,9,0,13,7,0,0,0,0,0,0,0,2,1,0,0,0,0,0
"OTU_6150",0,0,0,0,0,0,0,0,22,0,0,0,0,0,0,0,0,0,0,0,12,0,4,0,14,0,0,17,0,0,0,4,0,0,0,0,0,0,0,0
"OTU_6151",0,0,0,0,0,11,0,0,0,6,0,0,0,0,6,0,0,0,0,0,0,6,0,0,9,0,0,0,0,0,0,0,0,0,6,0,2,0,0,9
"OTU_6154",0,0,0,0,0,0,0,4,11,13,13,0,0,0,0,0,0,0,0,0,4,0,0,0,18,0,0,0,3,0,10,12,0,0,0,0,0,0,0,0
"OTU_6158",0,0,0,0,0,0,0,10,0,0,13,0,0,0,7,0,0,0,0,0,0,0,0,0,27,0,0,0,0,0,0,31,0,0,0,0,0,0,0,0
"OTU_6163",31,0,0,0,0,0,0,0,32,0,0,0,0,0,0,0,0,0,0,0,0,0,0,0,0,21,0,0,0,0,0,3,0,0,0,0,0,0,0,0
"OTU_6170",0,9,0,0,0,6,0,19,0,0,0,0,0,0,0,0,0,0,0,0,0,0,5,0,3,20,0,4,5,0,16,0,0,0,0,0,0,0,0,0
"OTU_6175",11,29,0,0,0,0,0,0,0,0,0,0,0,0,0,0,0,0,0,0,0,0,0,0,19,18,6,0,0,0,0,0,0,0,0,0,0,4,0,0
"OTU_6176",11,0,0,0,0,0,5,0,0,0,0,0,0,0,0,0,0,0,0,0,0,0,0,0,0,0,0,0,0,0,4,0,0,7,0,0,0,0,0,0
"OTU_6184",0,0,0,0,0,16,0,9,31,0,8,0,0,0,0,0,0,0,0,0,4,0,0,0,8,11,0,0,0,0,0,0,0,0,0,0,0,0,0,0
"OTU_6185",0,0,0,0,5,3,3,0,15,5,0,0,0,0,0,0,0,0,0,0,0,0,0,9,0,0,0,7,27,9,4,0,0,0,0,0,0,0,0,0
"OTU_6190",0,12,0,0,0,0,0,0,0,0,0,0,3,0,0,0,2,0,0,0,0,0,0,0,0,4,0,0,0,0,9,4,0,0,12,0,0,0,0,0
"OTU_6191",0,0,4,0,13,0,0,0,0,0,0,2,0,0,0,0,0,0,0,0,0,8,0,0,0,0,0,0,7,0,0,0,7,13,0,7,0,5,0,0
"OTU_6192",0,0,0,3,0,0,0,0,0,0,0,0,0,0,0,0,0,6,0,0,0,0,0,0,0,0,0,0,0,0,0,0,0,0,0,0,0,12,0,11
"OTU_6195",0,0,0,0,0,0,0,8,0,0,0,0,0,18,18,0,0,0,0,0,0,0,0,0,0,0,0,0,0,0,0,0,0,0,0,27,0,0,0,0
"OTU_6197",0,0,0,0,0,0,0,9,0,10,0,0,0,0,0,0,0,0,0,0,0,0,0,0,12,11,12,0,0,10,8,15,0,0,0,0,0,0,0,0
"OTU_6200",0,0,0,0,0,0,11,0,0,0,0,0,0,0,0,0,0,0,0,0,0,0,17,0,0,0,0,0,0,0,11,0,13,0,26,0,0,9,0,0
"OTU_6204",10,0,0,0,0,0,0,0,0,0,0,0,0,0,0,0,7,0,0,0,0,0,0,0,0,14,16,0,0,0,0,0,0,0,0,4,0,0,6,0
"OTU_6209",0,0,0,0,0,0,0,11,0,0,0,0,0,24,8,0,0,0,0,0,0,0,0,0,0,0,0,0,0,0,11,0,0,0,0,32,0,0,0,0
"OTU_6223",32,0,0,0,10,0,3,0,0,0,0,0,0,0,0,0,0,0,0,0,0,0,0,0,0,14,0,17,0,0,0,0,0,0,0,0,0,0,0,5
"OTU_6224",0,0,0,0,0,0,11,0,10,0,0,0,5,0,0,0,0,0,7,0,9,0,0,0,0,0,0,0,0,10,14,0,7,6,0,0,0,0,0,0
"OTU_6225",14,0,0,0,0,0,0,0,37,0,0,0,0,0,0,0,0,0,0,0,0,0,0,0,9,6,20,0,0,0,0,0,0,0,0,0,0,0,0,0
"OTU_6227",0,0,0,0,0,0,0,6,3,0,3,0,0,0,0,0,4,0,0,0,0,0,0,0,0,0,4,0,0,0,9,0,0,8,0,0,0,6,7,0
"OTU_6228",0,0,12,0,0,12,0,16,19,0,0,0,0,13,0,0,0,6,0,0,0,0,0,0,0,0,0,0,0,0,0,0,0,0,0,0,0,0,0,0
"OTU_6236",0,0,0,0,13,0,0,0,0,0,0,0,0,0,0,0,0,0,0,0,0,12,17,0,0,0,0,0,0,0,0,0,0,0,0,0,0,9,0,10
"OTU_6239",0,16,0,0,16,0,0,0,0,0,0,0,7,0,0,0,0,0,0,0,0,0,0,0,0,0,0,27,0,0,0,0,0,0,0,0,0,0,0,0
"OTU_6242",0,0,0,0,0,15,0,9,52,0,0,0,0,0,0,0,0,0,0,0,0,0,0,0,0,0,0,0,5,0,0,0,0,0,0,0,0,0,0,0
"OTU_6244",41,5,4,0,0,27,0,0,0,0,0,0,0,0,0,0,0,0,0,0,0,0,0,0,0,0,3,0,0,0,0,0,0,0,0,0,0,0,0,0
"OTU_6246",16,0,0,0,0,0,0,15,41,0,0,0,0,0,0,0,0,0,0,0,0,0,0,0,0,14,0,0,0,0,0,0,0,0,0,0,0,0,0,0
"OTU_6247",12,3,0,0,0,8,0,0,0,0,0,0,0,0,0,0,0,13,0,0,3,0,0,0,0,0,8,0,0,0,0,0,0,0,0,7,0,22,0,0
"OTU_6250",0,0,0,0,0,0,0,3,0,0,0,7,5,0,0,0,0,0,0,0,0,0,0,0,0,0,0,0,0,0,0,0,0,6,0,0,0,4,0,0
"OTU_6251",0,7,0,0,0,0,33,0,0,0,5,0,0,0,0,0,0,9,0,0,1,0,0,0,0,4,0,0,0,0,17,0,0,10,0,0,0,0,0,0
"OTU_6255",0,0,0,0,0,0,10,0,0,0,0,0,0,0,0,0,0,5,4,0,0,0,0,0,0,8,4,0,0,0,9,0,0,0,0,6,11,0,0,5
"OTU_6257",0,0,0,0,2,0,0,0,0,0,0,0,0,0,0,0,0,14,0,6,0,0,0,0,0,0,0,0,0,0,0,0,0,0,3,0,0,0,0,5
"OTU_6263",0,0,0,0,0,0,0,0,8,0,8,0,0,0,0,0,0,0,0,0,0,0,0,0,44,0,0,0,0,0,0,25,0,0,0,0,0,0,0,0
"OTU_6265",0,0,0,0,8,0,0,0,0,0,0,0,0,0,0,0,0,5,0,0,0,0,0,0,0,0,0,0,0,0,0,0,0,0,3,0,0,6,0,1
"OTU_6269",0,0,0,0,0,0,0,6,12,0,0,0,0,7,0,0,0,0,0,0,0,0,2,0,0,3,0,0,0,18,7,0,0,0,0,0,0,0,0,0
"OTU_6275",0,14,0,0,0,0,0,0,0,0,0,0,0,13,0,0,0,0,0,0,0,0,0,0,8,0,0,0,4,0,0,0,0,0,0,0,0,0,0,0
"OTU_6276",0,10,8,5,0,0,0,0,0,0,0,0,0,0,0,5,0,0,0,0,0,0,0,0,5,0,0,0,10,0,6,0,0,0,0,0,0,2,0,0
"OTU_6280",0,23,0,0,0,0,0,0,0,0,0,0,0,6,6,0,0,0,0,0,0,0,0,0,0,11,0,23,0,0,0,0,0,0,0,0,0,0,0,0
"OTU_6286",0,0,0,0,0,0,0,0,0,0,0,1,0,0,0,2,0,1,0,0,0,1,0,0,0,0,0,0,0,0,1,0,0,0,0,1,0,1,3,0
"OTU_6294",0,0,0,0,0,0,2,0,0,0,0,0,0,1,0,0,2,0,1,1,2,0,0,0,0,0,0,0,0,0,0,0,1,3,0,0,0,0,0,0
"OTU_6297",0,0,0,0,10,0,0,0,0,0,0,0,0,0,0,8,0,0,0,0,0,0,0,0,0,0,0,0,0,0,0,0,4,0,0,0,0,0,0,12
"OTU_6299",0,0,0,0,0,0,0,0,0,0,0,0,0,0,0,0,0,6,0,24,0,3,0,0,0,0,0,0,0,0,0,0,0,0,0,0,0,2,4,0
"OTU_6308",0,0,0,0,0,0,0,4,0,0,0,0,0,0,0,0,0,0,0,0,0,0,0,0,0,0,0,0,0,0,0,0,1,1,0,4,0,0,0,4
"OTU_6310",21,45,0,0,0,5,0,7,0,0,0,0,0,0,0,0,0,0,0,0,0,0,0,0,0,7,0,0,0,0,0,0,0,0,0,0,0,0,0,0
"OTU_6321",0,0,7,0,0,0,0,36,0,0,0,0,0,0,0,0,0,0,0,0,0,0,0,0,0,0,0,0,24,0,0,0,12,0,0,5,0,0,0,0
"OTU_6328",0,0,23,0,15,0,0,0,0,0,0,0,0,0,0,0,0,0,0,0,0,0,0,0,0,0,0,0,2,0,0,0,0,0,0,0,0,0,2,0
"OTU_6330",0,0,0,0,0,0,0,0,0,0,0,0,19,0,0,0,0,0,5,0,0,0,0,0,0,0,0,0,0,0,0,0,10,9,6,0,0,0,0,25
"OTU_6333",0,0,0,0,0,0,0,0,0,0,0,0,0,6,28,0,0,0,0,0,0,6,0,0,0,0,0,0,0,0,0,0,0,0,0,21,0,7,0,0
"OTU_6338",17,0,0,0,0,24,0,9,0,0,0,0,0,0,0,0,0,0,0,0,0,0,0,0,0,0,0,0,0,0,0,0,0,0,0,0,0,0,0,34
"OTU_6339",11,0,12,0,0,0,0,0,0,0,0,0,0,0,0,0,0,0,0,0,0,0,0,0,0,9,0,0,0,0,0,0,0,0,0,8,0,0,0,0
"OTU_6344",0,0,4,0,0,0,53,0,0,0,0,0,0,0,0,0,0,0,0,0,0,0,0,0,0,0,0,0,0,0,5,0,5,0,0,0,0,0,0,0
"OTU_6351",0,0,0,0,0,0,0,0,0,0,18,0,0,0,0,0,0,0,0,0,0,0,0,0,28,0,0,0,0,25,0,13,0,0,0,0,0,0,0,0
"OTU_6361",22,0,0,7,0,0,0,7,0,0,7,0,0,0,0,0,0,0,0,0,0,0,0,0,0,0,41,0,0,0,0,0,0,0,0,0,0,0,0,0
"OTU_6366",0,0,0,0,0,0,0,0,0,0,0,0,0,0,0,0,0,0,0,0,0,0,7,0,0,0,0,0,0,0,0,0,0,6,0,0,22,0,0,12
"OTU_6368",0,0,0,4,0,0,8,0,0,0,0,0,0,0,0,0,0,0,0,0,15,0,17,0,0,0,0,0,0,0,23,0,0,16,0,0,0,0,0,0
"OTU_6371",0,0,0,0,0,0,0,0,0,0,0,0,0,0,0,3,0,0,0,0,0,0,0,0,6,0,28,0,0,0,4,0,10,0,0,6,0,0,0,0
"OTU_6372",0,0,0,0,0,0,0,0,0,0,0,7,0,0,0,3,4,0,0,0,0,0,0,0,0,0,0,0,0,0,0,0,0,0,12,0,0,12,0,0
"OTU_6374",0,0,0,0,0,0,0,31,25,17,3,0,7,0,0,0,0,0,0,0,0,0,0,0,0,0,0,0,0,0,0,0,0,0,0,0,0,0,0,0
"OTU_6375",0,0,0,7,0,0,0,0,0,0,0,0,5,0,7,0,0,0,9,0,7,0,0,0,0,0,0,0,0,0,0,0,0,0,0,0,0,0,0,0
"OTU_6377",13,0,0,0,0,0,0,0,6,0,0,0,12,0,0,0,0,0,0,0,0,0,0,0,0,47,0,0,0,5,0,0,0,0,0,0,0,0,0,0
"OTU_6380",8,0,0,0,12,0,0,0,8,0,0,0,0,21,0,0,0,0,0,0,0,0,0,0,0,0,8,0,15,0,0,11,0,0,0,0,0,0,0,0
"OTU_6381",0,0,0,0,0,0,0,0,0,20,0,0,0,0,0,0,0,0,0,5,0,0,0,0,50,0,0,0,0,0,0,8,0,0,0,0,0,0,0,0
"OTU_6385",1,1,14,0,26,0,0,4,0,0,0,0,0,0,0,0,0,0,0,0,0,0,0,0,0,0,0,0,0,0,0,0,0,0,0,0,0,7,0,0
"OTU_6387",0,0,0,0,0,0,0,0,0,0,0,0,0,2,0,0,7,0,0,0,0,0,0,0,0,0,0,0,0,0,7,0,9,6,0,0,8,4,6,2
"OTU_6389",0,0,0,0,0,14,0,0,21,0,7,0,0,0,0,0,0,0,0,0,0,11,0,0,0,0,0,0,5,0,0,0,0,0,0,0,0,0,0,8
"OTU_6392",0,0,0,0,0,0,0,0,0,0,0,0,0,0,0,0,0,0,0,4,0,0,7,0,4,0,0,0,0,0,0,0,0,0,0,2,0,0,0,0
"OTU_6393",0,0,0,0,0,0,0,0,0,0,0,0,0,0,0,0,0,0,0,0,6,0,0,0,0,0,0,5,0,0,12,0,0,0,0,0,0,0,9,16
"OTU_6395",0,0,0,36,0,0,15,0,0,0,0,0,0,0,0,0,0,0,0,0,0,0,0,0,0,0,0,17,15,0,0,0,0,0,0,0,0,0,0,0
"OTU_6396",0,0,0,0,7,0,0,8,32,0,0,4,0,0,0,0,0,0,0,0,0,0,0,0,0,0,5,7,0,0,0,0,0,0,0,0,0,0,0,0
"OTU_6397",0,0,0,0,0,0,0,0,0,0,0,10,0,10,7,3,0,0,0,0,0,0,0,0,0,0,0,0,0,0,0,0,0,0,0,8,3,0,0,0
"OTU_6399",13,0,0,0,6,0,14,8,11,0,0,0,0,0,0,0,0,0,0,0,0,0,0,0,0,0,0,5,0,13,13,0,0,0,0,0,0,0,0,0
"OTU_6402",0,0,0,2,0,0,1,0,0,0,0,0,0,1,0,4,1,3,4,16,4,0,2,2,0,0,0,0,1,0,0,0,1,0,4,0,4,0,4,0
"OTU_6407",0,0,0,0,0,0,0,14,0,0,0,0,0,0,0,0,0,0,0,0,0,0,6,0,3,6,0,0,15,0,5,0,0,0,0,0,0,21,0,0
"OTU_6408",4,3,0,0,0,5,5,0,0,0,0,0,0,0,0,0,0,0,0,0,0,0,0,10,0,0,22,0,0,0,0,0,0,0,0,10,0,0,0,0
"OTU_6414",0,0,0,0,0,0,0,0,0,0,0,0,0,0,0,0,0,0,0,0,0,0,14,0,0,0,0,0,0,0,0,0,11,0,0,0,0,29,16,12
"OTU_6419",0,0,0,0,0,0,0,0,0,0,0,3,0,0,0,1,2,0,0,0,0,0,0,0,0,0,0,0,0,0,0,0,0,0,1,1,7,0,2,0
"OTU_6420",0,0,0,0,0,0,0,0,0,0,0,0,0,0,0,1,0,0,0,0,5,0,5,0,0,0,0,0,0,0,0,0,0,0,0,0,2,0,0,7
"OTU_6421",0,0,9,0,0,32,0,0,7,0,0,0,0,0,0,0,0,0,0,0,0,0,0,0,0,0,4,6,0,0,0,0,0,0,0,6,0,0,0,0
"OTU_6422",0,0,0,0,0,0,0,0,17,0,0,0,0,0,0,0,0,0,0,0,0,0,0,0,41,11,0,0,0,0,0,13,0,0,0,0,0,0,0,0
"OTU_6423",42,0,0,0,23,0,0,15,0,0,0,0,0,0,0,0,0,0,0,0,0,0,0,0,0,0,0,0,0,0,0,0,2,0,0,0,0,0,0,0
"OTU_6427",0,0,0,0,0,0,0,0,0,0,0,30,0,0,0,0,1,0,0,0,0,9,0,0,0,0,0,0,0,0,0,0,14,0,0,0,0,22,0,0
"OTU_6433",0,0,7,0,11,0,26,0,0,0,0,0,0,0,0,0,0,0,0,0,0,0,0,7,0,0,0,17,9,5,0,0,0,0,0,0,0,0,0,0
"OTU_6436",0,0,13,0,5,10,6,5,0,0,0,3,0,0,0,0,0,0,0,0,0,0,0,0,0,0,0,0,0,0,6,0,0,0,0,9,0,3,0,4
"OTU_6438",0,0,0,0,0,0,0,3,5,0,0,16,9,0,0,0,0,0,0,0,0,0,0,0,0,0,0,0,0,0,0,0,0,7,0,0,0,0,0,0
"OTU_6443",0,5,0,0,0,0,0,5,12,0,47,0,0,0,0,0,0,0,0,0,0,0,0,0,7,0,0,0,0,0,3,3,0,0,0,0,0,0,0,0
"OTU_6446",0,0,0,0,0,0,0,0,0,0,0,0,0,0,0,0,0,6,0,0,0,0,0,0,0,0,0,0,0,0,0,0,5,0,0,0,0,6,0,19
"OTU_6447",0,0,0,0,0,0,34,7,0,0,0,0,0,0,0,0,0,0,0,0,0,0,0,0,0,5,5,0,0,0,26,0,0,0,0,0,0,0,0,0
"OTU_6449",3,0,0,0,0,0,2,0,0,0,0,0,0,0,0,0,0,3,3,0,0,0,0,0,0,0,0,0,0,0,5,0,0,0,0,0,0,0,0,6
"OTU_6457",0,0,0,0,2,0,0,0,0,0,0,0,0,0,0,2,0,0,0,0,0,0,3,0,0,0,0,7,0,0,0,0,3,7,4,0,0,0,0,8
"OTU_6460",0,0,7,0,0,0,0,9,0,3,0,0,0,0,0,0,0,0,0,0,0,0,0,0,0,3,3,0,0,0,0,49,8,0,0,0,0,0,0,0
"OTU_6462",0,0,0,0,0,4,0,0,0,0,0,0,0,0,0,0,0,0,15,0,0,0,15,0,13,0,0,0,0,0,0,6,0,0,0,0,0,0,0,8
"OTU_6464",9,0,0,0,0,0,0,0,0,0,0,0,12,0,0,0,0,0,0,0,9,0,0,0,0,17,7,0,0,0,8,0,0,0,0,0,0,0,0,0
"OTU_6467",0,0,7,0,0,0,14,0,0,0,0,0,0,0,7,0,0,0,0,0,0,0,15,0,0,0,0,9,0,0,5,0,0,10,0,9,0,0,0,0
"OTU_6471",0,0,0,0,0,31,0,0,0,10,0,0,0,0,0,3,0,0,0,0,0,0,0,0,8,7,0,0,14,0,0,0,0,0,0,0,0,0,0,0
"OTU_6480",0,0,0,0,0,0,0,0,0,0,0,0,0,0,0,0,18,0,19,0,16,0,0,0,0,0,0,0,0,0,0,0,0,28,0,0,0,0,0,0
"OTU_6481",0,0,0,0,0,0,0,0,0,0,0,0,0,5,0,0,0,0,0,0,0,7,0,0,0,0,0,0,0,0,0,0,3,0,12,0,10,0,0,0
"OTU_6482",0,0,21,0,0,0,8,17,0,0,0,0,0,0,0,0,0,0,0,0,0,0,0,0,0,20,0,8,0,0,0,0,0,0,0,0,0,0,0,0
"OTU_6489",0,0,0,6,0,0,0,0,0,12,10,0,0,0,0,0,0,0,12,4,4,0,0,6,0,0,0,0,12,3,0,1,0,0,10,0,0,0,0,0
"OTU_6492",24,8,0,0,0,0,3,0,0,0,0,0,0,0,0,0,0,0,0,0,0,0,0,0,0,0,19,0,0,0,0,0,0,0,0,0,0,0,9,0
"OTU_6493",0,0,9,0,9,0,0,0,0,0,0,9,16,0,0,0,0,0,0,0,0,0,0,0,0,0,0,0,0,0,0,0,0,0,0,0,4,0,0,0
"OTU_6496",7,0,0,0,0,0,0,26,22,0,0,0,0,0,0,0,0,0,0,0,0,0,0,0,0,0,0,0,0,0,26,0,0,0,0,0,0,0,0,0
"OTU_6508",0,0,0,0,0,11,0,0,0,0,0,0,0,0,0,0,10,0,0,0,0,0,0,7,15,0,0,8,14,0,16,0,0,0,0,0,0,0,0,0
"OTU_6509",0,0,0,0,0,0,0,0,0,0,0,9,0,0,0,0,8,0,0,0,0,0,0,0,0,0,0,0,0,0,0,0,0,0,6,0,3,0,0,0
"OTU_6513",0,0,0,0,0,0,0,0,0,0,0,0,8,6,0,0,0,0,0,0,6,5,16,0,0,0,0,0,1,0,0,0,0,6,9,0,0,0,0,12
"OTU_6516",0,0,0,0,0,0,0,0,0,0,0,0,10,0,17,7,0,0,4,0,7,6,0,0,0,0,0,0,0,0,0,0,0,11,7,0,0,0,0,0
"OTU_6517",0,0,0,0,0,0,30,0,0,0,0,0,0,0,0,0,0,3,0,0,0,0,14,0,0,0,0,0,0,0,16,0,0,0,0,0,0,0,0,0
"OTU_6525",0,0,0,0,0,0,0,0,0,0,0,0,4,0,0,0,0,0,0,0,0,0,2,0,0,0,0,0,0,0,0,0,0,3,0,0,0,0,0,4
"OTU_6531",12,8,0,0,0,0,0,16,9,0,0,0,0,0,0,0,0,0,0,0,0,0,0,0,0,0,0,0,0,0,0,0,0,0,0,0,0,0,0,0
"OTU_6532",0,0,2,0,0,0,0,0,0,0,0,0,0,0,2,0,0,4,0,0,0,0,2,0,0,0,0,0,0,0,0,0,0,0,0,0,0,0,0,0
"OTU_6535",0,0,0,0,0,0,0,0,0,0,0,0,0,0,0,0,9,0,0,0,6,0,0,0,0,0,0,0,0,0,6,0,0,0,0,0,0,0,0,7
"OTU_6537",0,0,36,0,23,0,0,0,0,0,0,0,0,0,0,0,0,0,0,0,0,0,0,0,0,0,0,9,0,0,0,0,0,0,0,4,0,0,0,0
"OTU_6538",0,0,0,0,0,0,0,0,0,7,0,0,7,5,0,11,0,0,5,0,0,18,0,0,3,0,0,0,0,0,0,0,0,7,0,0,0,0,0,0
"OTU_6545",0,19,12,0,24,0,0,0,0,0,0,0,9,0,0,0,0,0,0,0,0,0,0,0,0,0,0,8,0,0,0,0,0,8,0,0,0,0,0,0
"OTU_6554",0,0,0,0,0,0,0,4,0,9,0,0,0,0,0,0,0,0,16,8,17,0,0,0,0,0,0,0,4,0,0,22,0,0,0,0,0,0,0,0
"OTU_6556",0,0,0,0,0,13,0,0,5,0,0,0,4,2,0,5,0,0,0,0,0,0,0,0,0,7,0,0,0,2,0,0,0,0,0,5,0,0,0,0
"OTU_6560",0,0,0,0,0,2,0,3,0,0,0,9,0,7,10,0,0,0,0,0,0,4,9,0,0,0,0,0,1,0,0,0,2,0,0,0,0,18,0,8
"OTU_6563",0,0,0,0,7,0,11,0,7,0,0,0,0,0,0,0,0,0,3,0,0,0,0,0,10,0,3,0,0,0,27,11,0,0,0,0,0,0,0,0
"OTU_6568",0,0,0,0,12,0,0,0,0,17,0,0,0,0,0,0,0,0,0,0,0,0,0,0,22,0,0,0,0,21,0,7,0,0,0,0,0,0,0,0
"OTU_6569",2,0,0,0,8,0,0,0,0,0,0,0,27,0,0,0,29,0,0,0,12,1,0,0,0,0,0,0,0,0,0,0,0,0,0,0,0,0,0,0
"OTU_6570",0,0,0,0,0,0,0,0,8,0,0,0,0,0,0,0,0,0,0,0,0,0,0,0,38,0,0,0,0,0,0,0,8,0,5,0,0,0,0,0
"OTU_6573",1,0,0,0,0,0,0,1,0,3,0,1,0,0,0,0,2,0,5,0,0,0,0,0,1,0,0,0,0,0,0,0,0,0,0,0,2,0,0,0
"OTU_6581",0,0,0,0,0,0,4,0,0,0,6,0,0,0,0,0,0,0,0,0,0,0,0,0,7,29,0,0,5,0,0,28,0,0,0,0,0,0,0,0
"OTU_6589",0,0,0,0,9,0,0,0,0,0,0,6,0,2,4,0,0,0,0,0,0,0,0,0,0,0,0,0,0,0,0,0,0,10,0,15,0,0,5,0
"OTU_6592",0,0,0,0,24,0,0,0,0,0,0,13,0,0,0,0,35,0,0,0,0,0,0,0,0,0,0,0,0,0,0,0,0,0,0,0,0,0,7,0
"OTU_6593",0,48,0,0,7,0,0,0,0,0,0,0,0,0,0,0,0,0,0,0,0,0,0,0,0,13,4,0,0,0,7,0,0,0,0,0,0,0,0,0
"OTU_6599",0,0,0,0,3,0,0,1,1,0,0,0,0,0,0,0,0,0,0,0,0,0,0,0,10,0,51,0,0,3,1,0,0,0,0,0,0,0,0,0
"OTU_6602",7,0,0,0,0,0,0,0,0,0,0,0,0,0,0,0,0,0,15,0,0,0,0,0,7,8,0,0,0,0,0,0,0,0,0,0,0,0,0,0
"OTU_6608",9,0,0,0,0,16,0,0,0,0,0,0,0,0,0,0,0,0,0,0,0,0,0,0,18,0,35,0,0,0,0,0,0,0,0,0,0,0,0,0
"OTU_6609",0,0,19,0,0,0,0,0,0,0,0,0,0,0,6,0,8,0,0,0,6,0,0,0,0,0,0,0,0,0,0,0,0,0,0,0,0,0,14,0
"OTU_6613",0,0,6,0,0,0,0,13,17,0,0,0,0,0,0,0,0,0,0,0,0,0,4,3,0,7,0,20,0,0,0,0,0,0,0,0,0,0,0,0
"OTU_6614",0,0,0,0,0,0,2,0,0,0,0,0,0,0,0,0,0,0,3,0,2,0,0,0,0,0,0,0,0,0,0,0,3,3,1,1,3,0,0,0
"OTU_6617",0,0,0,0,0,0,0,0,0,0,0,0,0,0,0,0,0,0,0,0,0,0,22,0,0,0,0,0,0,0,0,0,0,10,0,0,1,0,8,0
"OTU_6618",0,0,0,0,0,8,0,0,0,0,0,0,0,0,0,0,0,2,0,0,0,0,0,0,15,0,0,0,0,0,0,0,0,0,0,53,0,0,0,0
"OTU_6619",0,0,0,0,0,0,4,11,0,0,0,0,6,0,0,0,0,0,14,0,0,0,10,0,17,0,0,0,8,0,4,0,0,4,0,0,0,0,0,0
"OTU_6624",24,0,0,0,0,6,11,0,0,0,0,0,0,0,0,0,0,0,0,0,9,0,8,0,0,10,0,0,0,0,0,0,5,3,0,0,0,0,0,0
"OTU_6626",0,0,0,0,0,16,0,0,0,0,0,8,0,0,0,0,0,0,0,0,0,6,0,0,0,0,10,0,0,0,0,0,0,0,0,0,0,0,0,0
"OTU_6628",0,0,15,0,0,0,0,0,0,0,0,0,11,0,0,0,3,2,22,10,0,0,2,0,0,0,0,0,0,0,0,0,0,0,0,0,0,2,10,0
"OTU_6629",0,0,0,0,0,0,0,0,0,0,0,13,0,0,0,0,22,0,0,0,0,0,21,0,0,0,0,0,0,0,5,0,0,0,0,0,7,0,0,0
"OTU_6631",0,4,0,0,0,0,1,0,0,0,0,7,0,0,8,0,0,2,0,0,8,0,0,0,0,0,0,0,0,0,4,0,1,0,0,0,5,0,0,0
"OTU_6632",0,16,9,0,19,0,17,0,0,0,0,0,0,5,0,0,0,0,0,0,0,0,0,0,0,6,2,0,0,0,0,0,0,0,0,0,0,0,0,0
"OTU_6634",15,32,0,0,0,0,0,0,0,0,0,0,0,0,0,0,0,0,6,0,0,3,0,0,0,5,0,9,0,0,0,0,0,0,0,5,0,0,0,0
"OTU_6638",0,0,0,0,0,0,0,4,0,0,0,0,0,0,0,7,3,14,0,6,0,0,0,0,0,0,0,0,0,0,0,0,0,10,2,0,0,0,0,11
"OTU_6639",16,5,0,0,5,10,0,0,0,0,0,0,0,0,0,0,0,0,5,0,0,0,0,0,0,0,3,0,0,0,0,0,4,0,0,6,0,10,0,0
"OTU_6642",0,0,0,0,0,0,0,0,0,0,0,0,0,0,0,0,10,0,0,0,0,0,0,0,0,0,0,0,0,0,0,0,0,10,0,0,0,12,0,19
"OTU_6643",0,0,10,0,10,0,0,0,0,0,0,0,5,0,0,0,10,0,0,0,0,7,0,0,0,0,0,0,0,0,0,0,8,10,0,6,0,0,0,0
"OTU_6645",0,0,0,0,0,8,3,0,0,6,9,0,0,3,0,0,0,0,0,0,0,0,0,0,2,0,0,0,0,0,0,0,0,0,0,0,0,0,0,0
"OTU_6646",0,0,0,0,0,0,0,0,4,0,0,0,0,0,0,0,0,0,0,0,0,0,0,0,8,3,0,0,0,0,6,36,0,0,0,0,0,0,0,0
"OTU_6647",0,0,0,0,0,7,5,8,0,12,18,0,0,0,0,0,0,0,0,0,0,0,0,0,28,0,0,0,0,0,0,0,0,0,0,0,0,0,0,0
"OTU_6648",0,0,0,0,0,42,0,0,0,0,0,0,0,18,11,0,0,0,0,0,0,0,0,0,0,0,0,0,2,0,0,0,0,0,0,0,0,0,0,0
"OTU_6656",0,0,0,0,0,0,0,0,0,0,0,0,0,0,0,0,25,0,0,0,0,0,0,0,0,0,0,0,0,0,0,0,0,6,0,0,0,7,0,24
"OTU_6659",0,0,0,0,0,0,0,0,4,21,31,0,0,0,0,0,0,0,0,0,0,0,0,0,8,0,0,0,0,0,6,7,0,0,0,0,0,0,0,0
"OTU_6660",5,0,15,0,0,0,0,0,0,0,0,0,0,0,4,0,0,0,0,0,0,0,0,0,0,0,0,0,0,0,0,0,0,2,0,0,0,0,0,0
"OTU_6664",0,0,6,0,0,0,0,0,0,0,0,0,0,1,0,0,0,0,0,0,8,0,0,0,0,0,0,2,0,0,4,0,0,0,0,1,2,5,4,0
"OTU_6665",0,0,0,0,0,0,0,0,0,0,0,0,0,0,0,0,8,11,0,0,0,0,0,0,0,0,0,0,0,0,0,0,0,0,0,0,0,18,0,11
"OTU_6677",0,0,0,0,0,0,0,0,0,0,0,32,0,26,9,0,10,0,0,0,0,0,0,0,0,0,0,0,0,0,0,0,0,0,0,0,0,0,0,0
"OTU_6681",8,0,8,0,0,0,0,0,0,0,0,0,0,2,0,0,0,0,0,0,0,0,0,0,0,14,16,0,22,0,0,0,0,0,0,0,0,0,0,0
"OTU_6683",0,0,0,0,0,0,0,0,0,0,0,0,0,0,0,0,0,4,0,0,0,0,14,0,0,0,0,0,0,0,0,0,6,15,17,0,0,0,0,0
"OTU_6684",0,0,0,9,0,0,0,0,14,2,31,0,0,0,0,0,0,0,0,0,0,0,0,0,21,0,0,0,0,0,0,0,0,0,0,0,0,0,0,0
"OTU_6685",0,0,0,0,7,0,0,0,0,0,0,0,0,0,13,0,0,0,0,0,0,0,0,0,0,0,0,0,0,0,23,0,17,0,0,0,0,0,4,0
"OTU_6689",0,14,22,0,0,0,0,0,0,0,0,0,0,0,0,0,0,0,2,0,4,0,0,0,0,0,0,0,0,0,0,0,0,6,0,0,0,0,0,0
"OTU_6693",19,0,0,0,0,10,0,0,7,0,14,0,0,0,0,0,0,0,0,0,0,0,0,0,0,27,0,0,0,0,0,0,0,0,0,0,0,0,0,0
"OTU_6695",0,0,0,0,0,0,0,0,27,0,9,0,0,0,0,0,0,0,0,0,0,0,0,0,0,0,0,0,0,12,0,29,0,0,0,0,0,0,0,0
"OTU_6709",0,0,0,0,0,8,5,0,0,0,0,0,0,0,0,0,0,0,0,0,0,0,0,0,19,0,44,0,0,0,0,0,0,0,0,0,0,0,0,0
"OTU_6717",0,0,0,0,8,0,0,0,0,0,0,0,0,4,0,0,8,0,0,0,5,0,0,0,0,14,0,0,11,15,11,0,0,0,0,0,0,0,0,0
"OTU_6720",0,3,8,0,0,0,0,0,0,0,0,0,0,0,0,0,0,0,0,0,0,0,0,0,0,0,0,0,2,0,0,0,0,0,0,0,0,9,0,0
"OTU_6722",0,18,0,0,6,0,0,0,0,0,0,0,0,0,0,0,0,0,0,0,0,0,0,3,23,0,5,0,0,0,21,0,0,0,0,0,0,0,0,0
"OTU_6723",0,0,0,0,0,0,0,0,0,0,0,9,0,0,0,0,6,0,0,0,0,0,0,0,0,0,0,0,0,0,0,0,0,0,0,0,0,5,0,11
"OTU_6724",0,0,0,0,0,0,0,0,0,0,0,0,0,0,0,0,13,0,0,0,0,0,0,0,0,0,0,0,0,0,0,0,3,15,0,6,0,0,0,0
"OTU_6738",0,0,0,0,0,0,0,0,0,0,0,0,5,0,0,0,0,0,0,2,0,0,8,0,0,0,0,0,0,0,0,0,0,0,4,0,0,22,0,0
"OTU_6739",0,0,1,0,0,1,1,0,0,0,0,2,0,0,1,1,0,3,0,0,0,2,3,0,0,0,0,0,0,0,2,0,0,2,0,0,1,0,0,6
"OTU_6744",0,0,0,0,0,0,0,0,0,0,0,0,0,0,0,0,0,0,0,0,0,5,22,0,0,0,0,4,0,0,0,0,0,12,0,0,0,18,8,0
"OTU_6747",0,0,0,0,4,0,0,8,0,0,0,0,0,0,0,0,0,0,0,0,0,0,0,0,0,0,0,0,0,0,62,0,0,0,0,0,0,2,0,0
"OTU_6749",0,0,0,0,0,0,0,0,0,0,0,0,0,0,13,0,0,0,0,0,0,15,29,0,0,0,0,0,0,0,0,0,0,11,0,8,0,0,0,0
"OTU_6758",0,0,9,0,3,0,0,0,0,0,0,0,0,0,0,0,0,0,0,0,2,0,0,0,0,0,6,0,5,0,0,0,0,0,0,0,0,0,0,0
"OTU_6764",22,0,0,0,0,0,0,0,0,0,0,0,0,0,0,0,0,0,0,0,0,0,0,0,11,9,33,0,0,0,0,0,0,0,0,0,0,0,0,0
"OTU_6770",0,7,0,0,8,0,0,12,7,5,0,0,0,0,0,0,0,0,0,0,0,0,0,0,0,0,0,0,0,23,13,0,0,0,0,0,0,0,0,0
"OTU_6774",0,0,0,0,0,8,0,0,0,11,13,0,0,0,0,0,0,0,0,0,10,0,16,0,17,0,0,0,0,0,0,0,0,0,0,0,0,0,0,0
"OTU_6782",0,0,0,0,0,0,21,0,8,0,0,0,0,0,0,0,0,0,9,0,0,0,4,0,0,0,0,0,0,0,15,0,0,0,9,0,0,0,0,9
"OTU_6784",0,4,0,0,0,0,0,0,0,0,0,0,9,0,0,0,0,11,0,0,0,0,10,0,0,0,0,0,0,0,0,0,0,9,0,10,0,13,0,9
"OTU_6790",0,0,0,0,40,0,0,0,0,0,0,1,0,0,0,0,0,0,0,0,0,0,0,0,0,0,0,15,0,0,0,0,0,0,0,0,0,0,2,0
"OTU_6791",5,11,0,0,0,0,0,0,6,0,0,0,0,0,0,0,0,0,0,0,0,0,0,0,0,39,14,0,0,0,0,0,0,0,0,0,0,0,0,0
"OTU_6794",13,0,0,0,0,0,0,0,0,0,0,0,0,0,0,0,0,0,0,0,0,0,0,0,0,32,10,0,0,0,0,0,0,12,0,0,8,0,0,0
"OTU_6796",0,0,0,0,0,0,16,0,0,0,18,0,0,0,0,0,0,0,0,0,4,0,0,0,17,0,0,0,0,0,9,0,0,0,4,0,0,0,0,0
"OTU_6797",18,0,0,0,0,11,0,0,0,0,0,0,0,0,0,0,0,0,0,0,0,0,0,0,0,24,0,11,11,0,0,0,0,0,0,0,0,0,0,0
"OTU_6806",0,0,0,0,13,0,12,0,0,0,0,0,0,0,10,0,0,0,11,0,0,0,0,0,0,0,0,0,0,0,15,0,0,14,0,0,0,0,0,0
"OTU_6808",10,2,6,0,0,7,0,0,0,0,0,0,0,0,5,0,0,0,0,0,0,0,0,7,0,9,20,2,0,0,0,0,0,0,0,0,0,0,0,0
"OTU_6822",0,0,0,0,0,6,0,0,0,0,0,0,0,0,5,0,0,0,0,0,0,0,0,0,0,3,17,0,0,0,0,0,0,0,0,0,0,0,0,0
"OTU_6823",0,10,14,0,0,0,0,0,0,24,0,0,0,0,0,0,0,0,0,17,0,0,0,0,0,0,0,0,0,0,0,0,9,0,0,0,0,0,0,0
"OTU_6826",0,0,0,0,0,0,0,0,0,0,0,0,0,14,0,0,0,0,0,14,0,0,0,0,0,13,0,0,0,0,0,0,23,0,0,0,0,0,0,0
"OTU_6827",0,0,0,0,0,0,0,0,0,0,0,0,0,1,3,0,0,0,0,0,0,0,0,0,0,0,0,0,0,0,0,0,1,0,0,3,3,0,0,0
"OTU_6834",0,0,0,0,0,0,0,0,0,26,0,0,0,0,0,0,0,0,0,10,0,0,0,0,14,0,0,0,0,0,0,11,0,0,0,0,0,0,0,0
"OTU_6838",0,0,0,0,0,0,0,0,0,0,0,9,0,1,0,1,5,0,0,0,1,2,2,0,0,0,0,0,0,0,0,0,3,2,3,0,0,3,0,2
"OTU_6843",0,0,0,0,0,0,12,9,0,0,14,0,8,0,0,0,7,0,0,0,14,0,0,0,0,0,0,0,0,0,0,0,0,4,0,0,0,0,0,0
"OTU_6849",0,0,5,0,0,0,0,0,0,4,0,0,0,1,0,0,0,0,0,0,0,0,0,0,0,0,0,0,0,0,0,0,0,0,0,0,1,0,2,1
"OTU_6850",0,0,0,0,0,0,0,0,0,23,6,0,0,0,0,0,0,0,6,0,4,0,0,0,7,7,0,0,5,16,0,0,0,0,0,0,0,0,0,0
"OTU_6855",14,7,11,0,0,0,0,0,0,0,0,0,0,0,0,0,0,0,0,0,0,0,0,0,0,14,0,0,0,0,0,0,0,0,0,0,0,0,0,0
"OTU_6860",0,0,0,0,0,0,0,24,32,3,4,0,0,0,0,0,0,0,0,0,0,0,0,0,11,0,0,0,0,0,0,0,0,0,0,0,0,0,0,0
"OTU_6864",0,0,0,0,0,0,0,0,0,0,0,14,0,16,0,0,19,0,0,0,6,0,0,0,0,0,0,0,0,0,0,0,6,3,0,0,0,0,0,0
"OTU_6867",0,0,0,35,0,0,13,0,0,0,0,0,0,0,0,0,0,0,0,0,0,0,0,0,0,0,0,9,0,16,0,0,0,0,0,0,0,0,0,0
"OTU_6871",0,0,0,0,0,0,0,8,1,0,0,0,5,0,1,0,0,0,0,0,0,0,0,0,0,0,0,3,0,5,0,0,2,2,0,5,0,0,0,0
"OTU_6872",14,0,0,0,0,0,0,11,0,0,10,0,12,0,0,0,0,0,0,0,0,0,0,0,6,0,0,0,0,0,20,0,0,0,0,0,0,0,0,0
"OTU_6873",2,12,0,0,10,0,0,0,0,0,0,0,0,16,0,0,0,0,0,0,0,0,4,0,0,0,5,7,7,0,0,0,0,0,4,0,0,0,0,0
"OTU_6880",0,24,4,0,0,0,0,0,0,0,0,10,0,0,0,0,0,0,0,0,0,0,0,0,0,0,0,0,0,0,0,0,0,0,0,8,0,0,0,0
"OTU_6891",0,0,0,0,6,0,0,3,15,0,0,0,0,3,0,0,0,0,0,0,0,0,0,0,5,6,0,5,0,0,16,14,0,0,0,0,0,0,0,0
"OTU_6897",0,0,0,0,0,0,0,18,6,0,0,0,0,0,0,0,0,0,0,0,0,0,0,0,0,0,28,0,0,0,0,0,0,0,0,0,0,9,0,0
"OTU_6898",0,0,0,0,19,0,0,13,0,0,0,0,0,0,0,0,0,0,0,0,0,0,0,0,13,0,0,0,0,0,0,0,0,0,12,2,0,0,0,0
"OTU_6899",0,0,0,0,0,0,0,0,0,0,0,0,0,0,0,0,0,0,0,0,0,0,0,0,0,0,0,0,0,0,0,0,12,15,0,0,13,5,28,0
"OTU_6900",0,0,0,0,0,0,0,0,5,8,0,0,6,0,0,0,0,0,0,0,0,0,0,0,31,11,0,10,0,0,0,2,0,0,0,0,0,0,0,0
"OTU_6909",0,18,0,0,0,0,0,0,0,0,0,0,0,0,10,0,0,0,0,0,0,0,0,0,0,0,0,0,7,0,0,0,12,0,0,0,0,0,0,0
"OTU_6913",0,0,0,0,0,0,0,0,0,0,0,0,0,0,0,0,0,14,0,0,0,0,14,0,0,0,0,0,0,0,0,0,0,0,13,0,0,0,19,0
"OTU_6919",6,0,0,0,4,20,0,0,0,0,0,0,0,0,0,0,0,0,0,0,0,0,0,0,0,0,3,2,0,0,38,0,0,0,0,0,0,0,0,0
"OTU_6933",0,5,0,0,12,4,0,0,10,0,0,0,0,0,0,0,0,0,0,0,0,0,0,0,0,7,0,0,34,0,0,0,0,0,0,0,0,0,0,0
"OTU_6934",0,0,0,0,0,0,0,0,0,0,0,0,12,0,0,0,0,0,0,10,0,0,0,0,0,0,0,0,0,0,0,0,9,0,26,0,0,6,0,0
"OTU_6943",0,0,0,0,0,0,9,5,0,0,0,0,0,0,0,0,0,0,0,0,0,0,0,7,0,27,0,15,0,0,9,0,0,0,0,0,0,0,0,0
"OTU_6945",0,0,0,0,0,0,0,0,16,5,4,0,0,0,0,0,0,0,0,0,10,0,0,0,16,0,0,0,0,0,8,13,0,0,0,0,0,0,0,0
"OTU_6951",0,0,0,0,0,4,4,15,7,0,1,0,0,0,0,0,0,0,0,5,0,0,0,0,12,0,0,0,3,4,12,5,0,0,0,0,0,0,0,0
"OTU_6952",0,0,0,0,0,0,0,0,0,0,0,0,0,0,0,0,9,0,0,0,0,0,6,0,0,0,0,0,0,0,0,0,0,4,0,0,0,7,0,0
"OTU_6955",22,0,0,0,0,34,0,0,0,0,0,0,0,0,0,0,0,0,0,0,0,0,0,7,0,0,9,0,0,0,0,0,0,0,0,0,0,0,0,0
"OTU_6958",2,0,0,0,0,0,0,0,7,0,0,0,8,7,6,0,0,0,0,0,4,0,0,0,0,0,0,0,0,0,0,8,0,4,0,4,0,0,0,0
"OTU_6959",0,0,0,13,8,0,18,0,0,0,0,0,0,0,0,0,0,0,0,0,0,0,9,8,0,0,0,0,0,0,0,0,0,0,0,0,0,0,0,0
"OTU_6962",0,0,6,0,0,6,0,0,31,0,0,0,0,0,0,0,0,0,0,0,0,0,0,0,0,0,0,0,21,0,8,0,0,0,0,0,0,0,0,0
"OTU_6965",0,0,0,0,0,0,0,0,0,0,0,0,0,0,0,0,0,0,0,0,0,0,0,0,24,0,0,0,0,0,0,4,0,0,0,0,10,0,0,17
"OTU_6966",24,0,0,0,0,0,0,0,0,0,0,0,0,0,0,0,0,0,0,0,4,0,0,0,0,0,0,0,0,0,0,0,0,0,0,4,10,9,5,0
"OTU_6974",0,0,0,0,0,0,0,0,0,0,0,0,0,0,14,0,0,0,10,0,0,9,0,0,0,0,0,0,0,0,0,0,0,5,0,0,0,0,17,0
"OTU_6985",0,0,0,0,0,0,0,0,0,0,0,0,0,6,0,0,0,0,0,0,7,0,0,0,0,0,0,0,0,0,0,0,0,0,2,0,3,0,0,0
"OTU_6989",0,0,0,0,0,0,0,0,0,0,0,0,0,7,0,0,0,0,0,0,0,0,2,0,0,0,0,0,5,0,0,0,0,0,0,0,0,0,0,1
"OTU_6998",0,0,0,0,25,0,0,16,0,0,0,0,0,0,0,0,0,0,0,0,0,0,0,0,0,19,0,0,0,0,11,0,0,0,0,0,0,0,0,0
"OTU_7000",0,0,9,0,0,0,0,0,0,0,0,0,0,0,0,0,0,0,0,0,2,4,0,0,0,0,0,0,0,0,0,0,8,0,3,0,0,0,11,0
"OTU_7002",0,0,0,0,0,26,0,7,0,0,0,0,0,0,0,0,0,0,0,0,0,0,0,0,28,0,0,0,0,0,10,0,0,0,0,0,0,0,0,0
"OTU_7003",20,0,0,0,33,0,0,0,0,0,0,0,0,0,0,0,0,0,0,0,0,0,0,10,0,0,8,0,0,0,0,0,0,0,0,0,0,0,0,0
"OTU_7005",0,0,0,0,0,0,0,0,0,0,10,27,0,0,0,0,0,0,0,0,0,0,0,0,0,0,0,0,10,18,6,0,0,0,0,0,0,0,0,0
"OTU_7011",0,0,0,0,0,0,2,0,0,11,0,0,0,0,0,0,0,2,0,0,4,0,11,0,0,0,0,0,0,0,0,0,0,0,20,0,0,0,7,0
"OTU_7015",12,3,14,0,3,0,0,0,0,0,0,0,0,10,0,0,0,0,0,0,0,0,0,0,0,10,0,0,0,0,12,0,0,5,0,0,0,0,0,0
"OTU_7017",0,0,0,0,0,0,0,13,34,0,0,0,0,0,0,0,0,0,0,0,0,0,0,0,0,0,0,0,0,0,0,0,0,0,0,5,0,6,9,0
"OTU_7019",0,7,0,0,0,0,0,0,0,0,0,0,0,0,0,5,0,14,4,0,0,0,0,0,0,11,0,0,0,0,0,0,0,0,10,0,0,16,0,0
"OTU_7023",0,0,0,0,0,0,13,0,0,0,0,0,0,0,0,0,0,0,0,0,0,0,0,0,0,9,36,0,0,2,0,0,0,11,0,0,0,0,0,0
"OTU_7024",0,0,0,0,0,0,0,0,0,0,0,0,0,0,7,0,0,0,0,0,0,0,0,0,0,0,0,0,0,0,0,0,0,4,0,0,0,3,0,10
"OTU_7028",0,0,0,0,0,0,0,0,12,6,0,0,0,0,0,0,0,0,0,0,0,0,0,2,14,0,14,0,0,0,7,0,0,0,0,0,16,0,0,0
"OTU_7029",0,0,0,0,30,0,6,0,0,0,0,0,0,0,0,0,0,0,0,0,12,0,0,0,0,0,0,0,16,0,2,0,5,0,0,0,0,0,0,0
"OTU_7031",0,0,0,0,0,0,0,0,0,0,0,0,16,9,11,0,0,0,0,0,18,6,0,0,0,0,0,0,0,0,0,0,0,11,0,0,0,0,0,0
"OTU_7033",0,0,0,0,0,0,0,0,0,0,0,0,0,0,0,0,0,0,17,0,6,0,0,0,0,0,0,5,0,0,32,0,0,0,0,0,0,0,11,0
"OTU_7041",0,0,9,0,0,0,0,0,0,0,0,0,0,0,0,0,0,0,0,0,0,0,8,0,8,0,0,11,0,0,0,0,0,0,0,0,17,0,0,0
"OTU_7042",7,0,0,0,0,0,0,0,0,0,0,0,0,0,0,0,10,0,0,0,0,0,0,0,0,0,11,0,0,0,5,0,0,6,0,0,0,0,0,0
"OTU_7051",0,0,0,0,0,23,0,0,0,0,0,0,0,0,0,0,0,0,0,0,0,10,11,0,0,0,0,0,0,0,0,0,0,0,0,0,0,7,0,19
"OTU_7054",0,0,0,0,0,0,0,0,0,0,0,0,0,0,0,0,0,0,9,8,0,0,11,0,0,0,0,0,0,0,0,0,0,0,12,7,0,3,0,0
"OTU_7061",8,0,0,0,0,0,0,0,17,0,0,0,0,3,0,0,0,0,0,0,0,0,0,9,0,0,4,0,0,0,0,0,0,0,0,0,0,0,0,0
"OTU_7071",0,22,0,0,0,0,0,0,0,0,0,5,0,0,0,0,0,0,0,0,0,0,0,0,0,0,0,0,0,0,7,0,0,0,4,3,0,0,0,0
"OTU_7074",0,0,7,0,0,0,0,0,0,0,0,0,0,10,7,0,0,0,0,0,0,0,0,0,0,0,0,15,7,0,0,0,0,0,0,2,3,4,0,0
"OTU_7077",30,0,0,0,4,19,0,0,0,0,0,0,0,0,0,0,0,0,0,0,0,0,0,0,0,0,0,0,0,0,0,0,0,0,0,17,0,0,0,0
"OTU_7079",0,0,0,0,0,0,0,0,0,0,0,0,0,0,0,0,0,7,0,0,0,0,14,0,8,0,4,0,0,0,0,2,0,0,0,0,0,22,0,6
"OTU_7082",9,0,0,0,0,0,5,0,0,0,0,0,0,0,0,0,0,0,0,0,0,0,0,6,9,13,7,0,3,0,16,0,0,0,0,0,0,0,0,0
"OTU_7083",0,0,0,0,0,9,0,8,0,0,0,0,16,0,0,0,0,0,0,0,0,0,0,0,0,0,0,0,0,0,25,0,0,0,12,0,0,0,0,0
"OTU_7092",0,0,0,0,0,0,0,0,0,0,0,7,0,0,3,0,19,0,22,0,0,0,0,0,0,0,0,0,0,0,0,0,0,6,0,7,0,0,0,0
"OTU_7094",0,47,0,0,0,0,0,0,0,0,0,0,0,0,0,0,0,0,5,0,7,0,0,0,0,0,0,0,0,0,0,0,0,0,0,0,0,0,11,0
"OTU_7097",0,0,7,0,0,0,0,0,0,0,0,0,0,0,0,0,0,0,0,17,0,0,13,0,0,0,0,0,0,0,0,0,10,3,0,0,0,0,11,0
"OTU_7099",0,0,0,0,0,0,0,0,0,0,0,0,0,0,0,0,0,1,0,2,0,0,0,0,0,1,0,0,0,0,0,0,0,0,8,0,3,1,0,2
"OTU_7103",16,0,0,0,0,0,0,0,0,0,0,0,0,0,0,0,0,0,0,0,0,0,0,0,17,14,18,5,0,0,0,0,0,0,0,0,0,0,0,0
"OTU_7104",18,11,0,0,0,0,0,0,0,0,0,0,0,0,0,0,0,0,0,0,0,0,0,5,0,6,12,0,0,0,0,0,0,4,0,0,0,0,0,0
"OTU_7107",0,18,11,0,12,0,0,0,0,0,0,0,0,0,0,0,0,0,0,0,0,0,0,0,0,0,13,0,16,0,0,0,0,0,0,0,0,0,0,0
"OTU_7108",0,0,0,0,0,0,0,0,0,0,0,0,0,5,4,0,0,0,0,0,0,0,0,0,48,0,0,0,0,0,0,0,0,13,0,0,0,0,0,0
"OTU_7116",10,0,0,0,0,6,0,9,19,0,15,0,0,0,0,0,0,0,0,0,0,0,0,0,0,0,0,0,0,0,0,0,0,0,0,0,0,0,0,0
"OTU_7120",0,0,0,0,0,0,0,0,0,0,0,3,0,0,0,0,1,0,5,0,0,3,0,0,0,0,0,0,0,0,0,0,1,0,0,0,0,0,0,0
"OTU_7123",0,0,0,0,0,0,0,0,17,0,0,0,0,12,0,0,0,13,0,9,0,0,0,7,0,0,0,0,11,0,0,0,0,0,0,0,0,0,0,0
"OTU_7124",0,0,0,0,0,3,5,0,6,0,9,0,10,0,3,0,0,0,0,0,0,0,8,0,8,0,0,8,0,0,9,0,0,0,0,0,0,0,0,0
"OTU_7130",0,0,0,0,0,0,30,0,0,0,7,0,0,0,0,0,0,0,0,0,0,0,0,0,10,0,0,0,0,0,8,0,0,0,0,9,0,0,0,5
"OTU_7135",0,0,0,0,10,0,0,6,14,9,0,0,4,0,0,0,0,0,0,0,0,0,0,0,0,0,0,0,0,0,26,0,0,0,0,0,0,0,0,0
"OTU_7137",0,0,5,0,5,0,0,0,0,0,0,0,0,0,0,0,0,11,0,0,9,0,0,0,0,7,0,0,0,0,11,0,0,0,0,0,10,0,0,0
"OTU_7145",0,0,0,0,14,0,0,0,0,0,0,0,6,0,24,0,0,0,0,0,12,0,0,0,0,0,0,0,0,0,0,0,0,0,0,13,0,0,0,0
"OTU_7148",0,0,0,0,0,0,0,0,0,0,0,0,3,9,0,0,19,0,6,0,0,15,0,0,0,0,0,0,8,0,0,0,0,0,0,0,0,0,0,0
"OTU_7176",0,0,0,0,0,0,0,0,0,0,0,0,5,0,0,0,0,0,6,0,0,0,5,0,0,0,0,0,0,0,0,0,0,0,7,0,0,11,0,4
"OTU_7179",0,0,0,0,0,0,0,0,0,0,0,0,0,0,2,0,0,0,0,0,0,0,0,0,0,0,0,6,0,0,0,0,2,0,0,0,0,0,4,0
"OTU_7183",0,0,0,0,0,0,0,0,0,0,0,1,2,2,2,0,2,0,0,0,0,0,0,0,0,0,0,0,0,0,0,0,1,2,0,0,0,0,0,0
"OTU_7189",0,0,0,0,2,0,13,0,0,0,0,0,0,0,0,0,0,0,0,0,3,0,0,0,7,12,0,13,0,0,5,0,0,0,0,0,0,6,0,0
"OTU_7198",0,0,0,0,0,0,0,0,0,0,0,0,0,8,0,0,0,0,0,0,0,6,11,0,11,0,0,0,0,0,3,0,0,0,0,0,0,0,16,9
"OTU_7200",0,0,0,0,7,0,12,0,0,0,0,0,0,0,0,0,0,0,11,0,10,0,0,6,0,0,0,4,0,0,12,0,0,6,0,0,0,0,0,0
"OTU_7210",6,11,0,0,0,0,0,0,0,0,0,0,0,0,0,0,0,0,0,0,0,0,0,0,0,10,0,0,0,0,7,0,0,0,0,0,0,8,12,0
"OTU_7218",0,0,0,0,0,0,0,0,0,0,0,0,0,0,0,0,0,22,0,0,0,0,0,0,0,0,0,0,0,0,0,0,0,0,0,0,0,10,23,13
"OTU_7224",0,0,0,0,0,7,0,0,0,0,0,0,0,0,0,0,0,0,0,0,0,0,0,0,13,5,4,0,0,0,0,38,0,0,0,0,0,0,0,0
"OTU_7225",0,0,1,0,0,0,0,2,0,2,0,0,0,0,0,1,0,5,2,4,0,0,0,0,0,0,0,1,1,0,2,0,0,1,0,0,2,0,5,6
"OTU_7229",0,0,0,0,0,0,0,9,0,0,15,0,0,0,0,0,0,0,0,0,0,0,0,0,15,0,0,0,0,0,0,28,0,0,0,0,0,0,0,0
"OTU_7230",0,0,0,0,0,1,1,0,0,2,0,1,1,0,1,0,0,0,6,0,1,0,0,0,5,1,0,0,0,1,13,0,0,0,0,0,0,0,0,0
"OTU_7234",0,0,7,0,0,7,0,0,0,0,0,0,4,0,9,0,0,0,0,0,0,0,0,0,0,0,31,0,0,0,0,0,0,0,0,0,0,0,0,0
"OTU_7237",1,1,2,0,0,0,0,0,0,0,0,0,0,1,0,0,0,0,0,0,0,1,0,0,0,1,0,1,0,0,0,0,1,1,0,0,1,0,2,0
"OTU_7238",0,0,0,0,0,0,0,0,0,0,0,1,0,0,0,0,5,0,0,0,0,13,27,0,0,0,0,0,0,0,0,0,0,0,13,8,0,0,0,0
"OTU_7239",0,0,18,0,3,0,0,0,0,0,0,0,0,0,2,0,0,0,8,0,0,0,0,0,0,0,0,0,14,0,0,0,0,0,0,9,0,0,0,0
"OTU_7248",0,0,0,0,16,0,0,0,0,0,0,0,6,0,0,0,9,0,0,0,0,0,0,0,0,14,0,3,0,0,0,0,0,0,0,0,0,0,0,0
"OTU_7249",0,0,0,0,0,12,6,0,0,0,0,0,0,0,0,0,0,0,0,0,0,0,0,0,0,0,7,27,0,0,0,0,0,0,0,0,0,0,0,0
"OTU_7251",0,0,0,0,0,0,0,0,0,0,0,0,0,0,0,0,3,0,0,32,15,0,0,0,0,0,0,0,0,0,0,0,0,9,0,0,0,0,8,0
"OTU_7254",0,0,0,0,0,12,0,0,40,0,7,0,0,0,0,0,0,0,0,0,0,0,0,0,0,0,8,0,0,0,0,0,0,0,0,0,0,0,0,0
"OTU_7269",0,0,0,0,0,0,0,0,0,0,0,0,0,0,10,0,0,0,0,0,0,11,0,0,0,0,0,0,0,0,0,0,2,4,6,4,0,0,0,0
"OTU_7271",0,0,0,0,0,0,0,0,0,0,0,0,4,0,0,0,0,35,0,0,0,0,0,0,0,0,0,0,11,0,2,0,0,0,0,0,0,15,0,0
"OTU_7277",0,7,0,0,0,0,0,0,0,0,0,0,0,0,0,0,0,0,0,0,0,0,0,0,0,0,0,0,2,0,0,0,0,0,0,0,6,0,0,16
"OTU_7278",0,0,0,0,0,0,0,0,0,0,0,0,0,0,0,2,0,0,0,0,3,0,0,0,0,0,0,0,0,0,0,0,0,0,0,0,0,0,6,10
"OTU_7280",0,0,0,0,0,0,22,0,0,0,0,0,5,0,0,0,0,0,0,0,5,0,0,0,0,0,0,0,0,0,5,0,0,14,0,0,0,0,0,0
"OTU_7282",16,0,0,0,0,24,0,0,0,0,0,0,0,12,0,0,0,0,0,0,0,0,0,15,0,0,0,0,0,0,0,0,0,0,0,0,0,0,0,0
"OTU_7289",0,0,0,0,4,1,0,0,0,11,0,0,4,0,0,0,4,0,4,0,0,0,19,0,0,0,0,1,0,5,0,0,0,2,0,0,0,0,0,0
"OTU_7290",0,1,0,0,0,0,0,0,0,0,0,0,1,0,2,3,0,0,2,0,0,0,0,0,0,0,0,0,0,0,0,0,0,0,0,0,0,1,0,0
"OTU_7292",0,0,0,0,7,0,0,0,0,0,0,0,0,0,3,0,13,0,5,0,0,0,0,0,0,0,0,0,0,0,0,0,6,8,9,3,0,0,0,0
"OTU_7293",0,0,24,0,0,0,0,0,0,0,0,0,0,0,0,0,2,0,0,0,0,0,0,0,0,0,0,0,0,0,0,0,0,9,0,0,0,0,0,3
"OTU_7302",0,0,27,0,0,0,3,11,0,0,0,0,6,0,0,0,0,0,0,0,0,0,0,0,0,5,4,0,0,0,10,0,0,0,0,0,0,0,0,0
"OTU_7304",0,0,0,0,0,0,4,8,0,6,0,0,0,0,0,0,0,11,0,0,0,0,0,0,0,0,0,0,0,0,12,4,0,0,0,0,0,0,0,0
"OTU_7307",0,0,1,0,0,0,1,0,0,4,0,0,7,0,0,0,0,0,0,6,10,0,0,0,0,0,0,0,3,0,0,1,4,0,0,0,0,10,0,0
"OTU_7309",0,0,0,0,0,0,13,0,0,0,0,0,0,0,0,0,0,0,0,0,6,4,0,0,0,0,0,0,0,0,0,0,0,0,0,0,0,13,0,0
"OTU_7310",0,0,0,0,0,9,0,0,0,0,0,0,0,0,0,0,18,0,0,0,31,0,0,0,0,0,0,0,8,0,0,0,0,0,0,0,0,0,0,0
"OTU_7313",0,1,0,1,1,0,7,0,0,0,0,0,0,1,2,1,0,0,6,1,1,1,3,2,1,0,0,0,1,3,3,0,0,7,9,0,1,3,0,0
"OTU_7315",0,8,0,0,0,0,0,15,31,0,0,0,0,0,0,0,0,0,0,0,0,0,0,0,0,0,0,0,0,0,0,12,0,0,0,0,0,0,0,0
"OTU_7316",4,0,6,0,0,0,0,11,0,0,0,0,0,0,3,0,0,0,0,0,0,0,0,0,0,0,0,0,0,0,4,0,0,0,0,0,4,0,0,0
"OTU_7317",0,0,0,0,0,0,2,0,18,0,0,0,0,0,0,0,0,0,0,0,0,0,0,0,0,6,0,25,3,4,8,0,0,0,0,0,0,0,0,0
"OTU_7320",0,0,0,0,0,0,0,0,0,0,0,4,0,0,20,0,0,0,0,0,3,2,0,0,0,0,0,0,0,0,0,0,3,1,0,4,0,0,1,0
"OTU_7325",0,7,0,0,9,0,0,0,0,0,0,0,0,0,0,0,7,0,10,0,0,0,0,0,0,0,6,0,10,0,0,0,0,11,0,0,0,0,0,0
"OTU_7329",6,0,0,0,0,15,4,0,0,14,0,0,0,0,0,0,6,0,0,0,0,0,0,8,13,0,0,0,0,0,0,0,0,0,0,0,0,0,0,0
"OTU_7337",0,0,0,0,0,0,0,0,0,0,0,0,0,0,0,8,0,0,0,0,0,0,0,0,0,0,0,0,0,0,0,0,4,0,0,0,14,9,0,0
"OTU_7340",12,0,0,0,0,0,3,3,0,0,0,0,0,0,0,0,0,0,0,0,0,0,3,2,0,8,0,0,0,0,0,0,0,0,0,0,0,22,0,0
"OTU_7343",0,10,8,0,18,0,0,0,0,0,0,0,0,0,11,0,0,0,0,0,0,0,0,0,0,10,0,0,0,0,0,0,0,0,0,0,0,0,0,0
"OTU_7344",0,0,0,0,0,13,0,5,0,10,0,0,0,0,0,0,0,0,0,0,0,0,0,0,29,0,0,6,0,0,3,0,0,0,0,0,0,0,0,0
"OTU_7347",0,12,9,0,10,0,0,0,0,0,0,0,0,0,0,0,0,0,13,0,0,0,0,0,0,5,0,0,0,0,0,0,0,12,0,0,0,0,5,0
"OTU_7348",24,0,0,0,0,17,0,0,0,0,0,0,0,0,0,0,0,0,0,0,0,0,0,15,0,10,0,0,0,0,0,0,0,0,0,0,0,0,0,0
"OTU_7356",0,0,0,0,0,0,0,0,0,0,0,2,0,0,0,0,0,0,0,0,0,4,0,0,0,0,0,0,0,0,0,0,1,0,0,3,0,1,0,2
"OTU_7357",0,0,0,0,0,0,0,0,0,0,0,0,7,0,0,0,0,0,0,0,0,0,17,0,6,0,0,0,0,0,0,0,28,8,0,0,0,0,0,0
"OTU_7359",21,0,0,0,0,21,4,0,0,0,0,0,0,0,0,0,0,0,0,0,0,0,0,0,0,0,0,20,0,0,0,0,0,0,0,0,0,0,0,0
"OTU_7361",28,0,0,0,0,13,21,0,0,0,0,0,0,0,0,0,4,0,0,0,0,0,0,0,0,0,0,0,0,0,0,0,0,0,0,0,0,0,0,0
"OTU_7364",11,0,0,0,0,0,9,0,0,5,0,0,0,0,0,0,0,0,0,0,0,0,0,0,0,7,0,0,9,5,20,0,0,0,0,0,0,0,0,0
"OTU_7376",11,0,0,0,0,0,0,0,0,0,0,0,0,0,0,0,0,0,0,0,0,0,0,0,0,0,0,0,0,0,17,0,6,0,0,0,2,0,0,0
"OTU_7381",0,0,0,0,0,0,0,0,11,0,6,0,0,0,0,0,0,0,0,0,0,0,0,0,12,11,0,0,0,0,0,25,0,0,0,0,0,0,0,0
"OTU_7385",0,0,7,0,0,0,0,0,0,0,0,0,0,0,0,0,0,0,0,6,0,0,0,0,0,0,0,6,0,0,0,0,0,0,0,2,0,0,11,0
"OTU_7386",0,0,0,0,0,0,14,0,0,0,0,0,0,0,0,0,0,0,0,0,3,0,5,0,0,0,0,3,0,0,0,0,0,0,0,0,0,14,0,0
"OTU_7389",0,0,0,0,0,0,0,0,13,38,0,0,0,0,0,0,0,0,0,0,0,0,0,0,9,0,0,0,0,0,0,5,0,0,0,0,0,0,0,0
"OTU_7390",14,21,0,0,0,4,0,0,0,0,0,0,0,0,0,0,0,0,0,0,0,0,0,0,0,0,0,0,3,0,0,0,0,0,0,0,0,0,0,0
"OTU_7392",6,0,0,0,0,26,0,0,0,0,0,0,0,0,0,0,0,0,0,0,0,0,0,16,0,0,17,0,0,0,0,0,0,0,0,0,0,0,0,0
"OTU_7395",0,0,0,0,0,0,7,0,0,0,0,0,0,0,0,0,0,0,0,0,0,0,0,0,0,24,10,0,0,0,24,0,0,0,0,0,0,0,0,0
"OTU_7403",11,0,7,0,9,0,15,0,0,0,0,0,0,0,0,0,0,0,0,0,0,0,0,0,0,11,0,0,0,0,0,0,0,0,0,0,0,0,0,0
"OTU_7407",0,0,0,0,0,0,0,13,0,7,16,0,0,0,0,0,0,0,3,0,0,0,0,0,0,0,0,0,0,11,0,15,0,0,0,0,0,0,0,0
"OTU_7411",5,8,0,0,0,0,0,0,0,0,0,0,0,0,0,4,0,0,0,0,0,0,0,0,0,0,0,0,0,0,0,0,0,3,0,0,3,0,7,0
"OTU_7415",0,0,0,0,0,0,0,11,41,0,0,0,0,0,0,0,0,0,0,0,0,0,0,0,0,0,0,0,0,11,2,0,0,0,0,0,0,0,0,0
"OTU_7417",0,0,0,0,0,0,0,0,0,0,0,0,0,1,0,1,0,3,0,0,0,4,0,0,0,0,0,0,0,0,0,0,0,0,0,0,0,0,0,2
"OTU_7421",0,0,0,4,0,0,0,0,0,0,0,0,0,0,0,0,0,24,0,0,0,0,0,0,0,0,0,0,0,9,0,0,0,0,0,0,0,8,0,0
"OTU_7425",0,0,0,0,0,4,23,0,0,0,0,4,0,0,3,0,0,0,0,0,0,0,0,28,0,0,0,0,0,0,0,0,3,0,0,0,0,0,0,0
"OTU_7432",0,15,2,0,0,0,18,0,0,0,0,0,0,0,0,0,0,0,0,0,0,0,0,0,0,19,0,11,0,0,0,0,0,0,0,0,0,0,0,0
"OTU_7441",0,0,0,0,0,0,0,2,0,0,0,0,0,0,0,25,0,0,0,0,0,0,0,0,0,0,0,0,0,0,0,0,0,0,0,0,27,0,8,0
"OTU_7448",0,0,0,0,0,8,0,9,0,0,0,0,0,0,0,0,0,0,0,0,0,0,0,7,0,2,0,0,0,0,0,0,0,0,0,0,0,9,13,0
"OTU_7452",5,0,0,0,0,0,0,4,8,7,3,0,0,0,0,0,0,0,5,0,0,0,0,2,0,4,5,3,8,7,3,0,0,0,0,0,0,0,0,0
"OTU_7459",0,1,2,8,0,0,2,0,0,10,0,0,0,1,0,0,0,0,11,8,12,0,0,0,0,0,0,0,2,0,0,2,0,2,0,0,0,0,3,0
"OTU_7461",7,0,0,0,12,0,0,0,0,0,0,0,0,0,0,0,0,0,0,0,0,0,0,0,0,11,18,9,0,0,0,0,0,0,0,0,0,0,7,0
"OTU_7466",0,0,0,1,0,0,0,0,0,0,0,7,0,5,3,0,0,0,5,7,7,0,0,0,0,2,0,0,3,7,0,0,0,0,0,0,0,0,2,0
"OTU_7470",0,0,0,0,0,0,0,0,11,0,0,0,18,0,0,0,0,0,0,0,0,0,17,0,0,0,0,0,0,0,0,0,0,0,10,0,0,0,0,8
"OTU_7472",0,0,0,0,0,0,0,0,0,0,8,0,0,0,0,0,0,0,0,0,0,0,0,0,22,0,0,0,0,0,0,7,0,0,0,0,0,0,0,6
"OTU_7476",0,0,1,0,0,0,0,2,0,0,0,2,0,1,0,1,0,0,0,0,0,1,2,0,0,0,0,0,0,0,0,0,0,2,2,0,1,2,1,0
"OTU_7480",0,8,0,0,0,5,0,7,8,0,0,0,0,0,0,0,0,0,0,0,0,0,0,0,0,0,0,10,0,0,0,0,0,0,0,7,0,0,0,0
"OTU_7484",0,0,0,0,0,0,0,0,0,0,0,0,0,0,0,0,0,0,0,0,0,0,0,0,0,0,0,0,0,0,0,0,10,0,0,0,0,23,9,22
"OTU_7492",11,0,0,0,0,0,0,0,0,0,0,7,0,0,0,0,2,0,0,0,0,0,0,0,0,0,44,0,0,0,0,0,0,0,0,0,0,0,0,0
"OTU_7493",0,0,0,0,0,0,0,0,0,0,0,0,0,0,0,0,0,0,0,0,0,5,0,0,0,0,0,0,0,0,0,0,11,0,0,0,0,19,15,14
"OTU_7494",0,0,0,0,0,0,0,0,0,0,0,10,0,0,0,0,0,7,0,0,0,3,0,0,0,0,0,0,0,0,0,0,0,0,0,0,5,0,0,0
"OTU_7501",0,15,29,0,9,0,0,0,0,0,0,0,0,0,0,0,0,0,0,0,0,0,0,0,0,0,0,11,0,0,0,0,0,0,0,0,0,0,0,0
"OTU_7510",0,19,3,0,8,0,0,0,0,0,0,0,0,0,0,0,0,0,0,0,0,0,0,0,0,0,0,5,0,0,3,0,0,0,0,0,0,0,0,0
"OTU_7513",0,0,0,0,0,0,0,0,27,0,13,0,0,0,0,0,0,0,0,0,0,0,0,13,0,0,0,0,0,0,0,0,0,0,0,0,0,0,5,0
"OTU_7519",0,0,0,0,0,0,0,7,7,0,14,0,0,0,0,0,0,0,0,5,0,0,0,0,18,0,0,0,0,0,0,0,0,0,0,0,0,0,12,0
"OTU_7520",0,0,0,0,26,0,0,0,0,3,0,0,0,0,0,18,0,0,0,0,0,0,2,0,0,0,0,0,0,0,0,0,0,0,0,0,0,0,0,0
"OTU_7523",0,39,0,0,0,0,0,0,0,0,0,0,15,0,0,0,0,0,0,0,0,2,3,0,0,0,0,0,0,0,0,0,4,0,0,0,0,0,0,0
"OTU_7524",12,23,0,0,0,0,0,0,0,0,0,0,11,0,0,0,0,0,0,0,0,0,0,0,0,0,7,0,0,0,0,0,0,0,0,10,0,0,0,0
"OTU_7525",0,0,0,0,0,0,21,0,0,0,0,0,0,0,10,0,0,7,8,0,0,0,0,0,0,0,0,0,0,0,17,0,0,0,0,0,0,0,0,0
"OTU_7533",0,2,0,0,0,0,3,0,0,0,0,0,0,0,3,1,0,0,1,0,2,0,1,0,0,0,0,0,0,0,4,0,0,0,0,0,2,0,0,0
"OTU_7534",0,0,0,0,0,0,0,0,0,0,0,0,4,0,2,8,0,3,0,0,0,0,0,0,0,0,0,0,3,0,0,0,0,0,0,8,0,0,0,0
"OTU_7536",0,0,0,0,7,0,4,0,0,0,0,0,0,0,0,0,0,0,0,0,0,5,6,0,0,0,0,0,0,0,21,0,0,0,0,3,0,0,0,0
"OTU_7537",0,0,4,0,0,0,0,0,0,0,0,0,0,0,0,0,0,0,0,0,0,0,0,0,0,16,7,6,0,0,0,0,0,0,0,0,0,0,0,0
"OTU_7551",0,0,0,0,0,0,0,0,0,0,0,4,0,1,2,0,0,6,0,0,0,5,0,0,0,0,0,0,1,0,0,0,0,0,0,0,0,2,0,1
"OTU_7552",0,0,0,0,0,0,0,0,0,0,0,0,0,0,8,0,0,0,0,0,0,0,0,0,0,0,0,0,0,0,37,0,0,0,0,4,0,0,14,0
"OTU_7555",0,0,0,0,0,10,0,0,0,3,4,0,0,0,0,0,0,0,0,0,0,0,0,0,0,11,0,0,0,0,0,0,0,0,0,0,0,0,0,0
"OTU_7556",0,0,0,0,0,0,0,0,0,0,0,0,0,0,6,0,0,0,0,0,0,0,0,0,0,25,0,0,0,15,0,0,0,0,0,5,0,0,0,0
"OTU_7557",0,0,0,0,6,0,0,0,7,0,0,0,0,0,0,0,0,0,0,0,0,0,0,0,0,11,0,6,14,2,3,0,0,0,0,0,3,0,0,0
"OTU_7559",32,0,0,0,0,7,0,0,0,0,0,0,0,0,0,0,0,0,0,0,0,0,0,0,0,4,17,0,0,0,0,0,0,0,0,0,0,0,0,0
"OTU_7564",0,0,0,0,0,0,0,0,0,28,0,0,0,0,0,0,0,0,4,0,0,0,0,0,0,0,0,0,0,22,9,0,0,0,0,0,0,0,0,0
"OTU_7567",0,10,6,0,13,0,0,0,0,0,0,0,15,0,0,0,5,0,0,0,0,0,0,0,0,0,0,9,0,0,0,0,0,0,0,0,0,5,0,0
"OTU_7568",0,0,2,0,0,0,0,0,0,0,0,0,0,0,0,0,5,0,4,0,0,0,0,0,0,0,4,0,0,0,0,0,0,4,0,0,0,0,0,4
"OTU_7569",0,0,0,1,0,0,3,1,0,0,1,0,0,1,1,0,0,0,2,0,0,0,0,0,1,2,0,0,2,0,3,0,1,0,0,0,0,0,1,0
"OTU_7573",0,0,0,0,0,0,0,0,0,0,0,0,0,0,0,0,0,0,12,0,0,0,0,0,0,10,0,7,0,0,24,0,10,0,0,0,0,0,0,0
"OTU_7576",0,0,0,0,0,0,0,12,25,0,0,0,0,0,0,0,0,0,0,0,0,0,0,0,0,15,0,0,11,0,0,0,0,0,0,0,0,0,0,0
"OTU_7581",0,0,0,0,0,0,0,0,0,0,0,0,0,0,0,0,0,0,0,0,0,3,0,0,0,0,0,0,0,0,0,0,0,10,0,0,0,4,46,0
"OTU_7590",0,0,0,0,0,0,0,0,0,0,0,2,0,0,7,0,0,5,0,0,0,0,0,0,0,0,0,0,0,0,0,0,0,0,0,0,0,1,0,0
"OTU_7592",0,0,0,0,0,0,0,0,0,0,0,0,0,0,0,0,0,4,0,0,0,2,0,0,0,0,0,8,0,0,0,0,0,0,0,0,0,0,0,5
"OTU_7596",6,0,0,0,31,14,0,0,0,0,0,0,0,0,0,0,0,0,0,0,0,0,0,0,0,0,11,0,0,0,0,0,0,0,0,0,0,0,0,0
"OTU_7597",0,0,0,0,0,0,0,0,0,0,0,0,0,0,12,0,0,0,2,14,21,0,0,0,0,0,0,0,0,0,0,0,0,13,0,0,0,0,0,0
"OTU_7598",0,0,4,0,7,0,0,0,0,0,0,0,0,0,0,0,0,0,3,0,0,0,0,0,0,0,0,0,0,0,0,0,8,4,0,0,0,0,0,0
"OTU_7607",0,0,6,0,0,0,6,0,0,0,0,0,0,0,8,0,0,0,0,6,0,0,6,0,0,0,4,0,2,0,0,0,5,0,0,0,0,7,0,0
"OTU_7613",0,0,0,2,1,1,0,2,0,1,1,0,0,0,2,1,1,0,4,2,4,0,0,9,2,0,0,2,0,0,3,2,1,0,0,0,2,0,2,0
"OTU_7617",0,0,10,0,15,0,0,0,0,0,0,0,0,0,0,0,0,0,0,0,0,0,0,0,0,0,13,0,0,0,0,0,0,14,0,0,0,0,0,0
"OTU_7630",0,0,0,0,0,0,0,0,0,0,0,0,0,0,16,0,0,0,0,0,11,0,0,0,0,0,0,0,0,0,0,0,0,14,0,21,0,0,0,0
"OTU_7632",0,0,0,0,0,0,0,0,0,0,0,0,0,0,1,7,0,0,0,0,0,0,0,0,0,0,0,0,0,0,0,0,0,0,0,0,9,0,0,2
"OTU_7634",0,0,0,0,0,0,0,0,0,0,0,6,0,0,0,9,14,0,0,0,0,7,0,0,0,0,0,0,0,0,0,0,0,0,0,0,8,0,7,0
"OTU_7636",0,0,0,0,0,0,0,0,0,0,0,0,0,0,0,8,0,4,0,0,0,31,0,0,0,0,0,0,3,0,0,0,0,16,0,0,0,0,0,0
"OTU_7637",0,0,0,0,11,0,4,25,22,0,0,0,0,0,0,0,0,0,0,0,0,0,0,0,0,0,0,0,0,0,0,0,0,0,0,0,0,0,0,0
"OTU_7643",0,0,0,0,0,0,6,0,0,0,0,4,0,0,5,0,0,0,0,0,0,0,0,0,0,0,39,0,0,0,0,0,0,0,0,0,0,0,0,0
"OTU_7647",5,10,6,0,16,2,0,6,17,0,0,0,0,0,0,0,0,0,0,0,0,0,0,0,0,0,0,0,0,0,0,0,0,0,0,0,0,0,0,0
"OTU_7648",0,0,0,0,0,0,0,0,0,0,0,0,4,7,0,0,0,0,0,0,0,9,0,0,27,0,0,0,0,0,5,3,0,0,0,0,0,0,0,0
"OTU_7649",0,0,0,0,0,0,0,0,0,0,0,0,0,4,0,0,0,0,21,0,0,0,0,0,0,0,17,0,0,3,0,0,0,0,0,0,0,0,0,0
"OTU_7650",22,3,6,0,0,0,0,0,0,0,0,0,0,0,0,0,0,3,0,0,0,0,0,0,0,3,0,0,0,0,0,0,0,0,0,0,0,0,0,0
"OTU_7656",0,0,0,0,0,0,39,0,0,0,2,0,0,0,0,0,0,0,0,0,0,0,0,6,15,0,0,0,0,0,0,0,0,0,0,0,0,0,0,0
"OTU_7664",0,0,0,0,0,0,0,0,0,0,0,0,0,0,0,0,6,1,0,1,2,2,0,0,0,0,0,0,0,0,0,0,0,0,0,0,0,0,0,0
"OTU_7674",30,0,0,0,0,0,0,0,0,0,0,0,0,0,0,0,0,0,0,0,17,0,0,0,0,0,0,0,0,0,9,0,0,0,0,6,0,0,0,0
"OTU_7679",0,9,0,0,24,0,0,0,0,0,0,0,0,0,0,0,0,0,0,0,0,0,0,0,0,16,0,0,12,0,0,0,0,0,0,0,0,0,0,0
"OTU_7681",0,15,0,0,0,0,11,0,0,0,0,0,0,0,0,0,0,0,0,0,0,0,0,0,0,27,8,0,0,0,0,0,0,0,0,0,0,0,0,0
"OTU_7688",0,0,11,0,8,0,8,0,0,0,0,0,0,0,0,0,0,0,0,0,0,0,0,0,0,5,13,0,0,0,16,0,0,0,0,0,0,0,0,0
"OTU_7700",0,0,0,0,5,0,2,0,0,0,0,0,0,0,0,0,6,6,0,0,0,0,4,0,0,0,0,0,0,0,0,0,0,7,0,0,5,5,0,0
"OTU_7703",0,0,0,0,0,15,8,29,0,0,0,0,0,0,0,0,0,0,0,0,0,0,0,0,0,9,0,0,0,0,0,0,0,0,0,0,0,0,0,0
"OTU_7704",0,0,0,0,0,0,0,0,0,16,0,0,0,0,0,0,0,0,7,0,0,0,0,0,0,0,0,0,0,30,8,0,0,0,0,0,0,0,0,0
"OTU_7715",0,0,0,0,0,0,25,0,0,0,0,0,0,0,0,0,0,0,0,0,0,0,0,0,0,0,0,0,0,0,20,0,5,0,11,0,0,0,0,0
"OTU_7718",0,1,0,0,0,0,1,0,0,0,0,1,0,0,0,6,1,0,0,0,0,0,0,0,0,0,0,0,0,0,2,0,2,0,1,0,0,0,1,0
"OTU_7719",0,0,0,0,0,0,0,10,6,0,0,0,0,0,0,0,0,0,0,0,0,0,0,0,0,15,0,0,3,0,15,0,0,12,0,0,0,0,0,0
"OTU_7721",0,17,7,0,9,0,0,6,5,0,0,0,1,2,0,0,0,0,0,0,0,0,0,0,0,2,8,4,0,0,0,0,0,0,0,0,0,0,0,0
"OTU_7722",0,0,0,0,0,0,0,0,0,0,0,11,0,0,0,0,0,6,0,0,0,0,0,0,0,0,0,0,0,0,0,0,0,0,3,0,0,0,9,0
"OTU_7725",14,0,0,0,0,0,0,0,0,0,0,0,0,0,0,0,0,0,0,0,0,0,0,0,0,0,8,0,0,0,0,0,9,5,0,16,0,0,0,0
"OTU_7726",0,0,18,0,10,18,0,10,0,0,0,0,0,0,0,0,0,0,0,0,0,0,0,0,0,5,0,0,0,0,0,0,0,0,0,0,0,0,0,0
"OTU_7738",0,0,0,0,0,0,0,18,0,0,0,0,0,0,0,0,0,0,0,0,6,0,0,0,7,0,0,0,0,0,16,0,0,0,0,0,0,14,0,0
"OTU_7742",0,0,0,0,0,0,0,0,0,0,0,0,0,1,0,2,4,1,0,0,0,1,2,0,0,0,0,0,0,0,0,0,2,1,1,0,0,0,0,4
"OTU_7744",23,0,0,0,0,0,0,0,0,0,0,0,0,0,0,0,0,0,0,0,0,0,0,4,0,29,0,5,0,0,0,0,0,0,0,0,0,0,0,0
"OTU_7746",0,1,0,0,0,0,0,2,0,0,0,0,0,0,0,0,0,0,0,0,0,0,0,0,7,0,0,0,0,0,9,42,0,0,0,0,0,0,0,0
"OTU_7747",0,0,0,0,0,0,0,9,0,8,0,0,0,0,0,0,0,0,0,0,0,0,0,12,0,0,0,0,10,0,8,14,0,0,0,0,0,0,0,0
"OTU_7754",0,0,0,0,0,0,0,0,0,0,0,0,0,0,0,0,10,15,5,0,0,1,0,0,0,0,0,0,0,0,0,0,0,0,0,0,0,0,0,4
"OTU_7755",0,0,0,9,0,0,8,0,0,0,0,0,0,0,0,0,0,0,0,0,8,0,0,5,0,3,0,0,0,8,10,0,0,0,0,6,0,4,0,0
"OTU_7756",0,0,0,0,0,0,0,14,7,0,5,0,0,0,0,0,0,0,0,0,0,0,0,0,12,0,12,0,0,0,0,11,0,0,0,0,0,0,0,0
"OTU_7762",0,0,0,4,0,0,0,0,0,0,0,0,6,0,0,0,0,31,0,0,0,0,0,0,11,0,0,0,0,0,0,0,0,0,0,0,0,0,0,0
"OTU_7763",0,0,0,0,9,0,0,0,0,0,0,0,0,0,0,0,0,0,0,0,0,0,0,14,0,26,0,11,0,0,0,0,0,0,0,0,0,0,0,0
"OTU_7765",0,5,0,0,0,0,0,8,0,0,7,0,0,0,0,0,0,0,0,0,0,0,0,0,0,0,0,0,0,0,0,40,0,0,0,0,0,0,0,0
"OTU_7767",0,0,0,0,0,0,0,0,0,0,0,0,32,0,14,0,0,0,6,0,2,0,0,0,0,0,0,0,0,0,0,0,0,0,0,6,0,0,0,0
"OTU_7777",0,0,0,0,0,0,0,0,0,0,0,9,0,0,7,0,25,0,0,0,0,8,0,0,0,0,0,0,0,0,0,0,0,4,0,0,0,0,0,0
"OTU_7779",0,0,0,0,27,9,0,0,0,0,0,0,0,0,0,0,0,0,0,0,0,8,0,0,0,16,0,0,0,0,0,0,0,0,0,0,0,0,0,0
"OTU_7789",0,0,0,0,0,0,0,0,0,0,0,0,0,0,0,0,0,4,0,0,3,0,0,0,0,0,0,0,0,0,0,0,2,0,3,0,1,1,3,0
"OTU_7792",0,0,0,0,0,0,12,0,0,0,0,6,0,0,6,0,0,0,0,0,0,0,0,0,0,0,0,0,0,0,2,0,0,6,0,7,0,0,0,0
"OTU_7800",24,0,0,0,0,1,0,0,0,0,0,0,0,25,0,0,0,0,0,0,0,0,0,10,0,0,0,0,0,0,0,0,0,0,0,0,0,0,0,0
"OTU_7801",0,0,0,0,0,0,0,8,12,0,22,0,0,0,0,0,0,0,0,0,0,0,0,0,13,0,0,0,0,0,0,5,0,0,0,0,0,0,0,0
"OTU_7805",0,0,0,12,0,0,0,0,0,0,0,0,9,0,0,1,0,0,0,0,2,0,0,0,0,0,0,0,0,0,0,0,3,0,0,0,0,0,0,0
"OTU_7819",22,20,5,0,0,0,0,0,0,0,0,0,0,0,0,0,0,0,0,0,0,0,0,0,0,5,0,8,0,0,0,0,0,0,0,0,0,0,0,0
"OTU_7824",0,0,0,0,0,0,0,0,0,0,0,7,0,0,0,0,9,0,14,0,0,5,4,0,0,0,0,0,0,0,0,0,0,0,0,0,0,1,0,15
"OTU_7835",0,0,0,10,14,0,0,0,0,0,0,0,0,0,0,0,0,0,0,0,7,0,0,0,0,0,0,0,14,0,14,0,0,0,0,0,0,0,0,0
"OTU_7844",0,0,8,0,6,7,0,0,0,0,0,0,0,0,0,0,0,0,0,0,0,0,0,0,0,0,0,0,0,0,6,0,0,0,0,0,0,0,0,0
"OTU_7849",0,0,0,0,0,0,0,15,0,0,0,0,0,0,0,0,0,0,7,0,0,0,0,0,12,0,0,25,0,0,0,0,0,0,0,0,0,0,0,0
"OTU_7858",0,0,0,0,0,0,4,2,0,0,0,0,0,1,1,2,0,0,1,0,0,0,1,0,0,0,0,0,0,0,1,0,4,2,0,0,1,0,0,4
"OTU_7868",0,0,0,0,0,0,8,0,0,0,0,0,0,0,0,0,0,0,0,0,0,0,0,0,33,16,0,0,1,1,0,0,0,0,0,0,0,0,0,0
"OTU_7874",0,3,0,0,0,0,3,0,0,0,0,0,2,0,2,0,0,0,0,0,0,2,0,0,0,33,12,0,0,0,0,0,2,0,0,0,0,0,0,0
"OTU_7877",0,0,0,0,8,0,0,0,0,0,0,0,0,0,0,0,0,0,0,0,0,0,0,0,0,0,0,0,0,0,0,0,7,0,0,0,0,10,6,0
"OTU_7883",0,0,0,0,0,0,0,7,0,24,6,0,0,0,0,0,0,0,16,0,0,0,0,0,6,0,0,0,0,0,0,0,0,0,0,0,0,0,0,0
"OTU_7889",0,1,0,2,0,2,0,0,0,0,0,0,0,0,0,0,0,2,1,0,0,0,0,0,0,0,0,0,0,0,0,0,0,0,5,0,0,0,0,0
"OTU_7892",0,0,0,0,0,0,0,0,0,0,0,0,0,0,9,0,0,0,0,0,0,0,0,0,0,0,0,0,0,0,0,0,0,3,5,0,0,12,0,0
"OTU_7901",0,0,0,0,0,0,0,0,0,17,0,6,0,0,19,0,2,0,0,0,0,0,1,0,0,0,0,0,0,0,0,0,0,0,0,6,0,0,0,1
"OTU_7933",0,9,0,0,14,8,0,16,0,0,0,0,0,0,0,0,0,0,0,0,0,0,0,4,0,7,0,0,0,0,0,0,0,0,0,0,0,0,0,0
"OTU_7934",14,0,0,0,0,9,0,0,0,0,0,0,0,0,0,0,0,0,0,0,0,0,3,0,8,0,0,0,0,0,0,0,0,0,0,0,0,0,0,14
"OTU_7942",0,0,1,0,0,0,0,0,0,0,0,0,1,0,0,2,0,0,1,1,3,1,3,0,0,0,0,0,1,0,0,0,6,5,22,0,6,1,0,0
"OTU_7945",0,0,0,0,0,10,0,8,0,29,0,0,0,0,0,0,0,0,0,0,0,0,0,0,0,6,0,0,5,0,0,0,0,0,0,0,0,0,0,0
"OTU_7947",0,0,6,0,0,0,10,0,0,9,0,0,0,0,0,0,0,0,0,0,0,0,0,3,26,0,4,0,0,0,0,0,0,0,0,0,0,0,0,0
"OTU_7951",0,0,0,0,0,0,0,0,0,0,0,0,0,0,0,0,0,19,7,0,0,0,14,0,0,0,0,0,12,0,0,0,0,0,0,0,0,0,0,0
"OTU_7952",0,0,0,10,0,0,15,0,0,0,0,0,0,0,0,0,0,0,0,0,21,0,0,0,0,0,0,0,0,0,0,12,0,0,0,0,0,0,0,0
"OTU_7954",35,0,0,0,3,0,0,0,0,0,0,0,0,0,0,0,0,0,0,0,0,0,0,6,0,0,5,9,0,0,0,0,0,0,0,0,0,0,0,0
"OTU_7958",0,0,5,0,0,0,0,0,0,0,0,3,0,0,0,0,0,0,0,0,0,0,0,0,0,0,0,0,0,0,0,0,0,2,5,0,0,0,6,0
"OTU_7961",0,0,0,0,0,0,2,0,0,0,0,1,1,0,0,4,1,3,4,0,0,0,2,0,0,0,0,0,1,0,0,0,2,0,2,0,0,0,0,4
"OTU_7969",0,0,0,0,0,0,1,0,0,0,0,0,0,0,0,1,0,0,0,0,0,0,0,0,0,0,0,0,0,0,0,0,4,2,2,0,3,0,0,0
"OTU_7979",0,0,0,0,0,0,0,0,0,38,3,0,0,0,0,0,0,0,0,0,0,0,0,0,4,0,0,0,0,7,6,0,0,0,0,0,0,0,0,0
"OTU_7990",0,0,0,0,6,0,0,0,0,0,0,0,12,14,12,0,0,0,0,0,0,0,0,0,0,0,0,0,0,0,0,0,0,13,0,0,0,0,0,0
"OTU_7991",0,2,0,0,2,0,0,0,3,11,0,0,0,0,2,0,0,0,3,1,1,0,0,0,6,0,0,1,0,1,5,0,0,3,5,0,0,0,0,0
"OTU_7992",9,0,9,0,0,0,12,0,0,0,0,0,0,0,0,0,0,0,0,0,0,0,0,3,0,0,0,6,8,0,0,0,0,0,0,0,0,0,0,0
"OTU_8004",0,0,0,0,0,0,0,0,0,0,0,0,3,0,0,0,0,0,0,0,0,0,0,0,0,0,0,0,0,0,0,0,0,0,7,0,21,1,0,0
"OTU_8016",0,0,0,0,0,0,8,0,0,0,0,0,0,0,0,0,0,0,0,0,0,0,0,0,0,0,0,9,0,5,35,0,0,0,0,0,0,0,0,0
"OTU_8019",0,9,12,0,10,0,0,0,0,0,0,0,0,0,0,0,0,0,0,0,0,0,0,0,0,7,0,0,0,0,7,0,0,0,0,0,0,0,6,0
"OTU_8028",0,0,0,0,0,0,0,0,34,0,0,0,7,0,0,0,0,0,0,0,0,5,0,0,11,0,0,0,0,0,0,0,0,0,0,0,0,0,0,0
"OTU_8033",0,4,0,0,0,0,0,0,7,21,0,0,0,0,0,0,0,0,0,0,0,0,0,0,7,0,0,0,0,0,0,4,0,0,0,0,0,0,14,0
"OTU_8034",0,0,0,0,0,0,0,0,13,0,0,0,0,0,0,0,0,0,0,0,0,0,0,0,19,0,21,4,0,0,0,0,0,0,0,0,0,0,0,0
"OTU_8036",0,0,12,0,0,0,0,0,0,0,0,0,0,0,0,0,0,13,0,0,0,0,0,0,0,0,0,0,0,0,0,0,0,0,0,0,0,6,7,19
"OTU_8042",0,0,0,0,0,0,0,0,0,0,0,3,0,0,2,0,5,1,0,1,3,0,3,0,0,0,0,0,0,0,0,0,0,0,8,0,0,0,3,4
"OTU_8052",0,3,0,0,1,0,0,0,3,0,0,0,0,0,0,0,2,0,3,0,7,5,3,0,0,0,0,0,1,0,1,0,0,1,0,7,0,0,0,4
"OTU_8053",2,13,0,0,0,3,0,2,0,0,0,0,0,0,0,0,0,0,0,0,0,0,0,0,0,0,0,0,0,0,0,0,0,0,0,0,0,0,0,0
"OTU_8054",10,0,0,0,3,4,0,0,0,0,0,0,0,0,6,0,0,0,0,0,0,0,0,5,0,0,24,0,5,0,0,0,0,0,0,0,0,0,0,0
"OTU_8057",0,0,0,0,0,0,0,0,0,0,0,0,0,0,0,0,0,0,5,19,21,0,11,0,0,0,0,0,0,0,0,0,0,0,0,0,0,0,0,0
"OTU_8081",0,0,0,0,0,0,0,0,0,0,0,0,0,0,0,0,0,16,0,3,0,0,0,0,0,0,0,0,1,0,0,0,0,0,2,0,0,5,0,0
"OTU_8086",0,0,0,0,0,0,0,4,6,0,20,0,0,0,0,0,0,0,0,0,0,0,0,0,13,5,8,0,0,0,0,0,0,0,0,0,0,0,0,0
"OTU_8097",0,0,0,0,0,0,0,0,0,0,0,0,0,0,0,0,0,3,0,0,0,0,0,0,0,0,0,0,0,0,0,0,3,13,0,2,0,0,0,4
"OTU_8098",0,0,0,0,0,0,0,0,0,0,0,0,0,0,0,0,0,0,1,0,0,0,13,0,0,0,0,0,0,0,0,0,33,0,8,0,0,0,0,0
"OTU_8100",0,39,5,0,4,0,6,0,0,0,0,0,0,0,0,0,0,0,0,0,0,0,0,0,0,0,0,0,0,0,0,0,0,0,0,0,0,0,0,0
"OTU_8106",0,0,0,0,0,0,0,0,0,0,0,3,0,0,0,0,2,0,0,0,0,0,0,0,0,0,0,0,0,0,5,0,0,0,0,0,0,0,0,4
"OTU_8109",0,0,0,0,0,0,20,0,0,0,0,0,0,0,0,0,0,0,0,0,0,0,0,0,0,0,0,4,0,0,9,0,0,7,0,0,0,0,0,0
"OTU_8110",0,0,0,0,0,0,0,0,0,0,0,0,0,0,0,1,0,0,0,0,0,0,0,0,0,0,0,0,0,0,0,0,0,0,0,0,6,15,0,21
"OTU_8111",0,0,0,0,0,0,0,0,0,0,0,0,15,0,0,0,0,0,0,0,12,0,0,0,23,0,0,0,0,0,0,0,0,0,0,0,0,6,0,0
"OTU_8112",0,0,0,0,6,25,0,0,0,0,0,0,0,0,0,0,0,0,0,0,0,0,0,0,0,0,20,0,5,0,0,0,0,0,0,0,0,0,0,0
"OTU_8120",0,6,5,0,5,0,0,0,0,0,0,0,0,0,0,0,0,0,0,0,0,0,0,0,0,2,0,0,0,0,0,0,0,0,0,0,0,0,0,0
"OTU_8121",0,0,0,0,0,0,5,12,0,0,0,0,0,0,0,0,0,0,0,0,0,0,0,0,7,0,0,0,0,0,10,0,0,0,13,0,0,0,0,0
"OTU_8122",0,0,0,0,0,0,0,0,0,0,0,0,0,0,0,0,9,0,7,0,0,0,0,0,0,0,0,0,0,0,0,0,0,0,0,0,0,7,0,3
"OTU_8126",0,0,0,0,0,0,0,0,0,0,0,0,0,0,0,0,0,0,0,0,0,0,0,0,0,0,0,0,0,0,6,0,3,0,1,0,0,13,0,0
"OTU_8127",0,3,0,0,0,15,0,0,0,0,5,0,0,0,0,0,0,0,0,0,0,0,8,0,0,0,2,0,0,0,0,0,0,0,0,0,0,0,0,4
"OTU_8133",0,0,0,0,0,0,0,0,0,16,6,0,6,0,0,0,0,0,0,0,0,0,0,0,0,0,0,5,0,0,14,0,0,0,0,0,0,0,0,0
"OTU_8144",0,0,0,0,0,0,0,0,0,0,0,0,0,0,0,0,0,0,0,0,0,0,0,0,0,0,3,0,0,2,0,0,3,1,0,0,3,0,0,0
"OTU_8148",0,0,0,0,0,0,0,0,0,0,0,0,0,0,0,0,0,0,12,0,5,0,0,0,0,0,0,0,0,0,0,0,0,0,17,0,21,0,0,0
"OTU_8151",0,0,0,0,0,0,0,0,0,0,0,0,0,0,0,0,0,0,0,8,0,0,0,0,0,0,0,0,0,0,0,0,6,10,3,0,0,0,28,0
"OTU_8155",0,0,0,0,0,0,0,0,0,0,0,0,0,0,0,0,0,0,0,9,5,0,0,0,0,0,0,0,0,0,0,3,5,0,7,0,6,0,20,0
"OTU_8159",0,0,0,0,9,0,0,0,0,0,0,0,0,0,16,0,0,0,0,0,0,0,0,0,0,0,0,0,0,9,21,0,0,0,0,0,0,0,0,0
"OTU_8163",0,10,0,0,0,0,11,0,0,0,0,0,0,8,0,0,0,0,0,0,13,0,0,0,0,0,0,6,0,7,0,0,0,0,0,0,0,0,0,0
"OTU_8164",0,0,3,0,0,0,0,0,0,12,0,0,0,0,0,0,0,0,0,0,0,0,0,0,30,0,0,0,0,0,10,0,0,0,0,0,0,0,0,0
"OTU_8165",0,0,0,0,0,0,0,0,0,10,0,0,0,0,0,0,0,0,0,0,0,10,20,0,0,0,0,0,0,0,0,0,0,15,0,0,0,0,0,0
"OTU_8171",0,0,0,0,0,0,0,0,2,0,0,0,5,0,2,0,0,1,0,0,0,0,0,0,0,0,0,0,9,0,1,0,2,0,4,0,0,0,23,0
"OTU_8174",0,23,0,0,0,0,0,0,19,0,0,0,0,0,0,0,0,0,0,0,0,0,0,0,2,0,0,0,0,0,3,0,0,0,0,5,0,0,0,0
"OTU_8189",24,0,0,0,11,0,0,0,0,0,0,0,4,0,0,0,0,0,0,0,0,0,0,0,0,0,0,0,0,0,16,0,0,0,0,0,0,0,0,0
"OTU_8199",16,5,0,0,0,6,5,0,0,0,0,0,0,0,0,0,0,0,0,0,0,0,0,0,0,9,0,0,3,0,11,0,0,0,0,0,0,0,0,0
"OTU_8204",0,13,0,0,0,0,0,0,0,0,0,8,0,7,3,0,0,0,0,0,4,0,0,0,0,0,12,0,0,0,0,0,0,0,0,0,0,0,0,0
"OTU_8208",0,0,0,0,0,6,0,0,0,0,0,0,10,0,0,0,0,0,0,0,0,0,0,0,0,0,0,0,8,0,0,0,0,13,0,0,0,0,0,0
"OTU_8216",0,0,0,0,0,0,0,0,0,0,0,0,0,0,0,0,0,0,0,12,0,0,0,0,0,0,0,0,0,0,6,0,0,0,0,0,0,3,0,2
"OTU_8230",0,0,0,0,0,0,0,0,0,0,0,0,0,0,0,11,0,0,0,0,0,0,0,0,0,0,0,0,0,0,0,0,24,6,0,13,0,0,0,0
"OTU_8244",0,0,0,0,0,0,0,0,0,0,0,0,0,5,8,0,0,0,3,0,0,0,4,0,11,0,0,0,0,0,11,0,7,0,0,0,0,0,0,0
"OTU_8246",0,0,0,0,0,27,0,0,0,0,0,0,0,0,0,0,0,0,0,0,0,0,0,0,0,11,0,10,6,0,0,0,0,0,0,0,0,0,0,0
"OTU_8248",0,0,0,0,0,0,0,0,0,0,0,0,12,0,2,0,0,0,0,0,0,0,0,0,0,0,0,0,0,0,0,0,0,0,0,0,5,0,2,0
"OTU_8254",0,0,0,0,0,0,0,0,0,0,0,0,0,0,0,2,0,0,0,0,0,0,13,0,0,0,0,0,0,0,0,0,0,4,0,0,3,7,0,1
"OTU_8255",0,0,0,0,0,0,0,0,0,0,0,0,0,0,0,0,4,3,0,0,0,0,0,0,0,0,0,0,0,0,4,0,0,0,0,0,0,0,0,11
"OTU_8256",0,0,0,0,0,0,7,21,0,0,0,0,0,0,0,0,0,0,0,0,0,0,0,0,0,0,8,0,0,0,15,0,0,0,0,3,0,0,0,0
"OTU_8263",0,0,0,0,0,0,0,0,0,0,0,0,0,0,0,0,0,0,0,0,0,0,6,0,0,0,0,0,0,0,5,0,4,0,0,0,6,0,16,6
"OTU_8264",0,0,0,0,0,0,7,0,0,0,0,0,0,0,0,0,0,0,0,0,15,0,0,0,0,0,0,0,0,0,0,0,0,0,0,0,0,0,6,12
"OTU_8265",0,0,0,0,0,0,0,0,0,0,0,0,0,0,0,0,7,0,0,0,0,0,0,0,0,0,0,0,0,0,4,0,0,0,0,0,0,14,0,6
"OTU_8269",0,0,0,0,0,0,0,0,11,3,0,0,0,0,0,0,0,0,6,4,0,0,0,0,0,0,0,0,0,0,0,30,0,0,0,0,0,0,0,0
"OTU_8270",0,0,0,0,0,0,0,0,0,0,0,5,0,1,0,0,3,0,2,0,0,4,0,0,0,0,0,0,0,0,0,0,0,3,0,0,0,0,1,0
"OTU_8280",0,0,0,0,0,0,0,0,0,0,0,0,0,0,4,6,0,0,0,0,0,1,0,0,0,0,0,0,0,0,0,0,2,0,13,0,3,0,0,0
"OTU_8284",0,0,0,0,0,4,7,0,8,0,0,0,0,0,0,0,0,0,0,0,0,0,0,6,0,0,0,4,0,17,0,0,0,0,0,0,0,0,0,0
"OTU_8286",0,10,6,0,6,0,0,0,0,0,0,0,0,0,0,0,0,0,0,0,0,5,0,0,0,9,0,0,4,0,14,0,0,0,0,0,0,0,0,0
"OTU_8292",0,0,0,0,0,0,0,0,0,20,14,0,0,0,0,0,0,0,0,0,0,0,0,0,13,0,0,0,0,0,0,7,0,0,0,0,0,0,0,0
"OTU_8299",0,0,0,0,0,0,0,0,0,0,0,0,3,0,0,0,0,0,0,15,0,0,0,0,0,0,0,0,0,2,0,34,0,0,0,0,0,0,0,0
"OTU_8306",0,0,0,0,0,0,0,0,7,0,0,0,0,0,8,0,0,0,0,0,0,0,0,0,0,0,0,6,0,0,0,0,0,6,0,0,0,0,0,0
"OTU_8307",8,13,0,0,0,0,0,7,0,0,0,0,0,0,0,0,0,0,0,0,0,0,0,0,0,11,15,0,0,0,0,0,0,0,0,0,0,0,0,0
"OTU_8309",12,0,0,0,0,0,0,7,0,0,4,0,0,0,0,0,0,0,0,0,0,0,0,0,0,7,14,0,0,0,10,0,0,0,0,0,0,0,0,0
"OTU_8310",0,0,0,0,0,0,0,0,0,0,0,0,0,0,0,0,0,0,4,0,0,0,0,0,0,0,6,0,0,0,0,0,6,0,0,0,6,0,9,0
"OTU_8315",0,8,0,0,0,0,0,0,0,0,0,4,0,0,0,0,0,0,0,0,0,0,0,0,0,3,0,0,0,0,0,4,0,0,0,0,0,0,0,0
"OTU_8317",0,0,0,0,0,0,0,0,7,0,13,0,0,0,0,0,0,0,0,0,0,0,0,0,21,0,0,0,0,0,0,13,0,0,0,0,0,0,0,0
"OTU_8319",0,0,15,0,6,0,0,0,0,0,0,3,0,0,6,0,0,0,0,0,0,0,0,0,0,0,0,0,0,0,0,0,0,3,0,7,0,0,10,0
"OTU_8320",0,0,0,0,0,0,4,0,0,0,0,0,0,0,0,0,0,5,0,0,0,0,0,0,0,0,0,0,0,0,7,0,0,0,0,0,0,9,0,0
"OTU_8323",0,0,0,0,0,7,8,0,0,0,0,0,0,0,0,0,0,0,0,9,0,0,13,0,0,0,0,0,0,0,0,0,0,0,6,0,0,0,0,0
"OTU_8337",0,0,0,0,0,0,0,0,13,18,0,0,0,0,0,0,0,0,0,0,0,0,0,0,5,0,0,0,0,0,17,0,0,0,0,0,0,0,0,0
"OTU_8338",0,0,0,0,0,11,0,0,0,0,0,0,0,0,0,0,0,0,0,0,6,0,0,0,9,0,0,0,3,0,0,0,0,0,0,0,0,0,0,0
"OTU_8339",0,0,0,0,0,20,0,3,0,5,0,0,0,0,0,0,0,0,0,0,0,0,0,0,5,0,0,0,10,0,3,0,0,0,0,0,0,0,0,0
"OTU_8340",0,0,0,0,0,0,0,0,0,0,0,1,0,0,2,1,1,0,0,0,0,1,0,0,0,0,0,0,0,0,0,0,1,2,1,0,1,0,0,1
"OTU_8343",0,0,0,0,2,0,0,0,0,0,0,0,0,0,0,1,0,0,0,0,2,2,0,0,0,0,0,0,0,0,0,0,1,0,2,0,0,1,0,1
"OTU_8344",0,0,0,0,0,0,4,0,0,0,0,0,0,0,0,0,0,0,0,0,0,0,0,29,5,8,0,0,7,0,0,0,0,0,0,0,0,0,0,0
"OTU_8347",0,6,0,0,0,0,0,0,0,0,0,0,0,20,4,0,0,0,0,0,0,0,0,0,0,5,0,9,0,0,0,0,0,0,0,0,0,0,0,0
"OTU_8352",0,0,0,0,0,0,0,0,0,0,0,0,0,0,0,0,0,0,0,0,0,0,0,0,0,0,0,0,0,0,17,0,0,18,5,0,6,0,0,0
"OTU_8354",0,0,0,0,0,0,13,10,0,0,0,0,0,0,0,0,0,0,0,0,10,0,0,0,0,8,0,0,4,0,5,0,0,0,0,3,0,0,0,0
"OTU_8366",0,0,0,0,0,0,0,4,0,3,4,0,0,0,0,0,0,0,6,10,0,0,0,0,26,0,0,0,0,0,0,0,0,0,0,0,0,0,0,0
"OTU_8368",0,0,0,0,0,0,6,0,0,0,0,0,0,1,0,0,0,12,0,0,0,3,0,0,0,0,0,0,20,0,2,0,0,0,4,0,0,0,0,1
"OTU_8375",0,0,15,0,0,0,0,0,0,0,0,0,0,0,0,0,4,0,0,0,0,0,0,0,0,0,0,0,0,0,0,0,0,0,0,0,5,3,0,0
"OTU_8376",25,0,0,0,0,14,0,0,0,0,0,0,0,0,0,0,0,0,0,0,0,0,0,0,0,0,7,0,0,0,0,0,0,0,0,7,0,0,0,0
"OTU_8377",7,0,3,0,3,0,0,7,0,0,0,0,0,0,0,0,0,0,0,0,0,0,0,3,0,2,0,0,0,0,0,0,0,0,0,0,0,0,0,0
"OTU_8380",0,12,0,0,0,0,0,14,0,0,0,0,0,0,0,0,0,0,2,0,0,0,0,0,0,13,0,5,0,0,0,0,0,0,0,0,0,0,0,0
"OTU_8381",11,0,0,0,6,0,0,0,7,0,0,0,0,0,0,0,0,0,0,0,0,0,0,0,0,0,0,0,0,0,29,0,0,0,0,0,0,0,0,0
"OTU_8387",0,0,0,0,0,0,0,0,0,0,4,0,0,5,0,0,6,0,0,0,0,0,0,0,0,0,0,0,0,0,0,0,0,0,0,0,4,0,0,0
"OTU_8395",0,0,0,0,2,0,10,0,0,0,1,0,0,0,2,0,6,0,0,0,0,0,5,0,0,0,0,0,0,0,4,0,0,3,0,0,0,3,0,0
"OTU_8397",0,0,0,25,6,0,7,0,0,0,0,0,0,0,0,0,0,0,0,0,0,0,0,0,0,0,0,0,1,14,0,0,0,0,0,0,0,0,0,0
"OTU_8398",0,0,0,0,0,0,0,0,0,0,0,0,14,14,0,0,0,0,0,0,0,0,0,0,0,0,0,0,20,0,0,0,0,0,0,5,0,0,0,0
"OTU_8400",7,0,0,0,7,3,13,0,0,0,0,0,0,0,0,0,0,0,0,0,0,0,0,0,23,0,0,0,0,0,0,0,0,0,0,0,0,0,0,0
"OTU_8404",0,0,0,0,0,0,0,0,14,0,0,0,0,0,0,0,0,0,0,0,0,0,0,0,12,0,0,0,0,0,11,0,0,0,0,0,0,0,8,0
"OTU_8408",0,0,0,0,0,0,0,0,0,0,0,0,0,0,0,0,0,0,0,0,0,0,0,0,6,0,0,0,0,4,6,0,0,0,0,0,0,0,8,0
"OTU_8412",22,0,0,0,0,15,0,0,5,0,0,0,0,0,0,0,0,0,0,0,0,0,0,0,0,10,0,0,0,0,0,0,0,0,0,0,0,0,0,0
"OTU_8413",0,0,0,0,0,0,0,0,0,0,0,0,0,0,0,0,0,0,13,0,0,7,12,0,0,0,0,0,0,0,0,0,20,0,0,0,0,0,0,0
"OTU_8415",0,0,0,0,0,0,0,2,0,0,0,3,0,1,0,1,0,0,0,0,0,1,0,0,0,0,0,0,0,0,0,0,2,0,0,0,0,0,3,2
"OTU_8418",22,0,0,0,0,0,0,0,0,0,0,0,0,0,6,0,0,0,8,0,0,0,0,16,0,0,0,0,0,0,0,0,0,0,0,0,0,0,0,0
"OTU_8437",0,0,0,0,0,0,0,0,0,0,0,0,0,0,0,0,0,0,6,9,0,0,0,0,0,0,0,0,0,0,0,0,21,16,0,0,0,0,0,0
"OTU_8442",0,0,0,0,0,0,1,0,0,0,0,0,1,1,0,1,0,0,1,3,0,0,5,0,0,0,0,0,2,0,0,0,6,6,12,0,2,0,0,0
"OTU_8446",0,0,0,0,0,0,0,0,0,0,0,0,0,0,0,6,0,5,0,0,0,0,0,0,0,0,0,0,0,0,0,0,0,0,0,0,15,5,0,0
"OTU_8447",13,0,0,0,0,13,0,0,7,0,0,0,0,0,0,0,0,0,0,0,0,0,0,0,0,0,19,0,0,0,0,0,0,0,0,0,0,0,0,0
"OTU_8457",0,0,0,0,10,0,0,0,0,0,0,0,0,0,0,0,13,0,0,0,0,0,0,0,0,0,0,0,0,0,0,0,0,13,0,2,0,0,0,0
"OTU_8460",7,0,0,0,0,0,6,0,0,0,0,0,0,0,0,0,6,0,0,0,0,0,0,0,0,0,0,0,0,0,0,0,0,0,4,0,7,5,0,0
"OTU_8462",0,0,0,0,0,0,0,0,0,0,0,0,0,0,0,0,0,16,0,0,5,0,10,0,0,0,0,0,0,0,0,0,18,0,0,0,0,0,0,3
"OTU_8465",9,0,0,0,13,0,0,9,0,0,0,0,0,0,0,0,0,0,0,0,0,0,0,0,0,14,7,0,0,0,0,0,0,0,0,0,0,0,0,0
"OTU_8468",8,0,0,0,0,0,0,0,0,0,0,0,0,0,0,0,0,0,0,0,0,0,0,0,0,26,5,0,0,0,0,0,0,0,0,13,0,0,0,0
"OTU_8469",0,0,0,0,0,0,0,0,4,0,0,0,0,0,0,0,0,1,0,0,0,0,0,0,3,0,0,0,0,0,0,0,0,0,0,0,0,0,0,2
"OTU_8478",19,8,0,0,0,0,0,0,8,0,0,0,0,0,0,0,0,0,0,0,0,0,0,0,0,0,6,0,0,0,11,0,0,0,0,0,0,0,0,0
"OTU_8479",0,0,0,0,0,0,0,0,0,0,0,0,0,0,0,0,0,15,0,0,0,0,11,0,0,0,0,0,0,0,21,0,0,0,0,0,5,0,0,0
"OTU_8486",0,0,0,0,0,0,10,0,0,0,0,0,13,6,0,0,13,0,0,0,0,0,0,0,0,0,0,0,0,0,0,0,2,8,0,0,0,0,0,0
"OTU_8487",0,2,0,0,3,12,0,0,0,0,0,0,0,0,0,0,0,0,0,0,0,0,0,0,0,0,6,0,0,4,0,0,0,0,0,0,10,0,0,0
"OTU_8488",8,0,0,0,0,0,0,18,15,0,0,0,0,0,0,0,0,0,0,0,0,0,0,0,0,0,0,0,0,0,0,11,0,0,0,0,0,0,0,0
"OTU_8492",0,0,0,0,0,0,0,0,0,0,0,0,0,0,0,0,0,0,0,0,2,15,11,0,0,0,0,0,0,0,0,0,0,0,0,0,0,0,7,0
"OTU_8496",0,0,6,0,0,0,0,0,0,0,0,0,0,0,0,0,0,9,0,0,0,0,8,0,0,0,0,0,0,0,3,0,0,0,0,0,0,8,0,0
"OTU_8497",0,0,0,0,2,0,0,0,0,0,0,2,5,3,2,0,1,0,0,0,0,2,0,0,4,0,0,0,0,0,3,0,0,0,0,1,0,3,8,0
"OTU_8499",0,2,6,0,0,0,0,0,0,0,0,0,0,0,0,0,0,0,0,0,0,2,0,0,0,0,0,0,0,0,0,0,2,0,0,0,0,0,0,0
"OTU_8500",0,0,0,0,0,0,0,0,0,0,0,0,0,0,0,5,0,0,0,0,0,0,0,0,0,0,0,0,0,0,0,0,0,0,0,0,0,3,8,5
"OTU_8501",0,22,0,0,0,0,0,0,0,0,0,0,0,0,0,0,0,0,0,0,0,2,0,0,0,0,0,3,0,0,0,0,0,0,0,0,0,3,10,0
"OTU_8516",0,0,0,0,0,0,0,0,0,0,0,2,0,0,0,0,7,0,0,0,0,0,5,0,0,0,0,0,0,0,0,0,0,0,0,0,0,0,8,0
"OTU_8519",0,0,0,0,0,0,0,0,0,0,0,4,0,0,0,0,0,0,0,0,0,3,8,0,0,0,0,0,0,2,0,18,0,0,0,0,0,0,0,0
"OTU_8524",0,0,0,0,0,11,0,8,22,0,2,0,0,0,0,0,0,0,0,0,0,3,0,0,0,0,0,0,5,0,0,0,0,0,0,0,0,0,0,0
"OTU_8526",0,0,3,0,11,0,0,0,0,0,0,0,0,0,7,0,0,0,2,0,0,0,2,0,0,0,0,0,0,0,0,0,3,0,0,0,0,0,0,0
"OTU_8528",0,19,0,0,0,0,0,6,0,0,0,0,0,0,0,0,0,0,0,0,0,0,0,0,13,7,0,0,0,6,0,0,0,0,0,0,0,0,0,0
"OTU_8530",0,10,0,0,0,0,0,0,0,0,0,0,0,0,0,0,0,5,0,0,0,0,0,0,0,0,0,0,0,0,14,8,0,0,0,0,0,0,0,0
"OTU_8531",0,4,0,0,0,0,0,0,0,0,0,0,0,0,0,0,0,0,0,0,0,0,9,0,0,0,0,0,0,0,22,0,0,0,0,0,0,0,0,12
"OTU_8532",0,14,0,0,0,0,0,19,5,0,0,0,0,0,0,0,0,0,0,0,0,0,0,0,0,9,0,0,0,0,0,0,0,0,0,0,0,0,0,0
"OTU_8565",0,9,13,0,0,0,0,0,0,0,0,0,0,0,0,0,0,0,0,0,0,0,0,0,0,0,7,0,0,0,0,0,0,11,0,5,0,0,0,0
"OTU_8566",0,0,0,0,0,0,0,0,0,0,0,0,0,0,0,0,0,0,0,8,0,0,9,0,0,0,0,0,0,0,0,0,8,0,8,0,0,0,0,0
"OTU_8574",0,0,0,0,0,0,0,0,16,0,0,0,0,0,0,0,0,0,0,0,0,0,0,0,20,0,0,0,0,0,0,11,0,0,4,0,0,0,0,0
"OTU_8576",0,0,0,0,0,0,0,0,0,0,0,9,3,8,0,0,18,0,5,0,0,0,0,0,0,0,0,0,0,0,0,0,0,0,0,8,0,0,0,0
"OTU_8577",0,0,0,0,0,0,0,0,0,0,0,0,0,0,0,0,6,5,0,0,0,0,0,0,0,0,0,0,0,0,0,0,10,0,0,0,12,0,0,18
"OTU_8590",0,0,0,0,0,0,0,0,0,0,0,1,0,0,0,9,0,0,0,0,0,0,0,0,0,0,0,0,0,0,0,0,0,0,0,0,0,0,1,2
"OTU_8594",0,0,0,0,0,0,0,0,0,0,0,0,0,0,0,0,21,0,0,0,0,0,0,0,0,0,0,0,10,0,8,0,0,11,0,0,0,0,0,0
"OTU_8599",0,0,0,0,0,0,0,0,0,0,0,0,0,0,0,0,0,0,0,0,2,0,0,0,0,0,0,0,0,0,0,0,9,4,0,0,0,0,8,0
"OTU_8606",0,0,0,0,8,0,0,0,0,0,0,0,0,0,0,0,0,0,0,0,0,0,0,0,0,0,0,0,5,0,0,0,0,0,0,0,6,0,15,0
"OTU_8607",0,14,8,0,0,0,8,0,0,0,0,0,0,0,0,0,2,0,0,0,6,0,0,0,0,0,5,0,0,0,0,0,0,0,0,0,0,7,0,0
"OTU_8612",0,0,0,0,0,0,0,3,0,0,0,5,0,0,0,0,0,0,0,0,0,0,0,0,0,0,0,5,0,0,11,0,0,0,7,0,0,0,0,0
"OTU_8615",0,0,0,0,0,0,0,0,0,0,0,0,0,0,0,0,0,9,0,0,0,0,7,0,5,0,0,0,0,0,0,0,0,0,4,0,0,0,0,1
"OTU_8617",0,0,0,0,0,9,0,0,0,10,13,0,0,0,0,0,0,0,0,0,0,0,0,0,14,0,0,0,0,4,0,0,0,0,0,0,0,0,0,0
"OTU_8621",0,0,8,0,0,0,0,0,0,0,0,0,0,0,0,0,0,0,0,0,0,0,0,0,0,11,0,22,0,0,0,0,0,0,0,9,0,0,0,0
"OTU_8632",0,0,0,0,0,2,4,0,0,0,7,0,0,4,0,0,0,0,0,0,0,0,0,0,0,0,0,0,10,0,0,0,0,3,0,0,0,0,0,0
"OTU_8634",6,27,0,0,0,0,0,0,0,0,0,0,0,0,0,0,0,0,0,0,0,0,0,0,0,0,9,0,0,0,0,0,8,0,0,0,0,0,0,0
"OTU_8638",0,0,0,0,0,0,0,0,0,0,0,0,0,0,0,0,8,20,0,0,0,0,7,0,0,0,0,0,5,0,0,0,0,0,0,0,0,0,0,0
"OTU_8642",0,0,0,0,0,0,12,0,0,0,0,0,0,0,0,0,0,15,0,9,0,0,8,0,0,0,0,0,0,0,0,0,0,0,6,0,0,0,0,0
"OTU_8656",0,0,0,0,0,0,0,0,0,0,0,0,0,0,0,0,2,14,0,0,0,0,7,0,0,0,0,0,0,0,0,0,0,0,0,0,0,7,20,0
"OTU_8661",0,0,0,0,0,0,0,0,0,0,0,0,0,0,0,0,0,0,0,0,0,0,4,0,0,0,0,0,0,0,0,0,0,5,0,0,0,1,1,0
"OTU_8666",0,3,1,0,0,0,0,0,0,0,0,0,0,20,0,0,0,0,0,0,0,0,0,3,0,0,0,0,0,0,0,0,23,0,0,0,0,0,0,0
"OTU_8667",1,0,0,2,1,0,0,1,0,0,0,0,0,0,1,0,0,0,1,0,0,0,0,2,0,0,0,0,0,1,0,0,0,0,0,0,0,0,0,0
"OTU_8669",0,0,0,0,0,0,0,3,0,0,28,0,0,0,0,0,0,2,0,6,0,0,0,0,0,0,0,0,0,11,0,0,0,0,0,0,0,0,0,0
"OTU_8674",0,0,0,0,0,0,4,0,0,0,0,0,0,0,0,0,0,17,3,5,0,0,5,0,0,0,0,0,0,0,9,0,0,0,0,0,0,0,0,7
"OTU_8678",0,0,0,0,0,0,0,0,0,0,0,0,0,0,0,0,0,15,0,18,11,0,0,0,0,0,0,0,0,0,0,0,0,0,0,0,0,6,0,0
"OTU_8683",0,0,0,0,0,0,0,0,0,0,0,0,0,0,0,0,0,5,0,7,0,0,0,0,0,0,0,0,0,0,0,0,0,0,0,0,8,0,8,0
"OTU_8685",0,0,0,0,0,5,0,8,7,0,0,0,0,0,0,0,0,0,0,0,0,3,0,0,13,0,0,0,0,0,0,14,0,0,0,0,0,0,0,0
"OTU_8688",0,0,0,0,0,0,0,0,0,0,0,0,3,6,0,0,0,0,0,6,0,0,7,0,0,0,0,0,0,0,0,0,0,0,0,0,0,0,0,0
"OTU_8698",0,0,0,0,0,0,0,0,7,0,0,0,5,0,0,0,0,0,0,0,6,0,0,0,0,0,0,0,0,20,6,0,0,0,0,0,0,0,0,0
"OTU_8702",0,0,0,0,0,0,0,23,11,9,0,0,0,0,0,0,0,0,0,0,0,0,0,0,0,7,0,0,0,0,0,0,0,0,0,0,0,0,0,0
"OTU_8706",0,0,0,0,0,0,0,0,0,0,0,9,10,0,11,0,15,0,0,0,5,0,0,0,0,0,0,0,0,0,0,0,0,0,0,0,0,0,0,0
"OTU_8713",0,0,0,0,0,0,0,0,12,0,4,0,14,0,0,0,0,0,3,0,4,0,0,0,6,0,0,0,6,0,0,0,0,0,0,0,0,0,0,0
"OTU_8727",0,0,0,0,0,29,0,0,0,0,7,0,0,8,0,0,0,0,0,0,0,0,0,0,0,0,0,0,5,0,0,0,0,0,0,0,0,0,0,0
"OTU_8734",0,1,0,0,0,0,0,0,0,0,0,0,0,0,1,1,3,0,0,0,1,1,1,0,0,0,0,0,0,0,0,0,0,3,2,0,2,2,1,1
"OTU_8736",0,0,0,0,5,0,0,0,0,0,0,0,0,0,0,0,0,0,0,0,0,0,0,6,0,0,0,17,11,10,0,0,0,0,0,0,0,0,0,0
"OTU_8741",0,0,0,0,0,0,5,6,17,0,7,0,0,0,0,0,0,0,0,0,0,0,0,0,8,0,0,0,0,0,0,6,0,0,0,0,0,0,0,0
"OTU_8742",0,33,0,0,3,0,0,0,0,0,0,0,0,0,0,4,0,0,0,0,0,0,0,0,0,0,0,0,0,0,0,0,0,0,0,5,0,0,0,0
"OTU_8744",0,0,0,0,0,0,0,13,3,0,0,0,0,0,0,0,0,0,0,0,0,0,0,0,0,0,0,0,2,0,0,0,21,0,0,0,0,7,0,0
"OTU_8757",0,0,0,0,0,12,0,6,20,0,0,0,0,0,0,0,0,0,0,0,0,0,0,0,6,0,5,0,0,0,0,0,0,0,0,0,0,0,0,0
"OTU_8759",0,18,0,0,0,11,0,14,0,0,0,0,0,0,0,0,0,0,0,0,0,0,0,0,0,0,0,0,0,0,0,0,0,0,0,0,0,6,0,0
"OTU_8761",0,25,13,0,0,0,0,0,0,0,0,0,0,0,0,0,0,0,0,0,0,0,0,0,0,0,0,0,0,0,0,0,0,5,0,6,0,0,0,0
"OTU_8781",0,0,6,0,0,0,0,5,0,0,0,0,0,0,0,0,0,6,0,0,0,0,0,0,0,6,0,0,0,0,0,0,0,0,0,6,0,0,0,0
"OTU_8785",0,0,0,0,0,0,0,0,0,0,0,0,0,0,0,0,0,0,9,0,0,0,0,0,0,0,0,0,0,0,0,0,9,2,5,0,0,0,0,0
"OTU_8791",14,0,0,0,0,0,0,0,11,0,0,0,0,0,0,0,0,0,0,0,0,0,0,0,0,6,18,0,0,0,0,0,0,0,0,0,0,0,0,0
"OTU_8793",0,0,0,0,0,0,7,0,8,0,4,0,0,0,0,0,0,0,0,0,0,0,0,0,2,3,0,4,2,0,19,0,0,0,0,0,0,0,0,0
"OTU_8809",0,0,0,0,0,0,4,0,0,0,0,0,0,0,0,0,0,0,0,0,0,12,0,0,12,0,5,0,0,0,0,16,0,0,0,0,0,0,0,0
"OTU_8811",0,0,0,0,0,10,0,3,0,0,6,0,0,0,0,0,0,0,0,0,0,0,10,0,2,0,0,0,7,0,4,0,0,0,0,0,0,4,0,0
"OTU_8816",0,0,0,0,0,0,10,0,0,0,3,0,0,0,0,0,0,0,0,0,0,0,0,0,0,0,0,31,5,0,0,0,0,0,0,0,0,0,0,0
"OTU_8822",0,0,0,1,2,0,1,9,0,0,0,0,0,5,26,0,0,0,0,0,0,0,0,0,0,0,0,0,0,0,0,0,0,0,0,2,2,0,0,0
"OTU_8838",0,0,0,0,0,0,0,0,2,32,0,0,0,0,0,0,0,1,0,0,0,1,6,0,0,0,0,0,0,0,0,0,0,0,0,0,0,0,0,0
"OTU_8840",0,0,0,0,0,0,2,0,0,0,0,0,0,3,0,0,0,0,0,0,0,3,1,0,0,0,0,0,0,0,0,0,0,0,5,0,0,0,4,0
"OTU_8845",0,0,0,7,0,0,0,0,0,0,0,0,8,0,0,0,20,0,0,0,0,0,0,0,6,0,0,0,0,0,0,0,0,0,0,0,0,0,0,0
"OTU_8848",0,0,0,0,0,13,4,0,0,0,0,0,0,11,0,0,0,0,0,0,0,0,0,0,0,0,0,0,6,0,0,0,0,0,0,0,0,0,0,0
"OTU_8859",0,0,0,0,0,0,12,0,0,0,0,0,0,0,0,0,0,0,0,0,0,0,0,0,0,0,0,15,5,16,0,0,0,0,0,0,0,0,0,0
"OTU_8860",0,0,0,0,0,0,9,0,0,0,0,0,0,0,0,0,0,0,0,0,0,0,0,0,7,0,0,10,0,0,0,10,0,0,0,0,0,0,7,0
"OTU_8866",0,0,0,0,0,0,0,0,0,0,0,0,0,5,11,0,13,0,0,0,5,0,0,0,0,0,0,0,0,0,0,0,0,8,0,0,0,0,6,0
"OTU_8869",0,0,0,0,0,0,0,0,0,0,0,0,0,0,3,0,0,0,0,0,0,0,0,0,0,0,0,0,2,0,0,0,3,0,0,6,0,0,9,0
"OTU_8872",0,0,0,0,0,5,18,0,0,0,0,0,0,0,0,0,0,0,0,0,0,0,0,0,0,0,0,6,0,0,11,0,0,0,0,8,0,0,0,0
"OTU_8873",1,7,1,0,1,0,0,0,0,0,0,0,0,0,1,0,0,0,0,0,0,0,0,0,0,0,18,4,0,0,0,0,0,0,0,0,0,0,0,2
"OTU_8880",0,0,0,0,0,0,0,0,0,0,0,0,0,0,0,0,0,0,0,13,15,0,9,0,0,0,0,0,0,0,0,0,0,0,11,0,0,0,0,0
"OTU_8884",0,0,0,0,0,6,0,0,9,0,0,0,12,0,0,0,0,0,0,0,0,0,3,0,0,0,0,0,0,0,0,18,0,0,0,0,0,0,0,0
"OTU_8901",16,0,0,0,8,0,0,0,0,0,0,0,0,0,5,0,0,0,0,0,0,0,0,0,0,0,0,2,4,0,0,0,0,0,0,0,0,0,0,0
"OTU_8903",0,0,0,0,0,0,0,0,0,0,0,0,4,0,0,0,4,0,12,0,0,0,0,0,0,0,0,0,0,0,0,0,0,4,0,0,0,0,0,0
"OTU_8906",0,0,8,0,0,0,0,0,0,0,0,0,0,0,0,0,0,0,0,0,0,0,0,0,0,0,0,0,0,0,11,0,0,0,14,0,0,5,0,0
"OTU_8909",0,0,0,0,0,0,0,4,0,0,0,2,1,0,0,0,0,0,0,0,0,0,10,0,0,8,0,16,6,0,0,0,0,0,0,0,0,0,0,0
"OTU_8913",0,0,0,0,0,0,0,0,0,0,2,1,0,0,0,0,0,0,1,0,1,0,0,0,0,0,0,0,0,0,0,0,3,2,0,0,0,0,0,0
"OTU_8924",4,0,0,0,24,11,0,0,0,0,0,0,0,0,0,0,2,0,4,0,0,0,0,2,0,0,0,0,0,0,0,0,0,0,0,0,0,0,0,0
"OTU_8929",11,0,0,0,0,0,0,13,0,0,0,0,0,0,0,0,0,0,0,0,0,0,0,0,0,0,6,0,0,0,5,0,0,0,0,0,0,0,0,0
"OTU_8949",17,0,2,0,6,0,0,0,5,0,0,0,0,0,0,0,0,0,0,0,0,0,0,0,0,0,11,6,0,0,0,0,0,0,0,0,0,0,0,0
"OTU_8953",0,0,0,0,0,0,0,0,0,0,0,0,0,0,0,0,0,0,6,0,11,0,0,0,0,0,0,0,6,0,4,0,0,0,13,0,0,0,0,0
"OTU_8955",0,16,0,0,3,0,0,0,0,0,0,0,0,0,0,0,0,0,0,0,0,0,0,0,0,5,0,9,14,0,0,0,0,0,0,0,0,0,0,0
"OTU_8960",0,0,0,0,0,0,0,0,0,0,0,13,0,12,0,0,8,0,0,0,0,0,0,0,0,0,0,0,0,0,0,0,0,0,0,11,0,0,0,0
"OTU_8989",0,2,0,0,0,0,0,0,0,9,0,0,0,0,0,0,0,0,0,0,0,0,0,0,15,0,0,0,0,0,0,21,0,0,0,0,0,0,0,0
"OTU_8991",7,13,0,0,5,0,0,0,0,0,0,0,0,0,0,3,0,0,0,0,0,0,0,0,0,3,0,0,0,0,9,0,0,0,0,0,0,0,0,0
"OTU_9011",0,0,0,0,0,0,0,9,8,0,1,0,0,0,0,0,0,0,0,0,0,0,0,0,3,0,0,0,0,0,3,18,0,0,0,0,0,0,0,0
"OTU_9014",0,0,0,0,5,0,0,0,0,0,0,0,0,0,0,0,7,0,0,0,0,0,0,0,0,0,0,0,0,0,0,0,0,5,0,13,0,0,0,0
"OTU_9018",0,6,5,0,11,0,0,0,0,0,0,0,0,0,0,0,0,0,0,0,0,0,0,0,0,0,0,0,0,0,0,0,0,0,0,0,0,2,0,0
"OTU_9028",0,0,0,0,0,0,0,19,14,4,0,0,0,0,0,0,0,0,0,0,0,0,0,0,0,0,9,0,0,0,0,0,0,0,0,0,0,0,0,0
"OTU_9029",0,0,0,0,2,0,0,0,0,0,1,0,0,0,1,1,1,1,0,4,2,0,1,0,0,0,0,0,0,0,1,0,0,2,1,0,0,2,5,1
"OTU_9030",0,0,12,0,15,0,0,0,0,0,0,0,0,0,0,0,0,0,0,0,0,8,0,0,0,0,0,0,0,0,0,0,0,0,0,11,0,0,0,0
"OTU_9032",0,0,0,0,0,0,0,0,0,0,0,0,0,0,31,5,0,0,0,5,0,0,0,0,0,0,0,0,0,2,0,0,3,0,0,0,0,0,0,0
"OTU_9041",21,13,0,0,0,0,0,0,0,0,0,0,0,0,0,0,0,0,0,0,0,0,0,0,0,0,8,4,0,0,0,0,0,0,0,0,0,0,0,0
"OTU_9042",0,0,2,0,0,0,0,0,0,0,0,0,0,25,0,0,0,0,0,0,0,0,0,0,0,0,0,0,12,7,0,0,0,0,0,0,0,0,0,0
"OTU_9052",0,0,0,0,0,0,0,0,0,0,0,0,11,0,0,0,7,0,11,0,12,0,0,0,0,0,0,0,0,0,0,0,0,0,0,0,0,0,0,0
"OTU_9057",0,0,0,0,0,0,0,0,2,0,13,0,0,0,0,0,0,0,0,0,0,0,0,0,12,9,0,0,10,0,0,0,0,0,0,0,0,0,0,0
"OTU_9061",0,12,0,0,0,0,0,0,13,0,0,0,0,0,0,0,0,0,0,0,0,0,0,0,0,11,0,0,4,0,6,0,0,0,0,0,0,0,0,0
"OTU_9063",0,0,0,0,0,10,0,8,8,11,0,0,0,0,0,0,0,0,0,0,0,0,0,0,9,0,0,0,0,0,0,0,0,0,0,0,0,0,0,0
"OTU_9069",5,0,0,0,1,0,0,0,0,0,0,0,0,4,0,4,0,0,0,0,0,0,0,0,0,0,0,0,0,0,0,0,0,0,0,0,12,0,0,0
"OTU_9070",0,0,0,0,0,0,18,0,0,0,15,0,0,0,0,0,0,0,0,0,0,0,0,0,2,0,0,7,0,0,0,0,0,0,0,0,0,0,0,0
"OTU_9071",0,0,0,0,0,0,0,0,0,0,0,0,0,0,2,0,0,0,7,0,2,0,0,0,0,0,0,0,0,0,0,0,0,0,0,2,0,0,0,0
"OTU_9077",7,0,0,0,0,0,6,0,0,0,0,0,0,0,0,0,0,0,0,0,0,0,0,0,0,9,16,0,4,0,0,0,0,0,0,0,0,0,0,0
"OTU_9080",0,22,0,0,0,0,0,0,0,0,0,0,0,0,0,0,0,0,5,0,0,0,0,0,0,12,0,0,0,0,0,0,0,0,0,7,0,0,0,0
"OTU_9081",0,0,0,14,0,0,0,0,0,19,0,0,0,0,0,0,0,0,0,0,11,0,0,0,0,0,0,0,0,0,2,0,0,0,0,0,0,0,0,0
"OTU_9082",0,0,0,0,0,9,0,0,8,0,0,0,6,4,0,0,0,0,0,0,0,7,0,0,0,0,0,0,0,0,0,0,0,5,0,0,0,0,0,0
"OTU_9088",9,0,0,0,0,9,0,0,0,0,0,0,0,17,0,0,0,0,0,0,0,0,0,0,0,0,0,0,0,0,0,0,0,0,0,11,0,0,0,0
"OTU_9126",0,0,0,0,3,0,0,9,0,13,0,0,4,0,0,0,0,0,0,0,0,0,0,0,9,0,0,0,0,0,7,0,0,0,0,0,0,0,0,0
"OTU_9144",0,0,0,0,0,10,0,5,0,0,0,0,0,15,0,0,0,0,0,0,0,0,0,0,0,0,0,0,13,0,2,0,0,0,0,0,0,0,0,0
"OTU_9163",0,0,0,0,0,0,15,0,0,0,0,0,10,0,0,0,0,0,0,0,0,0,0,12,8,0,0,0,0,0,0,0,0,0,0,0,0,0,0,0
"OTU_9166",0,0,0,2,0,0,3,0,0,0,0,0,0,0,0,0,0,0,0,0,0,0,6,0,0,0,0,2,6,0,0,0,0,0,0,0,0,8,0,6
"OTU_9172",0,0,5,0,0,0,0,0,0,0,0,0,0,13,9,0,0,0,11,0,0,0,0,0,0,0,0,0,0,0,0,0,0,7,0,0,0,0,0,0
"OTU_9176",0,0,0,0,0,0,0,2,0,0,0,4,0,0,0,0,0,3,0,0,0,3,0,0,0,0,0,0,0,0,0,0,0,2,2,0,1,2,0,0
"OTU_9187",0,0,0,0,0,0,0,0,19,0,0,0,0,0,0,0,0,0,0,4,8,0,0,0,0,0,0,0,0,0,7,7,0,0,0,0,0,0,0,0
"OTU_9209",0,0,2,0,2,0,0,0,0,0,0,0,0,6,3,0,0,0,0,2,0,0,0,0,0,0,0,0,0,0,0,0,0,0,2,0,0,4,0,0
"OTU_9211",0,0,0,0,0,0,0,2,23,0,3,0,0,0,0,0,0,0,0,0,0,0,0,0,0,0,0,0,0,0,0,17,0,0,0,0,0,0,0,0
"OTU_9214",0,0,2,0,4,0,6,0,0,0,0,0,0,0,0,0,0,0,0,0,0,0,0,0,2,7,4,5,0,0,0,0,0,4,0,3,0,3,0,0
"OTU_9215",9,0,0,0,0,0,0,4,0,3,0,0,8,0,0,0,0,0,0,0,0,0,0,0,9,0,0,0,0,0,0,11,0,0,0,0,0,0,0,0
"OTU_9222",0,0,0,0,0,0,0,0,0,0,0,0,0,0,0,0,3,0,4,0,4,0,3,0,0,0,0,0,2,0,0,0,3,0,0,0,5,0,6,0
"OTU_9223",0,0,0,0,0,0,0,0,0,17,0,0,0,0,0,0,0,0,0,0,0,0,0,0,0,0,0,5,10,6,6,0,0,0,0,0,0,0,0,0
"OTU_9225",0,0,0,0,0,0,0,0,0,0,0,0,0,0,0,0,0,16,0,0,0,0,11,0,0,0,0,0,0,0,0,0,0,0,0,0,0,11,0,6
"OTU_9242",0,0,0,0,0,0,0,0,0,0,0,0,0,0,0,0,0,0,0,0,0,0,0,0,12,8,0,3,21,0,0,0,0,0,0,0,0,0,0,0
"OTU_9247",0,3,0,0,0,0,0,0,0,0,0,11,0,0,0,0,16,0,6,0,0,0,0,0,0,0,0,0,0,0,0,0,0,0,0,0,0,0,0,0
"OTU_9260",0,0,0,0,0,0,0,0,0,0,0,0,0,0,0,0,0,0,0,0,0,0,5,0,0,0,0,0,0,0,0,0,6,0,0,0,0,9,12,2
"OTU_9268",0,0,0,0,0,0,0,0,0,0,0,0,0,0,0,0,12,0,0,0,0,8,0,0,0,0,0,0,0,0,0,0,0,5,10,0,0,0,0,0
"OTU_9287",0,0,0,7,0,0,5,2,0,0,3,0,1,0,0,1,0,1,0,0,4,0,0,0,0,0,0,0,2,0,2,0,0,1,0,1,4,2,0,0
"OTU_9288",0,0,0,0,0,0,0,0,0,0,0,0,0,0,0,0,0,4,5,14,0,0,0,0,0,0,0,0,0,0,0,0,0,0,0,0,0,0,4,0
"OTU_9290",0,0,0,0,8,0,0,0,0,0,0,0,0,0,15,0,0,0,0,0,0,0,0,0,0,0,0,0,0,0,2,0,8,0,0,0,0,0,0,0
"OTU_9292",0,0,0,1,0,0,0,0,1,1,1,1,0,0,0,0,0,0,4,0,1,0,0,0,2,0,0,3,1,0,0,0,0,1,0,0,0,0,0,1
"OTU_9296",0,2,5,0,8,0,0,0,9,0,0,0,0,0,0,0,0,0,0,0,0,0,0,0,0,20,0,0,0,0,0,0,0,0,0,0,0,0,0,0
"OTU_9298",0,0,14,0,0,0,0,0,0,0,0,0,0,0,6,0,0,0,0,0,0,0,0,0,0,0,0,0,0,0,11,13,0,0,0,0,0,0,0,0
"OTU_9303",0,0,0,0,0,0,0,0,0,0,0,2,0,0,0,0,0,3,2,0,0,0,1,0,0,0,0,0,0,0,0,0,1,2,2,0,0,1,6,1
"OTU_9310",0,0,0,0,0,0,0,0,0,0,0,0,0,10,0,0,6,0,0,0,0,0,0,0,0,0,0,0,0,0,15,0,0,0,0,13,0,0,0,0
"OTU_9311",0,0,9,0,0,0,0,0,0,0,0,0,0,0,11,0,0,0,5,0,3,0,0,0,0,0,0,0,0,0,11,0,0,0,0,0,0,0,5,0
"OTU_9321",0,0,0,0,0,0,0,0,0,2,0,0,0,0,0,0,0,0,2,0,0,0,0,0,11,0,0,0,0,0,0,0,0,0,0,0,0,0,4,0
"OTU_9330",0,0,0,0,0,0,0,0,0,0,0,0,0,0,0,0,0,0,7,0,0,0,8,0,0,0,0,0,0,0,0,0,0,17,11,0,0,0,0,0
"OTU_9331",0,0,0,0,0,0,0,0,0,0,0,0,0,0,6,0,1,0,0,0,0,0,0,0,1,2,0,0,1,0,1,0,2,1,1,3,1,2,2,0
"OTU_9333",0,0,0,0,0,0,0,0,0,0,0,0,3,0,0,0,0,0,0,0,0,0,0,0,0,0,0,0,0,0,0,0,0,0,11,17,0,0,12,0
"OTU_9337",0,0,0,0,0,0,8,0,0,0,0,0,0,0,8,0,0,0,0,0,0,0,0,0,0,0,0,0,0,0,10,0,0,3,8,6,0,0,0,0
"OTU_9348",0,0,0,0,0,8,0,0,6,0,7,0,0,0,0,0,7,0,0,0,0,0,0,0,8,0,0,0,0,0,0,0,0,0,0,0,0,0,0,0
"OTU_9350",0,0,0,0,0,6,4,0,0,1,0,0,0,0,0,0,6,0,0,0,0,3,0,0,12,0,0,0,0,4,7,0,0,0,0,0,0,0,0,0
"OTU_9359",0,12,0,0,0,0,0,2,0,0,0,0,0,0,0,0,0,0,20,0,9,0,0,0,0,0,0,0,0,0,0,0,0,0,0,0,0,0,0,0
"OTU_9363",13,15,5,0,0,0,0,0,0,0,0,0,0,0,0,0,0,0,0,0,0,0,0,0,0,0,0,0,0,0,0,0,10,0,0,0,0,0,0,0
"OTU_9371",0,0,0,0,0,0,0,0,9,0,8,0,0,0,0,0,0,0,0,0,0,2,0,0,0,0,0,0,0,0,0,0,24,0,0,0,0,0,0,0
"OTU_9376",0,0,0,0,0,0,0,0,0,0,0,0,0,0,0,0,0,0,0,0,0,0,9,0,0,0,0,0,0,0,0,0,8,0,0,0,8,7,0,11
"OTU_9382",4,0,0,0,0,0,0,0,0,0,0,0,8,0,0,0,0,0,0,0,0,0,0,0,0,0,0,0,0,4,0,27,0,0,0,0,0,0,0,0
"OTU_9386",0,0,0,0,0,0,0,0,0,0,0,3,0,0,0,0,10,0,0,0,0,0,0,0,0,10,0,0,0,0,0,0,0,0,0,0,0,0,10,0
"OTU_9387",0,0,0,0,0,0,0,7,0,0,0,0,0,0,0,0,0,0,0,0,10,0,0,0,15,2,0,0,0,0,9,0,0,0,0,0,0,0,0,0
"OTU_9388",0,0,3,0,3,0,0,3,0,1,0,5,2,0,0,0,2,0,0,0,1,0,0,0,0,0,0,0,0,0,0,0,0,5,0,0,0,0,0,4
"OTU_9392",0,0,0,0,0,0,0,0,0,0,0,0,14,0,0,0,0,0,0,0,0,0,14,0,0,0,0,0,0,0,0,0,0,5,0,0,0,0,10,0
"OTU_9404",0,0,6,0,0,0,0,0,0,0,0,0,0,0,0,0,9,0,0,0,0,0,0,0,0,5,0,0,0,0,0,0,0,5,0,0,0,0,0,0
"OTU_9406",0,0,0,0,0,0,0,0,0,0,0,0,0,0,7,0,0,0,0,0,0,0,14,0,0,0,0,0,0,0,0,0,5,3,0,14,0,0,0,0
"OTU_9413",0,0,0,0,11,8,0,0,0,0,0,0,0,0,0,0,5,0,0,0,0,0,0,0,0,0,0,19,0,0,0,0,0,0,0,0,0,0,0,0
"OTU_9421",0,0,0,0,0,0,3,0,0,0,0,0,0,0,6,11,0,0,2,1,4,0,5,0,0,0,0,0,0,0,0,0,0,0,0,1,1,0,9,0
"OTU_9423",0,0,0,0,0,0,0,5,0,0,0,0,0,0,0,0,0,0,0,0,0,0,0,0,0,8,19,0,0,0,11,0,0,0,0,0,0,0,0,0
"OTU_9424",0,0,1,0,1,0,0,0,0,0,0,2,0,1,0,0,2,0,2,0,1,1,0,0,0,0,0,0,0,0,0,0,4,0,0,6,0,0,0,0
"OTU_9426",0,0,0,0,0,13,0,6,0,0,0,0,0,0,0,0,0,4,0,0,0,0,7,0,0,0,0,0,0,0,0,0,0,0,0,0,0,0,0,13
"OTU_9429",0,0,10,0,0,0,0,0,0,0,0,0,0,6,0,0,0,0,0,0,0,0,0,0,0,19,0,0,0,0,0,0,0,0,0,0,0,4,4,0
"OTU_9438",0,0,0,0,0,0,0,13,0,0,0,0,0,0,0,2,0,3,0,0,0,0,0,0,0,0,0,0,0,0,3,0,0,0,0,0,0,0,0,0
"OTU_9442",0,1,0,0,1,0,1,0,0,3,0,0,0,1,12,0,0,0,1,0,3,0,0,0,2,0,1,0,0,11,0,0,0,0,0,0,0,1,1,0
"OTU_9451",0,0,0,0,0,0,0,4,7,0,0,0,0,0,0,0,0,0,0,0,0,0,0,0,0,10,0,0,5,8,0,0,0,0,0,0,0,0,0,0
"OTU_9462",0,0,0,0,0,0,0,0,0,0,0,0,0,0,6,3,9,0,0,0,0,0,0,0,0,0,0,0,0,0,0,0,11,0,0,0,0,0,5,0
"OTU_9463",3,0,0,0,5,0,0,0,0,0,0,0,0,0,0,0,0,0,0,0,0,0,0,0,0,5,0,7,0,0,6,0,16,0,0,0,0,0,0,0
"OTU_9464",0,0,0,0,5,0,0,0,0,0,0,0,0,0,7,0,4,0,0,0,0,0,0,0,0,0,0,0,4,0,0,0,0,10,0,12,0,0,0,0
"OTU_9472",0,0,0,0,0,0,0,0,9,0,0,0,0,0,0,0,0,0,0,0,0,0,0,0,12,5,0,0,0,0,0,16,0,0,0,0,0,0,0,0
"OTU_9474",0,0,0,0,0,12,0,0,0,10,10,0,0,0,0,0,0,0,0,0,0,0,0,0,0,0,0,0,6,0,0,4,0,0,0,0,0,0,0,0
"OTU_9476",0,0,0,0,0,0,0,0,0,6,6,0,0,0,0,1,0,0,3,0,0,0,0,0,2,0,0,0,0,2,0,0,0,0,0,0,1,1,1,0
"OTU_9483",0,0,11,0,12,0,0,0,0,0,0,0,0,0,0,0,9,0,0,0,0,0,0,0,0,0,0,0,0,0,0,0,0,0,0,10,0,0,0,0
"OTU_9491",0,0,0,0,0,0,0,0,0,31,1,0,0,0,0,0,0,0,2,0,5,0,0,0,0,0,0,0,0,1,0,2,0,0,0,0,0,0,0,0
"OTU_9492",0,0,0,0,0,0,0,9,0,0,0,0,0,0,0,0,0,0,0,0,0,0,3,0,18,0,0,0,0,0,12,0,0,0,0,0,0,0,0,0
"OTU_9510",0,0,0,0,9,0,0,0,0,0,0,0,0,0,0,0,0,0,0,0,0,0,0,0,0,4,5,9,3,0,0,0,0,0,0,12,0,0,0,0
"OTU_9522",0,10,0,0,0,0,0,0,0,0,0,0,0,0,0,0,0,0,0,0,0,0,2,0,0,0,0,0,0,0,0,0,0,3,5,0,0,4,0,0
"OTU_9528",0,0,0,0,0,0,0,0,0,0,8,0,6,0,0,0,7,0,0,0,0,0,0,0,0,0,0,0,0,0,0,0,0,0,0,0,0,0,3,0
"OTU_9532",0,0,0,0,0,0,0,0,0,0,0,0,0,0,17,0,0,0,0,0,0,6,0,0,0,0,0,0,0,0,0,0,0,9,0,10,0,0,0,0
"OTU_9545",0,0,0,0,0,0,0,0,0,0,0,3,0,0,0,4,0,0,0,0,0,0,0,0,0,0,0,0,0,0,0,0,0,0,8,9,0,0,0,0
"OTU_9560",0,0,5,0,6,0,0,0,0,0,0,0,0,0,0,0,0,0,6,0,0,0,0,0,0,0,0,5,0,0,4,0,0,0,0,0,0,2,0,0
"OTU_9565",0,0,0,6,0,0,0,0,0,12,0,0,1,0,0,0,3,0,7,1,0,0,0,0,0,0,0,0,0,0,3,0,0,0,5,0,0,0,0,0
"OTU_9573",5,13,0,0,0,5,0,0,0,0,0,0,0,0,0,0,0,0,0,6,0,0,0,4,0,0,0,0,0,0,0,0,0,0,0,0,0,8,0,0
"OTU_9574",0,0,20,0,0,0,0,0,0,0,0,0,0,0,0,0,0,0,0,0,0,0,10,0,0,0,0,0,0,0,0,0,0,0,4,0,5,0,0,0
"OTU_9583",0,0,0,0,0,0,0,0,0,0,0,0,0,0,0,0,0,0,0,0,0,0,18,0,0,0,0,0,0,0,0,0,0,0,5,0,5,8,0,0
"OTU_9589",0,0,0,0,0,0,9,0,10,0,0,0,0,0,0,0,0,0,4,0,0,0,0,0,0,0,3,0,0,0,8,0,0,0,0,0,0,0,0,0
"OTU_9594",5,0,0,0,13,0,0,15,0,0,0,0,0,0,0,0,0,0,8,0,0,0,0,0,0,0,0,0,0,0,0,0,0,0,0,0,0,0,0,0
"OTU_9609",0,0,0,0,0,7,0,7,8,0,0,0,5,0,0,0,0,0,0,0,0,0,0,0,7,0,0,4,0,0,3,0,0,0,0,0,0,0,0,0
"OTU_9613",0,0,0,0,0,0,0,0,0,0,0,0,12,0,0,0,0,0,4,0,0,0,0,0,15,0,0,0,0,0,0,0,0,0,0,0,0,10,0,0
"OTU_9622",0,0,0,0,0,0,0,0,0,0,0,0,14,0,0,0,15,0,0,0,1,0,0,0,0,0,0,0,0,0,0,0,6,5,0,0,0,0,0,0
"OTU_9625",0,0,0,0,0,21,0,0,3,0,10,0,0,0,0,0,0,0,0,0,0,0,0,0,5,0,0,0,2,0,0,0,0,0,0,0,0,0,0,0
"OTU_9644",10,0,0,0,0,0,0,0,0,0,0,0,0,0,0,0,0,0,0,0,0,0,0,5,0,0,0,0,17,0,0,0,0,0,0,9,0,0,0,0
"OTU_9646",2,0,0,0,1,0,0,1,0,0,0,0,0,0,0,0,0,0,0,0,0,0,0,0,0,1,2,0,1,0,0,0,1,1,0,0,0,0,0,0
"OTU_9649",0,0,0,0,0,8,0,8,0,0,0,0,0,0,0,0,0,0,0,0,0,0,0,0,4,3,0,0,0,0,6,0,0,0,0,0,0,0,0,0
"OTU_9650",0,2,0,0,0,0,0,7,8,0,0,0,0,0,0,0,0,13,0,8,0,0,0,0,0,0,0,0,0,0,0,0,0,0,0,0,0,0,3,0
"OTU_9660",0,0,0,0,0,0,0,0,0,0,0,22,2,0,0,0,0,0,0,0,0,0,0,0,0,0,2,0,0,0,0,0,0,13,0,0,0,0,0,0
"OTU_9676",0,0,0,0,0,0,0,0,0,3,0,0,0,0,2,0,0,0,0,0,0,0,0,0,3,3,0,0,0,0,0,0,0,0,0,0,0,0,0,0
"OTU_9682",0,0,0,0,10,0,0,0,0,0,0,0,15,0,0,0,0,0,3,0,0,0,0,0,0,0,0,0,0,0,0,0,0,0,0,0,0,5,8,0
"OTU_9683",0,0,0,0,8,0,0,4,0,0,0,0,0,0,0,0,0,0,0,0,0,0,0,0,0,2,0,0,0,15,6,0,0,0,0,6,0,0,0,0
"OTU_9684",0,0,0,0,0,0,0,0,0,0,0,0,4,0,8,0,0,0,0,0,0,0,0,0,0,0,0,0,0,0,0,0,0,0,0,0,8,0,2,0
"OTU_9685",0,0,0,0,0,0,0,0,6,0,15,0,0,0,0,0,0,0,0,0,0,0,0,0,15,0,0,0,0,0,5,0,0,0,0,0,0,0,0,0
"OTU_9688",0,1,2,1,0,0,0,0,0,0,0,0,0,0,0,0,0,0,0,0,2,0,0,0,0,0,0,0,0,3,0,0,0,0,0,0,1,0,0,0
"OTU_9692",0,0,0,0,0,0,14,0,0,0,0,0,0,0,0,0,0,0,0,0,0,0,0,0,0,0,0,0,0,3,10,0,0,0,0,0,6,0,0,2
"OTU_9698",0,0,0,0,0,0,0,1,4,2,0,1,0,2,0,3,1,0,0,0,0,2,1,0,2,0,0,0,3,0,0,0,0,6,4,0,0,0,0,0
"OTU_9699",0,0,5,1,2,0,0,0,0,0,0,0,0,0,0,1,0,1,1,1,2,0,0,0,0,0,0,1,0,0,1,0,1,2,0,0,2,1,2,0
"OTU_9713",0,0,0,0,0,0,0,0,0,0,0,12,3,0,0,0,0,0,4,0,0,0,0,0,0,0,0,0,9,0,0,0,0,0,0,0,0,0,0,0
"OTU_9716",0,0,0,0,0,0,0,0,0,0,0,5,5,0,0,0,8,0,17,0,0,0,0,0,0,0,0,0,0,0,0,0,0,0,0,5,0,0,0,0
"OTU_9729",0,0,0,0,0,0,0,0,0,7,11,0,0,0,0,0,0,0,0,0,0,0,4,0,18,0,0,0,0,0,0,0,0,0,0,0,0,0,0,0
"OTU_9735",0,0,0,0,0,15,0,0,5,15,0,0,0,0,0,0,0,0,0,0,0,0,0,5,0,0,0,0,0,0,0,0,0,0,0,0,0,0,0,0
"OTU_9737",0,0,0,0,0,0,0,0,0,0,0,0,0,0,0,0,9,0,0,0,0,0,0,0,0,0,0,0,0,0,0,0,0,0,4,0,0,10,0,17
"OTU_9740",0,0,0,0,0,0,0,4,0,0,0,0,0,0,8,0,0,0,7,0,5,0,0,0,0,0,0,0,0,0,0,3,0,0,0,0,0,0,0,0
"OTU_9753",0,6,0,0,5,0,0,0,6,0,0,0,0,0,3,0,0,0,16,0,0,0,0,0,0,0,4,0,0,0,0,0,0,0,0,0,0,0,0,0
"OTU_9758",0,0,0,0,0,0,0,7,0,5,0,0,0,0,0,0,0,0,1,0,0,1,0,0,1,0,0,1,0,0,1,2,1,0,0,0,0,0,3,2
"OTU_9759",11,0,0,0,0,0,0,0,0,8,0,0,0,0,0,0,5,0,0,6,0,2,5,0,0,0,0,0,0,0,0,0,0,0,2,0,0,1,0,0
"OTU_9766",0,0,0,0,0,0,0,0,0,0,0,0,0,0,0,4,0,0,0,0,0,0,1,0,0,0,0,6,0,0,0,0,0,0,13,0,0,0,0,0
"OTU_9772",0,0,0,0,13,0,0,0,0,0,0,0,3,0,6,0,0,0,0,0,0,0,0,0,0,0,0,10,0,0,0,0,0,0,0,0,0,8,0,0
"OTU_9789",0,0,0,0,0,0,1,1,0,3,1,0,0,0,0,1,0,2,3,1,0,0,1,0,0,0,0,0,2,1,2,1,0,0,0,0,0,0,1,0
"OTU_9790",0,0,0,0,0,0,0,0,13,0,8,0,0,0,0,0,0,0,0,0,0,0,0,0,0,11,0,0,0,8,0,0,0,0,0,0,0,0,0,0
"OTU_9793",7,0,0,0,0,0,0,5,0,0,0,0,6,0,0,0,0,0,0,0,0,0,0,0,0,0,8,0,0,0,0,0,0,4,0,0,4,0,6,0
"OTU_9801",0,0,0,0,0,0,0,0,0,0,0,0,0,0,0,0,0,0,0,0,0,0,0,0,4,0,0,0,0,0,0,0,4,0,12,8,12,0,0,0
"OTU_9804",0,0,0,0,0,0,0,0,0,0,0,0,0,5,0,0,0,0,8,0,0,0,0,0,0,0,0,0,0,0,0,0,4,0,0,11,3,0,0,0
"OTU_9807",0,0,0,0,0,0,0,0,0,0,0,0,0,0,0,0,0,0,0,0,0,0,0,8,6,7,0,10,0,0,9,0,0,0,0,0,0,0,0,0
"OTU_9822",0,7,0,0,14,0,8,0,0,0,0,0,2,0,5,0,4,0,0,0,0,0,0,0,0,0,0,0,0,0,0,0,0,0,0,0,0,0,0,0
"OTU_9832",0,0,0,0,0,0,0,0,0,0,0,0,0,0,0,0,0,0,0,0,0,0,5,0,0,0,0,0,0,0,0,0,0,0,0,0,0,4,4,5
"OTU_9835",0,0,0,0,3,0,7,0,10,0,0,0,0,0,0,0,0,0,0,0,0,0,0,0,0,0,0,6,0,0,10,0,4,0,0,0,0,0,0,0
"OTU_9839",0,0,0,6,0,0,3,0,9,0,0,0,8,0,0,0,2,0,0,0,0,0,0,0,0,0,0,0,0,0,0,0,0,0,0,0,0,0,0,0
"OTU_9862",0,0,0,0,0,0,0,0,0,0,0,0,0,0,0,0,5,0,2,0,0,0,0,0,0,0,8,7,0,0,0,0,0,0,0,0,0,0,0,0
"OTU_9875",0,0,0,0,0,6,8,8,0,0,0,0,0,0,0,0,0,0,0,0,0,0,0,0,11,0,0,0,0,0,6,0,0,0,0,0,0,0,0,0
"OTU_9876",7,0,3,0,0,0,0,0,13,0,0,0,0,0,0,0,0,0,0,5,0,0,0,0,0,0,0,0,0,0,7,0,0,0,0,0,0,4,0,0
"OTU_9883",0,0,0,0,0,0,0,5,0,0,0,0,0,0,5,0,0,0,0,0,0,0,0,0,0,0,0,0,0,0,21,0,0,8,0,0,0,0,0,0
"OTU_9886",0,0,15,0,0,0,0,0,0,0,0,4,0,0,0,0,0,0,0,0,0,0,5,0,0,0,0,0,0,0,0,0,3,0,0,0,12,0,0,0
"OTU_9887",0,0,0,0,0,0,0,6,0,8,4,0,0,0,0,0,0,0,0,0,0,0,0,0,21,0,0,0,0,0,0,0,0,0,0,0,0,0,0,0
"OTU_9893",0,0,2,0,0,0,0,0,0,0,0,0,0,0,0,5,0,8,0,0,0,0,5,0,0,0,0,0,0,0,0,0,0,0,0,5,0,0,4,0
"OTU_9899",0,0,0,0,0,0,0,7,0,0,0,0,0,0,0,0,0,0,0,0,0,0,0,3,0,0,0,4,0,0,13,0,0,5,3,0,0,0,0,0
"OTU_9903",0,0,0,0,0,0,0,0,0,0,0,0,0,0,0,2,1,0,0,0,0,0,0,0,0,0,0,0,0,0,0,0,0,0,0,0,0,0,6,2
"OTU_9920",0,0,1,1,0,0,5,0,0,0,0,0,0,2,0,0,1,0,0,0,0,0,0,3,0,0,0,0,0,2,0,0,2,0,0,0,1,0,0,0
"OTU_9922",0,0,7,0,5,0,0,0,0,0,0,0,0,0,0,0,0,0,0,0,0,0,0,0,0,0,0,15,0,0,0,0,12,0,0,0,0,0,0,0
"OTU_9927",0,0,0,0,0,0,0,0,0,7,0,0,0,0,0,0,0,0,0,0,8,0,0,0,0,0,0,0,0,9,7,0,0,0,0,0,0,0,0,0
"OTU_9942",0,0,0,0,0,0,0,0,9,8,0,0,0,0,0,0,0,0,0,0,0,0,0,0,14,0,8,0,0,0,0,0,0,0,0,0,0,0,0,0
"OTU_9943",0,0,0,2,0,0,6,0,0,1,0,0,0,0,0,0,0,0,0,0,2,2,0,0,2,0,0,0,1,3,3,0,8,0,0,0,3,0,0,2
"OTU_9944",0,0,16,16,0,0,0,0,0,0,0,0,0,0,0,0,0,0,0,0,0,0,0,3,0,0,0,0,0,0,0,0,0,4,0,0,0,0,0,0
"OTU_9946",6,3,0,0,0,0,0,0,0,0,0,0,0,0,0,0,0,0,0,0,0,0,0,0,0,11,2,0,0,0,0,0,0,0,0,0,0,0,0,0
"OTU_9951",0,1,0,0,0,0,0,0,2,0,0,1,1,0,0,0,0,0,0,0,6,0,1,0,2,2,6,0,0,0,0,0,1,2,1,0,0,0,0,0
"OTU_9964",0,2,10,0,0,8,0,0,0,0,0,0,0,15,0,0,0,0,0,0,0,0,0,0,0,0,0,0,0,0,0,0,0,0,0,4,0,0,0,0
"OTU_9965",0,0,0,0,0,0,5,0,0,0,0,0,4,0,0,0,0,0,0,0,0,0,23,0,0,0,0,3,0,0,0,0,0,0,0,4,0,0,0,0
"OTU_9977",5,0,7,0,7,0,0,0,0,0,0,0,0,0,0,0,0,0,0,0,0,0,0,0,0,0,0,0,0,0,9,0,0,0,0,0,0,0,0,0
"OTU_9982",0,0,0,0,0,12,0,0,0,3,0,0,0,0,0,0,0,0,5,0,0,0,5,0,0,0,0,8,0,0,6,0,0,0,0,0,0,0,0,0
"OTU_10015",0,0,0,0,0,0,0,3,0,0,0,0,0,0,15,0,0,0,0,0,0,0,0,0,0,4,0,0,0,0,0,16,0,0,0,0,0,0,0,0
"OTU_10022",0,0,0,0,0,0,0,0,0,0,0,0,0,0,0,0,10,2,0,0,0,0,0,0,0,0,0,0,0,0,0,0,0,0,0,8,0,9,0,4
"OTU_10052",2,2,1,0,1,0,2,0,0,0,0,0,0,0,2,1,0,0,1,0,0,0,0,0,0,1,0,0,0,0,2,0,0,0,0,0,1,0,0,0
"OTU_10078",0,0,0,0,0,0,0,0,0,0,0,5,0,0,3,0,0,0,0,0,0,2,2,0,0,0,0,0,0,0,0,0,0,0,0,0,0,2,0,4
"OTU_10079",0,0,0,0,0,0,0,0,0,0,4,0,0,0,0,0,0,0,0,0,0,0,0,0,7,0,0,5,0,8,0,14,0,0,0,0,0,0,0,0
"OTU_10086",0,0,0,0,0,7,8,0,0,0,0,0,0,0,0,0,0,0,0,0,0,0,0,0,0,15,0,4,0,0,0,0,0,0,0,4,0,0,0,0
"OTU_10089",0,0,1,1,0,0,1,0,0,1,1,1,0,0,1,0,0,1,2,0,4,1,0,1,2,0,0,0,5,0,0,0,0,0,1,1,1,0,1,0
"OTU_10098",0,0,0,0,0,3,0,0,0,0,0,0,0,0,0,0,0,0,0,0,0,0,0,0,0,10,0,12,13,0,0,0,0,0,0,0,0,0,0,0
"OTU_10110",0,0,0,0,0,0,0,0,11,0,18,0,0,0,0,0,0,0,0,0,0,0,0,0,1,0,0,0,0,0,0,8,0,0,0,0,0,0,0,0
"OTU_10115",0,11,0,0,0,0,0,0,0,2,0,0,0,0,0,0,0,0,0,0,0,0,0,0,0,0,0,8,0,0,0,0,0,0,0,0,0,8,7,0
"OTU_10128",0,0,0,0,0,7,6,0,3,15,0,0,0,0,0,0,0,0,0,0,0,0,0,0,0,7,0,0,0,0,0,0,0,0,0,0,0,0,0,0
"OTU_10133",0,3,0,0,0,0,0,8,0,0,3,0,0,0,0,0,0,0,6,0,2,0,0,0,0,0,0,0,0,7,9,0,0,0,0,0,0,0,0,0
"OTU_10134",0,0,0,0,0,0,0,0,0,0,0,0,0,0,0,0,8,0,0,0,0,0,0,0,0,11,9,0,0,0,0,0,0,0,0,10,0,0,0,0
"OTU_10139",0,0,0,0,0,0,0,0,0,0,0,0,0,0,2,0,0,0,1,0,1,1,1,0,0,0,0,0,0,0,0,0,3,2,0,0,0,0,2,0
"OTU_10145",12,0,0,0,0,0,0,8,0,0,0,0,0,0,0,0,0,0,0,0,0,0,0,0,0,0,8,9,0,0,0,0,0,0,0,0,0,0,0,0
"OTU_10147",6,0,0,0,0,0,0,3,0,0,5,2,0,0,0,0,0,0,0,0,0,0,0,0,0,12,0,0,0,0,0,0,2,0,0,0,0,0,0,0
"OTU_10150",0,0,0,0,0,0,0,0,0,0,0,0,0,0,0,0,0,0,2,10,8,0,1,0,0,0,0,0,0,0,0,0,3,5,1,4,3,0,0,0
"OTU_10154",6,0,0,0,0,0,0,0,0,0,0,0,0,0,0,0,0,0,0,0,0,0,0,7,0,13,11,0,0,0,0,0,0,0,0,0,0,0,0,0
"OTU_10157",0,9,2,1,0,0,0,0,1,0,0,0,0,1,0,0,0,0,0,0,0,0,0,0,0,0,0,2,0,3,0,0,0,0,0,0,0,0,0,0
"OTU_10167",0,0,0,0,0,0,0,0,0,0,0,5,0,0,1,0,2,0,0,0,0,0,0,0,0,0,0,0,0,0,0,0,0,0,2,0,0,0,0,0
"OTU_10172",0,0,0,0,0,3,0,0,0,0,0,0,0,0,9,0,0,0,0,0,1,0,0,0,0,0,0,0,0,0,3,0,8,0,0,0,0,0,0,0
"OTU_10176",0,0,10,0,0,0,19,0,0,0,0,0,0,0,0,0,0,0,0,0,0,0,0,0,0,5,0,3,0,0,0,0,0,0,0,0,0,0,0,0
"OTU_10184",0,19,9,0,0,0,0,0,0,0,0,0,0,0,0,0,0,0,6,0,0,0,0,0,0,0,3,0,0,0,0,0,0,0,0,0,0,0,0,0
"OTU_10193",0,3,18,0,0,0,0,0,0,0,0,0,0,0,0,0,0,0,0,0,0,0,0,0,0,13,0,3,0,0,0,0,0,0,0,0,0,0,0,0
"OTU_10194",0,0,0,0,0,7,0,9,6,0,0,0,0,0,0,0,0,0,0,0,0,0,0,0,5,0,0,0,0,0,0,10,0,0,0,0,0,0,0,0
"OTU_10197",0,3,0,0,1,3,5,0,0,0,0,0,0,0,0,0,0,0,0,0,0,0,0,0,0,0,3,2,1,0,0,0,0,0,0,0,0,0,0,0
"OTU_10199",0,0,0,0,0,0,0,0,0,0,0,0,0,0,0,0,0,0,0,0,0,4,12,0,0,0,9,0,0,0,6,0,0,0,0,0,0,0,0,0
"OTU_10206",0,0,0,0,0,20,0,0,0,0,0,0,0,6,0,0,0,0,0,0,0,0,0,0,0,0,0,0,0,0,0,0,0,5,0,6,0,0,0,0
"OTU_10228",0,0,0,0,0,0,0,0,0,0,0,0,3,1,2,0,0,0,0,0,6,0,0,0,0,0,0,0,1,1,0,0,0,4,2,0,0,0,0,0
"OTU_10234",0,10,0,0,0,0,0,0,0,0,0,0,0,0,0,0,0,0,0,0,0,0,0,0,0,9,0,12,0,0,4,0,0,0,0,0,0,0,0,0
"OTU_10253",0,0,0,0,0,8,0,0,7,0,9,0,0,0,0,0,0,0,0,0,0,0,0,0,0,0,0,0,0,0,13,0,0,0,0,0,0,0,0,0
"OTU_10266",0,0,0,0,0,9,0,0,0,0,6,0,0,7,0,0,0,0,0,0,0,0,0,0,0,0,0,0,3,0,5,0,0,0,0,0,0,0,0,0
"OTU_10270",0,0,0,0,2,0,0,0,0,0,0,0,0,0,0,4,6,4,0,0,0,0,0,0,0,0,0,0,0,0,0,0,0,0,0,0,0,4,0,0
"OTU_10273",0,0,0,0,0,0,0,0,0,0,0,10,0,0,4,0,0,0,0,0,0,0,0,4,0,0,0,0,0,0,0,0,3,6,0,0,0,0,0,0
"OTU_10279",0,0,0,0,0,0,3,0,0,0,0,0,0,0,0,0,0,0,9,2,0,0,0,0,0,0,0,0,0,0,0,0,0,0,0,0,3,0,0,0
"OTU_10287",0,0,0,0,10,0,0,0,0,0,0,0,0,0,4,0,0,0,0,0,0,0,0,0,0,0,0,0,0,0,0,0,0,5,4,0,14,0,0,0
"OTU_10290",0,3,0,0,0,16,0,0,0,0,0,0,0,0,0,0,0,0,0,0,0,0,0,0,0,0,0,5,0,0,0,0,0,0,0,9,0,0,0,0
"OTU_10303",0,0,0,0,0,13,6,0,0,2,0,0,0,0,0,0,0,0,0,0,0,0,9,0,0,0,0,0,0,0,0,0,0,0,0,6,0,0,0,0
"OTU_10313",0,0,0,0,0,0,0,0,0,0,0,1,0,2,3,1,0,0,0,0,0,0,0,0,0,0,0,0,0,0,0,0,6,0,0,0,3,0,0,0
"OTU_10324",0,0,0,0,0,0,0,0,0,0,3,0,0,0,0,0,0,0,0,0,3,6,0,0,0,0,0,11,0,0,0,0,0,0,0,0,0,0,0,0
"OTU_10348",0,0,0,0,0,0,0,0,0,0,0,0,0,0,0,3,0,0,0,3,5,0,0,0,0,0,0,0,0,0,0,0,0,1,0,0,1,2,0,0
"OTU_10379",0,0,0,0,0,0,0,0,2,0,22,0,0,0,0,0,0,0,0,0,5,0,0,0,5,0,0,0,0,0,2,0,0,0,0,0,0,0,0,0
"OTU_10398",0,1,0,0,0,0,0,0,0,0,0,0,0,0,0,0,0,0,0,0,0,0,0,0,0,3,2,0,0,0,0,14,0,0,0,0,3,0,0,0
"OTU_10405",0,5,0,0,0,0,0,0,8,0,0,0,0,0,0,0,0,0,0,0,0,0,0,0,0,12,0,0,0,0,0,11,0,0,0,0,0,0,0,0
"OTU_10431",0,0,0,0,0,0,0,0,0,0,0,9,0,0,4,0,0,0,0,0,0,0,0,0,0,0,0,0,0,0,0,0,0,4,3,0,0,2,0,0
"OTU_10445",7,0,5,0,0,7,0,0,0,0,0,0,0,0,0,0,0,0,0,0,0,0,0,0,0,0,0,0,0,0,0,0,5,0,0,0,0,0,0,0
"OTU_10447",9,0,0,0,0,0,0,0,0,0,0,0,0,0,0,0,0,0,0,0,0,0,0,0,6,2,0,0,0,7,0,0,3,4,0,0,0,0,5,0
"OTU_10468",0,0,0,0,0,0,0,0,0,0,0,0,0,0,9,0,15,0,0,0,0,0,0,0,0,0,9,0,0,0,0,0,0,2,0,0,0,0,0,0
"OTU_10504",0,0,0,0,0,0,0,0,0,7,0,0,0,0,0,0,0,0,0,14,0,0,3,0,11,0,0,0,0,0,0,0,0,0,0,0,0,0,0,0
"OTU_10511",0,0,0,0,0,0,0,0,12,0,6,0,3,0,0,0,0,4,0,0,0,0,0,0,0,7,0,0,0,0,0,0,0,0,0,0,0,0,0,0
"OTU_10513",13,0,0,0,0,0,0,0,0,0,0,0,0,0,0,0,0,0,0,0,0,0,0,6,0,0,0,0,0,0,8,0,0,0,0,3,0,0,0,0
"OTU_10523",0,0,0,0,0,0,6,0,0,0,0,0,0,0,0,0,0,0,0,0,0,0,0,0,0,4,12,7,6,0,0,0,0,0,0,0,0,0,0,0
"OTU_10530",0,0,0,0,2,0,0,8,0,0,0,0,0,0,0,0,0,0,0,0,0,0,0,0,8,0,0,0,0,0,13,0,0,0,0,0,0,0,0,0
"OTU_10536",0,0,0,0,6,0,0,0,0,0,0,0,0,0,0,0,0,0,0,0,0,0,11,0,0,0,0,0,0,0,7,0,0,11,0,0,0,0,0,0
"OTU_10540",0,0,0,0,0,7,0,0,6,0,0,0,0,0,0,0,0,3,0,0,0,0,2,0,7,0,0,7,0,0,0,0,0,0,0,0,0,0,0,0
"OTU_10563",4,0,0,0,0,0,0,0,10,0,0,0,0,0,0,0,0,0,0,0,0,0,0,0,0,15,0,6,0,0,0,0,0,0,0,0,0,0,0,0
"OTU_10565",0,0,0,0,0,7,0,0,0,0,0,0,0,0,0,0,0,0,0,0,0,0,0,4,0,0,0,6,0,0,14,0,0,0,0,0,0,0,0,0
"OTU_10582",0,0,0,0,0,0,0,1,0,0,0,5,0,2,5,0,0,0,0,0,0,0,0,0,0,0,0,0,0,0,0,0,0,1,0,4,0,0,0,0
"OTU_10598",0,0,0,0,0,0,0,0,0,0,0,0,0,0,1,2,1,0,0,0,0,1,1,0,0,0,0,0,0,0,0,0,0,0,0,0,2,0,1,2
"OTU_10613",0,0,0,0,0,2,0,0,0,0,0,0,0,0,0,0,0,0,0,2,0,2,0,0,0,1,0,1,3,0,1,0,0,0,0,0,1,1,3,0
"OTU_10619",12,0,0,0,0,0,0,10,0,0,0,0,0,0,0,0,0,0,4,0,0,0,0,0,0,0,0,0,0,0,0,0,0,9,0,0,0,0,0,0
"OTU_10640",0,0,0,0,3,0,0,0,0,0,0,10,0,11,0,0,0,0,0,0,0,0,0,0,0,0,0,2,0,0,0,0,0,0,0,2,0,0,0,0
"OTU_10643",0,0,0,0,0,0,0,6,5,0,0,0,8,0,0,0,0,0,0,0,0,0,0,0,12,0,0,0,0,0,3,0,0,0,0,0,0,0,0,0
"OTU_10647",0,0,0,0,0,0,0,0,0,0,0,0,8,0,0,0,0,0,3,0,0,0,0,0,0,0,0,0,0,0,0,0,5,0,0,0,0,9,5,0
"OTU_10658",0,0,0,0,0,0,0,0,0,0,0,0,0,0,0,3,0,0,0,0,0,7,6,0,0,0,0,0,0,0,0,0,0,0,18,0,0,0,0,0
"OTU_10668",0,0,0,0,0,0,0,0,0,0,0,0,0,0,0,0,0,3,1,8,0,0,0,0,0,0,0,0,0,0,0,0,1,0,0,0,0,0,0,0
"OTU_10671",0,5,0,0,0,0,6,3,0,0,0,0,0,0,0,0,0,0,0,0,0,0,0,0,0,0,0,0,0,0,10,0,0,0,0,0,0,5,0,0
"OTU_10700",0,0,0,0,0,2,0,0,0,0,0,0,0,4,1,0,1,0,0,0,2,0,0,0,0,0,0,0,4,0,0,0,0,8,0,0,0,0,0,0
"OTU_10726",0,0,0,0,8,0,0,0,0,0,0,0,0,0,0,0,0,0,0,0,0,0,0,0,0,0,0,0,0,0,0,0,7,10,9,0,0,0,0,0
"OTU_10748",0,0,8,0,11,0,5,0,0,0,0,0,0,0,0,0,0,0,0,0,0,0,0,0,0,0,0,0,0,0,0,0,0,10,0,0,0,0,0,0
"OTU_10750",0,0,0,0,0,0,0,0,0,0,0,0,0,12,15,5,0,0,0,0,0,0,0,0,0,0,0,0,0,0,2,0,0,0,0,0,0,0,0,0
"OTU_10772",0,0,0,0,0,0,12,0,0,0,0,0,0,0,0,0,0,0,0,0,0,0,3,0,0,0,0,0,0,0,0,0,0,0,0,0,0,7,8,0
"OTU_10785",0,9,0,0,0,0,0,0,0,0,0,0,0,0,7,0,0,0,0,0,0,0,0,0,0,10,0,0,0,0,0,0,0,0,0,8,0,0,0,0
"OTU_10790",0,0,2,0,1,0,2,0,0,0,0,0,0,0,1,5,1,0,0,0,0,0,0,2,2,2,0,0,0,0,0,0,0,4,1,1,0,0,2,0
"OTU_10792",0,0,3,0,0,0,4,0,3,0,0,0,0,0,0,0,0,0,6,6,3,0,0,0,0,0,0,0,0,0,9,0,0,0,0,0,0,0,0,0
"OTU_10794",0,0,0,0,0,0,0,0,0,0,0,0,0,1,0,0,0,0,0,0,12,0,0,0,0,0,0,0,0,0,0,0,0,0,0,1,1,0,0,0
"OTU_10802",0,0,0,0,0,9,0,0,0,0,0,0,0,0,0,0,10,0,0,0,0,0,0,0,0,0,0,0,0,0,0,0,6,8,0,0,0,0,0,0
"OTU_10806",0,0,0,0,0,5,0,0,0,0,0,0,0,0,0,0,0,0,0,0,0,0,0,0,0,16,0,10,0,0,0,2,0,0,0,0,0,0,0,0
"OTU_10848",7,0,9,0,0,0,0,10,0,0,0,0,0,0,0,0,0,0,0,0,0,0,0,0,0,0,0,0,0,0,7,0,0,0,0,0,0,0,0,0
"OTU_10863",0,0,0,0,0,0,0,0,0,0,0,0,0,0,0,0,0,0,3,0,0,0,1,0,2,0,0,1,2,0,0,0,0,0,0,0,0,1,0,0
"OTU_10883",0,0,0,0,0,6,0,0,0,0,0,0,0,0,0,0,3,0,0,0,0,0,2,0,0,0,0,0,0,0,0,0,0,0,0,0,0,2,0,0
"OTU_10886",8,3,0,0,0,0,0,5,0,0,0,0,0,0,0,0,0,0,0,0,0,0,0,4,0,0,13,0,0,0,0,0,0,0,0,0,0,0,0,0
"OTU_10889",0,0,0,0,0,0,0,0,0,0,0,0,0,3,2,2,0,0,0,0,0,0,0,0,0,0,0,0,0,0,0,0,0,0,0,0,0,0,1,2
"OTU_10894",0,0,0,0,0,0,0,0,0,15,0,0,0,0,2,0,0,0,0,0,0,0,0,0,0,10,0,6,0,0,0,0,0,0,0,0,0,0,0,0
"OTU_10898",0,0,0,0,0,0,0,0,0,0,0,5,0,9,0,0,10,0,0,0,0,0,0,0,0,0,0,0,0,0,0,0,0,0,9,0,0,0,0,0
"OTU_10918",0,0,0,0,0,0,0,0,0,8,0,0,0,0,0,0,0,1,0,0,1,0,0,8,0,0,0,0,3,0,0,0,0,0,0,0,0,0,0,0
"OTU_10933",6,0,0,0,0,0,0,0,12,0,0,0,0,0,0,0,0,0,0,0,0,0,0,0,0,9,0,2,4,0,0,0,0,0,0,0,0,0,0,0
"OTU_10934",4,0,11,0,0,0,0,0,0,0,0,0,0,0,0,0,0,0,0,0,0,0,0,0,0,9,9,0,0,0,0,0,0,0,0,0,0,0,0,0
"OTU_10939",0,0,0,0,0,0,1,0,0,0,0,0,0,0,0,10,0,0,0,0,0,0,0,0,0,0,0,0,4,0,0,0,0,0,0,0,0,0,0,9
"OTU_10950",0,0,0,0,0,0,16,0,2,0,0,0,0,0,0,0,8,0,0,0,0,0,0,0,0,0,0,0,0,0,7,0,0,0,0,0,0,0,0,0
"OTU_10968",0,0,0,0,0,0,7,0,0,0,0,0,0,0,0,0,0,0,0,0,0,0,0,0,0,0,0,2,0,0,0,0,0,3,0,0,0,4,0,0
"OTU_10971",0,0,13,0,8,0,0,6,0,0,0,0,0,0,0,0,0,0,0,0,0,0,0,0,0,0,0,0,6,0,0,0,0,0,0,0,0,0,0,0
"OTU_10972",0,0,0,0,0,0,0,0,0,4,0,0,0,1,3,0,0,0,0,0,0,1,0,0,1,0,0,0,0,0,0,0,0,0,0,2,0,1,0,0
"OTU_11041",17,0,0,0,0,0,0,7,2,0,0,0,0,0,0,0,0,0,0,0,0,0,0,0,0,0,0,6,0,0,0,0,0,0,0,0,0,0,0,0
"OTU_11048",0,0,0,0,0,0,0,0,0,0,0,0,6,0,0,0,0,0,0,0,0,0,0,0,0,15,0,0,0,0,0,0,0,0,0,0,0,6,5,0
"OTU_11073",1,0,0,0,0,0,2,0,2,2,0,0,0,1,1,1,0,2,0,0,0,0,0,0,0,0,0,0,0,0,1,0,0,0,0,0,0,0,0,0
"OTU_11074",0,0,0,0,7,0,0,0,0,0,0,0,0,0,12,0,0,0,0,0,0,0,0,0,0,0,0,0,0,0,0,0,0,0,0,5,0,0,0,6
"OTU_11078",0,0,0,0,0,0,0,0,2,20,0,0,0,0,0,0,0,1,0,0,0,0,0,0,0,0,0,0,0,7,0,0,0,0,0,0,0,0,0,0
"OTU_11079",0,0,0,0,0,0,0,3,1,0,7,0,0,0,0,0,0,0,0,0,0,0,0,0,7,0,0,0,0,0,0,0,0,0,0,0,0,0,0,1
"OTU_11095",0,0,0,0,0,10,0,0,0,0,0,0,0,5,4,0,0,0,0,0,0,0,0,0,0,0,0,0,0,0,0,0,0,0,0,0,0,0,5,0
"OTU_11119",0,0,0,0,0,0,0,0,0,0,0,2,0,0,0,0,19,4,1,0,0,3,0,0,0,0,0,0,0,0,0,0,0,0,0,0,0,0,0,0
"OTU_11159",3,0,0,3,0,0,0,0,0,0,0,0,0,0,0,3,0,0,0,0,0,0,0,0,0,0,0,0,0,0,0,0,6,2,0,0,6,4,0,0
"OTU_11160",0,0,0,0,0,3,0,0,0,0,0,0,0,0,0,0,0,0,0,0,0,0,0,0,0,8,17,0,0,0,0,0,0,0,0,3,0,0,0,0
"OTU_11180",0,0,0,0,0,0,0,0,0,0,0,5,0,0,2,0,0,0,0,0,0,0,0,0,0,0,0,0,0,0,0,0,1,0,23,0,0,0,0,0
"OTU_11185",0,0,0,0,0,0,0,0,0,0,0,0,9,7,0,0,0,0,0,0,0,0,0,0,0,9,0,6,0,0,0,0,0,0,0,0,0,0,0,0
"OTU_11212",11,0,0,0,0,0,0,5,0,0,0,0,0,0,0,0,0,0,0,0,0,0,0,0,0,0,0,0,6,0,0,0,9,0,0,0,0,0,0,0
"OTU_11215",0,0,0,0,0,0,0,0,3,0,0,0,0,0,4,0,0,0,0,0,0,0,0,0,0,0,0,0,0,0,0,0,0,5,0,4,0,0,0,9
"OTU_11240",0,0,3,0,6,0,0,0,0,0,0,0,0,0,0,0,0,0,7,0,0,0,0,0,0,0,0,0,0,0,0,0,0,0,0,3,0,0,4,0
"OTU_11251",5,0,0,0,0,0,0,0,8,0,0,0,0,0,0,0,0,0,0,0,0,0,0,0,0,0,0,0,0,10,0,0,0,0,0,8,0,0,0,0
"OTU_11276",0,0,0,0,0,0,0,2,7,3,0,0,0,0,0,0,0,0,0,0,2,0,2,0,2,0,0,0,0,0,2,4,0,0,0,0,0,2,0,0
"OTU_11277",0,0,0,0,0,0,0,0,0,0,0,0,0,0,0,0,5,5,5,0,0,0,0,0,0,0,0,0,0,0,0,0,0,0,0,0,7,4,0,0
"OTU_11303",0,0,3,0,0,0,9,0,0,0,0,0,0,0,0,0,0,0,0,12,0,0,0,0,0,0,0,7,0,0,0,0,0,0,0,0,0,0,0,0
"OTU_11326",0,6,0,0,0,0,0,9,5,0,0,0,0,0,0,0,0,0,0,0,0,0,0,0,0,0,11,0,0,0,0,0,0,0,0,0,0,0,0,0
"OTU_11339",0,0,5,0,0,0,0,0,0,0,0,0,0,11,0,0,0,0,9,0,0,0,0,0,0,0,0,0,0,0,0,0,0,6,0,0,0,0,0,0
"OTU_11347",0,0,0,0,0,2,0,0,0,0,0,0,0,0,0,0,0,0,0,0,0,0,0,0,0,3,5,0,3,0,0,0,0,0,0,0,0,0,0,0
"OTU_11348",0,0,10,0,0,0,0,0,0,0,0,0,0,0,0,0,0,0,0,0,0,0,0,0,0,7,0,0,0,0,0,0,0,5,0,0,0,0,0,3
"OTU_11352",0,0,0,0,0,0,0,0,0,0,0,0,0,0,0,0,5,0,0,0,12,0,2,0,0,0,0,0,0,0,0,0,0,8,0,0,0,0,4,0
"OTU_11359",0,0,7,0,4,0,3,0,0,0,0,0,0,0,0,0,0,0,0,0,0,0,0,0,0,0,0,13,0,0,0,0,0,0,0,4,0,0,0,0
"OTU_11360",0,0,0,0,0,0,6,0,0,0,0,0,6,0,0,0,0,0,0,0,0,0,0,0,0,0,0,0,0,0,14,0,5,0,0,0,0,0,0,0
"OTU_11368",6,6,0,0,9,0,0,0,0,0,0,0,0,3,0,0,0,0,7,0,0,0,0,0,0,0,0,0,0,0,0,0,0,0,0,0,0,0,0,0
"OTU_11372",0,0,0,2,0,0,1,0,0,0,0,0,0,0,0,0,0,0,0,0,0,0,1,0,0,0,0,8,0,0,0,4,0,0,1,0,0,0,0,1
"OTU_11380",0,0,0,0,0,0,0,0,0,0,0,5,0,0,9,0,0,0,0,0,0,0,0,0,0,0,0,11,0,0,0,0,0,0,0,5,0,0,0,0
"OTU_11397",0,0,2,0,0,0,0,0,0,0,0,0,0,0,0,0,0,0,3,14,4,0,0,0,0,0,0,0,0,0,0,0,0,0,1,0,0,0,0,0
"OTU_11410",0,0,0,0,0,4,0,0,0,0,0,0,0,0,0,0,0,0,5,0,0,4,0,0,0,0,0,0,0,0,0,0,0,0,0,0,0,0,0,2
"OTU_11425",0,0,0,0,0,0,0,0,2,0,0,0,0,3,0,4,0,0,0,0,0,0,0,0,0,0,0,0,0,0,0,0,0,3,0,0,0,0,0,0
"OTU_11431",0,0,0,0,0,0,0,0,0,0,0,0,0,0,0,0,0,0,0,0,0,0,0,7,0,0,0,0,0,0,14,0,0,0,0,0,0,5,0,4
"OTU_11435",4,0,0,0,5,0,0,0,6,0,0,0,0,0,0,0,0,0,0,0,0,0,0,0,0,0,9,0,0,0,0,0,0,0,0,0,0,0,0,0
"OTU_11441",0,6,0,0,3,0,0,0,0,0,0,0,0,0,0,0,0,0,0,0,0,0,0,0,0,0,0,17,0,0,0,4,0,0,0,0,0,0,0,0
"OTU_11450",0,0,0,0,0,0,0,0,0,0,0,0,0,0,0,0,0,0,0,4,12,0,0,0,0,0,0,0,0,0,0,0,0,0,5,0,0,0,9,0
"OTU_11472",0,0,0,0,0,0,0,0,0,0,0,0,0,0,0,0,0,0,0,0,0,0,0,0,3,1,0,0,0,1,1,0,2,1,0,0,0,4,0,0
"OTU_11474",0,7,0,0,0,0,0,0,0,0,0,0,0,0,0,0,0,0,0,0,0,0,0,4,0,12,4,3,0,0,0,0,0,0,0,0,0,0,0,0
"OTU_11501",0,0,0,0,0,0,0,0,0,0,0,1,0,3,3,3,2,0,0,0,0,1,0,0,0,0,0,0,0,0,0,0,2,2,1,2,0,0,0,0
"OTU_11502",0,0,0,0,0,0,0,4,14,0,0,0,0,0,0,0,0,0,0,0,0,0,0,0,0,4,8,0,0,0,0,0,0,0,0,0,0,0,0,0
"OTU_11535",0,0,0,0,0,0,0,0,0,0,0,0,3,0,0,0,0,0,0,0,0,0,6,0,10,0,0,0,0,0,11,0,0,0,0,0,0,0,0,0
"OTU_11575",0,0,0,0,0,0,0,0,0,0,0,4,0,0,2,2,4,0,0,0,1,4,1,0,0,0,0,0,0,0,0,0,0,1,1,0,0,0,0,2
"OTU_11596",0,0,0,0,0,9,3,0,0,0,0,0,0,0,0,0,0,0,0,12,0,0,0,0,5,0,0,0,0,0,0,0,0,0,0,0,0,0,0,0
"OTU_11599",0,0,0,0,1,0,0,0,0,2,0,0,0,0,0,0,0,0,0,0,0,0,0,0,2,0,0,14,1,1,8,0,0,0,0,0,0,0,0,0
"OTU_11606",0,0,0,0,0,0,0,0,0,0,0,0,0,0,0,0,0,0,0,0,0,0,0,0,13,0,0,0,0,0,0,0,0,3,0,0,1,0,8,2
"OTU_11607",0,0,0,0,0,0,0,0,0,5,0,0,0,0,0,0,0,0,17,0,0,0,0,0,3,0,0,0,0,0,0,4,0,0,0,0,0,0,0,0
"OTU_11621",0,0,0,0,0,0,0,0,0,0,0,0,0,0,0,1,0,4,0,1,0,0,1,2,0,0,0,0,0,0,0,0,0,0,0,0,0,0,1,0
"OTU_11657",0,0,0,0,2,0,1,1,3,0,0,2,0,0,1,0,0,0,0,0,0,0,0,0,1,1,2,0,1,0,4,0,0,0,0,0,0,0,0,3
"OTU_11662",0,0,0,0,0,0,0,0,5,0,0,6,0,0,0,0,0,0,0,0,0,0,4,0,5,0,0,0,0,0,9,0,0,0,0,0,0,0,0,0
"OTU_11673",0,0,0,0,0,0,2,0,0,0,0,0,0,0,0,0,0,0,0,0,0,0,6,0,0,0,0,0,0,0,0,0,0,0,0,0,0,15,6,0
"OTU_11678",0,0,0,0,0,0,0,6,0,0,0,0,0,0,0,0,4,0,0,0,0,0,0,0,0,12,0,0,0,0,0,0,0,0,0,0,7,0,0,0
"OTU_11689",0,0,3,0,1,0,0,0,0,0,0,0,2,0,10,0,0,0,0,0,0,1,0,0,4,0,0,0,0,0,0,0,0,0,5,3,0,0,0,0
"OTU_11714",0,0,0,0,0,0,0,0,0,0,0,0,0,0,0,0,9,0,0,0,0,5,0,0,0,0,0,5,0,0,0,0,0,10,0,0,0,0,0,0
"OTU_11735",0,0,0,0,0,0,0,0,0,0,0,3,0,0,3,2,4,0,0,0,1,0,0,0,0,0,0,0,0,0,0,0,1,0,0,0,1,0,0,1
"OTU_11746",0,0,0,0,0,0,0,0,0,0,0,0,0,8,0,0,0,0,0,0,0,0,11,0,0,0,0,0,0,0,7,0,3,0,0,0,0,0,0,0
"OTU_11806",0,0,0,0,0,7,0,0,0,0,0,0,10,0,0,0,0,3,0,0,0,0,0,0,8,0,0,0,0,0,0,0,0,0,0,0,0,0,0,0
"OTU_11837",0,0,0,0,0,0,0,0,0,0,0,0,0,0,0,0,0,0,0,10,9,0,0,0,0,0,0,0,0,0,0,0,0,0,5,0,0,0,4,0
"OTU_11840",0,0,0,0,0,0,0,0,0,0,0,0,0,0,0,0,0,0,0,0,5,0,0,0,0,0,0,0,0,0,5,0,13,0,0,5,0,0,0,0
"OTU_11864",0,0,0,1,0,0,0,0,0,0,0,0,0,0,0,0,0,0,2,2,5,0,0,0,0,0,0,1,7,0,0,0,0,0,7,0,1,0,0,0
"OTU_11870",0,0,0,0,0,0,0,0,0,0,0,2,1,0,1,2,2,3,0,0,0,0,1,0,0,0,0,0,0,0,0,0,0,1,0,0,0,0,0,2
"OTU_11871",0,0,0,0,0,11,4,0,0,0,0,0,0,0,0,0,0,0,0,0,0,0,0,0,0,0,4,9,0,0,0,0,0,0,0,0,0,0,0,0
"OTU_11888",0,0,0,0,0,0,0,0,0,0,8,0,0,0,0,0,0,0,0,0,0,0,0,0,7,1,0,0,0,3,1,8,0,0,0,0,0,0,0,0
"OTU_11889",0,0,0,0,0,0,0,3,0,1,0,0,0,0,0,0,0,1,0,0,1,0,1,1,0,0,0,0,0,1,0,0,0,1,0,0,2,0,0,3
"OTU_11903",0,0,0,0,0,0,0,0,0,0,0,0,0,0,0,0,2,0,2,0,0,5,0,0,0,0,0,0,0,0,0,0,0,0,0,0,0,0,6,0
"OTU_11907",0,0,0,0,0,0,0,0,0,0,0,0,0,3,0,0,0,0,0,0,3,0,0,0,0,0,5,0,0,0,0,0,17,0,0,0,0,0,0,0
"OTU_11913",0,0,1,0,9,0,3,0,0,0,0,2,0,0,1,0,2,0,0,0,6,0,0,1,0,0,0,2,0,0,0,0,0,1,0,0,0,0,0,0
"OTU_11920",0,0,0,0,0,0,0,0,0,0,0,0,4,0,0,0,0,0,0,0,0,0,12,0,5,0,0,0,4,0,0,0,0,0,3,0,0,0,0,0
"OTU_11931",0,0,16,0,0,0,0,0,0,0,0,0,0,0,0,0,2,0,0,0,0,0,0,0,0,0,0,0,0,0,0,0,0,3,0,0,7,0,0,0
"OTU_11946",0,0,0,0,0,0,0,0,0,0,0,0,0,7,0,0,6,0,5,6,0,0,0,0,0,0,0,0,0,0,0,0,0,0,0,0,0,0,0,0
"OTU_11963",0,0,0,0,0,0,0,0,0,0,0,0,0,0,0,0,0,0,0,0,0,0,10,0,0,0,0,0,0,0,0,0,0,7,0,0,3,0,0,8
"OTU_11973",2,0,0,0,0,0,0,0,0,0,0,1,0,0,3,1,0,0,0,0,3,0,0,0,0,0,0,0,0,0,0,0,0,0,0,0,0,0,0,3
"OTU_11990",0,11,0,0,0,4,0,0,4,0,0,0,0,0,0,0,0,0,0,0,0,0,0,0,0,9,0,0,0,0,0,0,0,0,0,0,0,0,0,0
"OTU_12005",16,0,0,0,0,0,0,2,0,0,0,0,0,0,0,0,0,0,0,0,0,0,0,0,6,4,0,0,0,0,0,0,0,0,0,0,0,0,0,0
"OTU_12035",0,0,0,0,0,0,0,0,0,0,0,0,0,0,0,9,0,1,0,0,0,1,8,0,0,0,0,0,0,0,0,0,0,0,0,0,3,2,0,0
"OTU_12063",7,0,0,0,0,0,0,0,0,0,0,0,0,0,0,0,0,0,0,0,0,0,0,4,0,14,2,0,0,0,0,0,0,0,0,0,0,0,0,0
"OTU_12111",0,2,0,0,0,0,0,0,0,0,7,0,0,0,0,0,0,0,4,0,0,0,0,0,0,0,0,0,0,0,14,0,0,0,0,0,0,0,0,0
"OTU_12121",0,0,0,0,0,0,0,0,0,0,0,0,0,0,0,3,3,4,0,0,0,0,0,0,0,0,0,0,0,0,0,0,0,0,0,0,0,2,0,5
"OTU_12145",0,0,0,0,0,0,0,0,0,0,0,0,5,0,5,0,0,0,0,0,0,5,0,0,0,0,0,0,0,0,0,0,0,0,0,0,0,12,0,0
"OTU_12174",0,0,0,0,0,0,0,0,0,0,0,0,0,0,0,6,0,0,4,0,6,0,0,0,0,0,0,0,3,0,0,0,0,0,8,0,0,0,0,0
"OTU_12190",0,0,8,0,0,5,0,0,0,0,0,0,0,0,0,0,0,0,0,0,0,0,0,0,0,4,0,0,0,0,0,0,0,0,2,0,8,0,0,0
"OTU_12191",0,0,0,0,0,0,0,0,0,0,0,3,0,1,1,4,0,0,1,0,0,0,0,0,0,0,0,0,0,0,0,0,1,0,2,0,0,3,1,3
"OTU_12195",0,0,4,0,6,0,0,0,0,0,0,0,0,0,0,0,0,0,0,0,0,0,0,0,0,0,0,0,11,6,0,0,0,0,0,0,0,0,0,0
"OTU_12202",0,5,0,0,0,0,0,0,0,0,0,0,0,0,0,0,0,0,0,0,0,0,0,0,0,4,14,0,0,0,0,0,0,0,0,0,0,0,4,0
"OTU_12209",0,0,0,0,0,0,0,0,0,0,0,5,0,0,0,0,0,0,0,0,0,0,0,0,0,0,0,0,0,0,0,0,0,2,2,1,1,0,0,0
"OTU_12223",6,0,0,0,0,3,13,0,0,0,0,0,0,0,0,0,0,0,0,0,0,0,0,0,0,1,4,0,0,0,0,0,0,0,0,0,0,0,0,0
"OTU_12226",0,0,0,0,0,0,0,0,0,0,0,0,0,0,0,0,0,0,0,0,0,3,9,0,0,0,0,0,0,0,0,0,0,9,6,0,0,0,0,0
"OTU_12231",0,3,0,0,0,1,0,0,0,0,0,0,0,0,0,0,0,0,0,0,1,0,0,0,0,2,0,1,2,0,0,0,0,0,0,1,0,0,0,0
"OTU_12274",0,0,0,0,0,0,0,0,0,0,0,0,0,0,0,0,4,0,2,0,5,0,0,0,0,0,0,0,3,0,0,0,0,0,0,0,0,0,0,0
"OTU_12294",9,0,0,0,0,0,0,9,0,0,0,0,0,0,0,0,0,0,0,0,0,0,0,0,0,0,3,0,0,0,0,0,0,0,0,3,0,0,0,0
"OTU_12313",0,0,0,0,0,0,0,0,0,0,0,0,0,0,0,0,4,0,0,0,0,0,6,0,13,0,0,0,4,0,0,0,0,0,0,0,0,0,0,0
"OTU_12321",0,0,0,0,0,0,0,0,0,0,0,8,0,0,0,0,0,0,0,0,0,5,0,0,0,0,0,0,0,0,0,0,0,0,0,0,0,4,0,2
"OTU_12338",0,0,1,2,0,0,0,0,0,0,0,0,0,0,0,1,0,1,1,0,1,0,0,0,0,0,0,0,0,2,0,0,0,1,1,0,0,0,0,1
"OTU_12386",0,2,0,0,0,0,0,0,7,5,0,0,0,0,0,0,0,0,0,0,0,0,0,0,0,12,0,0,0,0,0,0,0,0,0,0,0,0,0,0
"OTU_12392",0,0,0,0,6,0,0,0,0,0,0,0,0,0,0,0,0,0,0,0,3,7,0,0,0,0,0,0,3,0,3,0,0,0,0,0,0,0,0,0
"OTU_12398",2,0,0,0,0,15,0,0,0,0,0,0,0,5,0,0,0,0,0,0,0,0,0,0,0,0,4,0,0,0,0,0,0,0,0,0,0,0,0,0
"OTU_12410",0,0,0,0,0,0,4,0,0,0,0,0,0,0,0,0,0,0,2,0,0,0,0,0,0,9,0,5,0,0,3,0,0,0,0,0,0,0,0,0
"OTU_12434",0,0,0,0,2,0,0,0,0,0,0,0,0,0,0,0,2,0,0,0,0,0,1,6,0,0,0,0,0,4,2,5,0,4,0,0,0,0,0,0
"OTU_12465",0,0,0,0,3,0,0,0,0,0,0,0,0,3,0,0,0,0,0,0,0,0,0,0,0,0,0,0,0,0,0,0,1,0,0,4,0,0,0,0
"OTU_12576",0,0,0,0,0,0,0,0,0,0,0,0,0,0,0,0,0,0,5,0,9,0,6,0,0,0,0,0,0,0,0,0,0,6,0,0,0,0,0,0
"OTU_12599",0,0,0,0,0,0,0,0,7,0,0,0,0,0,0,0,0,0,0,0,0,0,0,0,0,7,3,0,0,8,0,0,0,0,0,0,0,0,0,0
"OTU_12607",0,0,0,0,0,0,0,0,0,0,0,0,0,0,0,0,0,0,0,0,0,0,0,0,0,0,9,0,2,0,0,0,0,0,0,2,3,0,5,0
"OTU_12612",0,0,6,0,0,0,0,0,0,0,0,0,0,0,0,0,0,0,0,0,0,0,0,0,0,7,0,0,0,10,0,0,0,0,2,0,0,0,0,0
"OTU_12638",0,0,3,0,0,0,0,10,0,0,0,0,0,0,0,0,0,0,0,0,0,0,0,0,0,0,0,0,0,0,0,0,0,0,0,0,0,0,6,6
"OTU_12644",0,0,0,0,0,0,0,5,0,0,6,0,0,0,0,0,0,0,0,0,0,0,0,0,0,5,9,0,0,0,0,0,0,0,0,0,0,0,0,0
"OTU_12694",0,0,0,0,0,0,4,0,0,0,0,0,0,0,0,3,3,0,0,2,0,2,0,0,0,0,0,0,0,0,0,0,0,2,0,0,0,0,0,0
"OTU_12698",0,0,4,0,5,5,0,0,0,0,0,0,0,0,0,0,0,0,0,0,0,0,0,0,0,6,0,5,0,0,0,0,0,0,0,0,0,0,0,0
"OTU_12724",0,0,0,1,0,0,0,0,0,12,0,0,0,0,0,0,0,0,0,0,1,1,0,2,1,0,1,0,1,0,0,0,0,1,0,0,0,0,0,0
"OTU_12755",0,0,0,0,0,0,0,0,0,0,0,0,0,1,0,0,0,0,0,0,0,5,0,0,0,0,0,0,0,0,0,0,0,3,5,0,0,0,0,0
"OTU_12765",0,0,0,0,0,0,0,6,2,0,0,0,6,0,0,0,0,0,0,0,0,0,0,0,11,0,0,0,0,0,0,0,0,0,0,0,0,0,0,0
"OTU_12806",5,0,0,0,0,9,0,0,0,0,0,0,0,0,0,0,0,0,0,0,0,0,0,0,0,0,2,9,0,0,0,0,0,0,0,0,0,0,0,0
"OTU_12812",0,2,0,0,1,0,0,0,0,0,0,0,0,0,2,0,3,3,0,0,0,0,0,0,0,0,0,3,0,0,0,0,0,0,0,0,0,0,0,2
"OTU_12814",0,0,0,0,2,2,2,0,0,0,0,0,0,0,0,2,0,0,0,0,0,0,0,4,0,0,0,2,1,0,0,0,0,1,0,1,0,0,0,0
"OTU_12817",0,0,0,0,0,0,0,0,0,0,0,0,3,0,6,0,0,0,15,0,0,0,0,0,0,0,0,0,0,0,0,0,0,1,0,0,0,0,0,0
"OTU_12882",6,2,0,0,0,0,0,0,0,0,0,0,0,0,0,0,3,0,0,0,0,0,0,0,0,0,0,0,0,0,0,0,0,0,0,0,0,0,9,0
"OTU_12910",0,0,0,0,0,0,0,0,0,0,0,0,0,3,0,0,0,0,0,2,2,0,0,0,0,0,0,0,0,0,0,0,2,1,5,0,2,0,0,0
"OTU_12959",0,4,2,0,0,0,4,1,0,0,0,0,0,0,0,0,0,0,0,0,0,0,0,0,0,0,0,1,0,0,1,0,3,0,0,2,0,0,0,0
"OTU_13015",0,0,0,0,0,0,3,0,0,3,5,0,0,0,0,0,0,1,0,0,2,0,0,8,0,0,0,0,0,1,0,1,0,0,0,0,0,0,0,0
"OTU_13063",0,0,0,0,0,0,0,0,0,0,0,0,0,0,2,0,0,1,0,0,0,0,0,0,0,0,0,0,0,0,0,0,0,1,2,0,0,0,0,4
"OTU_13104",0,0,0,0,0,0,0,0,0,0,0,0,0,0,1,0,0,1,1,0,7,0,0,0,0,0,0,0,4,0,0,0,1,0,0,0,3,2,0,0
"OTU_13111",0,0,0,0,0,0,0,0,0,0,0,0,0,0,0,0,0,0,0,0,0,7,0,0,0,2,0,0,10,0,0,0,0,5,0,0,0,0,0,0
"OTU_13130",0,0,0,4,0,0,0,0,0,0,0,0,0,0,0,0,0,8,0,0,0,8,0,0,0,0,0,0,0,0,0,0,0,2,2,0,0,0,0,0
"OTU_13132",0,0,0,0,5,0,0,0,0,0,0,0,0,0,0,0,1,0,0,0,0,0,0,0,0,0,0,0,0,0,0,0,0,6,5,0,0,0,0,3
"OTU_13139",0,0,0,0,0,0,0,0,0,0,0,0,0,4,4,0,3,0,0,0,0,0,5,0,0,0,0,0,0,0,0,0,0,1,0,2,0,0,1,0
"OTU_13140",0,0,0,0,0,0,0,0,0,0,0,0,0,0,0,0,0,0,1,4,0,4,3,0,0,0,0,0,0,0,0,0,0,0,0,0,0,0,0,0
"OTU_13158",0,0,0,0,0,0,0,0,0,0,0,0,0,0,0,0,0,5,0,0,0,0,0,0,0,0,0,0,0,0,0,0,0,0,0,0,0,4,5,10
"OTU_13188",0,0,0,0,0,1,3,0,0,0,0,0,0,0,0,0,0,0,0,2,0,0,0,0,4,0,0,0,0,0,0,0,0,0,0,3,0,2,0,0
"OTU_13195",0,0,0,0,0,0,0,0,0,0,0,5,0,0,2,1,0,0,0,0,0,0,0,0,0,0,0,0,0,0,0,0,1,0,0,1,0,0,0,0
"OTU_13226",0,0,0,0,0,0,0,0,0,0,0,0,3,0,0,0,0,0,0,0,0,9,1,0,0,0,0,0,0,0,0,0,0,7,0,0,0,0,0,3
"OTU_13228",0,0,0,0,0,0,0,0,0,0,0,0,0,0,0,0,7,0,0,0,0,0,5,0,0,0,0,0,0,0,0,0,4,0,0,3,0,0,0,0
"OTU_13243",0,0,0,0,0,0,0,0,12,0,9,0,0,0,0,0,0,0,0,0,0,0,0,0,0,0,0,0,0,0,1,0,0,0,1,0,0,0,0,0
"OTU_13246",0,0,0,0,0,0,0,0,0,0,0,4,0,0,0,0,0,0,0,0,0,0,0,0,0,0,0,0,0,0,0,0,9,4,0,0,0,0,0,6
"OTU_13340",0,0,0,0,5,0,0,7,4,0,0,0,0,0,3,0,0,0,0,0,0,0,0,0,0,0,0,0,0,0,4,0,0,0,0,0,0,0,0,0
"OTU_13380",0,0,0,0,0,0,0,0,0,0,6,0,0,0,0,0,0,0,4,0,0,0,0,0,0,0,0,0,5,0,0,4,0,4,0,0,0,0,0,0
"OTU_13387",0,0,0,0,0,0,0,0,0,0,0,0,0,0,0,0,0,6,0,0,0,0,0,0,0,0,0,0,3,0,0,0,0,0,0,0,0,8,0,6
"OTU_13412",0,0,0,0,0,0,0,0,0,0,0,0,0,0,0,0,0,0,0,0,0,0,0,0,0,0,0,0,0,0,0,0,2,2,0,0,0,8,0,4
"OTU_13420",12,0,0,0,0,4,0,0,5,0,0,0,0,0,0,0,0,0,0,0,0,0,0,0,0,0,2,0,0,0,0,0,0,0,0,0,0,0,0,0
"OTU_13421",0,0,0,0,0,0,0,0,0,0,0,2,0,0,2,0,0,0,0,0,0,0,0,0,0,0,0,0,0,0,0,0,0,1,0,0,5,0,2,0
"OTU_13426",0,0,0,0,0,0,7,0,0,0,0,0,0,0,0,0,0,0,0,0,0,0,0,0,0,0,0,0,0,0,7,0,6,0,3,0,0,0,0,0
"OTU_13427",0,0,0,0,0,0,0,0,0,0,0,0,0,0,0,0,0,0,4,0,0,0,0,0,0,0,0,0,0,0,0,0,5,6,4,0,0,0,0,0
"OTU_13456",0,8,0,0,0,0,0,0,0,4,0,0,0,0,0,0,0,0,0,0,0,0,0,0,4,0,0,7,0,0,0,0,0,0,0,0,0,0,0,0
"OTU_13472",0,0,0,0,0,0,0,0,0,0,0,0,0,0,0,0,0,4,0,8,8,0,0,0,0,0,0,0,2,0,0,0,0,1,0,0,0,0,0,0
"OTU_13475",0,0,3,0,0,8,0,0,0,7,0,0,0,0,0,0,0,5,0,0,0,0,0,0,0,0,0,0,0,0,0,0,0,0,0,0,0,0,0,0
"OTU_13477",3,0,0,1,0,0,0,0,0,0,1,0,0,0,0,1,0,0,2,1,0,0,0,0,0,0,1,0,0,0,1,0,0,1,0,0,1,0,0,0
"OTU_13490",0,0,0,0,0,0,0,0,0,0,0,0,0,0,0,0,0,0,0,0,0,4,2,0,0,0,0,0,0,0,0,0,0,2,12,0,0,0,0,0
"OTU_13493",0,0,0,0,0,0,0,0,0,0,0,0,0,0,2,0,6,0,0,5,0,3,0,0,0,0,0,0,0,0,0,0,0,4,3,0,0,0,0,0
"OTU_13521",0,0,7,0,0,0,9,4,0,0,0,0,0,0,0,0,0,0,0,0,0,0,0,0,0,3,0,0,0,0,0,0,0,0,0,0,0,0,0,0
"OTU_13567",0,2,1,0,1,0,0,0,0,0,0,0,0,2,1,0,2,0,1,0,0,0,0,0,0,0,0,0,0,0,2,0,2,0,0,3,1,0,0,0
"OTU_13589",0,0,0,2,0,0,0,0,3,3,0,0,0,0,0,0,0,0,2,2,0,0,0,0,0,0,0,0,0,0,0,0,0,0,1,0,0,0,2,0
"OTU_13631",0,0,0,0,0,0,2,0,0,0,0,1,0,0,1,0,0,0,0,0,0,0,1,0,0,0,0,2,0,0,0,0,4,5,0,0,0,0,0,1
"OTU_13663",0,5,0,0,0,0,0,0,0,0,0,2,0,0,0,0,0,0,0,0,0,0,0,0,0,0,0,0,0,0,0,0,0,0,2,0,0,0,5,5
"OTU_13686",0,0,0,0,2,0,2,0,0,0,0,0,0,0,1,0,1,0,0,0,0,0,0,0,0,0,0,1,0,0,0,0,0,0,0,1,0,2,0,0
"OTU_13714",0,0,0,0,0,0,4,0,0,0,0,0,0,0,0,0,0,0,0,0,0,0,7,0,0,0,5,0,0,0,0,0,0,0,6,0,0,0,0,0
"OTU_13750",0,0,0,0,0,0,0,0,0,0,0,0,0,0,0,2,0,3,4,0,0,0,0,0,0,0,0,0,0,0,0,0,0,0,0,0,5,0,0,0
"OTU_13781",0,0,4,0,0,0,1,0,0,1,1,3,0,0,0,0,0,0,0,0,0,0,0,1,0,0,0,0,1,0,0,0,0,0,0,0,1,0,0,0
"OTU_13785",0,0,0,0,0,0,0,0,0,0,0,0,0,0,0,0,0,0,0,1,8,0,0,0,0,0,0,0,0,0,0,0,9,0,2,0,0,0,2,0
"OTU_13792",0,0,2,2,0,0,1,0,0,2,5,0,0,0,0,0,0,0,1,3,0,0,0,1,0,0,0,0,1,1,0,0,2,0,0,0,0,0,0,0
"OTU_13831",0,0,4,0,0,0,0,0,1,0,0,0,0,0,0,0,0,0,0,5,0,0,0,0,0,0,0,4,0,0,0,0,0,0,0,0,0,0,2,0
"OTU_13840",0,0,0,0,0,0,0,1,8,0,0,0,0,0,0,0,0,0,0,0,0,0,0,0,5,0,0,0,0,8,0,0,0,0,0,0,0,0,0,0
"OTU_13870",0,0,0,0,0,0,0,0,0,0,0,0,3,0,0,0,0,0,0,5,0,0,0,0,0,0,0,0,0,0,0,0,4,0,0,0,3,0,0,0
"OTU_13888",0,0,0,0,0,0,0,0,0,4,0,0,0,0,0,0,0,0,0,3,0,0,0,0,0,0,0,0,0,0,6,0,0,0,3,0,0,0,6,0
"OTU_13893",0,0,0,0,0,0,0,0,1,5,0,0,0,0,0,0,0,0,0,0,0,0,0,0,2,0,0,0,0,4,0,0,0,2,0,0,0,0,1,0
"OTU_13895",0,0,1,1,0,0,0,0,0,0,0,0,0,0,0,0,0,2,3,0,5,0,0,0,0,0,0,0,0,0,0,0,0,0,0,0,2,0,1,0
"OTU_13924",0,0,2,0,6,0,0,0,0,0,0,0,0,0,0,0,0,0,7,0,0,0,0,0,0,6,0,0,0,0,0,0,0,0,0,0,0,0,0,0
"OTU_13953",0,0,6,0,0,0,6,0,0,0,0,0,0,0,0,0,0,0,3,6,0,0,0,0,0,0,0,0,0,0,0,0,0,0,0,0,0,0,0,0
"OTU_13970",0,3,0,0,0,0,0,0,0,0,0,0,0,4,3,0,0,0,0,0,0,0,0,0,0,0,0,4,0,0,0,0,0,0,0,0,0,0,0,0
"OTU_13985",0,0,0,0,0,0,0,0,0,8,0,0,0,0,0,0,0,4,0,0,1,0,0,0,0,0,0,0,0,0,0,0,1,0,0,0,0,0,0,0
"OTU_13986",0,0,0,0,0,0,3,0,0,0,0,0,0,0,4,0,0,0,3,0,0,0,0,0,0,0,0,0,0,0,0,0,0,0,0,0,8,0,0,0
"OTU_14040",5,0,0,0,0,2,5,0,0,0,0,0,0,0,0,0,0,0,0,0,0,0,0,1,0,0,8,0,0,0,0,0,0,0,0,0,0,0,0,0
"OTU_14056",0,0,1,0,0,0,3,0,0,0,0,1,0,0,3,1,0,0,0,0,0,0,0,0,0,0,0,0,0,0,0,0,1,0,0,0,0,0,0,0
"OTU_14081",0,0,0,0,0,0,0,0,0,0,0,0,0,0,0,2,0,2,0,0,1,0,1,0,0,0,0,0,0,0,0,0,0,4,0,0,1,3,0,1
"OTU_14120",0,0,0,0,0,6,6,0,0,0,0,0,0,0,0,0,0,0,0,0,6,0,0,0,0,0,0,3,0,0,0,0,0,0,0,0,0,0,0,0
"OTU_14151",5,0,0,0,5,0,0,0,0,0,3,0,0,0,0,0,0,0,0,0,0,0,0,0,0,4,0,0,0,0,0,0,0,0,0,0,0,0,0,0
"OTU_14153",0,0,0,0,0,0,0,0,0,0,0,0,0,0,0,0,0,0,3,0,0,0,0,0,0,0,0,0,0,0,0,0,0,6,0,0,0,5,0,2
"OTU_14167",0,0,0,0,0,0,1,3,0,0,0,0,0,0,0,0,0,1,0,0,0,0,0,0,0,1,0,0,0,0,4,0,0,2,3,0,0,0,0,0
"OTU_14177",0,0,0,0,0,0,6,0,0,0,1,0,0,0,0,0,0,0,0,0,1,0,0,0,1,1,0,2,0,0,0,0,0,0,0,0,0,0,1,0
"OTU_14320",1,0,0,0,0,0,1,3,0,0,1,0,0,0,0,0,0,0,0,2,0,0,1,6,0,0,0,0,2,0,0,0,0,0,0,0,0,0,0,0
"OTU_14342",0,0,1,0,0,0,0,0,4,1,0,0,0,0,0,0,0,0,0,0,7,0,0,0,0,0,0,0,0,0,1,0,0,0,0,4,0,0,2,0
"OTU_14394",2,12,3,0,0,0,0,0,0,0,0,0,0,0,0,0,0,0,0,0,0,0,0,0,0,0,3,0,0,0,0,0,0,0,0,0,0,0,0,0
"OTU_14535",0,0,0,0,0,0,0,0,4,0,0,0,6,7,0,0,0,0,0,0,0,0,0,0,0,0,0,0,0,3,0,0,0,0,0,0,0,0,0,0
"OTU_14536",0,0,0,0,0,0,0,0,0,0,0,0,0,0,0,0,4,0,4,0,0,0,0,0,0,2,0,0,0,0,0,0,0,0,3,0,2,0,0,0
"OTU_14610",0,0,0,0,0,0,0,0,0,0,0,0,0,0,0,2,0,0,1,0,1,1,0,0,0,0,0,0,0,0,0,0,0,1,4,0,0,0,0,0
"OTU_14618",0,0,0,0,0,0,0,1,0,0,4,0,0,0,0,0,0,0,0,0,2,0,0,6,0,2,3,0,0,0,1,1,0,0,0,0,0,0,0,0
"OTU_14639",0,6,0,0,0,0,0,0,0,0,0,0,0,0,0,0,0,0,0,0,0,0,0,2,0,1,0,0,0,11,0,0,0,0,0,0,0,0,0,0
"OTU_14653",0,0,0,0,0,0,0,0,0,0,0,0,0,0,0,0,0,0,0,0,0,0,0,0,4,0,8,0,0,3,0,5,0,0,0,0,0,0,0,0
"OTU_14665",0,0,5,0,0,9,0,0,0,0,0,0,0,0,0,0,0,0,0,4,0,0,0,0,0,0,0,0,0,0,0,2,0,0,0,0,0,0,0,0
"OTU_14711",0,0,0,0,0,0,0,0,0,4,2,0,0,0,0,0,0,0,1,2,2,0,0,0,0,0,0,0,0,3,0,2,0,1,2,0,0,0,0,0
"OTU_14714",0,0,0,0,0,0,0,0,0,0,0,2,0,0,0,0,0,0,0,0,0,0,0,0,0,0,1,0,0,0,0,0,0,6,0,0,0,0,3,0
"OTU_14753",0,0,0,3,0,0,0,1,0,2,3,0,0,1,1,0,0,0,0,0,4,0,0,2,0,0,0,0,0,0,0,0,0,0,0,0,0,0,0,0
"OTU_14756",0,0,0,0,0,0,0,0,4,10,0,0,0,0,0,0,0,0,0,0,3,0,0,0,0,0,0,0,0,2,0,0,0,0,0,0,0,0,0,0
"OTU_14809",0,0,0,0,0,0,0,0,0,0,0,0,0,3,0,0,2,0,0,0,2,0,0,0,0,0,0,0,0,0,0,0,0,2,0,2,3,0,0,0
"OTU_14814",0,0,0,0,0,4,0,5,0,0,0,0,0,0,0,0,0,0,0,0,0,0,0,0,0,8,2,0,0,0,0,0,0,0,0,0,0,0,0,0
"OTU_14832",0,0,5,0,0,0,0,0,0,0,0,0,0,0,0,0,0,0,5,0,0,0,0,0,0,0,0,0,0,0,0,0,0,0,0,0,4,5,0,0
"OTU_14839",0,0,0,0,0,0,2,0,0,0,0,0,0,0,0,0,0,0,0,0,0,0,5,0,0,0,0,0,0,0,0,0,0,3,4,0,0,0,0,0
"OTU_14864",2,0,0,0,0,0,0,0,0,0,0,10,0,0,0,0,0,0,0,0,0,0,0,0,0,0,0,0,0,0,0,3,0,0,4,0,0,0,0,0
"OTU_14873",0,0,0,0,0,4,0,0,0,0,5,0,0,0,0,0,0,0,0,0,0,0,0,0,5,0,0,0,5,0,0,0,0,0,0,0,0,0,0,0
"OTU_14887",0,0,0,0,4,0,0,0,0,0,0,0,0,0,0,0,2,0,0,0,0,0,0,0,0,0,2,0,0,0,0,0,0,0,0,0,0,4,0,0
"OTU_14892",0,0,0,0,0,0,0,0,0,0,0,0,2,0,0,0,4,0,0,0,6,0,0,0,0,0,0,0,0,0,0,0,0,7,0,0,0,0,0,0
"OTU_15114",0,0,0,0,0,0,0,0,0,0,0,0,0,0,0,1,0,0,0,0,6,0,0,0,0,0,0,0,0,0,0,0,1,0,2,0,0,0,0,0
"OTU_15170",0,0,0,0,2,0,3,0,0,0,0,0,0,0,0,1,0,0,0,0,3,0,0,0,0,0,0,1,0,4,2,0,0,1,1,0,0,0,0,0
"OTU_15192",0,0,0,0,0,0,4,0,0,0,0,0,0,0,0,0,0,0,0,0,0,0,0,0,0,2,0,0,0,6,5,0,0,0,0,1,0,0,0,0
"OTU_15280",0,0,0,0,0,0,2,0,0,0,0,0,0,0,0,0,0,2,0,0,0,2,2,0,1,0,0,0,0,0,1,0,0,0,0,0,0,1,0,3
"OTU_15337",0,0,1,0,1,0,1,0,0,0,0,1,0,0,3,0,0,0,0,0,2,0,0,0,0,0,0,0,0,0,0,0,0,4,0,1,0,0,0,0
"OTU_15364",0,0,3,1,0,0,0,0,0,0,1,0,0,1,0,0,0,0,0,0,0,0,0,0,0,0,0,1,1,0,1,0,0,0,0,0,0,0,1,0
"OTU_15397",0,0,0,0,0,6,0,5,0,0,0,0,0,0,0,0,0,0,0,0,0,0,2,0,0,0,0,0,5,0,0,0,0,0,0,0,0,0,0,0
"OTU_15480",0,0,0,0,0,0,0,0,0,0,0,0,0,0,3,3,0,0,0,0,0,0,1,0,0,0,0,0,0,0,0,0,1,0,3,0,0,0,0,0
"OTU_15503",0,0,0,0,0,0,0,6,0,3,0,0,0,0,0,0,0,0,0,0,0,0,0,0,0,0,0,5,0,4,0,0,0,0,0,0,0,0,0,0
"OTU_15517",0,0,0,0,0,0,2,0,2,0,2,0,0,0,0,0,0,0,0,0,0,0,0,6,0,0,4,0,0,2,0,0,0,0,0,0,0,0,0,0
"OTU_15521",0,0,0,0,0,0,0,0,0,0,0,0,0,0,0,0,0,0,5,0,0,0,0,0,5,0,0,0,0,0,0,5,3,0,0,0,0,0,0,0
"OTU_15549",0,0,0,3,0,0,0,0,0,0,0,7,0,0,0,0,0,0,0,0,0,0,0,0,0,0,0,4,0,0,0,0,0,1,0,0,0,0,0,0
"OTU_15551",0,0,0,0,0,0,1,1,4,3,0,0,0,0,0,0,0,0,0,0,1,0,0,0,2,0,1,0,0,2,0,0,2,0,0,0,0,0,0,0
"OTU_15603",0,0,0,0,0,0,3,0,0,0,0,0,0,0,0,0,0,0,0,0,2,0,6,0,0,0,0,0,0,0,0,0,0,4,0,0,0,0,0,0
"OTU_15615",0,0,0,5,2,0,2,0,0,0,0,0,0,0,1,0,1,0,1,0,0,0,0,0,0,0,0,1,0,0,0,0,0,1,0,0,0,0,1,0
"OTU_15619",0,0,0,0,0,0,0,0,0,0,0,4,0,0,0,0,5,0,0,0,0,3,0,0,0,0,0,0,0,0,0,0,0,0,0,0,0,0,0,5
"OTU_15628",0,3,0,0,0,0,0,0,1,0,0,0,0,0,0,0,0,0,0,0,0,0,0,0,1,0,0,1,0,0,1,6,4,0,0,0,0,0,0,0
"OTU_15629",0,0,0,0,0,0,1,0,5,0,0,0,0,0,0,0,0,0,0,0,0,7,0,0,0,0,0,4,0,0,0,0,0,0,0,0,0,0,0,0
"OTU_15655",0,0,0,0,7,0,0,0,0,0,0,0,0,0,3,0,2,0,0,0,0,0,0,0,0,0,0,0,0,0,0,0,3,0,0,2,0,0,0,0
"OTU_15675",0,0,2,0,0,0,4,0,0,0,0,0,0,0,0,0,0,0,3,0,0,0,0,0,0,0,0,0,0,0,0,0,0,0,0,0,0,5,0,0
"OTU_15756",0,0,0,0,0,0,0,0,0,0,1,0,0,0,0,0,0,0,0,1,0,2,0,0,0,2,0,0,1,0,7,0,0,0,0,0,0,0,2,0
"OTU_15785",0,0,0,2,0,0,0,0,0,0,1,0,0,0,0,0,0,0,0,0,0,2,0,0,0,0,0,0,0,0,2,0,0,0,2,0,0,0,0,2
"OTU_15822",0,5,1,0,0,0,7,0,0,0,0,0,0,0,0,0,0,0,0,4,0,0,0,0,0,0,0,0,0,0,0,0,0,0,0,0,0,0,0,0
"OTU_15829",0,0,0,3,0,0,0,0,0,0,0,0,0,0,0,0,0,0,0,2,2,0,0,0,2,0,0,0,2,0,2,0,0,0,0,0,0,0,0,0
"OTU_15932",0,1,0,0,0,0,0,0,0,0,0,0,0,0,0,1,0,0,0,0,4,0,0,0,0,0,0,0,2,1,0,0,0,0,1,0,1,0,0,0
"OTU_15955",0,0,0,0,0,0,0,0,0,0,0,0,0,0,0,0,0,0,0,0,2,1,0,0,0,0,0,0,0,0,0,0,0,3,3,2,1,0,0,0
"OTU_15996",0,0,0,0,0,0,0,0,4,0,0,0,0,1,0,0,0,0,0,0,0,3,0,0,0,0,0,0,3,0,0,0,0,4,2,0,0,0,0,0
"OTU_15998",0,2,0,0,0,0,0,0,0,0,0,0,0,0,0,0,0,0,0,0,0,2,0,0,0,0,0,0,0,0,0,0,0,2,2,0,3,4,0,0
"OTU_16002",0,0,2,0,0,0,0,0,0,0,0,0,0,3,0,0,6,0,0,0,0,0,0,0,0,0,0,0,0,0,0,0,0,0,0,6,0,0,0,0
"OTU_16016",0,0,4,0,0,0,0,0,0,0,0,2,0,0,1,0,0,0,1,0,2,0,0,0,0,0,0,0,0,0,0,0,0,1,0,0,0,0,0,0
"OTU_16054",0,0,0,0,0,0,0,0,0,0,0,3,0,0,1,0,3,0,0,0,0,0,3,0,0,0,0,0,0,0,0,0,0,0,0,1,0,0,0,1
"OTU_16104",0,0,0,0,0,0,0,0,3,0,0,0,0,6,0,0,0,0,0,0,0,0,0,0,4,0,0,0,0,0,0,0,0,4,0,0,0,0,0,0
"OTU_16126",0,0,0,0,0,0,0,0,0,0,0,0,1,0,3,3,0,0,0,0,0,2,1,0,0,0,0,0,0,0,0,0,1,0,0,0,0,0,0,0
"OTU_16133",2,4,0,0,0,0,2,0,0,0,0,0,0,0,0,0,0,0,0,0,0,0,0,0,2,0,0,0,0,0,0,0,0,0,0,2,0,0,0,0
"OTU_16171",0,0,0,0,2,0,0,0,0,0,0,1,0,0,0,0,0,0,0,0,0,0,0,0,0,0,0,0,0,0,0,0,2,4,7,0,0,0,0,0
"OTU_16200",0,0,0,0,0,0,0,0,0,0,0,0,6,0,0,0,0,2,5,0,0,0,0,0,0,0,0,0,0,0,0,0,0,0,0,0,0,0,0,3
"OTU_16211",0,0,0,3,0,0,0,0,0,1,5,0,0,0,0,0,0,0,0,2,0,0,0,3,0,0,0,0,0,2,0,0,0,0,0,0,0,0,0,0
"OTU_16245",0,0,0,9,0,0,0,0,0,0,1,0,0,0,0,0,0,1,0,0,0,0,0,2,0,0,0,0,0,0,0,0,0,0,3,0,0,0,0,0
"OTU_16306",0,5,0,0,2,0,0,0,0,0,0,0,0,0,0,0,0,0,0,0,4,0,0,0,2,3,0,0,0,0,0,0,0,0,0,0,0,0,0,0
"OTU_16394",0,0,0,0,0,0,0,0,0,0,0,0,0,0,0,1,0,1,4,0,7,0,0,0,0,0,0,0,0,0,0,0,2,0,0,0,0,0,1,0
"OTU_16559",0,0,0,0,0,0,0,2,0,0,0,0,0,0,0,0,0,0,7,0,1,0,0,0,0,0,0,0,0,0,0,0,6,0,0,0,0,0,0,0
"OTU_16650",0,0,0,0,0,0,0,0,0,0,0,0,1,0,0,0,1,0,0,3,0,0,1,0,0,0,0,0,0,0,0,0,0,1,6,0,1,0,2,0
"OTU_16793",0,0,0,0,0,0,0,0,0,0,0,0,0,0,0,0,0,1,0,0,0,5,0,0,0,0,0,0,0,0,0,0,0,0,0,0,0,4,0,3
"OTU_16838",0,0,0,0,0,0,0,0,0,0,0,0,0,0,0,0,0,0,0,0,0,0,0,0,0,0,0,0,0,0,0,0,0,0,4,0,2,0,5,4
"OTU_16841",0,0,4,2,0,0,1,0,0,0,0,0,0,0,0,0,0,0,0,0,0,0,0,0,0,0,0,0,2,0,0,0,3,0,0,0,0,0,0,3
"OTU_16928",0,0,1,1,0,0,0,1,3,0,0,0,0,0,0,0,0,0,0,0,1,0,0,0,2,0,0,0,0,0,2,3,0,0,0,0,0,0,0,0
"OTU_17044",2,1,0,0,0,4,0,0,0,0,0,0,0,0,0,0,0,0,0,0,0,0,0,0,0,0,7,0,0,1,0,0,0,0,0,0,0,0,0,0
"OTU_17102",0,0,0,0,0,0,0,0,0,0,0,0,0,0,0,0,0,0,0,0,2,0,0,0,0,0,0,0,0,0,0,0,1,0,0,0,2,0,10,0
"OTU_17159",0,0,0,0,0,0,0,0,1,0,0,1,1,0,4,0,1,0,0,0,0,0,0,0,0,0,0,0,0,0,0,0,0,1,0,0,0,1,0,1
"OTU_17164",0,0,1,0,1,0,3,0,0,0,0,0,0,0,0,1,0,1,0,0,1,0,0,0,0,0,0,0,1,0,0,0,0,1,0,0,0,0,0,0
"OTU_17194",0,0,0,0,0,0,0,0,0,0,0,0,0,5,3,0,0,0,0,0,0,0,0,0,0,0,0,0,0,0,0,0,0,0,0,2,5,0,0,0
"OTU_17219",0,0,0,0,0,0,0,0,0,0,0,0,0,0,0,0,0,0,2,1,0,0,10,0,0,0,0,0,0,0,0,0,0,2,0,0,0,0,0,0
"OTU_17271",0,0,0,0,0,0,0,0,0,0,0,0,3,0,0,0,4,0,0,0,0,0,3,0,0,0,0,0,0,0,0,0,0,5,0,0,0,0,0,0
"OTU_17316",0,0,0,1,0,0,0,0,0,7,0,0,0,0,0,0,0,0,0,1,2,0,0,2,0,0,0,0,0,0,0,0,0,0,2,0,0,0,0,0
"OTU_17343",0,0,0,0,0,0,0,3,0,0,0,0,0,0,0,0,0,0,0,0,0,0,0,0,8,0,0,0,0,2,0,2,0,0,0,0,0,0,0,0
"OTU_17370",0,0,0,0,2,0,0,0,0,0,0,1,0,1,3,1,0,0,0,0,0,1,0,0,0,0,0,0,0,0,0,0,0,1,0,0,1,0,0,0
"OTU_17460",0,0,0,0,0,0,0,0,0,1,0,0,0,0,0,0,0,0,0,0,0,0,0,0,0,1,0,0,1,5,0,6,0,0,0,0,0,0,0,0
"OTU_17466",0,5,0,0,0,0,0,0,0,0,0,0,0,0,3,0,0,0,0,0,0,0,1,0,0,0,0,0,0,0,0,0,3,0,0,0,0,0,0,0
"OTU_17580",0,0,0,6,0,0,0,0,0,0,1,0,0,0,0,0,0,1,0,4,1,0,0,1,0,0,0,0,0,0,0,0,0,0,0,0,0,0,0,0
"OTU_17720",0,1,0,0,0,0,0,3,0,0,0,0,0,0,0,0,0,0,0,0,0,3,0,2,0,0,0,0,0,0,1,0,0,0,4,0,0,0,0,0
"OTU_17724",0,0,0,2,0,0,0,0,0,0,0,0,0,0,0,3,0,0,0,0,0,0,0,0,1,0,0,0,0,0,0,0,0,0,0,0,0,0,4,4
"OTU_17751",0,0,0,1,0,0,0,0,0,1,2,0,0,0,0,0,1,0,1,1,0,0,0,1,0,0,0,0,0,3,0,3,0,0,0,0,0,0,0,0
"OTU_17835",0,0,0,5,0,0,0,0,0,0,7,0,0,0,0,0,0,0,0,0,0,0,0,0,0,0,0,0,0,0,1,0,0,1,0,0,0,0,0,0
"OTU_17844",0,0,0,0,0,0,1,0,0,0,0,0,0,0,0,0,3,1,2,0,0,0,0,0,0,0,0,0,0,0,0,0,1,0,0,0,0,0,2,0
"OTU_17958",0,0,3,0,0,0,0,0,0,0,0,0,0,0,5,0,0,0,0,0,0,0,0,0,0,0,0,0,0,0,0,0,2,0,4,0,0,0,0,0
"OTU_17971",0,0,1,0,1,0,0,0,0,0,0,1,0,0,7,0,0,0,0,0,4,0,0,0,0,0,0,0,0,0,0,0,0,0,0,0,0,0,0,0
"OTU_17978",0,0,0,0,0,0,0,0,0,0,0,6,0,1,2,0,0,0,0,0,0,0,0,0,0,0,0,0,0,0,0,0,0,0,5,0,0,0,0,0
"OTU_18023",0,0,0,0,0,0,0,0,0,0,0,0,0,0,0,0,0,0,0,0,2,0,3,0,0,0,0,0,0,0,0,0,0,0,3,0,0,0,0,6
"OTU_18050",0,0,0,0,2,0,0,0,0,0,0,2,0,0,0,0,0,0,0,0,0,1,0,0,0,0,0,0,0,0,0,0,0,5,0,0,0,0,0,0
"OTU_18078",0,0,2,0,0,0,0,0,1,2,0,0,0,0,1,0,0,0,1,2,0,0,0,0,1,0,0,0,2,0,1,0,0,0,1,0,0,0,0,0
"OTU_18094",5,0,0,0,0,1,0,0,0,0,0,0,0,0,0,0,0,0,0,0,0,0,0,2,0,0,6,0,0,0,0,0,0,0,0,0,0,0,0,0
"OTU_18188",0,0,0,0,0,0,0,0,0,0,0,0,0,0,2,0,0,0,0,0,2,0,0,0,0,0,0,0,1,4,1,0,0,3,0,0,0,0,0,0
"OTU_18194",2,2,0,0,0,0,0,0,0,0,0,0,3,0,0,3,0,0,0,0,0,0,0,0,0,0,0,1,0,0,0,0,0,0,0,0,0,0,0,0
"OTU_18253",0,0,0,0,0,0,0,0,0,0,0,0,0,0,0,0,0,0,0,0,2,0,0,0,0,0,0,0,0,0,4,0,2,2,2,0,0,0,1,0
"OTU_18267",0,0,0,0,0,0,0,0,3,1,0,0,0,0,0,0,0,0,0,0,0,0,0,0,3,2,0,0,0,2,0,2,0,0,0,0,0,0,0,0
"OTU_18279",0,0,0,0,0,0,0,0,3,3,0,0,0,0,2,0,0,0,0,2,1,0,0,0,0,0,0,0,2,0,0,0,0,0,0,0,0,0,0,0
"OTU_18309",0,0,0,0,0,0,1,0,0,5,0,0,0,0,0,0,0,0,0,0,0,0,0,4,3,0,0,0,0,0,0,0,0,0,0,0,0,0,0,0
"OTU_18532",0,0,0,0,0,0,0,0,0,0,0,0,0,0,6,0,0,0,1,1,2,0,2,0,0,0,0,0,0,0,0,0,0,0,0,0,0,0,0,0
"OTU_18533",0,0,0,0,0,0,0,0,0,0,0,0,0,0,0,1,1,1,1,3,0,0,5,0,0,0,0,0,0,0,0,0,0,0,1,0,0,0,0,0
"OTU_18544",0,0,0,0,0,0,0,0,0,0,0,0,0,0,0,0,3,2,0,0,0,0,2,0,0,0,0,0,0,0,0,0,0,0,0,0,0,0,0,3
"OTU_18598",0,0,0,0,0,0,0,0,0,0,0,0,4,0,2,0,0,0,0,0,0,0,5,0,0,0,0,0,0,0,0,0,2,0,0,0,0,0,0,0
"OTU_18610",0,0,0,0,1,0,0,0,0,0,0,0,0,0,0,0,0,0,0,0,0,0,0,0,2,0,0,0,0,5,5,0,0,0,0,0,0,0,0,0
"OTU_18760",0,0,0,0,1,4,2,0,0,0,0,0,0,0,0,0,0,0,0,0,0,2,0,0,1,0,0,0,0,1,0,0,0,0,0,0,0,0,0,0
"OTU_18780",0,0,0,0,0,0,0,0,0,0,0,3,0,0,2,0,0,0,2,0,0,1,0,0,0,0,0,0,0,0,0,0,2,0,1,0,0,0,0,0
"OTU_18794",0,0,0,0,0,0,0,0,0,0,0,0,0,0,0,0,1,0,3,3,0,1,0,0,0,0,0,0,0,0,0,0,0,1,3,1,0,0,0,0
"OTU_18860",2,0,0,0,0,1,1,0,0,0,0,0,0,0,0,1,0,0,0,0,0,0,0,0,0,0,0,2,0,2,0,0,1,0,0,0,0,0,0,0
"OTU_18870",0,0,0,0,0,0,0,0,0,2,0,0,0,0,0,0,3,0,1,0,0,0,0,0,0,0,0,0,3,4,0,0,0,0,0,0,0,0,0,0
"OTU_18899",0,0,0,2,0,0,0,0,0,0,0,0,0,1,0,0,0,0,0,0,2,0,0,0,0,0,0,0,0,0,0,0,0,3,0,1,0,0,1,0
"OTU_19013",0,0,0,0,0,0,0,2,0,0,0,0,0,0,2,0,0,0,0,0,0,0,0,0,0,0,0,2,0,0,3,0,0,0,3,0,0,0,0,0
"OTU_19061",0,0,0,0,0,0,0,0,0,0,0,0,0,0,0,0,0,0,1,1,3,0,0,0,0,0,0,0,0,0,2,0,0,0,1,0,2,2,0,0
"OTU_19184",0,0,0,1,0,0,2,0,0,0,2,0,0,0,0,0,0,0,0,0,0,0,0,0,0,0,0,1,0,0,0,0,0,0,0,0,0,6,0,0
"OTU_19250",0,0,0,0,0,3,0,0,2,0,0,0,0,0,0,0,0,0,0,0,0,0,0,0,5,0,2,0,0,0,0,0,0,0,0,0,0,0,0,0
"OTU_19279",0,0,0,0,0,0,0,1,0,0,0,0,1,0,2,0,0,3,0,1,0,2,0,0,0,0,0,0,0,0,0,0,0,0,0,0,0,0,0,0
"OTU_19281",0,0,0,0,0,0,0,0,0,0,0,0,3,0,4,0,0,0,0,0,0,2,0,0,0,0,0,0,0,0,0,0,0,2,1,0,0,0,0,0
"OTU_19384",0,0,0,0,0,0,0,0,0,0,0,0,0,0,0,0,0,0,0,2,1,0,0,0,0,0,0,0,0,0,0,0,0,3,6,0,0,0,0,0
"OTU_19443",0,0,0,0,0,0,0,0,0,2,7,0,0,0,0,0,0,0,0,0,0,0,0,0,0,0,0,0,2,0,0,1,0,0,0,0,0,0,0,0
"OTU_19447",0,0,0,0,0,0,0,0,0,5,0,0,2,0,0,0,1,0,0,0,0,1,0,0,0,0,0,0,0,0,0,0,0,0,3,0,0,0,0,0
"OTU_19448",0,0,0,0,4,0,0,0,0,0,0,2,0,0,0,1,0,0,0,0,0,0,0,0,0,0,0,0,0,0,0,0,0,0,0,0,0,0,0,5
"OTU_19475",0,0,0,0,0,0,0,0,0,0,0,0,0,0,0,0,0,0,1,0,0,0,0,0,0,0,0,0,5,0,2,0,0,4,0,0,0,0,0,0
"OTU_19513",0,0,0,0,0,0,1,0,3,4,1,0,0,0,0,0,0,0,0,0,0,0,0,0,0,0,0,1,0,1,1,0,0,0,0,0,0,0,0,0
"OTU_19514",0,0,0,0,0,0,4,0,0,4,0,0,0,0,0,0,0,0,0,0,0,0,0,1,0,0,0,0,1,1,1,0,0,0,0,0,0,0,0,0
"OTU_19516",0,3,0,0,0,0,0,0,0,0,0,0,0,0,0,0,0,0,0,0,0,0,0,0,0,3,0,0,0,0,0,2,0,0,0,0,0,0,4,0
"OTU_19588",0,0,0,0,0,0,0,0,0,0,1,0,0,2,0,0,0,0,0,0,5,0,0,0,0,0,0,0,0,0,0,1,0,1,0,0,0,0,0,0
"OTU_19744",0,0,0,0,0,0,0,0,1,2,0,0,0,0,0,0,0,0,0,0,1,0,0,0,3,0,0,0,0,4,0,1,0,0,0,0,0,0,0,0
"OTU_19786",0,0,0,0,0,0,0,3,0,4,0,0,0,0,0,0,0,0,0,0,0,0,0,0,0,0,0,0,4,0,1,0,0,0,0,0,0,0,0,0
"OTU_19837",0,3,1,0,0,0,0,0,0,0,0,0,0,0,2,0,4,0,0,0,0,0,0,0,0,0,0,0,2,0,0,0,0,0,0,0,0,0,0,0
"OTU_19880",2,0,0,0,0,2,0,0,0,0,0,0,0,0,0,0,0,0,0,0,0,0,0,0,1,1,4,1,0,0,0,0,0,0,0,0,0,0,0,0
"OTU_19884",0,0,0,0,0,0,0,0,0,0,4,0,0,0,0,0,0,0,0,0,0,0,0,0,3,0,0,0,0,2,0,2,0,0,0,0,0,0,0,0
"OTU_19925",0,0,0,0,0,0,0,0,0,2,1,0,0,0,0,0,0,0,6,0,0,0,0,1,0,0,0,0,1,0,0,0,0,0,0,0,0,0,0,0
"OTU_20037",0,0,0,6,0,0,0,0,0,0,0,1,0,0,2,0,2,0,0,0,0,0,0,0,0,0,0,0,0,0,0,0,0,0,0,0,0,0,0,0
"OTU_20116",0,0,2,0,0,0,0,0,0,0,0,0,0,2,0,0,0,0,0,0,0,5,0,0,0,0,0,0,0,0,0,0,0,2,0,0,0,0,0,0
"OTU_20369",0,0,0,0,0,0,0,0,0,3,1,0,0,0,0,0,0,0,0,0,2,0,0,0,0,0,0,1,2,0,0,2,0,0,0,0,0,0,0,0
"OTU_20462",0,0,0,0,0,0,0,0,4,0,0,0,0,0,0,0,1,0,0,0,0,2,0,0,0,0,0,0,0,0,0,0,0,3,0,0,0,0,0,1
"OTU_20563",0,0,0,0,0,0,0,0,0,0,0,0,0,0,0,0,4,2,2,0,0,0,0,0,0,0,0,0,0,0,0,0,0,0,3,0,0,0,0,0
"OTU_20795",0,0,0,0,0,0,0,0,0,0,0,0,5,0,0,0,0,0,0,0,3,0,0,0,0,0,0,0,0,0,0,0,0,1,0,2,0,0,0,0
"OTU_20820",3,0,0,0,0,0,1,0,2,0,0,0,0,0,0,0,0,0,0,0,0,0,0,0,0,1,0,2,1,0,1,0,0,0,0,0,0,0,0,0
"OTU_20882",0,0,0,0,0,0,0,0,3,0,0,0,0,0,0,0,0,0,1,0,2,0,0,2,0,0,0,1,0,0,0,2,0,0,0,0,0,0,0,0
"OTU_20884",0,0,0,0,0,0,0,3,0,2,0,0,0,0,0,0,0,0,0,0,0,0,0,4,0,0,2,0,0,0,0,0,0,0,0,0,0,0,0,0
"OTU_21183",0,0,0,0,0,3,0,0,0,0,0,0,0,0,0,0,0,0,2,0,0,0,0,0,0,0,0,1,0,0,0,0,1,3,0,0,0,0,0,0
"OTU_21259",0,0,0,0,0,0,1,0,0,0,0,4,0,0,0,0,0,0,0,0,0,2,0,0,0,0,0,0,0,0,3,0,0,0,0,0,0,0,0,0
"OTU_21274",0,0,0,0,0,0,0,0,0,0,0,0,0,1,0,4,1,0,0,0,0,3,0,0,0,0,0,0,0,0,0,0,0,1,0,0,0,0,0,0
"OTU_21410",0,0,0,0,0,0,0,0,0,0,0,0,0,1,1,0,0,0,0,0,0,0,0,0,0,0,0,0,0,0,0,0,0,0,0,6,0,0,0,2
"OTU_21498",0,1,0,0,0,0,0,0,1,3,3,0,0,0,0,0,0,0,0,0,0,0,0,0,0,0,0,0,0,0,0,2,0,0,0,0,0,0,0,0
"OTU_21588",0,0,0,0,0,0,0,0,0,0,0,6,0,0,0,0,2,0,0,0,0,0,1,0,0,0,0,0,0,0,0,0,0,0,0,0,0,0,0,1
"OTU_21741",0,0,0,0,0,0,0,0,2,0,0,0,0,0,1,0,0,0,0,0,4,0,0,0,0,0,0,0,0,0,0,0,0,0,0,0,3,0,0,0
"OTU_21804",0,0,0,0,0,0,0,0,0,0,0,0,0,2,0,0,4,0,0,0,3,0,0,0,0,0,0,0,0,0,0,0,0,1,0,0,0,0,0,0
"OTU_22011",0,0,0,3,0,0,3,0,0,0,0,0,0,0,2,1,0,0,0,0,0,0,0,0,0,0,0,0,0,1,0,0,0,0,0,0,0,0,0,0
"OTU_22066",0,0,0,0,0,0,0,0,0,0,0,0,0,0,0,0,0,0,0,0,0,1,3,0,0,0,0,0,2,0,0,0,0,0,0,0,0,4,0,0
"OTU_22092",0,0,0,2,0,0,0,0,0,2,0,0,0,0,0,0,0,0,0,1,3,0,0,0,0,0,0,0,2,0,0,0,0,0,0,0,0,0,0,0
