,OTU_name,Kingdom,Phylum,Class,Order,Family,Genus,Species
OTU_2,OTU_2,Bacteria,Pseudomonadota,Alphaproteobacteria,Hyphomicrobiales,Xanthobacteraceae,Bradyrhizobium,NA
OTU_3,OTU_3,Bacteria,Bacillota,Bacilli,Bacillales,Bacillaceae,Bacillus,NA
OTU_4,OTU_4,Bacteria,Actinomycetota,Thermoleophilia,Solirubrobacterales,67-14,NA,NA
OTU_5,OTU_5,Bacteria,Actinomycetota,Actinobacteria,Pseudonocardiales,Pseudonocardiaceae,Crossiella,NA
OTU_7,OTU_7,Bacteria,Actinomycetota,Rubrobacteria,Rubrobacterales,Rubrobacteriaceae,Rubrobacter,NA
OTU_8,OTU_8,Bacteria,Pseudomonadota,Gammaproteobacteria,Nitrosococcales,Nitrosococcaceae,wb1-P19,NA
OTU_9,OTU_9,Bacteria,Actinomycetota,NA,NA,NA,NA,NA
OTU_11,OTU_11,Bacteria,Verrucomicrobiota,Verrucomicrobiia,Chthoniobacterales,Xiphinematobacteraceae,Candidatus Xiphinematobacter,NA
OTU_12,OTU_12,Bacteria,Gemmatimonadota,Gemmatimonadia,Gemmatimonadales,Gemmatimonadaceae,NA,NA
OTU_13,OTU_13,Bacteria,Actinomycetota,Rubrobacteria,Rubrobacterales,Rubrobacteriaceae,Rubrobacter,NA
OTU_14,OTU_14,Bacteria,Actinomycetota,Actinobacteria,Kitasatosporales,Streptomycetaceae,Streptomyces,NA
OTU_15,OTU_15,Bacteria,Pseudomonadota,Alphaproteobacteria,Sphingomonadales,Sphingomonadaceae,Ellin6055,NA
OTU_16,OTU_16,Bacteria,Actinomycetota,Actinobacteria,Frankiales,Sporichthyaceae,NA,NA
OTU_17,OTU_17,Bacteria,Actinomycetota,Acidimicrobiia,Microtrichales,Ilumatobacteraceae,Desertimonas,NA
OTU_18,OTU_18,Bacteria,Actinomycetota,Rubrobacteria,Rubrobacterales,Rubrobacteriaceae,Rubrobacter,NA
OTU_19,OTU_19,Bacteria,Pseudomonadota,Alphaproteobacteria,Hyphomicrobiales,Xanthobacteraceae,NA,NA
OTU_20,OTU_20,Bacteria,Pseudomonadota,Gammaproteobacteria,Burkholderiales,Sutterellaceae,NA,NA
OTU_21,OTU_21,Bacteria,Actinomycetota,Actinobacteria,Micromonosporales,Micromonosporaceae,Mangrovihabitans,yamanashiensis
OTU_22,OTU_22,Bacteria,Actinomycetota,MB-A2-108,NA,NA,NA,NA
OTU_23,OTU_23,Bacteria,Pseudomonadota,Gammaproteobacteria,Enterobacterales,Yersiniaceae,Serratia,marcescens
OTU_24,OTU_24,Bacteria,Actinomycetota,Actinobacteria,Propionibacteriales,Nocardioidaceae,Kribbella,NA
OTU_25,OTU_25,Bacteria,Actinomycetota,Acidimicrobiia,Microtrichales,NA,NA,NA
OTU_26,OTU_26,Bacteria,Actinomycetota,Thermoleophilia,Solirubrobacterales,67-14,NA,NA
OTU_27,OTU_27,Bacteria,Pseudomonadota,Alphaproteobacteria,Hyphomicrobiales,Xanthobacteraceae,NA,NA
OTU_28,OTU_28,Bacteria,Pseudomonadota,Alphaproteobacteria,Hyphomicrobiales,Xanthobacteraceae,NA,NA
OTU_29,OTU_29,Bacteria,Actinomycetota,Actinobacteria,Mycobacteriales,Mycobacteriaceae,Mycobacterium,NA
OTU_30,OTU_30,Bacteria,Acidobacteriota,Vicinamibacteria,Vicinamibacterales,NA,NA,NA
OTU_31,OTU_31,Bacteria,Actinomycetota,Actinobacteria,Micrococcales,Micrococcaceae,Paenarthrobacter,NA
OTU_32,OTU_32,Bacteria,Acidobacteriota,Blastocatellia,Pyrinomonadales,Pyrinomonadaceae,NA,NA
OTU_33,OTU_33,Bacteria,Gemmatimonadota,Gemmatimonadia,Gemmatimonadales,Gemmatimonadaceae,NA,NA
OTU_34,OTU_34,Bacteria,Pseudomonadota,Alphaproteobacteria,Hyphomicrobiales,Beijerinckiaceae,Microvirga,NA
OTU_35,OTU_35,Bacteria,Bacillota,Bacilli,Bacillales,Bacillaceae,Peribacillus,NA
OTU_36,OTU_36,Bacteria,Acidobacteriota,Vicinamibacteria,Vicinamibacterales,NA,NA,NA
OTU_37,OTU_37,Bacteria,RCP2-54,NA,NA,NA,NA,NA
OTU_38,OTU_38,Bacteria,Pseudomonadota,Alphaproteobacteria,Hyphomicrobiales,Methyloligellaceae,NA,NA
OTU_39,OTU_39,Bacteria,Pseudomonadota,Gammaproteobacteria,Steroidobacterales,Steroidobacteraceae,Steroidobacter,NA
OTU_40,OTU_40,Bacteria,Actinomycetota,Thermoleophilia,Solirubrobacterales,67-14,NA,NA
OTU_41,OTU_41,Bacteria,NA,NA,NA,NA,NA,NA
OTU_42,OTU_42,Bacteria,RCP2-54,NA,NA,NA,NA,NA
OTU_43,OTU_43,Bacteria,Pseudomonadota,Alphaproteobacteria,Hyphomicrobiales,Rhizobiaceae,Mesorhizobium,NA
OTU_44,OTU_44,Bacteria,Pseudomonadota,Alphaproteobacteria,Reyranellales,Reyranellaceae,Reyranella,NA
OTU_45,OTU_45,Bacteria,Chloroflexota,Gitt-GS-136,NA,NA,NA,NA
OTU_46,OTU_46,Bacteria,Chloroflexota,KD4-96,NA,NA,NA,NA
OTU_47,OTU_47,Bacteria,Pseudomonadota,Alphaproteobacteria,Tistrellales,Geminicoccaceae,NA,NA
OTU_48,OTU_48,Bacteria,Actinomycetota,Actinobacteria,Pseudonocardiales,Pseudonocardiaceae,Pseudonocardia,NA
OTU_49,OTU_49,Bacteria,Acidobacteriota,Blastocatellia,Pyrinomonadales,Pyrinomonadaceae,NA,NA
OTU_50,OTU_50,Bacteria,Actinomycetota,Actinobacteria,0319-7L14,NA,NA,NA
OTU_51,OTU_51,Bacteria,Pseudomonadota,Alphaproteobacteria,Hyphomicrobiales,Beijerinckiaceae,Enterovirga,NA
OTU_52,OTU_52,Bacteria,Actinomycetota,Thermoleophilia,Solirubrobacterales,67-14,NA,NA
OTU_54,OTU_54,Bacteria,Actinomycetota,Thermoleophilia,Solirubrobacterales,Solirubrobacteraceae,Solirubrobacter,NA
OTU_55,OTU_55,Bacteria,Pseudomonadota,Alphaproteobacteria,Azospirillales,Azospirillaceae,Skermanella,NA
OTU_56,OTU_56,Bacteria,Acidobacteriota,Vicinamibacteria,Vicinamibacterales,NA,NA,NA
OTU_57,OTU_57,Bacteria,Actinomycetota,Thermoleophilia,Gaiellales,NA,NA,NA
OTU_58,OTU_58,Bacteria,Actinomycetota,Rubrobacteria,Rubrobacterales,Rubrobacteriaceae,Rubrobacter,NA
OTU_59,OTU_59,Bacteria,Acidobacteriota,Vicinamibacteria,Vicinamibacterales,Vicinamibacteraceae,NA,NA
OTU_60,OTU_60,Bacteria,Acidobacteriota,Blastocatellia,Pyrinomonadales,Pyrinomonadaceae,NA,NA
OTU_61,OTU_61,Bacteria,Actinomycetota,Thermoleophilia,Solirubrobacterales,Solirubrobacteraceae,Solirubrobacter,NA
OTU_62,OTU_62,Bacteria,Chloroflexota,Gitt-GS-136,NA,NA,NA,NA
OTU_63,OTU_63,Bacteria,Pseudomonadota,Alphaproteobacteria,Dongiales,Dongiaceae,Dongia,NA
OTU_64,OTU_64,Bacteria,Bacillota,Bacilli,Bacillales,Planococcaceae,Lysinibacillus,NA
OTU_65,OTU_65,Bacteria,Pseudomonadota,Gammaproteobacteria,Burkholderiales,NA,NA,NA
OTU_66,OTU_66,Bacteria,Pseudomonadota,Alphaproteobacteria,Hyphomicrobiales,Hyphomicrobiales Incertae Sedis,Nordella,NA
OTU_67,OTU_67,Bacteria,Actinomycetota,Actinobacteria,Mycobacteriales,Mycobacteriaceae,Mycobacterium,NA
OTU_68,OTU_68,Bacteria,Actinomycetota,Thermoleophilia,Solirubrobacterales,67-14,NA,NA
OTU_69,OTU_69,Bacteria,Actinomycetota,Thermoleophilia,Solirubrobacterales,Solirubrobacteraceae,Solirubrobacter,NA
OTU_70,OTU_70,Bacteria,Pseudomonadota,Gammaproteobacteria,Burkholderiales,NA,NA,NA
OTU_71,OTU_71,Bacteria,Acidobacteriota,Vicinamibacteria,Vicinamibacterales,NA,NA,NA
OTU_72,OTU_72,Bacteria,Verrucomicrobiota,Verrucomicrobiia,Chthoniobacterales,Chthoniobacteraceae,Candidatus Udaeobacter,NA
OTU_73,OTU_73,Bacteria,Pseudomonadota,Gammaproteobacteria,PLTA13,NA,NA,NA
OTU_74,OTU_74,Bacteria,Actinomycetota,Actinobacteria,Frankiales,Sporichthyaceae,NA,NA
OTU_75,OTU_75,Bacteria,Pseudomonadota,Alphaproteobacteria,Hyphomicrobiales,Beijerinckiaceae,Microvirga,ossetica
OTU_77,OTU_77,Bacteria,Planctomycetota,Phycisphaerae,Tepidisphaerales,WD2101 soil group,NA,NA
OTU_78,OTU_78,Bacteria,Actinomycetota,Thermoleophilia,Solirubrobacterales,Solirubrobacteraceae,Solirubrobacter,NA
OTU_79,OTU_79,Bacteria,Actinomycetota,Actinobacteria,Propionibacteriales,Propionibacteriaceae,Microlunatus,NA
OTU_80,OTU_80,Bacteria,Actinomycetota,Actinobacteria,Mycobacteriales,Mycobacteriaceae,Mycobacterium,madagascariense
OTU_81,OTU_81,Bacteria,Pseudomonadota,Alphaproteobacteria,Hyphomicrobiales,Rhizobiaceae,Agrobacterium,radiobacter
OTU_82,OTU_82,Bacteria,Chloroflexota,KD4-96,NA,NA,NA,NA
OTU_83,OTU_83,Bacteria,Pseudomonadota,Alphaproteobacteria,Hyphomicrobiales,Hyphomicrobiaceae,Pedomicrobium,NA
OTU_84,OTU_84,Bacteria,Actinomycetota,Thermoleophilia,Gaiellales,NA,NA,NA
OTU_86,OTU_86,Bacteria,Pseudomonadota,Alphaproteobacteria,Hyphomicrobiales,Xanthobacteraceae,NA,NA
OTU_87,OTU_87,Bacteria,Gemmatimonadota,Gemmatimonadia,Gemmatimonadales,Gemmatimonadaceae,NA,NA
OTU_88,OTU_88,Bacteria,RCP2-54,NA,NA,NA,NA,NA
OTU_89,OTU_89,Bacteria,Planctomycetota,Planctomycetes,Isosphaerales,Isosphaeraceae,NA,NA
OTU_90,OTU_90,Bacteria,Actinomycetota,Thermoleophilia,Solirubrobacterales,Solirubrobacteraceae,Solirubrobacter,NA
OTU_91,OTU_91,Bacteria,Actinomycetota,Thermoleophilia,Solirubrobacterales,Solirubrobacteraceae,Solirubrobacter,NA
OTU_92,OTU_92,Bacteria,Pseudomonadota,Alphaproteobacteria,Sphingomonadales,Sphingomonadaceae,Sphingomonas,NA
OTU_93,OTU_93,Bacteria,Gemmatimonadota,Gemmatimonadia,Gemmatimonadales,Gemmatimonadaceae,NA,NA
OTU_94,OTU_94,Bacteria,Pseudomonadota,Alphaproteobacteria,Hyphomicrobiales,Devosiaceae,Devosia,NA
OTU_95,OTU_95,Bacteria,Acidobacteriota,Vicinamibacteria,Vicinamibacterales,NA,NA,NA
OTU_96,OTU_96,Bacteria,Actinomycetota,Actinobacteria,NA,NA,NA,NA
OTU_98,OTU_98,Bacteria,Actinomycetota,Actinobacteria,Pseudonocardiales,Pseudonocardiaceae,Pseudonocardia,NA
OTU_99,OTU_99,Bacteria,Actinomycetota,Actinobacteria,Propionibacteriales,Propionibacteriaceae,Microlunatus,NA
OTU_100,OTU_100,Bacteria,Acidobacteriota,Acidobacteriae,Bryobacterales,Bryobacteraceae,Bryobacter,NA
OTU_101,OTU_101,Bacteria,Actinomycetota,Thermoleophilia,Gaiellales,NA,NA,NA
OTU_102,OTU_102,Bacteria,Pseudomonadota,Alphaproteobacteria,Hyphomicrobiales,Xanthobacteraceae,NA,NA
OTU_105,OTU_105,Bacteria,Pseudomonadota,Alphaproteobacteria,Hyphomicrobiales,Rhizobiaceae,Rhizobium,phaseoli
OTU_106,OTU_106,Bacteria,Pseudomonadota,Alphaproteobacteria,Hyphomicrobiales,Rhizobiaceae,Pseudaminobacter,NA
OTU_107,OTU_107,Bacteria,Pseudomonadota,Alphaproteobacteria,Hyphomicrobiales,Rhizobiaceae,Phyllobacterium,endophyticum
OTU_108,OTU_108,Bacteria,Bacillota,Bacilli,Bacillales,Bacillaceae,Niallia,NA
OTU_109,OTU_109,Bacteria,Actinomycetota,Thermoleophilia,Gaiellales,NA,NA,NA
OTU_110,OTU_110,Bacteria,Acidobacteriota,Vicinamibacteria,Vicinamibacterales,Vicinamibacteraceae,NA,NA
OTU_111,OTU_111,Bacteria,Actinomycetota,Rubrobacteria,Rubrobacterales,Rubrobacteriaceae,Rubrobacter,NA
OTU_112,OTU_112,Bacteria,Acidobacteriota,Holophagae,Subgroup 7,NA,NA,NA
OTU_113,OTU_113,Bacteria,Actinomycetota,Actinobacteria,Propionibacteriales,Nocardioidaceae,Aeromicrobium,ginsengisoli
OTU_114,OTU_114,Bacteria,Verrucomicrobiota,Verrucomicrobiia,Chthoniobacterales,Chthoniobacteraceae,Candidatus Udaeobacter,NA
OTU_115,OTU_115,Bacteria,Actinomycetota,Thermoleophilia,Solirubrobacterales,67-14,NA,NA
OTU_116,OTU_116,Bacteria,Verrucomicrobiota,Verrucomicrobiia,Chthoniobacterales,Chthoniobacteraceae,Candidatus Udaeobacter,NA
OTU_117,OTU_117,Bacteria,Chloroflexota,KD4-96,NA,NA,NA,NA
OTU_118,OTU_118,Bacteria,Pseudomonadota,Alphaproteobacteria,Hyphomicrobiales,Beijerinckiaceae,Microvirga,NA
OTU_119,OTU_119,Bacteria,Acidobacteriota,Vicinamibacteria,Vicinamibacterales,Vicinamibacteraceae,NA,NA
OTU_120,OTU_120,Bacteria,Pseudomonadota,Alphaproteobacteria,Hyphomicrobiales,Rhizobiaceae,NA,NA
OTU_121,OTU_121,Bacteria,Actinomycetota,Acidimicrobiia,Actinomarinales,NA,NA,NA
OTU_122,OTU_122,Bacteria,Methylomirabilota,Methylomirabilia,Rokubacteriales,NA,NA,NA
OTU_123,OTU_123,Bacteria,Acidobacteriota,Vicinamibacteria,Vicinamibacterales,NA,NA,NA
OTU_124,OTU_124,Bacteria,Pseudomonadota,Alphaproteobacteria,Hyphomicrobiales,Xanthobacteraceae,NA,NA
OTU_125,OTU_125,Bacteria,Pseudomonadota,Alphaproteobacteria,Sphingomonadales,Sphingomonadaceae,Sphingomonas,NA
OTU_126,OTU_126,Bacteria,Pseudomonadota,Alphaproteobacteria,Hyphomicrobiales,Xanthobacteraceae,Rhodoplanes,NA
OTU_128,OTU_128,Bacteria,Actinomycetota,Actinobacteria,Pseudonocardiales,Pseudonocardiaceae,Pseudonocardia,NA
OTU_129,OTU_129,Bacteria,Actinomycetota,MB-A2-108,NA,NA,NA,NA
OTU_130,OTU_130,Bacteria,Pseudomonadota,Alphaproteobacteria,Hyphomicrobiales,Xanthobacteraceae,Rhodoplanes,NA
OTU_131,OTU_131,Bacteria,Pseudomonadota,Gammaproteobacteria,Gammaproteobacteria Incertae Sedis,Unknown Family,Acidibacter,NA
OTU_132,OTU_132,Bacteria,Acidobacteriota,Blastocatellia,Pyrinomonadales,Pyrinomonadaceae,Arenimicrobium,NA
OTU_133,OTU_133,Bacteria,Pseudomonadota,Alphaproteobacteria,Hyphomicrobiales,Xanthobacteraceae,NA,NA
OTU_134,OTU_134,Bacteria,Pseudomonadota,Gammaproteobacteria,Burkholderiales,B1-7BS,NA,NA
OTU_135,OTU_135,Bacteria,Verrucomicrobiota,Verrucomicrobiia,Chthoniobacterales,Chthoniobacteraceae,Candidatus Udaeobacter,NA
OTU_136,OTU_136,Bacteria,Actinomycetota,Thermoleophilia,Solirubrobacterales,67-14,NA,NA
OTU_138,OTU_138,Bacteria,Acidobacteriota,Vicinamibacteria,Vicinamibacterales,Vicinamibacteraceae,NA,NA
OTU_139,OTU_139,Bacteria,Pseudomonadota,Alphaproteobacteria,Sphingomonadales,Sphingomonadaceae,Ellin6055,NA
OTU_140,OTU_140,Bacteria,Actinomycetota,Acidimicrobiia,Acidimicrobiales,Acidimicrobiaceae,NA,NA
OTU_141,OTU_141,Bacteria,Acidobacteriota,Vicinamibacteria,Vicinamibacterales,Vicinamibacteraceae,NA,NA
OTU_143,OTU_143,Bacteria,Actinomycetota,Actinobacteria,Pseudonocardiales,Pseudonocardiaceae,Pseudonocardia,NA
OTU_144,OTU_144,Bacteria,Chloroflexota,KD4-96,NA,NA,NA,NA
OTU_145,OTU_145,Bacteria,Acidobacteriota,Vicinamibacteria,Vicinamibacterales,Vicinamibacteraceae,Vicinamibacter,NA
OTU_146,OTU_146,Bacteria,Methylomirabilota,Methylomirabilia,Rokubacteriales,NA,NA,NA
OTU_147,OTU_147,Bacteria,Actinomycetota,Thermoleophilia,Gaiellales,NA,NA,NA
OTU_148,OTU_148,Bacteria,Chloroflexota,Chloroflexia,Thermomicrobiales,JG30-KF-CM45,NA,NA
OTU_149,OTU_149,Bacteria,Pseudomonadota,Gammaproteobacteria,CCD24,NA,NA,NA
OTU_150,OTU_150,Bacteria,Methylomirabilota,Methylomirabilia,Rokubacteriales,NA,NA,NA
OTU_151,OTU_151,Bacteria,Pseudomonadota,Alphaproteobacteria,Hyphomicrobiales,NA,NA,NA
OTU_154,OTU_154,Bacteria,Chloroflexota,TK10,NA,NA,NA,NA
OTU_155,OTU_155,Bacteria,Acidobacteriota,Acidobacteriae,Terriglobales,NA,NA,NA
OTU_156,OTU_156,Bacteria,Planctomycetota,Planctomycetes,Pirellulales,Pirellulaceae,Pir4 lineage,NA
OTU_157,OTU_157,Bacteria,Pseudomonadota,Alphaproteobacteria,Hyphomicrobiales,Hyphomicrobiales Incertae Sedis,Nordella,NA
OTU_158,OTU_158,Bacteria,Actinomycetota,Actinobacteria,Frankiales,Geodermatophilaceae,Blastococcus,NA
OTU_159,OTU_159,Bacteria,Acidobacteriota,Blastocatellia,Pyrinomonadales,Pyrinomonadaceae,Brevitalea,NA
OTU_160,OTU_160,Bacteria,Actinomycetota,Actinobacteria,Kitasatosporales,Streptomycetaceae,Streptomyces,NA
OTU_161,OTU_161,Bacteria,Pseudomonadota,Alphaproteobacteria,Hyphomicrobiales,Rhizobiaceae,NA,NA
OTU_162,OTU_162,Bacteria,Actinomycetota,Acidimicrobiia,Microtrichales,NA,NA,NA
OTU_164,OTU_164,Bacteria,Pseudomonadota,Alphaproteobacteria,Hyphomicrobiales,Beijerinckiaceae,Microvirga,NA
OTU_165,OTU_165,Bacteria,Actinomycetota,Actinobacteria,Micromonosporales,Micromonosporaceae,Virgisporangium,NA
OTU_166,OTU_166,Bacteria,Acidobacteriota,Vicinamibacteria,Vicinamibacterales,Vicinamibacteraceae,NA,NA
OTU_167,OTU_167,Bacteria,NB1-j,NA,NA,NA,NA,NA
OTU_168,OTU_168,Bacteria,Pseudomonadota,Alphaproteobacteria,Hyphomicrobiales,Rhodomicrobiaceae,Rhodomicrobium,NA
OTU_169,OTU_169,Bacteria,Actinomycetota,Thermoleophilia,Solirubrobacterales,67-14,NA,NA
OTU_171,OTU_171,Bacteria,Actinomycetota,Actinobacteria,Pseudonocardiales,Pseudonocardiaceae,Kibdelosporangium,NA
OTU_172,OTU_172,Bacteria,Actinomycetota,Acidimicrobiia,Acidimicrobiales,Acidimicrobiaceae,Acidiferrimicrobium,NA
OTU_173,OTU_173,Bacteria,Chloroflexota,KD4-96,NA,NA,NA,NA
OTU_174,OTU_174,Bacteria,Planctomycetota,Phycisphaerae,Tepidisphaerales,WD2101 soil group,NA,NA
OTU_175,OTU_175,Bacteria,Planctomycetota,Phycisphaerae,Tepidisphaerales,WD2101 soil group,NA,NA
OTU_177,OTU_177,Bacteria,Actinomycetota,Actinobacteria,Mycobacteriales,Mycobacteriaceae,Mycobacterium,NA
OTU_178,OTU_178,Bacteria,Actinomycetota,Actinobacteria,Micrococcales,Microbacteriaceae,Pseudolysinimonas,NA
OTU_179,OTU_179,Bacteria,Pseudomonadota,Alphaproteobacteria,Hyphomicrobiales,Rhizobiaceae,NA,NA
OTU_180,OTU_180,Bacteria,Acidobacteriota,Vicinamibacteria,Vicinamibacterales,Vicinamibacteraceae,NA,NA
OTU_181,OTU_181,Bacteria,Pseudomonadota,Gammaproteobacteria,Burkholderiales,TRA3-20,NA,NA
OTU_182,OTU_182,Bacteria,Pseudomonadota,Alphaproteobacteria,Hyphomicrobiales,Rhodomicrobiaceae,Rhodomicrobium,NA
OTU_183,OTU_183,Bacteria,Pseudomonadota,Gammaproteobacteria,Burkholderiales,TRA3-20,NA,NA
OTU_184,OTU_184,Bacteria,Acidobacteriota,Vicinamibacteria,Vicinamibacterales,NA,NA,NA
OTU_185,OTU_185,Bacteria,Acidobacteriota,Acidobacteriae,Bryobacterales,Bryobacteraceae,Bryobacter,NA
OTU_186,OTU_186,Bacteria,Actinomycetota,Acidimicrobiia,Actinomarinales,NA,NA,NA
OTU_187,OTU_187,Bacteria,Acidobacteriota,Vicinamibacteria,Vicinamibacterales,NA,NA,NA
OTU_188,OTU_188,Bacteria,Pseudomonadota,Alphaproteobacteria,Hyphomicrobiales,Beijerinckiaceae,Methylocella,NA
OTU_189,OTU_189,Bacteria,Actinomycetota,Thermoleophilia,Solirubrobacterales,67-14,NA,NA
OTU_190,OTU_190,Bacteria,Acidobacteriota,Blastocatellia,Pyrinomonadales,Pyrinomonadaceae,NA,NA
OTU_191,OTU_191,Bacteria,Methylomirabilota,Methylomirabilia,Rokubacteriales,NA,NA,NA
OTU_192,OTU_192,Bacteria,Actinomycetota,Actinobacteria,Micromonosporales,Micromonosporaceae,Actinoplanes,NA
OTU_193,OTU_193,Bacteria,Acidobacteriota,Blastocatellia,Pyrinomonadales,Pyrinomonadaceae,Arenimicrobium,NA
OTU_194,OTU_194,Bacteria,Pseudomonadota,Alphaproteobacteria,Hyphomicrobiales,Hyphomicrobiaceae,Pedomicrobium,NA
OTU_195,OTU_195,Bacteria,Verrucomicrobiota,Verrucomicrobiia,Chthoniobacterales,Chthoniobacteraceae,Candidatus Udaeobacter,NA
OTU_196,OTU_196,Bacteria,Actinomycetota,Thermoleophilia,Solirubrobacterales,67-14,NA,NA
OTU_197,OTU_197,Bacteria,Actinomycetota,Acidimicrobiia,Acidimicrobiales,Acidimicrobiaceae,Acidiferrimicrobium,NA
OTU_198,OTU_198,Bacteria,Acidobacteriota,Vicinamibacteria,Vicinamibacterales,NA,NA,NA
OTU_199,OTU_199,Bacteria,Planctomycetota,Planctomycetes,Pirellulales,Pirellulaceae,Pir4 lineage,NA
OTU_200,OTU_200,Bacteria,Nitrospirota,Nitrospiria,Nitrospirales,Nitrospiraceae,Nitrospira,NA
OTU_201,OTU_201,Bacteria,Pseudomonadota,Gammaproteobacteria,Gammaproteobacteria Incertae Sedis,Unknown Family,Acidibacter,NA
OTU_202,OTU_202,Bacteria,Acidobacteriota,Vicinamibacteria,Vicinamibacterales,Vicinamibacteraceae,NA,NA
OTU_203,OTU_203,Bacteria,Actinomycetota,Actinobacteria,Mycobacteriales,Mycobacteriaceae,Mycobacterium,NA
OTU_205,OTU_205,Bacteria,Pseudomonadota,Gammaproteobacteria,Burkholderiales,Comamonadaceae,NA,NA
OTU_206,OTU_206,Bacteria,Actinomycetota,Actinobacteria,Propionibacteriales,Propionibacteriaceae,Microlunatus,NA
OTU_207,OTU_207,Bacteria,Actinomycetota,Thermoleophilia,Solirubrobacterales,67-14,NA,NA
OTU_209,OTU_209,Bacteria,Verrucomicrobiota,Verrucomicrobiia,Pedosphaerales,Pedosphaeraceae,NA,NA
OTU_210,OTU_210,Bacteria,Actinomycetota,Actinobacteria,Mycobacteriales,Mycobacteriaceae,Mycobacterium,NA
OTU_212,OTU_212,Bacteria,Actinomycetota,Thermoleophilia,Solirubrobacterales,67-14,NA,NA
OTU_214,OTU_214,Bacteria,Actinomycetota,Actinobacteria,Propionibacteriales,Nocardioidaceae,Marmoricola,NA
OTU_215,OTU_215,Bacteria,Actinomycetota,Rubrobacteria,Rubrobacterales,Rubrobacteriaceae,Rubrobacter,NA
OTU_218,OTU_218,Bacteria,Actinomycetota,Actinobacteria,Micrococcales,Promicromonosporaceae,Promicromonospora,NA
OTU_219,OTU_219,Bacteria,Actinomycetota,Actinobacteria,0319-7L14,NA,NA,NA
OTU_220,OTU_220,Bacteria,Chloroflexota,Chloroflexia,Thermomicrobiales,JG30-KF-CM45,NA,NA
OTU_221,OTU_221,Bacteria,Pseudomonadota,Gammaproteobacteria,Burkholderiales,Nitrosomonadaceae,MND1,NA
OTU_224,OTU_224,Bacteria,Actinomycetota,Thermoleophilia,Solirubrobacterales,67-14,NA,NA
OTU_225,OTU_225,Bacteria,Actinomycetota,Actinobacteria,Pseudonocardiales,Pseudonocardiaceae,Lentzea,NA
OTU_226,OTU_226,Bacteria,Planctomycetota,Phycisphaerae,Tepidisphaerales,WD2101 soil group,NA,NA
OTU_227,OTU_227,Bacteria,Pseudomonadota,Alphaproteobacteria,Hyphomicrobiales,NA,NA,NA
OTU_228,OTU_228,Bacteria,Actinomycetota,Actinobacteria,0319-7L14,NA,NA,NA
OTU_229,OTU_229,Bacteria,Pseudomonadota,Alphaproteobacteria,NA,NA,NA,NA
OTU_230,OTU_230,Bacteria,Actinomycetota,Actinobacteria,Kineosporiales,Kineosporiaceae,NA,NA
OTU_231,OTU_231,Bacteria,Actinomycetota,Thermoleophilia,Gaiellales,NA,NA,NA
OTU_232,OTU_232,Bacteria,Acidobacteriota,Blastocatellia,??.24,NA,NA,NA
OTU_233,OTU_233,Bacteria,Actinomycetota,Thermoleophilia,NA,NA,NA,NA
OTU_234,OTU_234,Bacteria,Acidobacteriota,Vicinamibacteria,Vicinamibacterales,NA,NA,NA
OTU_235,OTU_235,Bacteria,Actinomycetota,Thermoleophilia,Gaiellales,Gaiellaceae,Gaiella,NA
OTU_236,OTU_236,Bacteria,Acidobacteriota,Blastocatellia,Pyrinomonadales,Pyrinomonadaceae,NA,NA
OTU_237,OTU_237,Bacteria,Acidobacteriota,Blastocatellia,Pyrinomonadales,Pyrinomonadaceae,NA,NA
OTU_238,OTU_238,Bacteria,Acidobacteriota,Acidobacteriae,Solibacterales,Solibacteraceae,Candidatus Solibacter,NA
OTU_239,OTU_239,Bacteria,Acidobacteriota,Vicinamibacteria,Vicinamibacterales,NA,NA,NA
OTU_240,OTU_240,Bacteria,Pseudomonadota,Alphaproteobacteria,Hyphomicrobiales,Beijerinckiaceae,Bosea,NA
OTU_241,OTU_241,Bacteria,Actinomycetota,Thermoleophilia,Solirubrobacterales,Solirubrobacteraceae,Paraconexibacter,NA
OTU_242,OTU_242,Bacteria,Acidobacteriota,Vicinamibacteria,Vicinamibacterales,Vicinamibacteraceae,Vicinamibacter,NA
OTU_243,OTU_243,Bacteria,Verrucomicrobiota,Verrucomicrobiia,Chthoniobacterales,Chthoniobacteraceae,Chthoniobacter,NA
OTU_244,OTU_244,Bacteria,Actinomycetota,Actinobacteria,Micromonosporales,Micromonosporaceae,Asanoa,NA
OTU_245,OTU_245,Bacteria,Acidobacteriota,Vicinamibacteria,Vicinamibacterales,NA,NA,NA
OTU_246,OTU_246,Bacteria,Pseudomonadota,Gammaproteobacteria,Lysobacterales,Lysobacteraceae,Luteimonas,NA
OTU_247,OTU_247,Bacteria,Actinomycetota,Thermoleophilia,Gaiellales,Gaiellaceae,Gaiella,NA
OTU_249,OTU_249,Bacteria,Acidobacteriota,Acidobacteriae,Terriglobales,Acidobacteriaceae (Subgroup 1),NA,NA
OTU_250,OTU_250,Bacteria,Acidobacteriota,Vicinamibacteria,Vicinamibacterales,Vicinamibacteraceae,NA,NA
OTU_251,OTU_251,Bacteria,Acidobacteriota,Vicinamibacteria,Vicinamibacterales,Vicinamibacteraceae,NA,NA
OTU_253,OTU_253,Bacteria,Verrucomicrobiota,Verrucomicrobiia,Chthoniobacterales,Chthoniobacteraceae,Candidatus Udaeobacter,NA
OTU_254,OTU_254,Bacteria,Actinomycetota,Actinobacteria,Streptosporangiales,Thermomonosporaceae,Actinoallomurus,NA
OTU_255,OTU_255,Bacteria,Pseudomonadota,Alphaproteobacteria,Tistrellales,Geminicoccaceae,Candidatus Alysiosphaera,NA
OTU_256,OTU_256,Bacteria,Actinomycetota,Thermoleophilia,Solirubrobacterales,Solirubrobacteraceae,NA,NA
OTU_257,OTU_257,Bacteria,Pseudomonadota,Gammaproteobacteria,Lysobacterales,Lysobacteraceae,Luteimonas,NA
OTU_258,OTU_258,Bacteria,Verrucomicrobiota,Verrucomicrobiia,Chthoniobacterales,Chthoniobacteraceae,Candidatus Udaeobacter,NA
OTU_259,OTU_259,Bacteria,Acidobacteriota,Blastocatellia,Pyrinomonadales,Pyrinomonadaceae,NA,NA
OTU_261,OTU_261,Bacteria,Actinomycetota,Actinobacteria,Streptosporangiales,Streptosporangiaceae,Streptosporangium,NA
OTU_262,OTU_262,Bacteria,Actinomycetota,Thermoleophilia,Solirubrobacterales,67-14,NA,NA
OTU_263,OTU_263,Bacteria,Acidobacteriota,Acidobacteriae,Bryobacterales,Bryobacteraceae,Bryobacter,NA
OTU_264,OTU_264,Bacteria,Pseudomonadota,Alphaproteobacteria,Reyranellales,Reyranellaceae,Reyranella,NA
OTU_265,OTU_265,Bacteria,Acidobacteriota,Vicinamibacteria,Vicinamibacterales,NA,NA,NA
OTU_266,OTU_266,Bacteria,Planctomycetota,Phycisphaerae,Tepidisphaerales,WD2101 soil group,NA,NA
OTU_267,OTU_267,Bacteria,Actinomycetota,MB-A2-108,NA,NA,NA,NA
OTU_268,OTU_268,Bacteria,Actinomycetota,Thermoleophilia,Solirubrobacterales,67-14,NA,NA
OTU_269,OTU_269,Bacteria,Pseudomonadota,Gammaproteobacteria,Burkholderiales,Burkholderiaceae,Burkholderia-Caballeronia-Paraburkholderia,NA
OTU_270,OTU_270,Bacteria,Actinomycetota,Thermoleophilia,Solirubrobacterales,67-14,NA,NA
OTU_271,OTU_271,Bacteria,Actinomycetota,Thermoleophilia,Gaiellales,Gaiellaceae,Gaiella,NA
OTU_272,OTU_272,Bacteria,Actinomycetota,Acidimicrobiia,Microtrichales,Ilumatobacteraceae,Desertimonas,NA
OTU_274,OTU_274,Bacteria,Methylomirabilota,Methylomirabilia,Rokubacteriales,NA,NA,NA
OTU_275,OTU_275,Bacteria,Actinomycetota,Actinobacteria,Kitasatosporales,Streptomycetaceae,Streptomyces,NA
OTU_276,OTU_276,Bacteria,Acidobacteriota,Vicinamibacteria,Vicinamibacterales,Vicinamibacteraceae,NA,NA
OTU_277,OTU_277,Bacteria,Chloroflexota,TK10,NA,NA,NA,NA
OTU_278,OTU_278,Bacteria,Actinomycetota,Actinobacteria,Euzebyales,Euzebyaceae,NA,NA
OTU_279,OTU_279,Bacteria,Pseudomonadota,Alphaproteobacteria,Sphingomonadales,Sphingomonadaceae,Sphingomonas,NA
OTU_280,OTU_280,Bacteria,Actinomycetota,Actinobacteria,Micrococcales,Micrococcaceae,Arthrobacter,NA
OTU_281,OTU_281,Bacteria,Planctomycetota,Planctomycetes,Gemmatales,Gemmataceae,NA,NA
OTU_283,OTU_283,Bacteria,Chloroflexota,Chloroflexia,Chloroflexales,Roseiflexaceae,NA,NA
OTU_284,OTU_284,Bacteria,Bacteroidota,Bacteroidia,Chitinophagales,Chitinophagaceae,Puia,NA
OTU_285,OTU_285,Bacteria,Pseudomonadota,Alphaproteobacteria,Hyphomicrobiales,Methyloligellaceae,NA,NA
OTU_286,OTU_286,Bacteria,Acidobacteriota,Blastocatellia,Pyrinomonadales,Pyrinomonadaceae,RB41,NA
OTU_288,OTU_288,Bacteria,Chloroflexota,Dehalococcoidia,S085,NA,NA,NA
OTU_289,OTU_289,Bacteria,Actinomycetota,Acidimicrobiia,Microtrichales,Ilumatobacteraceae,NA,NA
OTU_290,OTU_290,Bacteria,Actinomycetota,Actinobacteria,Pseudonocardiales,Pseudonocardiaceae,Pseudonocardia,NA
OTU_291,OTU_291,Bacteria,Actinomycetota,Actinobacteria,Frankiales,Geodermatophilaceae,Modestobacter,NA
OTU_292,OTU_292,Bacteria,Acidobacteriota,Vicinamibacteria,Vicinamibacterales,Vicinamibacteraceae,NA,NA
OTU_293,OTU_293,Bacteria,Bacillota,Bacilli,Bacillales,Planococcaceae,Paenisporosarcina,NA
OTU_294,OTU_294,Bacteria,Nitrospirota,Nitrospiria,Nitrospirales,Nitrospiraceae,Nitrospira,NA
OTU_295,OTU_295,Bacteria,Actinomycetota,Acidimicrobiia,Acidimicrobiales,Acidimicrobiaceae,NA,NA
OTU_296,OTU_296,Bacteria,Actinomycetota,Thermoleophilia,Solirubrobacterales,67-14,NA,NA
OTU_297,OTU_297,Bacteria,Actinomycetota,Actinobacteria,Micrococcales,Microbacteriaceae,Microbacterium,NA
OTU_298,OTU_298,Bacteria,Acidobacteriota,Vicinamibacteria,Subgroup 17,NA,NA,NA
OTU_299,OTU_299,Bacteria,Actinomycetota,Actinobacteria,Pseudonocardiales,Pseudonocardiaceae,Actinophytocola,NA
OTU_300,OTU_300,Bacteria,Actinomycetota,Thermoleophilia,Solirubrobacterales,67-14,NA,NA
OTU_301,OTU_301,Bacteria,Actinomycetota,Thermoleophilia,Solirubrobacterales,67-14,NA,NA
OTU_302,OTU_302,Bacteria,Pseudomonadota,Gammaproteobacteria,Burkholderiales,Nitrosomonadaceae,MND1,NA
OTU_304,OTU_304,Bacteria,Pseudomonadota,Alphaproteobacteria,Hyphomicrobiales,Beijerinckiaceae,NA,NA
OTU_305,OTU_305,Bacteria,Actinomycetota,Actinobacteria,Pseudonocardiales,Pseudonocardiaceae,Amycolatopsis,mediterranei
OTU_307,OTU_307,Bacteria,Bacillota,Bacilli,Bacillales,Bacillaceae,Bacillus,NA
OTU_308,OTU_308,Bacteria,Actinomycetota,Actinobacteria,Mycobacteriales,Mycobacteriaceae,Mycobacterium,NA
OTU_309,OTU_309,Bacteria,Actinomycetota,Actinobacteria,Kitasatosporales,Streptomycetaceae,Streptomyces,NA
OTU_310,OTU_310,Bacteria,Chloroflexota,Dehalococcoidia,S085,NA,NA,NA
OTU_311,OTU_311,Bacteria,Acidobacteriota,Vicinamibacteria,Vicinamibacterales,Vicinamibacteraceae,NA,NA
OTU_312,OTU_312,Bacteria,Pseudomonadota,Alphaproteobacteria,Caulobacterales,Caulobacteraceae,Phenylobacterium,NA
OTU_313,OTU_313,Bacteria,Actinomycetota,Actinobacteria,Pseudonocardiales,Pseudonocardiaceae,Amycolatopsis,NA
OTU_314,OTU_314,Bacteria,Verrucomicrobiota,Verrucomicrobiia,Chthoniobacterales,Chthoniobacteraceae,Candidatus Udaeobacter,NA
OTU_315,OTU_315,Bacteria,Actinomycetota,Thermoleophilia,Solirubrobacterales,67-14,NA,NA
OTU_316,OTU_316,Bacteria,Acidobacteriota,Vicinamibacteria,Vicinamibacterales,Vicinamibacteraceae,NA,NA
OTU_317,OTU_317,Bacteria,Actinomycetota,Thermoleophilia,Gaiellales,Gaiellaceae,Gaiella,NA
OTU_319,OTU_319,Bacteria,Acidobacteriota,Subgroup 25,NA,NA,NA,NA
OTU_320,OTU_320,Bacteria,Myxococcota,Polyangiia,Polyangiales,BIrii41,NA,NA
OTU_321,OTU_321,Bacteria,Verrucomicrobiota,Verrucomicrobiia,Opitutales,Opitutaceae,Opitutus,NA
OTU_322,OTU_322,Bacteria,Methylomirabilota,Methylomirabilia,Rokubacteriales,NA,NA,NA
OTU_323,OTU_323,Bacteria,Actinomycetota,Actinobacteria,Pseudonocardiales,Pseudonocardiaceae,Crossiella,NA
OTU_324,OTU_324,Bacteria,Planctomycetota,Phycisphaerae,Tepidisphaerales,WD2101 soil group,NA,NA
OTU_325,OTU_325,Bacteria,Methylomirabilota,Methylomirabilia,Rokubacteriales,NA,NA,NA
OTU_326,OTU_326,Bacteria,Planctomycetota,Planctomycetes,Pirellulales,Pirellulaceae,Pirellula,NA
OTU_327,OTU_327,Bacteria,Pseudomonadota,Alphaproteobacteria,Hyphomicrobiales,Hyphomicrobiaceae,Hyphomicrobium,NA
OTU_328,OTU_328,Bacteria,Actinomycetota,Acidimicrobiia,Microtrichales,Ilumatobacteraceae,CL500-29 marine group,NA
OTU_329,OTU_329,Bacteria,Pseudomonadota,Gammaproteobacteria,Burkholderiales,Nitrosomonadaceae,MND1,NA
OTU_330,OTU_330,Bacteria,Pseudomonadota,Gammaproteobacteria,Burkholderiales,Comamonadaceae,Piscinibacter,NA
OTU_332,OTU_332,Bacteria,Bacteroidota,Bacteroidia,Cytophagales,Microscillaceae,Chryseolinea,NA
OTU_333,OTU_333,Bacteria,Actinomycetota,Thermoleophilia,Gaiellales,Gaiellaceae,Gaiella,NA
OTU_334,OTU_334,Bacteria,Acidobacteriota,Vicinamibacteria,Vicinamibacterales,Vicinamibacteraceae,NA,NA
OTU_337,OTU_337,Bacteria,Gemmatimonadota,Gemmatimonadia,Gemmatimonadales,Gemmatimonadaceae,NA,NA
OTU_338,OTU_338,Bacteria,Acidobacteriota,Vicinamibacteria,Vicinamibacterales,NA,NA,NA
OTU_341,OTU_341,Bacteria,Acidobacteriota,Holophagae,Subgroup 7,NA,NA,NA
OTU_342,OTU_342,Bacteria,Actinomycetota,Actinobacteria,0319-7L14,NA,NA,NA
OTU_343,OTU_343,Bacteria,Actinomycetota,Thermoleophilia,Gaiellales,NA,NA,NA
OTU_346,OTU_346,Bacteria,Pseudomonadota,Alphaproteobacteria,Caulobacterales,Hyphomonadaceae,Hirschia,NA
OTU_348,OTU_348,Bacteria,Actinomycetota,Acidimicrobiia,Acidimicrobiales,Acidimicrobiaceae,Acidiferrimicrobium,NA
OTU_349,OTU_349,Bacteria,Acidobacteriota,Vicinamibacteria,Vicinamibacterales,Vicinamibacteraceae,NA,NA
OTU_350,OTU_350,Bacteria,Pseudomonadota,Alphaproteobacteria,Rhodobacterales,Paracoccaceae,Amaricoccus,NA
OTU_351,OTU_351,Bacteria,Bacillota,Bacilli,Bacillales,Planococcaceae,Sporosarcina,luteola
OTU_353,OTU_353,Bacteria,Pseudomonadota,Alphaproteobacteria,Hyphomicrobiales,KF-JG30-B3,NA,NA
OTU_354,OTU_354,Bacteria,Pseudomonadota,Alphaproteobacteria,Hyphomicrobiales,Devosiaceae,NA,NA
OTU_355,OTU_355,Bacteria,Nitrospirota,Nitrospiria,Nitrospirales,Nitrospiraceae,Nitrospira,NA
OTU_356,OTU_356,Bacteria,Acidobacteriota,Vicinamibacteria,Vicinamibacterales,NA,NA,NA
OTU_357,OTU_357,Bacteria,Acidobacteriota,Blastocatellia,Pyrinomonadales,Pyrinomonadaceae,NA,NA
OTU_358,OTU_358,Bacteria,Pseudomonadota,Alphaproteobacteria,Hyphomicrobiales,NA,NA,NA
OTU_360,OTU_360,Bacteria,Bacteroidota,Bacteroidia,Chitinophagales,Chitinophagaceae,UTBCD1,NA
OTU_361,OTU_361,Bacteria,Pseudomonadota,Gammaproteobacteria,Burkholderiales,SC-I-84,NA,NA
OTU_362,OTU_362,Bacteria,Acidobacteriota,Vicinamibacteria,Vicinamibacterales,NA,NA,NA
OTU_363,OTU_363,Bacteria,Verrucomicrobiota,Verrucomicrobiia,Chthoniobacterales,Chthoniobacteraceae,Candidatus Udaeobacter,NA
OTU_364,OTU_364,Bacteria,Cyanobacteriota,Cyanobacteriia,Cyanobacteriales,Phormidiaceae,Tychonema CCAP 1459-11B,NA
OTU_365,OTU_365,Bacteria,Actinomycetota,Actinobacteria,Propionibacteriales,Nocardioidaceae,Nocardioides,NA
OTU_366,OTU_366,Bacteria,Pseudomonadota,Alphaproteobacteria,Sphingomonadales,Sphingomonadaceae,Croceibacterium,NA
OTU_368,OTU_368,Bacteria,Acidobacteriota,Vicinamibacteria,Vicinamibacterales,NA,NA,NA
OTU_369,OTU_369,Bacteria,Verrucomicrobiota,Verrucomicrobiia,Chthoniobacterales,Chthoniobacteraceae,Candidatus Udaeobacter,NA
OTU_371,OTU_371,Bacteria,Pseudomonadota,Alphaproteobacteria,Hyphomicrobiales,Xanthobacteraceae,Rhodoplanes,NA
OTU_374,OTU_374,Bacteria,Actinomycetota,Actinobacteria,Pseudonocardiales,Pseudonocardiaceae,Pseudonocardia,NA
OTU_375,OTU_375,Bacteria,Actinomycetota,Rubrobacteria,Rubrobacterales,Rubrobacteriaceae,Rubrobacter,NA
OTU_377,OTU_377,Bacteria,Chloroflexota,Dehalococcoidia,S085,NA,NA,NA
OTU_378,OTU_378,Bacteria,Pseudomonadota,Alphaproteobacteria,Hyphomicrobiales,NA,NA,NA
OTU_379,OTU_379,Bacteria,NA,NA,NA,NA,NA,NA
OTU_380,OTU_380,Bacteria,Actinomycetota,Thermoleophilia,Gaiellales,NA,NA,NA
OTU_383,OTU_383,Bacteria,Planctomycetota,Planctomycetes,Isosphaerales,Isosphaeraceae,Singulisphaera,NA
OTU_384,OTU_384,Bacteria,Verrucomicrobiota,Verrucomicrobiia,Chthoniobacterales,Chthoniobacteraceae,Candidatus Udaeobacter,NA
OTU_385,OTU_385,Bacteria,Actinomycetota,Thermoleophilia,Gaiellales,Gaiellaceae,Gaiella,NA
OTU_386,OTU_386,Bacteria,Pseudomonadota,Alphaproteobacteria,Hyphomicrobiales,Rhizobiaceae,Mesorhizobium,NA
OTU_387,OTU_387,Bacteria,Actinomycetota,Acidimicrobiia,Microtrichales,NA,NA,NA
OTU_388,OTU_388,Bacteria,Actinomycetota,Actinobacteria,Mycobacteriales,Mycobacteriaceae,Mycobacterium,moriokaense
OTU_389,OTU_389,Bacteria,Pseudomonadota,Alphaproteobacteria,Hyphomicrobiales,NA,NA,NA
OTU_390,OTU_390,Bacteria,Pseudomonadota,Gammaproteobacteria,Burkholderiales,Comamonadaceae,Piscinibacter,NA
OTU_391,OTU_391,Bacteria,Actinomycetota,Thermoleophilia,Solirubrobacterales,67-14,NA,NA
OTU_392,OTU_392,Bacteria,Verrucomicrobiota,Verrucomicrobiia,Chthoniobacterales,Chthoniobacteraceae,Candidatus Udaeobacter,NA
OTU_393,OTU_393,Bacteria,Acidobacteriota,Vicinamibacteria,Vicinamibacterales,NA,NA,NA
OTU_394,OTU_394,Bacteria,Acidobacteriota,Vicinamibacteria,Subgroup 17,NA,NA,NA
OTU_395,OTU_395,Bacteria,Actinomycetota,MB-A2-108,NA,NA,NA,NA
OTU_397,OTU_397,Bacteria,Chloroflexota,Chloroflexia,Thermomicrobiales,JG30-KF-CM45,NA,NA
OTU_398,OTU_398,Bacteria,Methylomirabilota,Methylomirabilia,Rokubacteriales,WX65,NA,NA
OTU_399,OTU_399,Bacteria,Actinomycetota,Actinobacteria,Pseudonocardiales,Pseudonocardiaceae,Amycolatopsis,NA
OTU_400,OTU_400,Bacteria,Acidobacteriota,Subgroup 11,NA,NA,NA,NA
OTU_401,OTU_401,Bacteria,Actinomycetota,Acidimicrobiia,Acidimicrobiales,Acidimicrobiaceae,Acidiferrimicrobium,NA
OTU_402,OTU_402,Bacteria,Bacillota,Bacilli,Bacillales,Bacillaceae,Bacillus,NA
OTU_403,OTU_403,Bacteria,Actinomycetota,MB-A2-108,NA,NA,NA,NA
OTU_404,OTU_404,Bacteria,Actinomycetota,Actinobacteria,Pseudonocardiales,Pseudonocardiaceae,Amycolatopsis,NA
OTU_405,OTU_405,Bacteria,Pseudomonadota,Gammaproteobacteria,Steroidobacterales,Steroidobacteraceae,Steroidobacter,NA
OTU_407,OTU_407,Bacteria,Actinomycetota,Acidimicrobiia,Microtrichales,Ilumatobacteraceae,Desertimonas,NA
OTU_408,OTU_408,Bacteria,Acidobacteriota,Blastocatellia,DS-100,NA,NA,NA
OTU_410,OTU_410,Bacteria,Actinomycetota,Actinobacteria,Propionibacteriales,Nocardioidaceae,Marmoricola,NA
OTU_411,OTU_411,Bacteria,Pseudomonadota,Gammaproteobacteria,Burkholderiales,TRA3-20,NA,NA
OTU_412,OTU_412,Bacteria,Actinomycetota,Actinobacteria,Micromonosporales,Micromonosporaceae,NA,NA
OTU_413,OTU_413,Bacteria,Actinomycetota,Thermoleophilia,Gaiellales,NA,NA,NA
OTU_415,OTU_415,Bacteria,Actinomycetota,Thermoleophilia,Solirubrobacterales,67-14,NA,NA
OTU_418,OTU_418,Bacteria,Gemmatimonadota,Gemmatimonadia,Gemmatimonadales,Gemmatimonadaceae,NA,NA
OTU_419,OTU_419,Bacteria,Actinomycetota,Actinobacteria,Pseudonocardiales,Pseudonocardiaceae,Pseudonocardia,NA
OTU_420,OTU_420,Bacteria,Planctomycetota,Phycisphaerae,Tepidisphaerales,WD2101 soil group,NA,NA
OTU_422,OTU_422,Bacteria,Pseudomonadota,Alphaproteobacteria,Micropepsales,Micropepsaceae,NA,NA
OTU_423,OTU_423,Bacteria,Actinomycetota,Actinobacteria,Propionibacteriales,Nocardioidaceae,Nocardioides,NA
OTU_424,OTU_424,Bacteria,Acidobacteriota,Blastocatellia,Blastocatellales,Blastocatellaceae,NA,NA
OTU_425,OTU_425,Bacteria,Pseudomonadota,Alphaproteobacteria,Hyphomicrobiales,Hyphomicrobiales Incertae Sedis,NA,NA
OTU_426,OTU_426,Bacteria,Verrucomicrobiota,Verrucomicrobiia,Chthoniobacterales,Chthoniobacteraceae,Candidatus Udaeobacter,NA
OTU_427,OTU_427,Bacteria,Pseudomonadota,Gammaproteobacteria,Burkholderiales,Nitrosomonadaceae,Ellin6067,NA
OTU_428,OTU_428,Bacteria,Gemmatimonadota,Gemmatimonadia,Gemmatimonadales,Gemmatimonadaceae,NA,NA
OTU_430,OTU_430,Bacteria,Planctomycetota,Phycisphaerae,Tepidisphaerales,WD2101 soil group,NA,NA
OTU_431,OTU_431,Bacteria,Pseudomonadota,Alphaproteobacteria,Elsterales,NA,NA,NA
OTU_433,OTU_433,Bacteria,Actinomycetota,Acidimicrobiia,Microtrichales,Iamiaceae,Aquihabitans,NA
OTU_434,OTU_434,Bacteria,Chloroflexota,TK10,NA,NA,NA,NA
OTU_435,OTU_435,Bacteria,Bacteroidota,Bacteroidia,Cytophagales,Microscillaceae,NA,NA
OTU_436,OTU_436,Bacteria,Nitrospirota,Nitrospiria,Nitrospirales,Nitrospiraceae,Nitrospira,NA
OTU_437,OTU_437,Bacteria,Actinomycetota,Thermoleophilia,Solirubrobacterales,67-14,NA,NA
OTU_438,OTU_438,Bacteria,Actinomycetota,Actinobacteria,Pseudonocardiales,Pseudonocardiaceae,Actinomycetospora,NA
OTU_439,OTU_439,Bacteria,Acidobacteriota,Vicinamibacteria,Vicinamibacterales,NA,NA,NA
OTU_440,OTU_440,Bacteria,Acidobacteriota,Blastocatellia,Pyrinomonadales,Pyrinomonadaceae,NA,NA
OTU_441,OTU_441,Bacteria,Acidobacteriota,Subgroup 25,NA,NA,NA,NA
OTU_442,OTU_442,Bacteria,Pseudomonadota,Alphaproteobacteria,Reyranellales,Reyranellaceae,Reyranella,NA
OTU_443,OTU_443,Bacteria,Actinomycetota,Thermoleophilia,Gaiellales,Gaiellaceae,Gaiella,NA
OTU_444,OTU_444,Bacteria,Actinomycetota,Thermoleophilia,Solirubrobacterales,Solirubrobacteraceae,Solirubrobacter,NA
OTU_445,OTU_445,Bacteria,Chloroflexota,Gitt-GS-136,NA,NA,NA,NA
OTU_446,OTU_446,Bacteria,Pseudomonadota,Gammaproteobacteria,Burkholderiales,Comamonadaceae,NA,NA
OTU_447,OTU_447,Bacteria,Pseudomonadota,Gammaproteobacteria,PLTA13,NA,NA,NA
OTU_448,OTU_448,Bacteria,Acidobacteriota,Vicinamibacteria,Vicinamibacterales,Vicinamibacteraceae,NA,NA
OTU_450,OTU_450,Bacteria,Actinomycetota,Actinobacteria,Propionibacteriales,Propionibacteriaceae,Microlunatus,NA
OTU_451,OTU_451,Bacteria,Methylomirabilota,Methylomirabilia,Rokubacteriales,NA,NA,NA
OTU_452,OTU_452,Bacteria,Pseudomonadota,Alphaproteobacteria,Hyphomicrobiales,Rhizobiaceae,Phyllobacterium,NA
OTU_453,OTU_453,Bacteria,Pseudomonadota,Alphaproteobacteria,Hyphomicrobiales,NA,NA,NA
OTU_454,OTU_454,Bacteria,Acidobacteriota,Vicinamibacteria,Vicinamibacterales,NA,NA,NA
OTU_455,OTU_455,Bacteria,Planctomycetota,Planctomycetes,Gemmatales,Gemmataceae,Gemmata,NA
OTU_456,OTU_456,Bacteria,Acidobacteriota,Blastocatellia,Blastocatellales,Blastocatellaceae,Blastocatella,NA
OTU_457,OTU_457,Bacteria,Chloroflexota,Chloroflexia,Chloroflexales,Roseiflexaceae,NA,NA
OTU_459,OTU_459,Bacteria,Acidobacteriota,Vicinamibacteria,Vicinamibacterales,NA,NA,NA
OTU_460,OTU_460,Bacteria,Methylomirabilota,Methylomirabilia,Rokubacteriales,NA,NA,NA
OTU_462,OTU_462,Bacteria,Actinomycetota,Thermoleophilia,Solirubrobacterales,67-14,NA,NA
OTU_464,OTU_464,Bacteria,Acidobacteriota,Acidobacteriae,Terriglobales,Acidobacteriaceae (Subgroup 1),Edaphobacter,NA
OTU_465,OTU_465,Bacteria,Planctomycetota,Phycisphaerae,Phycisphaerales,Phycisphaeraceae,AKYG587,NA
OTU_468,OTU_468,Bacteria,Acidobacteriota,Acidobacteriae,Terriglobales,NA,NA,NA
OTU_469,OTU_469,Bacteria,Actinomycetota,Actinobacteria,0319-7L14,NA,NA,NA
OTU_470,OTU_470,Bacteria,Pseudomonadota,Alphaproteobacteria,Acetobacterales,Acetobacteraceae,Roseomonas,NA
OTU_471,OTU_471,Bacteria,Chloroflexota,KD4-96,NA,NA,NA,NA
OTU_472,OTU_472,Bacteria,Actinomycetota,Acidimicrobiia,Microtrichales,Iamiaceae,Iamia,NA
OTU_473,OTU_473,Bacteria,Pseudomonadota,Alphaproteobacteria,Hyphomicrobiales,Beijerinckiaceae,FFCH5858,NA
OTU_474,OTU_474,Bacteria,Actinomycetota,Thermoleophilia,Solirubrobacterales,67-14,NA,NA
OTU_475,OTU_475,Bacteria,Pseudomonadota,Gammaproteobacteria,Lysobacterales,Lysobacteraceae,Pseudoxanthomonas,NA
OTU_477,OTU_477,Bacteria,Pseudomonadota,Alphaproteobacteria,Hyphomicrobiales,Hyphomicrobiales Incertae Sedis,Nordella,NA
OTU_478,OTU_478,Bacteria,Chloroflexota,Anaerolineae,Ardenticatenales,NA,NA,NA
OTU_479,OTU_479,Bacteria,Chloroflexota,KD4-96,NA,NA,NA,NA
OTU_480,OTU_480,Bacteria,Bacillota,Bacilli,Bacillales,Bacillaceae,Oceanobacillus,NA
OTU_481,OTU_481,Bacteria,Actinomycetota,Actinobacteria,Propionibacteriales,Nocardioidaceae,NA,NA
OTU_482,OTU_482,Bacteria,Pseudomonadota,Gammaproteobacteria,Burkholderiales,TRA3-20,NA,NA
OTU_483,OTU_483,Bacteria,Planctomycetota,Phycisphaerae,Tepidisphaerales,WD2101 soil group,NA,NA
OTU_484,OTU_484,Bacteria,Actinomycetota,Actinobacteria,Pseudonocardiales,Pseudonocardiaceae,Pseudonocardia,NA
OTU_486,OTU_486,Bacteria,Actinomycetota,Actinobacteria,Propionibacteriales,Nocardioidaceae,Nocardioides,NA
OTU_488,OTU_488,Bacteria,Chloroflexota,KD4-96,NA,NA,NA,NA
OTU_489,OTU_489,Bacteria,Gemmatimonadota,Gemmatimonadia,Gemmatimonadales,Gemmatimonadaceae,NA,NA
OTU_490,OTU_490,Bacteria,Chloroflexota,KD4-96,NA,NA,NA,NA
OTU_491,OTU_491,Bacteria,Myxococcota,bacteriap25,NA,NA,NA,NA
OTU_494,OTU_494,Bacteria,Planctomycetota,Phycisphaerae,Tepidisphaerales,WD2101 soil group,NA,NA
OTU_495,OTU_495,Bacteria,Pseudomonadota,Gammaproteobacteria,Gammaproteobacteria Incertae Sedis,Unknown Family,Acidibacter,NA
OTU_497,OTU_497,Bacteria,Pseudomonadota,Alphaproteobacteria,Hyphomicrobiales,KF-JG30-B3,NA,NA
OTU_498,OTU_498,Bacteria,Pseudomonadota,Alphaproteobacteria,Hyphomicrobiales,Beijerinckiaceae,Microvirga,NA
OTU_499,OTU_499,Bacteria,Methylomirabilota,Methylomirabilia,Rokubacteriales,NA,NA,NA
OTU_500,OTU_500,Bacteria,Chloroflexota,TK10,NA,NA,NA,NA
OTU_501,OTU_501,Bacteria,Bacillota,Bacilli,Bacillales,Bacillaceae,Bacillus,NA
OTU_502,OTU_502,Bacteria,Bacteroidota,Bacteroidia,Cytophagales,Microscillaceae,NA,NA
OTU_503,OTU_503,Bacteria,Planctomycetota,Phycisphaerae,Tepidisphaerales,WD2101 soil group,NA,NA
OTU_504,OTU_504,Bacteria,Chloroflexota,TK10,NA,NA,NA,NA
OTU_505,OTU_505,Bacteria,Actinomycetota,Actinobacteria,Pseudonocardiales,Pseudonocardiaceae,Amycolatopsis,NA
OTU_506,OTU_506,Bacteria,Actinomycetota,Actinobacteria,Frankiales,Nakamurellaceae,Vallicoccus,NA
OTU_507,OTU_507,Bacteria,Acidobacteriota,Blastocatellia,Pyrinomonadales,Pyrinomonadaceae,Arenimicrobium,NA
OTU_508,OTU_508,Bacteria,Pseudomonadota,Alphaproteobacteria,Sphingomonadales,Sphingomonadaceae,Sphingomonas,NA
OTU_509,OTU_509,Bacteria,Bacillota,Bacilli,Bacillales,Bacillaceae,Oceanobacillus,NA
OTU_510,OTU_510,Bacteria,Pseudomonadota,Alphaproteobacteria,Hyphomicrobiales,Xanthobacteraceae,Pseudolabrys,NA
OTU_511,OTU_511,Bacteria,Pseudomonadota,Alphaproteobacteria,NA,NA,NA,NA
OTU_512,OTU_512,Bacteria,Actinomycetota,Actinobacteria,Kitasatosporales,Streptomycetaceae,Streptomyces,NA
OTU_513,OTU_513,Bacteria,Entotheonellaeota,Entotheonellia,Entotheonellales,Entotheonellaceae,NA,NA
OTU_515,OTU_515,Bacteria,Entotheonellaeota,Entotheonellia,Entotheonellales,Entotheonellaceae,NA,NA
OTU_516,OTU_516,Bacteria,Acidobacteriota,Vicinamibacteria,Vicinamibacterales,Vicinamibacteraceae,NA,NA
OTU_517,OTU_517,Bacteria,Acidobacteriota,Blastocatellia,Blastocatellales,Blastocatellaceae,JGI 0001001-H03,NA
OTU_518,OTU_518,Bacteria,Acidobacteriota,Vicinamibacteria,Vicinamibacterales,NA,NA,NA
OTU_520,OTU_520,Bacteria,Pseudomonadota,Alphaproteobacteria,Hyphomicrobiales,Beijerinckiaceae,Methylobacterium,adhaesivum
OTU_522,OTU_522,Bacteria,Bacteroidota,Bacteroidia,Chitinophagales,Chitinophagaceae,Flavitalea,NA
OTU_523,OTU_523,Bacteria,Actinomycetota,MB-A2-108,NA,NA,NA,NA
OTU_524,OTU_524,Bacteria,Actinomycetota,MB-A2-108,NA,NA,NA,NA
OTU_525,OTU_525,Bacteria,Actinomycetota,Actinobacteria,Propionibacteriales,Nocardioidaceae,Nocardioides,NA
OTU_526,OTU_526,Bacteria,Nitrospirota,Nitrospiria,Nitrospirales,Nitrospiraceae,Nitrospira,NA
OTU_527,OTU_527,Bacteria,Actinomycetota,Actinobacteria,Pseudonocardiales,Pseudonocardiaceae,Kibdelosporangium,lantanae
OTU_528,OTU_528,Bacteria,Latescibacterota,NA,NA,NA,NA,NA
OTU_529,OTU_529,Bacteria,Pseudomonadota,Alphaproteobacteria,Hyphomicrobiales,Beijerinckiaceae,Microvirga,NA
OTU_530,OTU_530,Bacteria,Acidobacteriota,Vicinamibacteria,Vicinamibacterales,Vicinamibacteraceae,NA,NA
OTU_533,OTU_533,Bacteria,Pseudomonadota,Gammaproteobacteria,Pseudomonadales,Pseudomonadaceae,Pseudomonas,NA
OTU_534,OTU_534,Bacteria,Acidobacteriota,Vicinamibacteria,Vicinamibacterales,Vicinamibacteraceae,NA,NA
OTU_535,OTU_535,Bacteria,Acidobacteriota,Vicinamibacteria,Subgroup 17,NA,NA,NA
OTU_536,OTU_536,Bacteria,Acidobacteriota,Vicinamibacteria,Vicinamibacterales,NA,NA,NA
OTU_538,OTU_538,Bacteria,Acidobacteriota,Blastocatellia,Blastocatellales,Blastocatellaceae,JGI 0001001-H03,NA
OTU_539,OTU_539,Bacteria,Actinomycetota,Thermoleophilia,Gaiellales,NA,NA,NA
OTU_541,OTU_541,Bacteria,Bacillota,Bacilli,Bacillales,Planococcaceae,Psychrobacillus,NA
OTU_542,OTU_542,Bacteria,Planctomycetota,Planctomycetes,Pirellulales,Pirellulaceae,Pir4 lineage,NA
OTU_543,OTU_543,Bacteria,Pseudomonadota,Alphaproteobacteria,Hyphomicrobiales,Hyphomicrobiaceae,Pedomicrobium,NA
OTU_544,OTU_544,Bacteria,Acidobacteriota,Acidobacteriae,Solibacterales,Solibacteraceae,Candidatus Solibacter,NA
OTU_545,OTU_545,Bacteria,Actinomycetota,Thermoleophilia,Solirubrobacterales,Solirubrobacteraceae,Solirubrobacter,NA
OTU_546,OTU_546,Bacteria,Actinomycetota,Actinobacteria,Pseudonocardiales,Pseudonocardiaceae,Actinophytocola,NA
OTU_547,OTU_547,Bacteria,Chloroflexota,Gitt-GS-136,NA,NA,NA,NA
OTU_548,OTU_548,Bacteria,Pseudomonadota,Alphaproteobacteria,Acetobacterales,Acetobacteraceae,NA,NA
OTU_549,OTU_549,Bacteria,Bacillota,Bacilli,Paenibacillales,Paenibacillaceae,Paenibacillus,NA
OTU_550,OTU_550,Bacteria,Acidobacteriota,Vicinamibacteria,Vicinamibacterales,Vicinamibacteraceae,NA,NA
OTU_551,OTU_551,Bacteria,Myxococcota,Myxococcia,Myxococcales,Myxococcaceae,Archangium,NA
OTU_552,OTU_552,Bacteria,Pseudomonadota,Gammaproteobacteria,Burkholderiales,TRA3-20,NA,NA
OTU_554,OTU_554,Bacteria,Myxococcota,Polyangiia,Polyangiales,Phaselicystaceae,Phaselicystis,NA
OTU_555,OTU_555,Bacteria,Pseudomonadota,Alphaproteobacteria,Sphingomonadales,Sphingomonadaceae,Rhizorhabdus,NA
OTU_556,OTU_556,Bacteria,Actinomycetota,Actinobacteria,Micromonosporales,Micromonosporaceae,Actinoplanes,NA
OTU_557,OTU_557,Bacteria,Acidobacteriota,Vicinamibacteria,Vicinamibacterales,NA,NA,NA
OTU_558,OTU_558,Bacteria,Planctomycetota,Planctomycetes,Pirellulales,Pirellulaceae,NA,NA
OTU_560,OTU_560,Bacteria,Acidobacteriota,Blastocatellia,Pyrinomonadales,Pyrinomonadaceae,NA,NA
OTU_562,OTU_562,Bacteria,Actinomycetota,Actinobacteria,Pseudonocardiales,Pseudonocardiaceae,Pseudonocardia,NA
OTU_563,OTU_563,Bacteria,Actinomycetota,Actinobacteria,Propionibacteriales,Nocardioidaceae,Nocardioides,NA
OTU_564,OTU_564,Bacteria,Pseudomonadota,Gammaproteobacteria,Steroidobacterales,Steroidobacteraceae,NA,NA
OTU_565,OTU_565,Bacteria,Actinomycetota,Thermoleophilia,Gaiellales,NA,NA,NA
OTU_566,OTU_566,Bacteria,Bacteroidota,Bacteroidia,Chitinophagales,Chitinophagaceae,Terrimonas,NA
OTU_567,OTU_567,Bacteria,Pseudomonadota,Gammaproteobacteria,Burkholderiales,Oxalobacteraceae,Janthinobacterium,NA
OTU_568,OTU_568,Bacteria,Pseudomonadota,Alphaproteobacteria,Hyphomicrobiales,Xanthobacteraceae,Pseudorhodoplanes,NA
OTU_569,OTU_569,Bacteria,Acidobacteriota,Acidobacteriae,Bryobacterales,Bryobacteraceae,Bryobacter,NA
OTU_570,OTU_570,Bacteria,Chloroflexota,TK10,NA,NA,NA,NA
OTU_571,OTU_571,Bacteria,Actinomycetota,Acidimicrobiia,Acidimicrobiales,Acidimicrobiaceae,Acidiferrimicrobium,NA
OTU_572,OTU_572,Bacteria,Acidobacteriota,Vicinamibacteria,Vicinamibacterales,NA,NA,NA
OTU_573,OTU_573,Bacteria,Pseudomonadota,Gammaproteobacteria,Gammaproteobacteria Incertae Sedis,Unknown Family,Acidibacter,NA
OTU_574,OTU_574,Bacteria,Chloroflexota,KD4-96,NA,NA,NA,NA
OTU_575,OTU_575,Bacteria,Acidobacteriota,Vicinamibacteria,Vicinamibacterales,Vicinamibacteraceae,NA,NA
OTU_576,OTU_576,Bacteria,Actinomycetota,Acidimicrobiia,Microtrichales,NA,NA,NA
OTU_577,OTU_577,Bacteria,Actinomycetota,Actinobacteria,Micromonosporales,Micromonosporaceae,Dactylosporangium,NA
OTU_578,OTU_578,Bacteria,Actinomycetota,Actinobacteria,Streptosporangiales,Thermomonosporaceae,Actinoallomurus,bryophytorum
OTU_579,OTU_579,Bacteria,Pseudomonadota,Alphaproteobacteria,Acetobacterales,Acetobacteraceae,NA,NA
OTU_580,OTU_580,Bacteria,Actinomycetota,Thermoleophilia,Solirubrobacterales,67-14,NA,NA
OTU_581,OTU_581,Bacteria,Actinomycetota,Thermoleophilia,Gaiellales,NA,NA,NA
OTU_582,OTU_582,Bacteria,Pseudomonadota,Alphaproteobacteria,Hyphomicrobiales,Hyphomicrobiales Incertae Sedis,NA,NA
OTU_583,OTU_583,Bacteria,Actinomycetota,Actinobacteria,Propionibacteriales,Nocardioidaceae,Marmoricola,NA
OTU_584,OTU_584,Bacteria,Chloroflexota,KD4-96,NA,NA,NA,NA
OTU_586,OTU_586,Bacteria,Myxococcota,Polyangiia,Haliangiales,Haliangiaceae,NA,NA
OTU_587,OTU_587,Bacteria,Acidobacteriota,Blastocatellia,DS-100,NA,NA,NA
OTU_588,OTU_588,Bacteria,Actinomycetota,Acidimicrobiia,Microtrichales,Ilumatobacteraceae,CL500-29 marine group,NA
OTU_589,OTU_589,Bacteria,Planctomycetota,Phycisphaerae,Phycisphaerales,Phycisphaeraceae,AKYG587,NA
OTU_591,OTU_591,Bacteria,Planctomycetota,Planctomycetes,Isosphaerales,Isosphaeraceae,NA,NA
OTU_592,OTU_592,Bacteria,Actinomycetota,NA,NA,NA,NA,NA
OTU_593,OTU_593,Bacteria,Pseudomonadota,Gammaproteobacteria,Lysobacterales,Lysobacteraceae,Lysobacter,NA
OTU_594,OTU_594,Bacteria,Actinomycetota,Actinobacteria,Mycobacteriales,Mycobacteriaceae,Mycobacterium,NA
OTU_596,OTU_596,Bacteria,Acidobacteriota,Subgroup 25,NA,NA,NA,NA
OTU_597,OTU_597,Bacteria,Myxococcota,Polyangiia,Polyangiales,BIrii41,NA,NA
OTU_598,OTU_598,Bacteria,Pseudomonadota,Alphaproteobacteria,Acetobacterales,Acetobacteraceae,NA,NA
OTU_602,OTU_602,Bacteria,Actinomycetota,Actinobacteria,Pseudonocardiales,Pseudonocardiaceae,Pseudonocardia,NA
OTU_603,OTU_603,Bacteria,Planctomycetota,Planctomycetes,Pirellulales,Pirellulaceae,Pirellula,NA
OTU_604,OTU_604,Bacteria,Gemmatimonadota,Gemmatimonadia,Gemmatimonadales,Gemmatimonadaceae,NA,NA
OTU_605,OTU_605,Bacteria,Pseudomonadota,Alphaproteobacteria,Sphingomonadales,Sphingomonadaceae,Ellin6055,NA
OTU_607,OTU_607,Bacteria,Pseudomonadota,Alphaproteobacteria,Hyphomicrobiales,Xanthobacteraceae,NA,NA
OTU_610,OTU_610,Bacteria,Actinomycetota,Actinobacteria,Kitasatosporales,Streptomycetaceae,Streptomyces,NA
OTU_611,OTU_611,Bacteria,Pseudomonadota,Gammaproteobacteria,Burkholderiales,TRA3-20,NA,NA
OTU_612,OTU_612,Bacteria,Chloroflexota,Chloroflexia,Thermomicrobiales,JG30-KF-CM45,NA,NA
OTU_613,OTU_613,Bacteria,Actinomycetota,Thermoleophilia,Gaiellales,Gaiellaceae,Gaiella,NA
OTU_615,OTU_615,Bacteria,Actinomycetota,Actinobacteria,Pseudonocardiales,Pseudonocardiaceae,Pseudonocardia,NA
OTU_616,OTU_616,Bacteria,Pseudomonadota,Alphaproteobacteria,Hyphomicrobiales,Beijerinckiaceae,Neo-b11,NA
OTU_617,OTU_617,Bacteria,Acidobacteriota,Blastocatellia,Blastocatellales,Blastocatellaceae,JGI 0001001-H03,NA
OTU_618,OTU_618,Bacteria,Actinomycetota,Thermoleophilia,Solirubrobacterales,67-14,NA,NA
OTU_621,OTU_621,Bacteria,Actinomycetota,Actinobacteria,Streptosporangiales,Streptosporangiaceae,Nonomuraea,NA
OTU_622,OTU_622,Bacteria,Pseudomonadota,Alphaproteobacteria,Caulobacterales,Caulobacteraceae,NA,NA
OTU_623,OTU_623,Bacteria,Pseudomonadota,Alphaproteobacteria,Acetobacterales,Acetobacteraceae,Dankookia,NA
OTU_624,OTU_624,Bacteria,Actinomycetota,Actinobacteria,Streptosporangiales,Thermomonosporaceae,Actinocorallia,NA
OTU_625,OTU_625,Bacteria,Acidobacteriota,Vicinamibacteria,Vicinamibacterales,NA,NA,NA
OTU_626,OTU_626,Bacteria,Acidobacteriota,Blastocatellia,??.24,NA,NA,NA
OTU_627,OTU_627,Bacteria,Actinomycetota,Actinobacteria,Micromonosporales,Micromonosporaceae,Rhizocola,NA
OTU_628,OTU_628,Bacteria,Bacillota,Bacilli,Paenibacillales,Paenibacillaceae,Cohnella,NA
OTU_629,OTU_629,Bacteria,Actinomycetota,Actinobacteria,Pseudonocardiales,Pseudonocardiaceae,Pseudonocardia,NA
OTU_631,OTU_631,Bacteria,Pseudomonadota,Alphaproteobacteria,Dongiales,Dongiaceae,Dongia,NA
OTU_632,OTU_632,Bacteria,Actinomycetota,Actinobacteria,Propionibacteriales,Propionibacteriaceae,Jiangella,NA
OTU_634,OTU_634,Bacteria,Actinomycetota,Thermoleophilia,Gaiellales,NA,NA,NA
OTU_635,OTU_635,Bacteria,Actinomycetota,Actinobacteria,Pseudonocardiales,Pseudonocardiaceae,Pseudonocardia,NA
OTU_636,OTU_636,Bacteria,Acidobacteriota,Acidobacteriae,Solibacterales,Solibacteraceae,Candidatus Solibacter,NA
OTU_637,OTU_637,Bacteria,Pseudomonadota,Gammaproteobacteria,Burkholderiales,Oxalobacteraceae,Massilia,NA
OTU_639,OTU_639,Bacteria,Pseudomonadota,Alphaproteobacteria,Hyphomicrobiales,Beijerinckiaceae,NA,NA
OTU_640,OTU_640,Bacteria,Actinomycetota,Actinobacteria,Micrococcales,Microbacteriaceae,Agromyces,ramosus
OTU_641,OTU_641,Bacteria,Pseudomonadota,Alphaproteobacteria,Hyphomicrobiales,Beijerinckiaceae,Methylobacterium,brachiatum
OTU_642,OTU_642,Bacteria,Actinomycetota,Thermoleophilia,Solirubrobacterales,67-14,NA,NA
OTU_643,OTU_643,Bacteria,Pseudomonadota,Alphaproteobacteria,Reyranellales,Reyranellaceae,NA,NA
OTU_644,OTU_644,Bacteria,Pseudomonadota,Alphaproteobacteria,Tistrellales,Geminicoccaceae,Candidatus Alysiosphaera,NA
OTU_646,OTU_646,Bacteria,Pseudomonadota,Gammaproteobacteria,Burkholderiales,Nitrosomonadaceae,MND1,NA
OTU_647,OTU_647,Bacteria,Planctomycetota,Planctomycetes,Pirellulales,Pirellulaceae,Pirellula,NA
OTU_651,OTU_651,Bacteria,Pseudomonadota,Alphaproteobacteria,Hyphomicrobiales,Hyphomicrobiaceae,Pedomicrobium,NA
OTU_652,OTU_652,Bacteria,Actinomycetota,Actinobacteria,Frankiales,Geodermatophilaceae,Blastococcus,saxobsidens
OTU_653,OTU_653,Bacteria,Actinomycetota,Acidimicrobiia,Acidimicrobiales,Acidimicrobiaceae,Acidiferrimicrobium,NA
OTU_654,OTU_654,Bacteria,Acidobacteriota,Acidobacteriae,Bryobacterales,Bryobacteraceae,Bryobacter,NA
OTU_655,OTU_655,Bacteria,Pseudomonadota,Gammaproteobacteria,Nitrosococcales,Nitrosococcaceae,wb1-P19,NA
OTU_656,OTU_656,Bacteria,Acidobacteriota,Vicinamibacteria,Vicinamibacterales,Vicinamibacteraceae,NA,NA
OTU_657,OTU_657,Bacteria,Pseudomonadota,Alphaproteobacteria,Hyphomicrobiales,Beijerinckiaceae,Microvirga,NA
OTU_658,OTU_658,Bacteria,Pseudomonadota,Gammaproteobacteria,Burkholderiales,SC-I-84,NA,NA
OTU_659,OTU_659,Bacteria,Acidobacteriota,Blastocatellia,Pyrinomonadales,Pyrinomonadaceae,NA,NA
OTU_660,OTU_660,Bacteria,Acidobacteriota,Vicinamibacteria,Vicinamibacterales,Vicinamibacteraceae,Vicinamibacter,NA
OTU_661,OTU_661,Bacteria,Planctomycetota,Planctomycetes,Isosphaerales,Isosphaeraceae,NA,NA
OTU_662,OTU_662,Bacteria,Acidobacteriota,Blastocatellia,Blastocatellales,Blastocatellaceae,Blastocatella,NA
OTU_663,OTU_663,Bacteria,Pseudomonadota,Alphaproteobacteria,Hyphomicrobiales,Xanthobacteraceae,Rhodoplanes,NA
OTU_664,OTU_664,Bacteria,Pseudomonadota,Alphaproteobacteria,Hyphomicrobiales,Rhizobiaceae,NA,NA
OTU_665,OTU_665,Bacteria,Pseudomonadota,Alphaproteobacteria,Tistrellales,Geminicoccaceae,Candidatus Alysiosphaera,NA
OTU_666,OTU_666,Bacteria,Actinomycetota,Thermoleophilia,Solirubrobacterales,Solirubrobacteraceae,Solirubrobacter,NA
OTU_667,OTU_667,Bacteria,Pseudomonadota,Gammaproteobacteria,Lysobacterales,Rhodanobacteraceae,Dokdonella,NA
OTU_668,OTU_668,Bacteria,Acidobacteriota,Vicinamibacteria,Vicinamibacterales,Vicinamibacteraceae,NA,NA
OTU_669,OTU_669,Bacteria,Bacteroidota,Bacteroidia,Chitinophagales,Chitinophagaceae,Ferruginibacter,NA
OTU_670,OTU_670,Bacteria,Acidobacteriota,Acidobacteriae,Bryobacterales,Bryobacteraceae,Bryobacter,NA
OTU_674,OTU_674,Bacteria,Actinomycetota,Actinobacteria,Micromonosporales,Micromonosporaceae,Mangrovihabitans,NA
OTU_676,OTU_676,Bacteria,Acidobacteriota,Vicinamibacteria,Vicinamibacterales,NA,NA,NA
OTU_678,OTU_678,Bacteria,Verrucomicrobiota,Verrucomicrobiia,Chthoniobacterales,Chthoniobacteraceae,Candidatus Udaeobacter,NA
OTU_679,OTU_679,Bacteria,Planctomycetota,Planctomycetes,Pirellulales,Pirellulaceae,NA,NA
OTU_681,OTU_681,Bacteria,Actinomycetota,Actinobacteria,Mycobacteriales,Mycobacteriaceae,Mycobacterium,NA
OTU_682,OTU_682,Bacteria,Pseudomonadota,Alphaproteobacteria,Hyphomicrobiales,NA,NA,NA
OTU_683,OTU_683,Bacteria,Verrucomicrobiota,Verrucomicrobiia,Chthoniobacterales,Chthoniobacteraceae,Chthoniobacter,NA
OTU_684,OTU_684,Bacteria,Chloroflexota,KD4-96,NA,NA,NA,NA
OTU_685,OTU_685,Bacteria,Nitrospirota,Nitrospiria,Nitrospirales,Nitrospiraceae,Nitrospira,NA
OTU_686,OTU_686,Bacteria,Actinomycetota,Actinobacteria,Pseudonocardiales,Pseudonocardiaceae,Actinophytocola,NA
OTU_687,OTU_687,Bacteria,Planctomycetota,Planctomycetes,Planctomycetales,Rubinisphaeraceae,SH-PL14,NA
OTU_688,OTU_688,Bacteria,Actinomycetota,Thermoleophilia,Solirubrobacterales,67-14,NA,NA
OTU_689,OTU_689,Bacteria,Myxococcota,Polyangiia,Haliangiales,Haliangiaceae,NA,NA
OTU_690,OTU_690,Bacteria,Actinomycetota,Thermoleophilia,Solirubrobacterales,Solirubrobacteraceae,Conexibacter,NA
OTU_691,OTU_691,Bacteria,Actinomycetota,Thermoleophilia,Solirubrobacterales,67-14,NA,NA
OTU_692,OTU_692,Bacteria,Pseudomonadota,Alphaproteobacteria,Hyphomicrobiales,Beijerinckiaceae,NA,iners
OTU_694,OTU_694,Bacteria,Actinomycetota,Thermoleophilia,Gaiellales,NA,NA,NA
OTU_695,OTU_695,Bacteria,Actinomycetota,Thermoleophilia,Solirubrobacterales,Solirubrobacteraceae,NA,NA
OTU_696,OTU_696,Bacteria,Chloroflexota,Chloroflexia,Thermomicrobiales,JG30-KF-CM45,NA,NA
OTU_698,OTU_698,Bacteria,Acidobacteriota,Vicinamibacteria,Vicinamibacterales,NA,NA,NA
OTU_699,OTU_699,Bacteria,Actinomycetota,Actinobacteria,Mycobacteriales,Mycobacteriaceae,Mycobacterium,NA
OTU_700,OTU_700,Bacteria,Pseudomonadota,Alphaproteobacteria,Hyphomicrobiales,Amb-16S-1323,NA,NA
OTU_701,OTU_701,Bacteria,Pseudomonadota,Alphaproteobacteria,Hyphomicrobiales,Beijerinckiaceae,Microvirga,NA
OTU_702,OTU_702,Bacteria,Bacillota,Bacilli,Bacillales,Bacillaceae,Neobacillus,NA
OTU_703,OTU_703,Bacteria,Pseudomonadota,Alphaproteobacteria,Hyphomicrobiales,Xanthobacteraceae,Pseudolabrys,NA
OTU_704,OTU_704,Bacteria,Actinomycetota,Actinobacteria,Kitasatosporales,Streptomycetaceae,NA,NA
OTU_705,OTU_705,Bacteria,Acidobacteriota,Blastocatellia,Pyrinomonadales,Pyrinomonadaceae,NA,NA
OTU_706,OTU_706,Bacteria,Pseudomonadota,Alphaproteobacteria,Hyphomicrobiales,Xanthobacteraceae,NA,NA
OTU_707,OTU_707,Bacteria,Acidobacteriota,Holophagae,Subgroup 7,NA,NA,NA
OTU_708,OTU_708,Bacteria,Planctomycetota,Planctomycetes,Pirellulales,Pirellulaceae,Pir4 lineage,NA
OTU_709,OTU_709,Bacteria,Acidobacteriota,Subgroup 11,NA,NA,NA,NA
OTU_710,OTU_710,Bacteria,Actinomycetota,Actinobacteria,Pseudonocardiales,Pseudonocardiaceae,Pseudonocardia,NA
OTU_711,OTU_711,Bacteria,Pseudomonadota,Alphaproteobacteria,Tistrellales,Geminicoccaceae,Candidatus Alysiosphaera,NA
OTU_712,OTU_712,Bacteria,Actinomycetota,Acidimicrobiia,Microtrichales,Iamiaceae,Iamia,NA
OTU_713,OTU_713,Bacteria,Actinomycetota,Actinobacteria,Kineosporiales,Kineosporiaceae,NA,NA
OTU_714,OTU_714,Bacteria,Pseudomonadota,Gammaproteobacteria,Steroidobacterales,Steroidobacteraceae,Steroidobacter,NA
OTU_715,OTU_715,Bacteria,Acidobacteriota,Vicinamibacteria,Vicinamibacterales,Vicinamibacteraceae,NA,NA
OTU_716,OTU_716,Bacteria,Actinomycetota,Actinobacteria,Propionibacteriales,Nocardioidaceae,Nocardioides,NA
OTU_717,OTU_717,Bacteria,Acidobacteriota,Blastocatellia,Blastocatellales,Blastocatellaceae,NA,NA
OTU_718,OTU_718,Bacteria,Pseudomonadota,Alphaproteobacteria,Hyphomicrobiales,Rhizobiaceae,Ensifer,NA
OTU_719,OTU_719,Bacteria,Actinomycetota,Actinobacteria,Micromonosporales,Micromonosporaceae,Luedemannella,NA
OTU_720,OTU_720,Bacteria,Bacillota,Bacilli,Bacillales,Planococcaceae,Chungangia,NA
OTU_722,OTU_722,Bacteria,Actinomycetota,Thermoleophilia,NA,NA,NA,NA
OTU_723,OTU_723,Bacteria,Acidobacteriota,Blastocatellia,Blastocatellales,Blastocatellaceae,Aridibacter,NA
OTU_725,OTU_725,Bacteria,Actinomycetota,Actinobacteria,Frankiales,Sporichthyaceae,NA,NA
OTU_726,OTU_726,Bacteria,Planctomycetota,Planctomycetes,Gemmatales,Gemmataceae,NA,NA
OTU_727,OTU_727,Bacteria,Actinomycetota,Acidimicrobiia,Microtrichales,NA,NA,NA
OTU_728,OTU_728,Bacteria,Gemmatimonadota,AKAU4049,NA,NA,NA,NA
OTU_730,OTU_730,Bacteria,Bacillota,Bacilli,Paenibacillales,Paenibacillaceae,Ammoniphilus,NA
OTU_731,OTU_731,Bacteria,Myxococcota,Polyangiia,Polyangiales,BIrii41,NA,NA
OTU_733,OTU_733,Bacteria,Planctomycetota,Phycisphaerae,Tepidisphaerales,WD2101 soil group,NA,NA
OTU_735,OTU_735,Bacteria,Actinomycetota,Thermoleophilia,Gaiellales,NA,NA,NA
OTU_736,OTU_736,Bacteria,Acidobacteriota,Vicinamibacteria,Vicinamibacterales,NA,NA,NA
OTU_737,OTU_737,Bacteria,Actinomycetota,Acidimicrobiia,Microtrichales,Iamiaceae,Aquihabitans,NA
OTU_738,OTU_738,Bacteria,Acidobacteriota,Subgroup 25,NA,NA,NA,NA
OTU_739,OTU_739,Bacteria,Actinomycetota,Acidimicrobiia,Microtrichales,NA,NA,NA
OTU_741,OTU_741,Bacteria,Actinomycetota,Thermoleophilia,NA,NA,NA,NA
OTU_742,OTU_742,Bacteria,Bacteroidota,Bacteroidia,Chitinophagales,Chitinophagaceae,NA,NA
OTU_743,OTU_743,Bacteria,Actinomycetota,Thermoleophilia,Solirubrobacterales,67-14,NA,NA
OTU_744,OTU_744,Bacteria,Chloroflexota,KD4-96,NA,NA,NA,NA
OTU_746,OTU_746,Bacteria,Actinomycetota,Actinobacteria,Pseudonocardiales,Pseudonocardiaceae,Pseudonocardia,NA
OTU_751,OTU_751,Bacteria,Actinomycetota,Thermoleophilia,Solirubrobacterales,67-14,NA,NA
OTU_752,OTU_752,Bacteria,Actinomycetota,Thermoleophilia,Solirubrobacterales,67-14,NA,NA
OTU_755,OTU_755,Bacteria,Actinomycetota,Thermoleophilia,Solirubrobacterales,67-14,NA,NA
OTU_756,OTU_756,Bacteria,Acidobacteriota,Blastocatellia,Pyrinomonadales,Pyrinomonadaceae,Arenimicrobium,NA
OTU_757,OTU_757,Bacteria,Pseudomonadota,Alphaproteobacteria,Hyphomicrobiales,Xanthobacteraceae,Rhodopseudomonas,NA
OTU_758,OTU_758,Bacteria,Gemmatimonadota,Gemmatimonadia,Gemmatimonadales,Gemmatimonadaceae,Gemmatimonas,NA
OTU_759,OTU_759,Bacteria,Actinomycetota,Actinobacteria,Frankiales,Frankiaceae,NA,NA
OTU_761,OTU_761,Bacteria,Acidobacteriota,Vicinamibacteria,Vicinamibacterales,Vicinamibacteraceae,NA,NA
OTU_762,OTU_762,Bacteria,Planctomycetota,Planctomycetes,Gemmatales,Gemmataceae,Gemmata,NA
OTU_763,OTU_763,Bacteria,Actinomycetota,Actinobacteria,Propionibacteriales,Nocardioidaceae,Aeromicrobium,NA
OTU_764,OTU_764,Bacteria,Pseudomonadota,Alphaproteobacteria,Hyphomicrobiales,Xanthobacteraceae,NA,NA
OTU_766,OTU_766,Bacteria,Chloroflexota,P2-11E,NA,NA,NA,NA
OTU_768,OTU_768,Bacteria,Pseudomonadota,Alphaproteobacteria,Rhodobacterales,Paracoccaceae,Rubellimicrobium,NA
OTU_769,OTU_769,Bacteria,Acidobacteriota,Vicinamibacteria,Vicinamibacterales,NA,NA,NA
OTU_770,OTU_770,Bacteria,Acidobacteriota,Acidobacteriae,Terriglobales,NA,NA,NA
OTU_771,OTU_771,Bacteria,Chloroflexota,Chloroflexia,Thermomicrobiales,JG30-KF-CM45,NA,NA
OTU_772,OTU_772,Bacteria,Verrucomicrobiota,Verrucomicrobiia,Verrucomicrobiales,Verrucomicrobiaceae,NA,NA
OTU_776,OTU_776,Bacteria,Actinomycetota,Thermoleophilia,Solirubrobacterales,Solirubrobacteraceae,Baekduia,NA
OTU_777,OTU_777,Bacteria,Planctomycetota,Phycisphaerae,Tepidisphaerales,WD2101 soil group,NA,NA
OTU_778,OTU_778,Bacteria,Actinomycetota,Thermoleophilia,Solirubrobacterales,Solirubrobacteraceae,Parviterribacter,NA
OTU_779,OTU_779,Bacteria,Actinomycetota,Acidimicrobiia,Microtrichales,Ilumatobacteraceae,NA,NA
OTU_780,OTU_780,Bacteria,Chloroflexota,Ktedonobacteria,C0119,NA,NA,NA
OTU_781,OTU_781,Bacteria,Actinomycetota,Thermoleophilia,NA,NA,NA,NA
OTU_782,OTU_782,Bacteria,Verrucomicrobiota,Verrucomicrobiia,Chthoniobacterales,Chthoniobacteraceae,Chthoniobacter,NA
OTU_783,OTU_783,Bacteria,Myxococcota,Polyangiia,Polyangiales,Sandaracinaceae,NA,NA
OTU_784,OTU_784,Bacteria,Planctomycetota,Planctomycetes,Pirellulales,Pirellulaceae,NA,NA
OTU_785,OTU_785,Bacteria,Acidobacteriota,Vicinamibacteria,Vicinamibacterales,NA,NA,NA
OTU_786,OTU_786,Bacteria,Acidobacteriota,Blastocatellia,Pyrinomonadales,Pyrinomonadaceae,NA,NA
OTU_787,OTU_787,Bacteria,Nitrospirota,Nitrospiria,Nitrospirales,Nitrospiraceae,Nitrospira,NA
OTU_788,OTU_788,Bacteria,Entotheonellaeota,Entotheonellia,Entotheonellales,Entotheonellaceae,NA,NA
OTU_789,OTU_789,Bacteria,Chloroflexota,Chloroflexia,Thermomicrobiales,JG30-KF-CM45,NA,NA
OTU_790,OTU_790,Bacteria,Chloroflexota,KD4-96,NA,NA,NA,NA
OTU_791,OTU_791,Bacteria,Acidobacteriota,Vicinamibacteria,Vicinamibacterales,NA,NA,NA
OTU_792,OTU_792,Bacteria,Actinomycetota,Actinobacteria,Frankiales,Frankiaceae,Jatrophihabitans,NA
OTU_794,OTU_794,Bacteria,Actinomycetota,Thermoleophilia,Solirubrobacterales,67-14,NA,NA
OTU_797,OTU_797,Bacteria,Methylomirabilota,Methylomirabilia,Rokubacteriales,NA,NA,NA
OTU_799,OTU_799,Bacteria,Bacillota,Bacilli,Paenibacillales,Paenibacillaceae,Paenibacillus,NA
OTU_800,OTU_800,Bacteria,Planctomycetota,Phycisphaerae,Tepidisphaerales,WD2101 soil group,NA,NA
OTU_801,OTU_801,Bacteria,Actinomycetota,Acidimicrobiia,Acidimicrobiales,Acidimicrobiaceae,Acidiferrimicrobium,NA
OTU_802,OTU_802,Bacteria,Actinomycetota,Actinobacteria,Micromonosporales,Micromonosporaceae,Micromonospora,NA
OTU_803,OTU_803,Bacteria,Acidobacteriota,Holophagae,Subgroup 7,NA,NA,NA
OTU_804,OTU_804,Bacteria,Chloroflexota,Chloroflexia,Kallotenuales,AKIW781,NA,NA
OTU_805,OTU_805,Bacteria,Pseudomonadota,Alphaproteobacteria,NA,NA,NA,NA
OTU_806,OTU_806,Bacteria,Planctomycetota,Planctomycetes,Gemmatales,Gemmataceae,Gemmata,NA
OTU_807,OTU_807,Bacteria,Acidobacteriota,Subgroup 5,NA,NA,NA,NA
OTU_808,OTU_808,Bacteria,Acidobacteriota,Vicinamibacteria,Vicinamibacterales,Vicinamibacteraceae,NA,NA
OTU_809,OTU_809,Bacteria,Planctomycetota,Planctomycetes,Pirellulales,Pirellulaceae,Pir4 lineage,NA
OTU_811,OTU_811,Bacteria,Actinomycetota,Thermoleophilia,NA,NA,NA,NA
OTU_812,OTU_812,Bacteria,Acidobacteriota,Vicinamibacteria,Vicinamibacterales,NA,NA,NA
OTU_813,OTU_813,Bacteria,Chloroflexota,TK10,NA,NA,NA,NA
OTU_814,OTU_814,Bacteria,Pseudomonadota,Alphaproteobacteria,Hyphomicrobiales,Rhizobiaceae,Mesorhizobium,NA
OTU_815,OTU_815,Bacteria,Pseudomonadota,Alphaproteobacteria,Tistrellales,Geminicoccaceae,Candidatus Alysiosphaera,NA
OTU_817,OTU_817,Bacteria,Actinomycetota,Thermoleophilia,Solirubrobacterales,67-14,NA,NA
OTU_818,OTU_818,Bacteria,Acidobacteriota,Vicinamibacteria,Vicinamibacterales,Vicinamibacteraceae,NA,NA
OTU_820,OTU_820,Bacteria,Planctomycetota,Planctomycetes,Pirellulales,Pirellulaceae,NA,NA
OTU_822,OTU_822,Bacteria,Actinomycetota,Acidimicrobiia,Acidimicrobiales,Acidimicrobiaceae,Acidiferrimicrobium,NA
OTU_823,OTU_823,Bacteria,Acidobacteriota,Vicinamibacteria,Vicinamibacterales,NA,NA,NA
OTU_825,OTU_825,Bacteria,Actinomycetota,Thermoleophilia,Solirubrobacterales,67-14,NA,NA
OTU_826,OTU_826,Bacteria,Bacteroidota,Bacteroidia,Chitinophagales,Chitinophagaceae,NA,NA
OTU_827,OTU_827,Bacteria,Pseudomonadota,Alphaproteobacteria,NA,NA,NA,NA
OTU_828,OTU_828,Bacteria,Pseudomonadota,Alphaproteobacteria,Hyphomicrobiales,Labraceae,Labrys,NA
OTU_829,OTU_829,Bacteria,Pseudomonadota,Alphaproteobacteria,Sphingomonadales,Sphingomonadaceae,Sphingomonas,NA
OTU_830,OTU_830,Bacteria,Actinomycetota,Actinobacteria,Kitasatosporales,Streptomycetaceae,Streptomyces,drozdowiczii
OTU_831,OTU_831,Bacteria,Acidobacteriota,Vicinamibacteria,Vicinamibacterales,Vicinamibacteraceae,NA,NA
OTU_832,OTU_832,Bacteria,Acidobacteriota,Vicinamibacteria,Vicinamibacterales,NA,NA,NA
OTU_833,OTU_833,Bacteria,Pseudomonadota,Alphaproteobacteria,Caulobacterales,Caulobacteraceae,Brevundimonas,NA
OTU_836,OTU_836,Bacteria,Pseudomonadota,Alphaproteobacteria,Hyphomicrobiales,Hyphomicrobiaceae,Pedomicrobium,NA
OTU_838,OTU_838,Bacteria,Pseudomonadota,Gammaproteobacteria,Burkholderiales,Burkholderiaceae,Lautropia,NA
OTU_839,OTU_839,Bacteria,Planctomycetota,Planctomycetes,Pirellulales,Pirellulaceae,Pirellula,NA
OTU_840,OTU_840,Bacteria,Pseudomonadota,Alphaproteobacteria,Hyphomicrobiales,Xanthobacteraceae,Pseudolabrys,NA
OTU_841,OTU_841,Bacteria,Pseudomonadota,Alphaproteobacteria,Hyphomicrobiales,Hyphomicrobiales Incertae Sedis,Nordella,NA
OTU_842,OTU_842,Bacteria,Pseudomonadota,Alphaproteobacteria,Sphingomonadales,Sphingomonadaceae,Novosphingobium,NA
OTU_844,OTU_844,Bacteria,Acidobacteriota,Blastocatellia,Blastocatellales,Blastocatellaceae,Stenotrophobacter,NA
OTU_846,OTU_846,Bacteria,Actinomycetota,Thermoleophilia,Gaiellales,NA,NA,NA
OTU_850,OTU_850,Bacteria,Actinomycetota,Thermoleophilia,Gaiellales,Gaiellaceae,Gaiella,NA
OTU_851,OTU_851,Bacteria,Actinomycetota,Thermoleophilia,Solirubrobacterales,Solirubrobacteraceae,NA,NA
OTU_853,OTU_853,Bacteria,Planctomycetota,Planctomycetes,Gemmatales,Gemmataceae,NA,NA
OTU_855,OTU_855,Bacteria,Actinomycetota,MB-A2-108,NA,NA,NA,NA
OTU_856,OTU_856,Bacteria,Chloroflexota,Chloroflexia,Thermomicrobiales,JG30-KF-CM45,NA,NA
OTU_857,OTU_857,Bacteria,Pseudomonadota,Gammaproteobacteria,Burkholderiales,Oxalobacteraceae,Massilia,NA
OTU_859,OTU_859,Bacteria,Pseudomonadota,Gammaproteobacteria,Burkholderiales,Comamonadaceae,Xylophilus,NA
OTU_860,OTU_860,Bacteria,Pseudomonadota,Alphaproteobacteria,Azospirillales,Inquilinaceae,Inquilinus,limosus
OTU_862,OTU_862,Bacteria,Actinomycetota,Actinobacteria,Micrococcales,Micrococcaceae,NA,NA
OTU_863,OTU_863,Bacteria,Actinomycetota,Thermoleophilia,Gaiellales,Gaiellaceae,Gaiella,NA
OTU_864,OTU_864,Bacteria,Actinomycetota,Actinobacteria,Propionibacteriales,Nocardioidaceae,Nocardioides,NA
OTU_865,OTU_865,Bacteria,Pseudomonadota,Gammaproteobacteria,Steroidobacterales,Steroidobacteraceae,Steroidobacter,NA
OTU_866,OTU_866,Bacteria,Acidobacteriota,Vicinamibacteria,Vicinamibacterales,NA,NA,NA
OTU_867,OTU_867,Bacteria,Pseudomonadota,Gammaproteobacteria,Steroidobacterales,Steroidobacteraceae,Steroidobacter,NA
OTU_868,OTU_868,Bacteria,Pseudomonadota,Alphaproteobacteria,Hyphomicrobiales,Xanthobacteraceae,NA,NA
OTU_869,OTU_869,Bacteria,Actinomycetota,Acidimicrobiia,Microtrichales,Iamiaceae,Aquihabitans,NA
OTU_870,OTU_870,Bacteria,Acidobacteriota,Vicinamibacteria,Vicinamibacterales,Vicinamibacteraceae,NA,NA
OTU_871,OTU_871,Bacteria,Actinomycetota,MB-A2-108,NA,NA,NA,NA
OTU_872,OTU_872,Bacteria,Actinomycetota,Acidimicrobiia,Acidimicrobiales,Acidimicrobiaceae,Acidiferrimicrobium,NA
OTU_874,OTU_874,Bacteria,Actinomycetota,Actinobacteria,Propionibacteriales,Nocardioidaceae,Nocardioides,NA
OTU_876,OTU_876,Bacteria,Pseudomonadota,Alphaproteobacteria,Hyphomicrobiales,Beijerinckiaceae,Psychroglaciecola,NA
OTU_877,OTU_877,Bacteria,Methylomirabilota,Methylomirabilia,Rokubacteriales,NA,NA,NA
OTU_879,OTU_879,Bacteria,Actinomycetota,Actinobacteria,Pseudonocardiales,Pseudonocardiaceae,NA,NA
OTU_881,OTU_881,Bacteria,Pseudomonadota,Alphaproteobacteria,Hyphomicrobiales,Xanthobacteraceae,NA,NA
OTU_883,OTU_883,Bacteria,Actinomycetota,Actinobacteria,Frankiales,Cryptosporangiaceae,Fodinicola,NA
OTU_884,OTU_884,Bacteria,Pseudomonadota,Alphaproteobacteria,Hyphomicrobiales,Xanthobacteraceae,NA,NA
OTU_885,OTU_885,Bacteria,Pseudomonadota,Gammaproteobacteria,Steroidobacterales,Steroidobacteraceae,Steroidobacter,NA
OTU_886,OTU_886,Bacteria,Actinomycetota,Thermoleophilia,Solirubrobacterales,67-14,NA,NA
OTU_887,OTU_887,Bacteria,Actinomycetota,Thermoleophilia,Solirubrobacterales,67-14,NA,NA
OTU_888,OTU_888,Bacteria,Pseudomonadota,Alphaproteobacteria,Sphingomonadales,Sphingomonadaceae,Sphingomonas,NA
OTU_889,OTU_889,Bacteria,Chloroflexota,Anaerolineae,Caldilineales,Caldilineaceae,NA,NA
OTU_890,OTU_890,Bacteria,Actinomycetota,Actinobacteria,Pseudonocardiales,Pseudonocardiaceae,Pseudonocardia,NA
OTU_891,OTU_891,Bacteria,Acidobacteriota,Vicinamibacteria,Vicinamibacterales,NA,NA,NA
OTU_893,OTU_893,Bacteria,Actinomycetota,Actinobacteria,Propionibacteriales,Nocardioidaceae,Nocardioides,NA
OTU_894,OTU_894,Bacteria,Acidobacteriota,Vicinamibacteria,Vicinamibacterales,NA,NA,NA
OTU_895,OTU_895,Bacteria,Pseudomonadota,Gammaproteobacteria,Burkholderiales,Oxalobacteraceae,Massilia,NA
OTU_896,OTU_896,Bacteria,Actinomycetota,Actinobacteria,Micromonosporales,Micromonosporaceae,Actinoplanes,NA
OTU_898,OTU_898,Bacteria,Actinomycetota,Actinobacteria,Micromonosporales,Micromonosporaceae,Actinoplanes,NA
OTU_899,OTU_899,Bacteria,Actinomycetota,Thermoleophilia,Gaiellales,Gaiellaceae,Gaiella,NA
OTU_900,OTU_900,Bacteria,Pseudomonadota,Alphaproteobacteria,Hyphomicrobiales,Hyphomicrobiaceae,Hyphomicrobium,NA
OTU_901,OTU_901,Bacteria,Actinomycetota,Actinobacteria,FFCH16263,NA,NA,NA
OTU_902,OTU_902,Bacteria,Actinomycetota,Actinobacteria,Frankiales,Acidothermaceae,Acidothermus,NA
OTU_905,OTU_905,Bacteria,Acidobacteriota,Vicinamibacteria,Vicinamibacterales,NA,NA,NA
OTU_906,OTU_906,Bacteria,Pseudomonadota,Alphaproteobacteria,Hyphomicrobiales,Labraceae,Labrys,NA
OTU_907,OTU_907,Bacteria,Planctomycetota,Planctomycetes,Planctomycetales,NA,NA,NA
OTU_909,OTU_909,Bacteria,Actinomycetota,Actinobacteria,Pseudonocardiales,Pseudonocardiaceae,Crossiella,NA
OTU_910,OTU_910,Bacteria,Actinomycetota,Actinobacteria,Propionibacteriales,Nocardioidaceae,Nocardioides,NA
OTU_911,OTU_911,Bacteria,Actinomycetota,Actinobacteria,Micromonosporales,Micromonosporaceae,Luedemannella,NA
OTU_913,OTU_913,Bacteria,Planctomycetota,Planctomycetes,Pirellulales,Pirellulaceae,Pir4 lineage,NA
OTU_916,OTU_916,Bacteria,Actinomycetota,Acidimicrobiia,Acidimicrobiales,Acidimicrobiaceae,NA,NA
OTU_917,OTU_917,Bacteria,Actinomycetota,Thermoleophilia,Solirubrobacterales,Solirubrobacteraceae,Solirubrobacter,NA
OTU_918,OTU_918,Bacteria,Acidobacteriota,Blastocatellia,Pyrinomonadales,Pyrinomonadaceae,NA,NA
OTU_919,OTU_919,Bacteria,Pseudomonadota,Alphaproteobacteria,Caulobacterales,Hyphomonadaceae,SWB02,NA
OTU_920,OTU_920,Bacteria,Acidobacteriota,Blastocatellia,Pyrinomonadales,Pyrinomonadaceae,NA,NA
OTU_921,OTU_921,Bacteria,Bacteroidota,Bacteroidia,Chitinophagales,Chitinophagaceae,Terrimonas,NA
OTU_922,OTU_922,Bacteria,Actinomycetota,Thermoleophilia,Solirubrobacterales,67-14,NA,NA
OTU_923,OTU_923,Bacteria,Pseudomonadota,Alphaproteobacteria,Hyphomicrobiales,Xanthobacteraceae,NA,NA
OTU_924,OTU_924,Bacteria,Actinomycetota,Actinobacteria,Micromonosporales,Micromonosporaceae,Actinoplanes,NA
OTU_927,OTU_927,Bacteria,Acidobacteriota,Vicinamibacteria,Vicinamibacterales,NA,NA,NA
OTU_928,OTU_928,Bacteria,Planctomycetota,Planctomycetes,Pirellulales,Pirellulaceae,NA,NA
OTU_931,OTU_931,Bacteria,Actinomycetota,Actinobacteria,Pseudonocardiales,Pseudonocardiaceae,Lentzea,NA
OTU_932,OTU_932,Bacteria,Chloroflexota,TK10,NA,NA,NA,NA
OTU_934,OTU_934,Bacteria,Planctomycetota,Phycisphaerae,Tepidisphaerales,WD2101 soil group,NA,NA
OTU_935,OTU_935,Bacteria,Actinomycetota,Actinobacteria,Micrococcales,Microbacteriaceae,NA,NA
OTU_937,OTU_937,Bacteria,Chloroflexota,Anaerolineae,Aggregatilineales,A4b,NA,NA
OTU_938,OTU_938,Bacteria,Actinomycetota,Acidimicrobiia,Microtrichales,Iamiaceae,Aquihabitans,NA
OTU_939,OTU_939,Bacteria,Planctomycetota,Planctomycetes,Isosphaerales,Isosphaeraceae,Singulisphaera,NA
OTU_941,OTU_941,Bacteria,Chloroflexota,Chloroflexia,Chloroflexales,Roseiflexaceae,NA,NA
OTU_943,OTU_943,Bacteria,Actinomycetota,Actinobacteria,Kitasatosporales,Streptomycetaceae,Streptomyces,NA
OTU_944,OTU_944,Bacteria,Planctomycetota,Planctomycetes,Pirellulales,Pirellulaceae,Pir4 lineage,NA
OTU_946,OTU_946,Bacteria,Acidobacteriota,Vicinamibacteria,Vicinamibacterales,NA,NA,NA
OTU_949,OTU_949,Bacteria,Actinomycetota,Thermoleophilia,Gaiellales,NA,NA,NA
OTU_952,OTU_952,Bacteria,Actinomycetota,Acidimicrobiia,Microtrichales,Iamiaceae,Aquihabitans,NA
OTU_953,OTU_953,Bacteria,Pseudomonadota,Gammaproteobacteria,Burkholderiales,TRA3-20,NA,NA
OTU_954,OTU_954,Bacteria,Acidobacteriota,Blastocatellia,Blastocatellales,Blastocatellaceae,Blastocatella,NA
OTU_955,OTU_955,Bacteria,Acidobacteriota,Vicinamibacteria,Vicinamibacterales,NA,NA,NA
OTU_956,OTU_956,Bacteria,Actinomycetota,Actinobacteria,Micromonosporales,Micromonosporaceae,Asanoa,NA
OTU_957,OTU_957,Bacteria,Actinomycetota,Thermoleophilia,Solirubrobacterales,Solirubrobacteraceae,NA,NA
OTU_958,OTU_958,Bacteria,Acidobacteriota,Blastocatellia,Pyrinomonadales,Pyrinomonadaceae,NA,NA
OTU_960,OTU_960,Bacteria,Latescibacterota,NA,NA,NA,NA,NA
OTU_961,OTU_961,Bacteria,Planctomycetota,OM190,NA,NA,NA,NA
OTU_964,OTU_964,Bacteria,Actinomycetota,Actinobacteria,Pseudonocardiales,Pseudonocardiaceae,Saccharothrix,NA
OTU_968,OTU_968,Bacteria,Bacteroidota,Bacteroidia,Chitinophagales,Chitinophagaceae,Puia,NA
OTU_969,OTU_969,Bacteria,Actinomycetota,Thermoleophilia,Solirubrobacterales,67-14,NA,NA
OTU_970,OTU_970,Bacteria,Pseudomonadota,Alphaproteobacteria,Azospirillales,NA,NA,NA
OTU_971,OTU_971,Bacteria,Planctomycetota,Planctomycetes,Gemmatales,Gemmataceae,Gemmata,NA
OTU_972,OTU_972,Bacteria,Acidobacteriota,Vicinamibacteria,Vicinamibacterales,Vicinamibacteraceae,NA,NA
OTU_973,OTU_973,Bacteria,Acidobacteriota,Acidobacteriae,Bryobacterales,Bryobacteraceae,Bryobacter,NA
OTU_974,OTU_974,Bacteria,Actinomycetota,Actinobacteria,Kitasatosporales,Streptomycetaceae,Kitasatospora,NA
OTU_977,OTU_977,Bacteria,Actinomycetota,Actinobacteria,Mycobacteriales,Nocardiaceae,Rhodococcus,jostii
OTU_979,OTU_979,Bacteria,Pseudomonadota,Gammaproteobacteria,Burkholderiales,Oxalobacteraceae,Noviherbaspirillum,NA
OTU_980,OTU_980,Bacteria,Pseudomonadota,Alphaproteobacteria,Rhodobacterales,Paracoccaceae,Rubellimicrobium,NA
OTU_981,OTU_981,Bacteria,Thermodesulfobacteriota,NA,NA,NA,NA,NA
OTU_982,OTU_982,Bacteria,Bacteroidota,Bacteroidia,Sphingobacteriales,Sphingobacteriaceae,Pedobacter,NA
OTU_983,OTU_983,Bacteria,Planctomycetota,OM190,NA,NA,NA,NA
OTU_984,OTU_984,Bacteria,Actinomycetota,Actinobacteria,Propionibacteriales,Nocardioidaceae,Nocardioides,NA
OTU_985,OTU_985,Bacteria,Actinomycetota,Thermoleophilia,Solirubrobacterales,Solirubrobacteraceae,NA,NA
OTU_988,OTU_988,Bacteria,Actinomycetota,Thermoleophilia,Solirubrobacterales,67-14,NA,NA
OTU_989,OTU_989,Bacteria,Actinomycetota,Actinobacteria,Streptosporangiales,Thermomonosporaceae,Actinoallomurus,NA
OTU_992,OTU_992,Bacteria,Pseudomonadota,Gammaproteobacteria,Lysobacterales,Lysobacteraceae,Lysobacter,NA
OTU_994,OTU_994,Bacteria,Acidobacteriota,Blastocatellia,Pyrinomonadales,Pyrinomonadaceae,NA,NA
OTU_995,OTU_995,Bacteria,Actinomycetota,Actinobacteria,Kitasatosporales,Streptomycetaceae,Streptomyces,NA
OTU_996,OTU_996,Bacteria,Actinomycetota,MB-A2-108,NA,NA,NA,NA
OTU_997,OTU_997,Bacteria,Actinomycetota,Actinobacteria,Pseudonocardiales,Pseudonocardiaceae,Pseudonocardia,NA
OTU_1000,OTU_1000,Bacteria,Acidobacteriota,Blastocatellia,Pyrinomonadales,Pyrinomonadaceae,NA,NA
OTU_1001,OTU_1001,Bacteria,Actinomycetota,Thermoleophilia,Solirubrobacterales,Solirubrobacteraceae,Conexibacter,NA
OTU_1002,OTU_1002,Bacteria,Actinomycetota,Thermoleophilia,Solirubrobacterales,67-14,NA,NA
OTU_1003,OTU_1003,Bacteria,Bacillota,Bacilli,Bacillales,Bacillaceae,NA,NA
OTU_1005,OTU_1005,Bacteria,Myxococcota,Polyangiia,Haliangiales,Haliangiaceae,NA,NA
OTU_1006,OTU_1006,Bacteria,Acidobacteriota,Vicinamibacteria,Vicinamibacterales,NA,NA,NA
OTU_1008,OTU_1008,Bacteria,Acidobacteriota,Blastocatellia,Pyrinomonadales,Pyrinomonadaceae,Arenimicrobium,NA
OTU_1011,OTU_1011,Bacteria,Bacteroidota,Bacteroidia,Cytophagales,Microscillaceae,NA,NA
OTU_1012,OTU_1012,Bacteria,Bacteroidota,Bacteroidia,Cytophagales,Microscillaceae,Chryseolinea,NA
OTU_1013,OTU_1013,Bacteria,Chloroflexota,Gitt-GS-136,NA,NA,NA,NA
OTU_1014,OTU_1014,Bacteria,Pseudomonadota,Gammaproteobacteria,Burkholderiales,Nitrosomonadaceae,mle1-7,NA
OTU_1016,OTU_1016,Bacteria,Thermodesulfobacteriota,NA,NA,NA,NA,NA
OTU_1017,OTU_1017,Bacteria,Pseudomonadota,Gammaproteobacteria,Burkholderiales,SC-I-84,NA,NA
OTU_1018,OTU_1018,Bacteria,Acidobacteriota,Blastocatellia,Pyrinomonadales,Pyrinomonadaceae,Arenimicrobium,NA
OTU_1019,OTU_1019,Bacteria,Acidobacteriota,Vicinamibacteria,Vicinamibacterales,NA,NA,NA
OTU_1020,OTU_1020,Bacteria,Acidobacteriota,Vicinamibacteria,Vicinamibacterales,NA,NA,NA
OTU_1021,OTU_1021,Bacteria,Actinomycetota,Thermoleophilia,Gaiellales,Gaiellaceae,Gaiella,NA
OTU_1022,OTU_1022,Bacteria,Acidobacteriota,Subgroup 5,NA,NA,NA,NA
OTU_1023,OTU_1023,Bacteria,Acidobacteriota,Vicinamibacteria,Vicinamibacterales,NA,NA,NA
OTU_1024,OTU_1024,Bacteria,Actinomycetota,Thermoleophilia,Solirubrobacterales,67-14,NA,NA
OTU_1025,OTU_1025,Bacteria,Pseudomonadota,Gammaproteobacteria,Burkholderiales,SC-I-84,NA,NA
OTU_1026,OTU_1026,Bacteria,Actinomycetota,Actinobacteria,Mycobacteriales,Mycobacteriaceae,Mycobacterium,NA
OTU_1027,OTU_1027,Bacteria,Actinomycetota,Thermoleophilia,Solirubrobacterales,Solirubrobacteraceae,Solirubrobacter,NA
OTU_1028,OTU_1028,Bacteria,Actinomycetota,Acidimicrobiia,Acidimicrobiales,Acidimicrobiaceae,Acidiferrimicrobium,NA
OTU_1029,OTU_1029,Bacteria,Actinomycetota,MB-A2-108,NA,NA,NA,NA
OTU_1030,OTU_1030,Bacteria,Myxococcota,Polyangiia,Haliangiales,Haliangiaceae,NA,NA
OTU_1031,OTU_1031,Bacteria,Actinomycetota,Actinobacteria,Pseudonocardiales,Pseudonocardiaceae,Pseudonocardia,NA
OTU_1032,OTU_1032,Bacteria,Pseudomonadota,Gammaproteobacteria,Burkholderiales,Comamonadaceae,NA,NA
OTU_1033,OTU_1033,Bacteria,Actinomycetota,Actinobacteria,Pseudonocardiales,Pseudonocardiaceae,Actinophytocola,NA
OTU_1034,OTU_1034,Bacteria,Actinomycetota,Actinobacteria,Micrococcales,Intrasporangiaceae,NA,NA
OTU_1035,OTU_1035,Bacteria,Acidobacteriota,Vicinamibacteria,Vicinamibacterales,NA,NA,NA
OTU_1037,OTU_1037,Bacteria,Actinomycetota,Actinobacteria,Mycobacteriales,Mycobacteriaceae,Mycobacterium,NA
OTU_1038,OTU_1038,Bacteria,Actinomycetota,Actinobacteria,Micromonosporales,Micromonosporaceae,Virgisporangium,myanmarense
OTU_1039,OTU_1039,Bacteria,Pseudomonadota,Alphaproteobacteria,Caulobacterales,Caulobacteraceae,PMMR1,NA
OTU_1040,OTU_1040,Bacteria,Actinomycetota,Actinobacteria,Pseudonocardiales,Pseudonocardiaceae,Amycolatopsis,NA
OTU_1041,OTU_1041,Bacteria,Actinomycetota,Thermoleophilia,Solirubrobacterales,Solirubrobacteraceae,NA,NA
OTU_1042,OTU_1042,Bacteria,Actinomycetota,MB-A2-108,NA,NA,NA,NA
OTU_1043,OTU_1043,Bacteria,Planctomycetota,Planctomycetes,Isosphaerales,Isosphaeraceae,Singulisphaera,NA
OTU_1044,OTU_1044,Bacteria,Pseudomonadota,Alphaproteobacteria,Hyphomicrobiales,NA,NA,NA
OTU_1046,OTU_1046,Bacteria,Pseudomonadota,Alphaproteobacteria,Dongiales,Dongiaceae,Dongia,NA
OTU_1047,OTU_1047,Bacteria,Actinomycetota,Thermoleophilia,Gaiellales,NA,NA,NA
OTU_1051,OTU_1051,Bacteria,Pseudomonadota,Alphaproteobacteria,Micropepsales,Micropepsaceae,NA,NA
OTU_1053,OTU_1053,Bacteria,Pseudomonadota,Alphaproteobacteria,Hyphomicrobiales,Beijerinckiaceae,Enterovirga,NA
OTU_1054,OTU_1054,Bacteria,Actinomycetota,Actinobacteria,Micromonosporales,Micromonosporaceae,Dactylosporangium,NA
OTU_1055,OTU_1055,Bacteria,Actinomycetota,Thermoleophilia,Solirubrobacterales,67-14,NA,NA
OTU_1056,OTU_1056,Bacteria,Actinomycetota,Thermoleophilia,Solirubrobacterales,67-14,NA,NA
OTU_1057,OTU_1057,Bacteria,Acidobacteriota,Blastocatellia,Pyrinomonadales,Pyrinomonadaceae,NA,NA
OTU_1061,OTU_1061,Bacteria,Planctomycetota,Planctomycetes,NA,NA,NA,NA
OTU_1062,OTU_1062,Bacteria,Planctomycetota,Phycisphaerae,Tepidisphaerales,WD2101 soil group,NA,NA
OTU_1063,OTU_1063,Bacteria,Myxococcota,bacteriap25,NA,NA,NA,NA
OTU_1065,OTU_1065,Bacteria,Acidobacteriota,Blastocatellia,??.24,NA,NA,NA
OTU_1066,OTU_1066,Bacteria,Verrucomicrobiota,Verrucomicrobiia,Opitutales,Opitutaceae,Alterococcus,NA
OTU_1068,OTU_1068,Bacteria,Pseudomonadota,Alphaproteobacteria,Hyphomicrobiales,A0839,NA,NA
OTU_1069,OTU_1069,Bacteria,Actinomycetota,Actinobacteria,Propionibacteriales,Nocardioidaceae,Nocardioides,NA
OTU_1070,OTU_1070,Bacteria,Pseudomonadota,Gammaproteobacteria,Burkholderiales,Comamonadaceae,Leptothrix,NA
OTU_1071,OTU_1071,Bacteria,Actinomycetota,Actinobacteria,Frankiales,Sporichthyaceae,NA,NA
OTU_1072,OTU_1072,Bacteria,Pseudomonadota,Alphaproteobacteria,Hyphomicrobiales,Xanthobacteraceae,NA,NA
OTU_1073,OTU_1073,Bacteria,Acidobacteriota,Vicinamibacteria,Vicinamibacterales,NA,NA,NA
OTU_1074,OTU_1074,Bacteria,Actinomycetota,Acidimicrobiia,Acidimicrobiales,Acidimicrobiaceae,Acidiferrimicrobium,NA
OTU_1075,OTU_1075,Bacteria,Acidobacteriota,Holophagae,Subgroup 7,NA,NA,NA
OTU_1076,OTU_1076,Bacteria,Pseudomonadota,Gammaproteobacteria,Steroidobacterales,Steroidobacteraceae,Steroidobacter,NA
OTU_1077,OTU_1077,Bacteria,Planctomycetota,Planctomycetes,Pirellulales,Pirellulaceae,NA,NA
OTU_1078,OTU_1078,Bacteria,Acidobacteriota,Vicinamibacteria,Subgroup 17,NA,NA,NA
OTU_1079,OTU_1079,Bacteria,Pseudomonadota,Alphaproteobacteria,Elsterales,NA,NA,NA
OTU_1080,OTU_1080,Bacteria,Planctomycetota,Planctomycetes,Pirellulales,Pirellulaceae,NA,NA
OTU_1081,OTU_1081,Bacteria,Actinomycetota,Acidimicrobiia,Acidimicrobiales,Acidimicrobiaceae,NA,NA
OTU_1082,OTU_1082,Bacteria,Actinomycetota,Acidimicrobiia,Acidimicrobiales,Acidimicrobiaceae,Acidiferrimicrobium,NA
OTU_1083,OTU_1083,Bacteria,Acidobacteriota,Vicinamibacteria,Subgroup 17,NA,NA,NA
OTU_1084,OTU_1084,Bacteria,Planctomycetota,Phycisphaerae,Tepidisphaerales,WD2101 soil group,NA,NA
OTU_1085,OTU_1085,Bacteria,Acidobacteriota,Vicinamibacteria,Vicinamibacterales,NA,NA,NA
OTU_1089,OTU_1089,Bacteria,Chloroflexota,Chloroflexia,Kallotenuales,AKIW781,NA,NA
OTU_1090,OTU_1090,Bacteria,Actinomycetota,Actinobacteria,Frankiales,Frankiaceae,Jatrophihabitans,NA
OTU_1091,OTU_1091,Bacteria,Bacillota,Bacilli,Paenibacillales,Paenibacillaceae,Paenibacillus,NA
OTU_1093,OTU_1093,Bacteria,Pseudomonadota,Alphaproteobacteria,Hyphomicrobiales,NA,NA,NA
OTU_1094,OTU_1094,Bacteria,Planctomycetota,Planctomycetes,Gemmatales,Gemmataceae,Gemmata,NA
OTU_1095,OTU_1095,Bacteria,Verrucomicrobiota,Verrucomicrobiia,Opitutales,Opitutaceae,Opitutus,NA
OTU_1096,OTU_1096,Bacteria,Actinomycetota,Actinobacteria,NA,NA,NA,NA
OTU_1097,OTU_1097,Bacteria,Myxococcota,Polyangiia,Polyangiales,Sandaracinaceae,NA,NA
OTU_1098,OTU_1098,Bacteria,Planctomycetota,Planctomycetes,Isosphaerales,Isosphaeraceae,Tundrisphaera,NA
OTU_1099,OTU_1099,Bacteria,Actinomycetota,Thermoleophilia,Solirubrobacterales,Solirubrobacteraceae,Conexibacter,NA
OTU_1100,OTU_1100,Bacteria,Pseudomonadota,Alphaproteobacteria,Tistrellales,Geminicoccaceae,Geminicoccus,NA
OTU_1101,OTU_1101,Bacteria,Actinomycetota,Thermoleophilia,Solirubrobacterales,67-14,NA,NA
OTU_1102,OTU_1102,Bacteria,Chloroflexota,Chloroflexia,Thermomicrobiales,JG30-KF-CM45,NA,NA
OTU_1103,OTU_1103,Bacteria,Pseudomonadota,Alphaproteobacteria,Hyphomicrobiales,NA,NA,NA
OTU_1104,OTU_1104,Bacteria,Entotheonellaeota,Entotheonellia,Entotheonellales,Entotheonellaceae,Candidatus Entotheonella,NA
OTU_1105,OTU_1105,Bacteria,Actinomycetota,Thermoleophilia,Solirubrobacterales,67-14,NA,NA
OTU_1106,OTU_1106,Bacteria,Planctomycetota,Planctomycetes,Isosphaerales,Isosphaeraceae,NA,NA
OTU_1108,OTU_1108,Bacteria,Actinomycetota,Acidimicrobiia,Microtrichales,Iamiaceae,Aquihabitans,NA
OTU_1110,OTU_1110,Bacteria,Acidobacteriota,Vicinamibacteria,Vicinamibacterales,NA,NA,NA
OTU_1111,OTU_1111,Bacteria,Chloroflexota,TK10,NA,NA,NA,NA
OTU_1112,OTU_1112,Bacteria,Acidobacteriota,Thermoanaerobaculia,Thermoanaerobaculales,Thermoanaerobaculaceae,Subgroup 10,NA
OTU_1115,OTU_1115,Bacteria,Actinomycetota,MB-A2-108,NA,NA,NA,NA
OTU_1116,OTU_1116,Bacteria,Acidobacteriota,Blastocatellia,??.24,NA,NA,NA
OTU_1118,OTU_1118,Bacteria,Actinomycetota,Thermoleophilia,NA,NA,NA,NA
OTU_1119,OTU_1119,Bacteria,Pseudomonadota,Alphaproteobacteria,Tistrellales,Geminicoccaceae,NA,NA
OTU_1122,OTU_1122,Bacteria,Actinomycetota,Thermoleophilia,Solirubrobacterales,67-14,NA,NA
OTU_1125,OTU_1125,Bacteria,Actinomycetota,MB-A2-108,NA,NA,NA,NA
OTU_1128,OTU_1128,Bacteria,Planctomycetota,Phycisphaerae,Tepidisphaerales,WD2101 soil group,NA,NA
OTU_1129,OTU_1129,Bacteria,Verrucomicrobiota,Verrucomicrobiia,Pedosphaerales,Pedosphaeraceae,NA,NA
OTU_1130,OTU_1130,Bacteria,Planctomycetota,Planctomycetes,Pirellulales,Pirellulaceae,Pir4 lineage,NA
OTU_1131,OTU_1131,Bacteria,Bacillota,Bacilli,Paenibacillales,Paenibacillaceae,Paenibacillus,sepulcri
OTU_1133,OTU_1133,Bacteria,Acidobacteriota,Acidobacteriae,Terriglobales,NA,NA,NA
OTU_1134,OTU_1134,Bacteria,Planctomycetota,Planctomycetes,Pirellulales,Pirellulaceae,NA,NA
OTU_1135,OTU_1135,Bacteria,Pseudomonadota,Alphaproteobacteria,Hyphomicrobiales,Beijerinckiaceae,Psychroglaciecola,NA
OTU_1136,OTU_1136,Bacteria,Acidobacteriota,Vicinamibacteria,Vicinamibacterales,NA,NA,NA
OTU_1138,OTU_1138,Bacteria,Pseudomonadota,Gammaproteobacteria,Lysobacterales,Lysobacteraceae,Luteimonas,NA
OTU_1139,OTU_1139,Bacteria,Acidobacteriota,Vicinamibacteria,Vicinamibacterales,NA,NA,NA
OTU_1140,OTU_1140,Bacteria,Actinomycetota,MB-A2-108,NA,NA,NA,NA
OTU_1141,OTU_1141,Bacteria,Methylomirabilota,Methylomirabilia,Rokubacteriales,NA,NA,NA
OTU_1142,OTU_1142,Bacteria,Planctomycetota,Planctomycetes,Gemmatales,Gemmataceae,NA,NA
OTU_1143,OTU_1143,Bacteria,Planctomycetota,OM190,NA,NA,NA,NA
OTU_1144,OTU_1144,Bacteria,Actinomycetota,Actinobacteria,Propionibacteriales,Nocardioidaceae,Aeromicrobium,NA
OTU_1146,OTU_1146,Bacteria,Actinomycetota,Acidimicrobiia,Acidimicrobiales,Acidimicrobiaceae,Acidiferrimicrobium,NA
OTU_1147,OTU_1147,Bacteria,Pseudomonadota,Alphaproteobacteria,Caulobacterales,Caulobacteraceae,Caulobacter,NA
OTU_1148,OTU_1148,Bacteria,Acidobacteriota,Vicinamibacteria,Vicinamibacterales,NA,NA,NA
OTU_1150,OTU_1150,Bacteria,Verrucomicrobiota,Verrucomicrobiia,Chthoniobacterales,Chthoniobacteraceae,Candidatus Udaeobacter,NA
OTU_1151,OTU_1151,Bacteria,Chloroflexota,Anaerolineae,Caldilineales,Caldilineaceae,NA,NA
OTU_1152,OTU_1152,Bacteria,Pseudomonadota,Alphaproteobacteria,Acetobacterales,Acetobacteraceae,Caldovatus,NA
OTU_1154,OTU_1154,Bacteria,Pseudomonadota,Alphaproteobacteria,Hyphomicrobiales,Hyphomicrobiales Incertae Sedis,Bauldia,NA
OTU_1155,OTU_1155,Bacteria,Actinomycetota,Actinobacteria,Kitasatosporales,Streptomycetaceae,Streptomyces,turgidiscabies
OTU_1156,OTU_1156,Bacteria,Actinomycetota,Actinobacteria,Propionibacteriales,Nocardioidaceae,Actinopolymorpha,NA
OTU_1157,OTU_1157,Bacteria,Chloroflexota,TK10,NA,NA,NA,NA
OTU_1159,OTU_1159,Bacteria,Actinomycetota,Thermoleophilia,Gaiellales,NA,NA,NA
OTU_1162,OTU_1162,Bacteria,Bacteroidota,Bacteroidia,Cytophagales,Microscillaceae,NA,NA
OTU_1163,OTU_1163,Bacteria,Actinomycetota,Thermoleophilia,Gaiellales,NA,NA,NA
OTU_1164,OTU_1164,Bacteria,Acidobacteriota,Vicinamibacteria,Vicinamibacterales,Vicinamibacteraceae,NA,NA
OTU_1165,OTU_1165,Bacteria,Pseudomonadota,Alphaproteobacteria,Hyphomicrobiales,Hyphomicrobiaceae,Pedomicrobium,NA
OTU_1167,OTU_1167,Bacteria,Acidobacteriota,Blastocatellia,Blastocatellales,Blastocatellaceae,Blastocatella,NA
OTU_1168,OTU_1168,Bacteria,Actinomycetota,Actinobacteria,0319-7L14,NA,NA,NA
OTU_1169,OTU_1169,Bacteria,Acidobacteriota,Vicinamibacteria,Vicinamibacterales,NA,NA,NA
OTU_1170,OTU_1170,Bacteria,Gemmatimonadota,Gemmatimonadia,Gemmatimonadales,Gemmatimonadaceae,NA,NA
OTU_1171,OTU_1171,Bacteria,Acidobacteriota,Subgroup 18,NA,NA,NA,NA
OTU_1172,OTU_1172,Bacteria,Acidobacteriota,Blastocatellia,Blastocatellales,Blastocatellaceae,Stenotrophobacter,NA
OTU_1173,OTU_1173,Bacteria,Planctomycetota,Phycisphaerae,Tepidisphaerales,WD2101 soil group,NA,NA
OTU_1174,OTU_1174,Bacteria,Pseudomonadota,Alphaproteobacteria,Hyphomicrobiales,Hyphomicrobiaceae,Hyphomicrobium,NA
OTU_1175,OTU_1175,Bacteria,Planctomycetota,Planctomycetes,Pirellulales,Pirellulaceae,Pirellula,NA
OTU_1176,OTU_1176,Bacteria,Acidobacteriota,Blastocatellia,Pyrinomonadales,Pyrinomonadaceae,NA,NA
OTU_1177,OTU_1177,Bacteria,Bacteroidota,Bacteroidia,Chitinophagales,Chitinophagaceae,Chitinophaga,NA
OTU_1178,OTU_1178,Bacteria,Actinomycetota,Thermoleophilia,Solirubrobacterales,Solirubrobacteraceae,NA,NA
OTU_1179,OTU_1179,Bacteria,Pseudomonadota,Alphaproteobacteria,Sphingomonadales,Sphingomonadaceae,Novosphingobium,NA
OTU_1180,OTU_1180,Bacteria,Myxococcota,Polyangiia,Polyangiales,Sandaracinaceae,NA,NA
OTU_1181,OTU_1181,Bacteria,Actinomycetota,Thermoleophilia,Solirubrobacterales,Solirubrobacteraceae,Solirubrobacter,NA
OTU_1182,OTU_1182,Bacteria,Actinomycetota,Actinobacteria,Streptosporangiales,Thermomonosporaceae,Actinomadura,NA
OTU_1185,OTU_1185,Bacteria,Acidobacteriota,Thermoanaerobaculia,Thermoanaerobaculales,Thermoanaerobaculaceae,Subgroup 10,NA
OTU_1187,OTU_1187,Bacteria,Actinomycetota,Actinobacteria,Propionibacteriales,Nocardioidaceae,Nocardioides,NA
OTU_1188,OTU_1188,Bacteria,Actinomycetota,Actinobacteria,Kitasatosporales,Streptomycetaceae,Streptomyces,NA
OTU_1189,OTU_1189,Bacteria,Actinomycetota,Actinobacteria,Propionibacteriales,Nocardioidaceae,Nocardioides,NA
OTU_1191,OTU_1191,Bacteria,Actinomycetota,Acidimicrobiia,Microtrichales,Iamiaceae,Iamia,NA
OTU_1192,OTU_1192,Bacteria,Acidobacteriota,Vicinamibacteria,Vicinamibacterales,NA,NA,NA
OTU_1193,OTU_1193,Bacteria,Myxococcota,Polyangiia,Haliangiales,Haliangiaceae,NA,NA
OTU_1194,OTU_1194,Bacteria,Acidobacteriota,Acidobacteriae,Bryobacterales,Bryobacteraceae,Bryobacter,NA
OTU_1195,OTU_1195,Bacteria,Myxococcota,Polyangiia,Polyangiales,Polyangiaceae,NA,NA
OTU_1196,OTU_1196,Bacteria,Pseudomonadota,Alphaproteobacteria,Elsterales,NA,NA,NA
OTU_1197,OTU_1197,Bacteria,Latescibacterota,NA,NA,NA,NA,NA
OTU_1198,OTU_1198,Bacteria,Myxococcota,Polyangiia,Polyangiales,Polyangiaceae,Pajaroellobacter,NA
OTU_1199,OTU_1199,Bacteria,Chloroflexota,Chloroflexia,Thermomicrobiales,AKYG1722,NA,NA
OTU_1200,OTU_1200,Bacteria,Actinomycetota,Thermoleophilia,NA,NA,NA,NA
OTU_1201,OTU_1201,Bacteria,Planctomycetota,Planctomycetes,Isosphaerales,Isosphaeraceae,Singulisphaera,NA
OTU_1202,OTU_1202,Bacteria,Pseudomonadota,Alphaproteobacteria,Hyphomicrobiales,NA,NA,NA
OTU_1203,OTU_1203,Bacteria,Gemmatimonadota,Gemmatimonadia,Gemmatimonadales,Gemmatimonadaceae,Gemmatimonas,NA
OTU_1207,OTU_1207,Bacteria,Pseudomonadota,Alphaproteobacteria,Hyphomicrobiales,Hyphomicrobiaceae,Hyphomicrobium,NA
OTU_1208,OTU_1208,Bacteria,Actinomycetota,Rubrobacteria,Rubrobacterales,Rubrobacteriaceae,Rubrobacter,NA
OTU_1209,OTU_1209,Bacteria,Planctomycetota,Planctomycetes,Pirellulales,Pirellulaceae,Pirellula,NA
OTU_1210,OTU_1210,Bacteria,Acidobacteriota,Vicinamibacteria,Vicinamibacterales,Vicinamibacteraceae,NA,NA
OTU_1211,OTU_1211,Bacteria,Entotheonellaeota,Entotheonellia,Entotheonellales,Entotheonellaceae,NA,NA
OTU_1212,OTU_1212,Bacteria,Pseudomonadota,Alphaproteobacteria,Hyphomicrobiales,Amb-16S-1323,NA,NA
OTU_1213,OTU_1213,Bacteria,Chloroflexota,P2-11E,NA,NA,NA,NA
OTU_1214,OTU_1214,Bacteria,Chloroflexota,Chloroflexia,Chloroflexales,Roseiflexaceae,NA,NA
OTU_1217,OTU_1217,Bacteria,Chloroflexota,Chloroflexia,Thermomicrobiales,JG30-KF-CM45,NA,NA
OTU_1219,OTU_1219,Bacteria,Chloroflexota,KD4-96,NA,NA,NA,NA
OTU_1220,OTU_1220,Bacteria,Acidobacteriota,Vicinamibacteria,Vicinamibacterales,NA,NA,NA
OTU_1221,OTU_1221,Bacteria,Bacillota,Bacilli,Paenibacillales,Paenibacillaceae,Paenibacillus,NA
OTU_1222,OTU_1222,Bacteria,Acidobacteriota,Vicinamibacteria,Vicinamibacterales,Vicinamibacteraceae,NA,NA
OTU_1223,OTU_1223,Bacteria,Bacillota,Bacilli,Bacillales,Bacillaceae,Oceanobacillus,NA
OTU_1224,OTU_1224,Bacteria,Pseudomonadota,Gammaproteobacteria,Burkholderiales,Nitrosomonadaceae,Ellin6067,NA
OTU_1225,OTU_1225,Bacteria,Chloroflexota,Chloroflexia,Thermomicrobiales,JG30-KF-CM45,NA,NA
OTU_1226,OTU_1226,Bacteria,Actinomycetota,Actinobacteria,Kitasatosporales,Streptomycetaceae,Streptomyces,NA
OTU_1227,OTU_1227,Bacteria,Myxococcota,Polyangiia,Haliangiales,Haliangiaceae,NA,NA
OTU_1228,OTU_1228,Bacteria,Actinomycetota,Actinobacteria,Pseudonocardiales,Pseudonocardiaceae,Actinophytocola,NA
OTU_1229,OTU_1229,Bacteria,Acidobacteriota,Vicinamibacteria,Vicinamibacterales,NA,NA,NA
OTU_1230,OTU_1230,Bacteria,Acidobacteriota,Vicinamibacteria,Vicinamibacterales,Vicinamibacteraceae,NA,NA
OTU_1232,OTU_1232,Bacteria,Actinomycetota,Thermoleophilia,Solirubrobacterales,Solirubrobacteraceae,Solirubrobacter,NA
OTU_1235,OTU_1235,Bacteria,Pseudomonadota,Gammaproteobacteria,Lysobacterales,Lysobacteraceae,Lysobacter,NA
OTU_1236,OTU_1236,Bacteria,Planctomycetota,Planctomycetes,Pirellulales,Pirellulaceae,Pirellula,NA
OTU_1237,OTU_1237,Bacteria,Actinomycetota,Thermoleophilia,Solirubrobacterales,67-14,NA,NA
OTU_1238,OTU_1238,Bacteria,NA,NA,NA,NA,NA,NA
OTU_1239,OTU_1239,Bacteria,Planctomycetota,Phycisphaerae,Tepidisphaerales,WD2101 soil group,NA,NA
OTU_1242,OTU_1242,Bacteria,Acidobacteriota,Vicinamibacteria,Vicinamibacterales,NA,NA,NA
OTU_1243,OTU_1243,Bacteria,Verrucomicrobiota,Verrucomicrobiia,Opitutales,Opitutaceae,Opitutus,NA
OTU_1244,OTU_1244,Bacteria,Actinomycetota,Actinobacteria,Frankiales,Frankiaceae,Jatrophihabitans,NA
OTU_1245,OTU_1245,Bacteria,Verrucomicrobiota,Verrucomicrobiia,Chthoniobacterales,Chthoniobacteraceae,Candidatus Udaeobacter,NA
OTU_1246,OTU_1246,Bacteria,Actinomycetota,NA,NA,NA,NA,NA
OTU_1248,OTU_1248,Bacteria,Actinomycetota,Actinobacteria,Mycobacteriales,Mycobacteriaceae,Mycobacterium,NA
OTU_1250,OTU_1250,Bacteria,Acidobacteriota,Vicinamibacteria,Vicinamibacterales,NA,NA,NA
OTU_1252,OTU_1252,Bacteria,Actinomycetota,Acidimicrobiia,Microtrichales,Ilumatobacteraceae,CL500-29 marine group,NA
OTU_1254,OTU_1254,Bacteria,Actinomycetota,Actinobacteria,Propionibacteriales,Propionibacteriaceae,Microlunatus,NA
OTU_1255,OTU_1255,Bacteria,Actinomycetota,Actinobacteria,Frankiales,Nakamurellaceae,Nakamurella,NA
OTU_1257,OTU_1257,Bacteria,Acidobacteriota,Blastocatellia,Pyrinomonadales,Pyrinomonadaceae,NA,NA
OTU_1258,OTU_1258,Bacteria,Myxococcota,Myxococcia,Myxococcales,Myxococcaceae,Myxococcus,NA
OTU_1260,OTU_1260,Bacteria,Planctomycetota,Planctomycetes,Pirellulales,Pirellulaceae,NA,NA
OTU_1261,OTU_1261,Bacteria,Actinomycetota,Actinobacteria,Propionibacteriales,Nocardioidaceae,Kribbella,NA
OTU_1262,OTU_1262,Bacteria,Chloroflexota,Anaerolineae,Ardenticatenales,NA,NA,NA
OTU_1265,OTU_1265,Bacteria,Actinomycetota,Actinobacteria,Micromonosporales,Micromonosporaceae,NA,NA
OTU_1269,OTU_1269,Bacteria,Methylomirabilota,Methylomirabilia,Rokubacteriales,NA,NA,NA
OTU_1270,OTU_1270,Bacteria,Acidobacteriota,Blastocatellia,Blastocatellales,Blastocatellaceae,Aridibacter,NA
OTU_1271,OTU_1271,Bacteria,Actinomycetota,Acidimicrobiia,Microtrichales,NA,NA,NA
OTU_1272,OTU_1272,Bacteria,Chloroflexota,JG30-KF-CM66,NA,NA,NA,NA
OTU_1274,OTU_1274,Bacteria,Planctomycetota,Planctomycetes,Pirellulales,Pirellulaceae,Pir4 lineage,NA
OTU_1275,OTU_1275,Bacteria,Actinomycetota,Thermoleophilia,Solirubrobacterales,67-14,NA,NA
OTU_1276,OTU_1276,Bacteria,Actinomycetota,Actinobacteria,Micromonosporales,Micromonosporaceae,Micromonospora,coriariae
OTU_1277,OTU_1277,Bacteria,Myxococcota,Polyangiia,Polyangiales,Sandaracinaceae,NA,NA
OTU_1279,OTU_1279,Bacteria,Actinomycetota,Thermoleophilia,Solirubrobacterales,Solirubrobacteraceae,NA,NA
OTU_1280,OTU_1280,Bacteria,Planctomycetota,Planctomycetes,Gemmatales,Gemmataceae,Gemmata,NA
OTU_1282,OTU_1282,Bacteria,Actinomycetota,Acidimicrobiia,Acidimicrobiales,Acidimicrobiaceae,NA,NA
OTU_1283,OTU_1283,Bacteria,Planctomycetota,Phycisphaerae,Tepidisphaerales,WD2101 soil group,NA,NA
OTU_1285,OTU_1285,Bacteria,Verrucomicrobiota,Verrucomicrobiia,Chthoniobacterales,Chthoniobacteraceae,Candidatus Udaeobacter,NA
OTU_1286,OTU_1286,Bacteria,Pseudomonadota,Gammaproteobacteria,Lysobacterales,Rhodanobacteraceae,NA,NA
OTU_1288,OTU_1288,Bacteria,Planctomycetota,Phycisphaerae,Tepidisphaerales,WD2101 soil group,NA,NA
OTU_1289,OTU_1289,Bacteria,Bacteroidota,Bacteroidia,Chitinophagales,Chitinophagaceae,Terrimonas,NA
OTU_1290,OTU_1290,Bacteria,Myxococcota,Polyangiia,Haliangiales,Haliangiaceae,NA,NA
OTU_1291,OTU_1291,Bacteria,Chloroflexota,KD4-96,NA,NA,NA,NA
OTU_1293,OTU_1293,Bacteria,Bacillota,Bacilli,Bacillales,Bacillaceae,Niallia,NA
OTU_1295,OTU_1295,Bacteria,Gemmatimonadota,Gemmatimonadia,Gemmatimonadales,Gemmatimonadaceae,NA,NA
OTU_1296,OTU_1296,Bacteria,Actinomycetota,Actinobacteria,Pseudonocardiales,Pseudonocardiaceae,Pseudonocardia,NA
OTU_1300,OTU_1300,Bacteria,Acidobacteriota,Blastocatellia,Pyrinomonadales,Pyrinomonadaceae,Arenimicrobium,NA
OTU_1301,OTU_1301,Bacteria,Planctomycetota,Phycisphaerae,Tepidisphaerales,WD2101 soil group,NA,NA
OTU_1302,OTU_1302,Bacteria,Pseudomonadota,Gammaproteobacteria,Burkholderiales,Comamonadaceae,Variovorax,NA
OTU_1304,OTU_1304,Bacteria,Myxococcota,bacteriap25,NA,NA,NA,NA
OTU_1305,OTU_1305,Bacteria,Acidobacteriota,Acidobacteriae,Terriglobales,Acidobacteriaceae (Subgroup 1),Granulicella,NA
OTU_1307,OTU_1307,Bacteria,Acidobacteriota,Vicinamibacteria,Vicinamibacterales,NA,NA,NA
OTU_1309,OTU_1309,Bacteria,Bacteroidota,Bacteroidia,Chitinophagales,Chitinophagaceae,Parafilimonas,NA
OTU_1313,OTU_1313,Bacteria,Actinomycetota,Thermoleophilia,Solirubrobacterales,67-14,NA,NA
OTU_1314,OTU_1314,Bacteria,Pseudomonadota,Alphaproteobacteria,Hyphomicrobiales,Xanthobacteraceae,Rhodoplanes,NA
OTU_1315,OTU_1315,Bacteria,Pseudomonadota,Alphaproteobacteria,Hyphomicrobiales,Beijerinckiaceae,Microvirga,NA
OTU_1316,OTU_1316,Bacteria,Actinomycetota,Thermoleophilia,Solirubrobacterales,67-14,NA,NA
OTU_1317,OTU_1317,Bacteria,Planctomycetota,Phycisphaerae,Tepidisphaerales,WD2101 soil group,NA,NA
OTU_1318,OTU_1318,Bacteria,Chloroflexota,Dehalococcoidia,S085,NA,NA,NA
OTU_1319,OTU_1319,Bacteria,Acidobacteriota,Holophagae,Subgroup 7,NA,NA,NA
OTU_1320,OTU_1320,Bacteria,Bacteroidota,Bacteroidia,Chitinophagales,Chitinophagaceae,Terrimonas,NA
OTU_1321,OTU_1321,Bacteria,Actinomycetota,Actinobacteria,Streptosporangiales,Thermomonosporaceae,Actinomadura,NA
OTU_1322,OTU_1322,Bacteria,Acidobacteriota,Holophagae,Subgroup 7,NA,NA,NA
OTU_1323,OTU_1323,Bacteria,Bacteroidota,Bacteroidia,Chitinophagales,Chitinophagaceae,Niastella,NA
OTU_1324,OTU_1324,Bacteria,Bacteroidota,Bacteroidia,Chitinophagales,Chitinophagaceae,Flavisolibacter,NA
OTU_1326,OTU_1326,Bacteria,Chloroflexota,JG30-KF-CM66,NA,NA,NA,NA
OTU_1327,OTU_1327,Bacteria,Acidobacteriota,Vicinamibacteria,Vicinamibacterales,Vicinamibacteraceae,NA,NA
OTU_1328,OTU_1328,Bacteria,Actinomycetota,Thermoleophilia,Solirubrobacterales,67-14,NA,NA
OTU_1329,OTU_1329,Bacteria,Verrucomicrobiota,Verrucomicrobiia,Chthoniobacterales,Chthoniobacteraceae,Chthoniobacter,NA
OTU_1330,OTU_1330,Bacteria,Planctomycetota,Phycisphaerae,Tepidisphaerales,WD2101 soil group,NA,NA
OTU_1334,OTU_1334,Bacteria,Acidobacteriota,Thermoanaerobaculia,Thermoanaerobaculales,Thermoanaerobaculaceae,Subgroup 10,NA
OTU_1335,OTU_1335,Bacteria,Planctomycetota,Planctomycetes,Pirellulales,Pirellulaceae,Pir4 lineage,NA
OTU_1336,OTU_1336,Bacteria,Gemmatimonadota,Gemmatimonadia,Gemmatimonadales,Gemmatimonadaceae,NA,NA
OTU_1337,OTU_1337,Bacteria,Acidobacteriota,Acidobacteriae,Terriglobales,Acidobacteriaceae (Subgroup 1),Terracidiphilus,NA
OTU_1339,OTU_1339,Bacteria,GAL15,NA,NA,NA,NA,NA
OTU_1340,OTU_1340,Bacteria,Actinomycetota,MB-A2-108,NA,NA,NA,NA
OTU_1341,OTU_1341,Bacteria,Pseudomonadota,Alphaproteobacteria,Hyphomicrobiales,Xanthobacteraceae,NA,NA
OTU_1342,OTU_1342,Bacteria,Pseudomonadota,Gammaproteobacteria,Pseudomonadales,Pseudomonadaceae,Pseudomonas,NA
OTU_1343,OTU_1343,Bacteria,Myxococcota,bacteriap25,NA,NA,NA,NA
OTU_1344,OTU_1344,Bacteria,Actinomycetota,Actinobacteria,Mycobacteriales,Mycobacteriaceae,Mycobacterium,NA
OTU_1345,OTU_1345,Bacteria,Actinomycetota,MB-A2-108,NA,NA,NA,NA
OTU_1346,OTU_1346,Bacteria,Acidobacteriota,Blastocatellia,Pyrinomonadales,Pyrinomonadaceae,Arenimicrobium,NA
OTU_1347,OTU_1347,Bacteria,Actinomycetota,Actinobacteria,Kitasatosporales,Streptomycetaceae,Streptomyces,NA
OTU_1349,OTU_1349,Bacteria,Acidobacteriota,Blastocatellia,Pyrinomonadales,Pyrinomonadaceae,NA,NA
OTU_1350,OTU_1350,Bacteria,Pseudomonadota,Alphaproteobacteria,Elsterales,NA,NA,NA
OTU_1351,OTU_1351,Bacteria,Actinomycetota,Actinobacteria,Glycomycetales,Glycomycetaceae,Glycomyces,NA
OTU_1352,OTU_1352,Bacteria,Pseudomonadota,Alphaproteobacteria,Hyphomicrobiales,Hyphomicrobiales Incertae Sedis,Nordella,NA
OTU_1353,OTU_1353,Bacteria,Pseudomonadota,Alphaproteobacteria,Hyphomicrobiales,NA,NA,NA
OTU_1355,OTU_1355,Bacteria,Pseudomonadota,Gammaproteobacteria,Burkholderiales,Comamonadaceae,NA,NA
OTU_1356,OTU_1356,Bacteria,Pseudomonadota,Gammaproteobacteria,Burkholderiales,Comamonadaceae,Ramlibacter,NA
OTU_1357,OTU_1357,Bacteria,Planctomycetota,Phycisphaerae,Tepidisphaerales,WD2101 soil group,NA,NA
OTU_1358,OTU_1358,Bacteria,Pseudomonadota,Gammaproteobacteria,Lysobacterales,Rhodanobacteraceae,Luteibacter,jiangsuensis
OTU_1360,OTU_1360,Bacteria,Pseudomonadota,Alphaproteobacteria,Hyphomicrobiales,Devosiaceae,Devosia,NA
OTU_1361,OTU_1361,Bacteria,Bacteroidota,Bacteroidia,Chitinophagales,Chitinophagaceae,Niastella,NA
OTU_1362,OTU_1362,Bacteria,Myxococcota,Polyangiia,Haliangiales,Haliangiaceae,NA,NA
OTU_1366,OTU_1366,Bacteria,Pseudomonadota,Gammaproteobacteria,Burkholderiales,Oxalobacteraceae,Massilia,NA
OTU_1367,OTU_1367,Bacteria,Planctomycetota,Planctomycetes,Gemmatales,Gemmataceae,NA,NA
OTU_1368,OTU_1368,Bacteria,Bacillota,Bacilli,Bacillales,Planococcaceae,Solibacillus,NA
OTU_1370,OTU_1370,Bacteria,Acidobacteriota,Vicinamibacteria,Vicinamibacterales,NA,NA,NA
OTU_1371,OTU_1371,Bacteria,Pseudomonadota,Alphaproteobacteria,Acetobacterales,Acetobacteraceae,Caldovatus,NA
OTU_1374,OTU_1374,Bacteria,Planctomycetota,Planctomycetes,Pirellulales,Pirellulaceae,Mariniblastus,NA
OTU_1375,OTU_1375,Bacteria,Planctomycetota,Phycisphaerae,Tepidisphaerales,WD2101 soil group,NA,NA
OTU_1377,OTU_1377,Bacteria,Actinomycetota,Actinobacteria,Micromonosporales,Micromonosporaceae,NA,NA
OTU_1378,OTU_1378,Bacteria,Myxococcota,Polyangiia,Haliangiales,Haliangiaceae,NA,NA
OTU_1379,OTU_1379,Bacteria,Planctomycetota,Phycisphaerae,Tepidisphaerales,WD2101 soil group,NA,NA
OTU_1380,OTU_1380,Bacteria,Planctomycetota,Planctomycetes,Isosphaerales,Isosphaeraceae,Singulisphaera,NA
OTU_1381,OTU_1381,Bacteria,Pseudomonadota,Gammaproteobacteria,Burkholderiales,TRA3-20,NA,NA
OTU_1382,OTU_1382,Bacteria,Entotheonellaeota,Entotheonellia,Entotheonellales,Entotheonellaceae,NA,NA
OTU_1384,OTU_1384,Bacteria,Actinomycetota,MB-A2-108,NA,NA,NA,NA
OTU_1385,OTU_1385,Bacteria,Myxococcota,Polyangiia,Polyangiales,Polyangiaceae,Pajaroellobacter,NA
OTU_1387,OTU_1387,Bacteria,Planctomycetota,Phycisphaerae,Tepidisphaerales,WD2101 soil group,NA,NA
OTU_1392,OTU_1392,Bacteria,Actinomycetota,MB-A2-108,NA,NA,NA,NA
OTU_1394,OTU_1394,Bacteria,Acidobacteriota,Blastocatellia,Pyrinomonadales,Pyrinomonadaceae,NA,NA
OTU_1399,OTU_1399,Bacteria,Pseudomonadota,Gammaproteobacteria,Pseudomonadales,Pseudomonadaceae,Pseudomonas,NA
OTU_1400,OTU_1400,Bacteria,Acidobacteriota,Blastocatellia,??.24,NA,NA,NA
OTU_1401,OTU_1401,Bacteria,Actinomycetota,Actinobacteria,Mycobacteriales,Mycobacteriaceae,Mycobacterium,NA
OTU_1402,OTU_1402,Bacteria,Chloroflexota,KD4-96,NA,NA,NA,NA
OTU_1404,OTU_1404,Bacteria,Actinomycetota,Actinobacteria,Pseudonocardiales,Pseudonocardiaceae,Pseudonocardia,NA
OTU_1407,OTU_1407,Bacteria,Acidobacteriota,Vicinamibacteria,Vicinamibacterales,Vicinamibacteraceae,NA,NA
OTU_1408,OTU_1408,Bacteria,Planctomycetota,Planctomycetes,Gemmatales,Gemmataceae,Gemmata,NA
OTU_1409,OTU_1409,Bacteria,Acidobacteriota,Blastocatellia,Pyrinomonadales,Pyrinomonadaceae,Brevitalea,NA
OTU_1411,OTU_1411,Bacteria,Myxococcota,Polyangiia,Haliangiales,Haliangiaceae,NA,NA
OTU_1414,OTU_1414,Bacteria,Entotheonellaeota,Entotheonellia,Entotheonellales,Entotheonellaceae,Candidatus Entotheonella,NA
OTU_1415,OTU_1415,Bacteria,Gemmatimonadota,S0134 terrestrial group,NA,NA,NA,NA
OTU_1416,OTU_1416,Bacteria,Planctomycetota,Planctomycetes,Gemmatales,Gemmataceae,NA,NA
OTU_1417,OTU_1417,Bacteria,Acidobacteriota,Blastocatellia,Pyrinomonadales,Pyrinomonadaceae,NA,NA
OTU_1419,OTU_1419,Bacteria,Pseudomonadota,Gammaproteobacteria,Gammaproteobacteria Incertae Sedis,Unknown Family,Acidibacter,NA
OTU_1421,OTU_1421,Bacteria,Gemmatimonadota,Gemmatimonadia,Gemmatimonadales,Gemmatimonadaceae,NA,NA
OTU_1422,OTU_1422,Bacteria,Pseudomonadota,Gammaproteobacteria,Lysobacterales,Rhodanobacteraceae,Rhodanobacter,NA
OTU_1424,OTU_1424,Bacteria,Planctomycetota,Phycisphaerae,Tepidisphaerales,WD2101 soil group,NA,NA
OTU_1427,OTU_1427,Bacteria,Actinomycetota,Actinobacteria,Pseudonocardiales,Pseudonocardiaceae,Pseudonocardia,NA
OTU_1428,OTU_1428,Bacteria,Actinomycetota,Thermoleophilia,Solirubrobacterales,67-14,NA,NA
OTU_1429,OTU_1429,Bacteria,Bacteroidota,Bacteroidia,Chitinophagales,Chitinophagaceae,NA,NA
OTU_1431,OTU_1431,Bacteria,Chloroflexota,Gitt-GS-136,NA,NA,NA,NA
OTU_1432,OTU_1432,Bacteria,Planctomycetota,Planctomycetes,Gemmatales,Gemmataceae,NA,NA
OTU_1434,OTU_1434,Bacteria,Gemmatimonadota,Gemmatimonadia,Gemmatimonadales,Gemmatimonadaceae,NA,NA
OTU_1435,OTU_1435,Bacteria,Actinomycetota,Thermoleophilia,Gaiellales,NA,NA,NA
OTU_1438,OTU_1438,Bacteria,Pseudomonadota,Gammaproteobacteria,Lysobacterales,Lysobacteraceae,Lysobacter,NA
OTU_1439,OTU_1439,Bacteria,Actinomycetota,Thermoleophilia,Gaiellales,Gaiellaceae,Gaiella,NA
OTU_1440,OTU_1440,Bacteria,Actinomycetota,Thermoleophilia,NA,NA,NA,NA
OTU_1441,OTU_1441,Bacteria,Actinomycetota,Actinobacteria,Propionibacteriales,Nocardioidaceae,Nocardioides,NA
OTU_1442,OTU_1442,Bacteria,Acidobacteriota,Vicinamibacteria,Vicinamibacterales,NA,NA,NA
OTU_1443,OTU_1443,Bacteria,Chloroflexota,TK10,NA,NA,NA,NA
OTU_1444,OTU_1444,Bacteria,Actinomycetota,Actinobacteria,Pseudonocardiales,Pseudonocardiaceae,Pseudonocardia,NA
OTU_1445,OTU_1445,Bacteria,Pseudomonadota,Alphaproteobacteria,Hyphomicrobiales,Hyphomicrobiales Incertae Sedis,Bauldia,NA
OTU_1446,OTU_1446,Bacteria,Actinomycetota,Actinobacteria,Propionibacteriales,Propionibacteriaceae,Microlunatus,NA
OTU_1452,OTU_1452,Bacteria,Pseudomonadota,Gammaproteobacteria,Burkholderiales,Nitrosomonadaceae,mle1-7,NA
OTU_1453,OTU_1453,Bacteria,Verrucomicrobiota,Verrucomicrobiia,Opitutales,Opitutaceae,Opitutus,NA
OTU_1454,OTU_1454,Bacteria,Myxococcota,Polyangiia,Polyangiales,Polyangiaceae,Pajaroellobacter,NA
OTU_1455,OTU_1455,Bacteria,Pseudomonadota,Alphaproteobacteria,Caulobacterales,Hyphomonadaceae,SWB02,NA
OTU_1456,OTU_1456,Bacteria,Pseudomonadota,Alphaproteobacteria,Hyphomicrobiales,Devosiaceae,Devosia,NA
OTU_1457,OTU_1457,Bacteria,Bacteroidota,Bacteroidia,Chitinophagales,Chitinophagaceae,Segetibacter,NA
OTU_1460,OTU_1460,Bacteria,Acidobacteriota,Blastocatellia,Pyrinomonadales,Pyrinomonadaceae,Brevitalea,NA
OTU_1461,OTU_1461,Bacteria,Entotheonellaeota,Entotheonellia,Entotheonellales,Entotheonellaceae,NA,NA
OTU_1463,OTU_1463,Bacteria,Pseudomonadota,Alphaproteobacteria,Hyphomicrobiales,Rhizobiaceae,NA,NA
OTU_1465,OTU_1465,Bacteria,Planctomycetota,Planctomycetes,Isosphaerales,Isosphaeraceae,Tautonia,NA
OTU_1467,OTU_1467,Bacteria,Planctomycetota,OM190,NA,NA,NA,NA
OTU_1468,OTU_1468,Bacteria,Planctomycetota,Planctomycetes,Gemmatales,Gemmataceae,NA,NA
OTU_1471,OTU_1471,Bacteria,Actinomycetota,Actinobacteria,Frankiales,Geodermatophilaceae,Modestobacter,marinus
OTU_1472,OTU_1472,Bacteria,Pseudomonadota,Alphaproteobacteria,Hyphomicrobiales,Xanthobacteraceae,Rhodoplanes,NA
OTU_1473,OTU_1473,Bacteria,Actinomycetota,Actinobacteria,Pseudonocardiales,Pseudonocardiaceae,Pseudonocardia,NA
OTU_1475,OTU_1475,Bacteria,Actinomycetota,Thermoleophilia,Gaiellales,NA,NA,NA
OTU_1476,OTU_1476,Bacteria,Acidobacteriota,Vicinamibacteria,Vicinamibacterales,Vicinamibacteraceae,NA,NA
OTU_1478,OTU_1478,Bacteria,Bacillota,Clostridia,Peptostreptococcales-Tissierellales,Peptostreptococcaceae,Terrisporobacter,NA
OTU_1479,OTU_1479,Bacteria,Pseudomonadota,Alphaproteobacteria,Acetobacterales,Acetobacteraceae,Roseomonas,NA
OTU_1481,OTU_1481,Bacteria,Planctomycetota,OM190,NA,NA,NA,NA
OTU_1482,OTU_1482,Bacteria,Planctomycetota,Planctomycetes,Gemmatales,Gemmataceae,Gemmata,NA
OTU_1483,OTU_1483,Bacteria,Chloroflexota,Chloroflexia,Thermomicrobiales,JG30-KF-CM45,NA,NA
OTU_1487,OTU_1487,Bacteria,Chloroflexota,TK10,NA,NA,NA,NA
OTU_1488,OTU_1488,Bacteria,Planctomycetota,Planctomycetes,Pirellulales,Pirellulaceae,Pirellula,NA
OTU_1490,OTU_1490,Bacteria,Actinomycetota,Thermoleophilia,Gaiellales,Gaiellaceae,Gaiella,NA
OTU_1491,OTU_1491,Bacteria,Acidobacteriota,Vicinamibacteria,Vicinamibacterales,Vicinamibacteraceae,NA,NA
OTU_1492,OTU_1492,Bacteria,Actinomycetota,Actinobacteria,Frankiales,Geodermatophilaceae,Blastococcus,aggregatus
OTU_1493,OTU_1493,Bacteria,Actinomycetota,Acidimicrobiia,Acidimicrobiales,Acidimicrobiaceae,NA,NA
OTU_1494,OTU_1494,Bacteria,Verrucomicrobiota,Verrucomicrobiia,Chthoniobacterales,Chthoniobacteraceae,Candidatus Udaeobacter,NA
OTU_1496,OTU_1496,Bacteria,Pseudomonadota,Alphaproteobacteria,Hyphomicrobiales,Beijerinckiaceae,Psychroglaciecola,NA
OTU_1498,OTU_1498,Bacteria,Verrucomicrobiota,Verrucomicrobiia,Chthoniobacterales,Chthoniobacteraceae,Candidatus Udaeobacter,NA
OTU_1499,OTU_1499,Bacteria,Pseudomonadota,Gammaproteobacteria,Lysobacterales,Rhodanobacteraceae,NA,NA
OTU_1500,OTU_1500,Bacteria,Pseudomonadota,Alphaproteobacteria,Incertae Sedis,Incertae Sedis,Hypericibacter,NA
OTU_1501,OTU_1501,Bacteria,Actinomycetota,Thermoleophilia,Gaiellales,NA,NA,NA
OTU_1502,OTU_1502,Bacteria,Actinomycetota,Actinobacteria,Pseudonocardiales,Pseudonocardiaceae,Pseudonocardia,NA
OTU_1503,OTU_1503,Bacteria,Pseudomonadota,Alphaproteobacteria,Dongiales,Dongiaceae,Dongia,NA
OTU_1504,OTU_1504,Bacteria,Myxococcota,Polyangiia,Haliangiales,Haliangiaceae,NA,NA
OTU_1505,OTU_1505,Bacteria,Verrucomicrobiota,Verrucomicrobiia,Verrucomicrobiales,Verrucomicrobiaceae,Roseimicrobium,NA
OTU_1506,OTU_1506,Bacteria,Myxococcota,Polyangiia,Polyangiales,BIrii41,NA,NA
OTU_1507,OTU_1507,Bacteria,Chloroflexota,Chloroflexia,Thermomicrobiales,JG30-KF-CM45,NA,NA
OTU_1508,OTU_1508,Bacteria,Acidobacteriota,Vicinamibacteria,Vicinamibacterales,NA,NA,NA
OTU_1509,OTU_1509,Bacteria,Pseudomonadota,Alphaproteobacteria,Acetobacterales,Acetobacteraceae,Dankookia,NA
OTU_1510,OTU_1510,Bacteria,Actinomycetota,Actinobacteria,Micromonosporales,Micromonosporaceae,Dactylosporangium,NA
OTU_1511,OTU_1511,Bacteria,Acidobacteriota,Blastocatellia,Pyrinomonadales,Pyrinomonadaceae,NA,NA
OTU_1512,OTU_1512,Bacteria,Verrucomicrobiota,Verrucomicrobiia,Pedosphaerales,Pedosphaeraceae,NA,NA
OTU_1514,OTU_1514,Bacteria,Actinomycetota,Actinobacteria,Propionibacteriales,Nocardioidaceae,Marmoricola,NA
OTU_1515,OTU_1515,Bacteria,Bdellovibrionota,Bdellovibrionia,Bdellovibrionales,Pseudobdellovibrionaceae,OM27 clade,NA
OTU_1516,OTU_1516,Bacteria,Pseudomonadota,Alphaproteobacteria,Hyphomicrobiales,Hyphomicrobiales Incertae Sedis,Bauldia,NA
OTU_1517,OTU_1517,Bacteria,Actinomycetota,Thermoleophilia,Gaiellales,Gaiellaceae,Gaiella,NA
OTU_1519,OTU_1519,Bacteria,Acidobacteriota,Vicinamibacteria,Vicinamibacterales,NA,NA,NA
OTU_1523,OTU_1523,Bacteria,Actinomycetota,Actinobacteria,Micromonosporales,Micromonosporaceae,Dactylosporangium,NA
OTU_1524,OTU_1524,Bacteria,Pseudomonadota,Gammaproteobacteria,Burkholderiales,Nitrosomonadaceae,MND1,NA
OTU_1525,OTU_1525,Bacteria,Planctomycetota,Planctomycetes,Planctomycetales,Rubinisphaeraceae,Planctomicrobium,NA
OTU_1526,OTU_1526,Bacteria,Chloroflexota,Chloroflexia,Chloroflexales,Roseiflexaceae,NA,NA
OTU_1528,OTU_1528,Bacteria,Planctomycetota,Planctomycetes,Pirellulales,Pirellulaceae,NA,NA
OTU_1533,OTU_1533,Bacteria,NA,NA,NA,NA,NA,NA
OTU_1534,OTU_1534,Bacteria,Chloroflexota,Chloroflexia,Chloroflexales,Roseiflexaceae,NA,NA
OTU_1538,OTU_1538,Bacteria,Pseudomonadota,Alphaproteobacteria,Acetobacterales,Acetobacteraceae,Caldovatus,NA
OTU_1540,OTU_1540,Bacteria,Actinomycetota,Actinobacteria,Micrococcales,Intrasporangiaceae,Knoellia,NA
OTU_1542,OTU_1542,Bacteria,Acidobacteriota,Acidobacteriae,Terriglobales,NA,NA,NA
OTU_1544,OTU_1544,Bacteria,Acidobacteriota,Vicinamibacteria,Vicinamibacterales,NA,NA,NA
OTU_1545,OTU_1545,Bacteria,Thermodesulfobacteriota,NA,NA,NA,NA,NA
OTU_1546,OTU_1546,Bacteria,Actinomycetota,Actinobacteria,Propionibacteriales,Nocardioidaceae,Nocardioides,NA
OTU_1547,OTU_1547,Bacteria,Acidobacteriota,Vicinamibacteria,Subgroup 17,NA,NA,NA
OTU_1550,OTU_1550,Bacteria,Myxococcota,Polyangiia,Haliangiales,Haliangiaceae,NA,NA
OTU_1553,OTU_1553,Bacteria,Bacillota,Bacilli,Paenibacillales,Paenibacillaceae,Paenibacillus,NA
OTU_1554,OTU_1554,Bacteria,Pseudomonadota,Alphaproteobacteria,Hyphomicrobiales,NA,NA,NA
OTU_1555,OTU_1555,Bacteria,Actinomycetota,Actinobacteria,Propionibacteriales,Nocardioidaceae,Nocardioides,NA
OTU_1556,OTU_1556,Bacteria,Acidobacteriota,Vicinamibacteria,Subgroup 17,NA,NA,NA
OTU_1558,OTU_1558,Bacteria,Actinomycetota,Thermoleophilia,Solirubrobacterales,67-14,NA,NA
OTU_1561,OTU_1561,Bacteria,Acidobacteriota,Acidobacteriae,Bryobacterales,Bryobacteraceae,Paludibaculum,NA
OTU_1562,OTU_1562,Bacteria,Actinomycetota,Actinobacteria,Propionibacteriales,Nocardioidaceae,Nocardioides,NA
OTU_1563,OTU_1563,Bacteria,Gemmatimonadota,Gemmatimonadia,Gemmatimonadales,Gemmatimonadaceae,NA,NA
OTU_1564,OTU_1564,Bacteria,Actinomycetota,Acidimicrobiia,Microtrichales,Iamiaceae,Iamia,NA
OTU_1565,OTU_1565,Bacteria,Pseudomonadota,Gammaproteobacteria,Burkholderiales,Nitrosomonadaceae,IS-44,NA
OTU_1566,OTU_1566,Bacteria,Planctomycetota,Planctomycetes,Pirellulales,Pirellulaceae,NA,NA
OTU_1569,OTU_1569,Bacteria,Acidobacteriota,Thermoanaerobaculia,Thermoanaerobaculales,Thermoanaerobaculaceae,Subgroup 10,NA
OTU_1570,OTU_1570,Bacteria,Planctomycetota,Phycisphaerae,Tepidisphaerales,WD2101 soil group,NA,NA
OTU_1572,OTU_1572,Bacteria,Planctomycetota,Planctomycetes,Gemmatales,Gemmataceae,NA,NA
OTU_1573,OTU_1573,Bacteria,Myxococcota,Polyangiia,Polyangiales,BIrii41,NA,NA
OTU_1575,OTU_1575,Bacteria,Bacteroidota,Bacteroidia,Chitinophagales,Chitinophagaceae,Segetibacter,NA
OTU_1576,OTU_1576,Bacteria,Chloroflexota,KD4-96,NA,NA,NA,NA
OTU_1577,OTU_1577,Bacteria,Pseudomonadota,Alphaproteobacteria,Hyphomicrobiales,Xanthobacteraceae,NA,NA
OTU_1579,OTU_1579,Bacteria,Verrucomicrobiota,Verrucomicrobiia,Chthoniobacterales,Chthoniobacteraceae,Candidatus Udaeobacter,NA
OTU_1580,OTU_1580,Bacteria,Chloroflexota,Ktedonobacteria,C0119,NA,NA,NA
OTU_1581,OTU_1581,Bacteria,Acidobacteriota,Vicinamibacteria,Vicinamibacterales,NA,NA,NA
OTU_1582,OTU_1582,Bacteria,Bacteroidota,Bacteroidia,Sphingobacteriales,AKYH767,NA,NA
OTU_1583,OTU_1583,Bacteria,Actinomycetota,Actinobacteria,Micromonosporales,Micromonosporaceae,Mangrovihabitans,NA
OTU_1586,OTU_1586,Bacteria,Acidobacteriota,Thermoanaerobaculia,Thermoanaerobaculales,Thermoanaerobaculaceae,Subgroup 10,NA
OTU_1587,OTU_1587,Bacteria,Actinomycetota,Acidimicrobiia,Microtrichales,Ilumatobacteraceae,NA,NA
OTU_1588,OTU_1588,Bacteria,Actinomycetota,MB-A2-108,NA,NA,NA,NA
OTU_1589,OTU_1589,Bacteria,Planctomycetota,Phycisphaerae,Tepidisphaerales,WD2101 soil group,NA,NA
OTU_1590,OTU_1590,Bacteria,Actinomycetota,Thermoleophilia,Solirubrobacterales,67-14,NA,NA
OTU_1591,OTU_1591,Bacteria,Planctomycetota,Phycisphaerae,Tepidisphaerales,WD2101 soil group,NA,NA
OTU_1592,OTU_1592,Bacteria,Acidobacteriota,Vicinamibacteria,Vicinamibacterales,NA,NA,NA
OTU_1593,OTU_1593,Bacteria,Acidobacteriota,Blastocatellia,??.24,NA,NA,NA
OTU_1594,OTU_1594,Bacteria,Actinomycetota,Thermoleophilia,Solirubrobacterales,67-14,NA,NA
OTU_1595,OTU_1595,Bacteria,Planctomycetota,Planctomycetes,Gemmatales,Gemmataceae,NA,NA
OTU_1596,OTU_1596,Bacteria,Pseudomonadota,Gammaproteobacteria,Lysobacterales,Lysobacteraceae,Lysobacter,NA
OTU_1597,OTU_1597,Bacteria,Actinomycetota,Actinobacteria,Micromonosporales,Micromonosporaceae,Rhizocola,NA
OTU_1599,OTU_1599,Bacteria,Myxococcota,Polyangiia,Polyangiales,Sandaracinaceae,NA,NA
OTU_1600,OTU_1600,Bacteria,Planctomycetota,Planctomycetes,Planctomycetales,Rubinisphaeraceae,SH-PL14,NA
OTU_1603,OTU_1603,Bacteria,Actinomycetota,Thermoleophilia,Solirubrobacterales,Solirubrobacteraceae,Solirubrobacter,NA
OTU_1604,OTU_1604,Bacteria,Actinomycetota,Actinobacteria,Frankiales,Acidothermaceae,Acidothermus,NA
OTU_1605,OTU_1605,Bacteria,Actinomycetota,Actinobacteria,Frankiales,Sporichthyaceae,NA,NA
OTU_1606,OTU_1606,Bacteria,Acidobacteriota,Vicinamibacteria,Vicinamibacterales,NA,NA,NA
OTU_1608,OTU_1608,Bacteria,Pseudomonadota,Alphaproteobacteria,Hyphomicrobiales,Xanthobacteraceae,NA,NA
OTU_1609,OTU_1609,Bacteria,Pseudomonadota,Gammaproteobacteria,Burkholderiales,B1-7BS,NA,NA
OTU_1611,OTU_1611,Bacteria,NA,NA,NA,NA,NA,NA
OTU_1613,OTU_1613,Bacteria,Pseudomonadota,Alphaproteobacteria,Hyphomicrobiales,Hyphomicrobiales Incertae Sedis,Nordella,NA
OTU_1615,OTU_1615,Bacteria,Planctomycetota,Planctomycetes,Gemmatales,Gemmataceae,Gemmata,NA
OTU_1617,OTU_1617,Bacteria,Planctomycetota,Planctomycetes,Pirellulales,Pirellulaceae,Pirellula,NA
OTU_1618,OTU_1618,Bacteria,Acidobacteriota,Vicinamibacteria,Vicinamibacterales,NA,NA,NA
OTU_1619,OTU_1619,Bacteria,Planctomycetota,Planctomycetes,Gemmatales,Gemmataceae,NA,NA
OTU_1620,OTU_1620,Bacteria,Bacteroidota,Bacteroidia,Flavobacteriales,Flavobacteriaceae,Flavobacterium,saccharophilum
OTU_1622,OTU_1622,Bacteria,Nitrospirota,Nitrospiria,Nitrospirales,Nitrospiraceae,Nitrospira,NA
OTU_1623,OTU_1623,Bacteria,Chloroflexota,Chloroflexia,Chloroflexales,Roseiflexaceae,NA,NA
OTU_1624,OTU_1624,Bacteria,Chloroflexota,Dehalococcoidia,S085,NA,NA,NA
OTU_1625,OTU_1625,Bacteria,Planctomycetota,Planctomycetes,Pirellulales,Pirellulaceae,Pirellula,NA
OTU_1628,OTU_1628,Bacteria,Actinomycetota,MB-A2-108,NA,NA,NA,NA
OTU_1629,OTU_1629,Bacteria,Actinomycetota,Thermoleophilia,Solirubrobacterales,Solirubrobacteraceae,NA,NA
OTU_1630,OTU_1630,Bacteria,Actinomycetota,Thermoleophilia,NA,NA,NA,NA
OTU_1631,OTU_1631,Bacteria,Chloroflexota,Chloroflexia,Thermomicrobiales,JG30-KF-CM45,NA,NA
OTU_1633,OTU_1633,Bacteria,Acidobacteriota,Acidobacteriae,Solibacterales,Solibacteraceae,Candidatus Solibacter,NA
OTU_1634,OTU_1634,Bacteria,Acidobacteriota,Vicinamibacteria,Vicinamibacterales,Vicinamibacteraceae,NA,NA
OTU_1636,OTU_1636,Bacteria,Chloroflexota,KD4-96,NA,NA,NA,NA
OTU_1641,OTU_1641,Bacteria,Actinomycetota,Thermoleophilia,Solirubrobacterales,67-14,NA,NA
OTU_1642,OTU_1642,Bacteria,Acidobacteriota,Blastocatellia,Pyrinomonadales,Pyrinomonadaceae,Brevitalea,NA
OTU_1643,OTU_1643,Bacteria,Pseudomonadota,Gammaproteobacteria,Burkholderiales,Comamonadaceae,Piscinibacter,NA
OTU_1644,OTU_1644,Bacteria,Acidobacteriota,Vicinamibacteria,Vicinamibacterales,NA,NA,NA
OTU_1645,OTU_1645,Bacteria,Actinomycetota,Thermoleophilia,Solirubrobacterales,67-14,NA,NA
OTU_1646,OTU_1646,Bacteria,Actinomycetota,Actinobacteria,Pseudonocardiales,Pseudonocardiaceae,Lentzea,NA
OTU_1647,OTU_1647,Bacteria,Pseudomonadota,Alphaproteobacteria,Hyphomicrobiales,NA,NA,NA
OTU_1651,OTU_1651,Bacteria,Pseudomonadota,Alphaproteobacteria,NA,NA,NA,NA
OTU_1652,OTU_1652,Bacteria,Pseudomonadota,Alphaproteobacteria,Caulobacterales,Caulobacteraceae,NA,NA
OTU_1653,OTU_1653,Bacteria,Actinomycetota,Actinobacteria,Propionibacteriales,Nocardioidaceae,Nocardioides,NA
OTU_1654,OTU_1654,Bacteria,Pseudomonadota,Gammaproteobacteria,Burkholderiales,Comamonadaceae,Rubrivivax,NA
OTU_1655,OTU_1655,Bacteria,Thermodesulfobacteriota,NA,NA,NA,NA,NA
OTU_1658,OTU_1658,Bacteria,Actinomycetota,Thermoleophilia,Solirubrobacterales,Solirubrobacteraceae,Solirubrobacter,NA
OTU_1659,OTU_1659,Bacteria,Pseudomonadota,Alphaproteobacteria,Sphingomonadales,Sphingomonadaceae,Altererythrobacter,NA
OTU_1661,OTU_1661,Bacteria,Actinomycetota,Actinobacteria,Micromonosporales,Micromonosporaceae,Allorhizocola,NA
OTU_1663,OTU_1663,Bacteria,Verrucomicrobiota,Verrucomicrobiia,Verrucomicrobiales,Rubritaleaceae,Luteolibacter,NA
OTU_1665,OTU_1665,Bacteria,Actinomycetota,Actinobacteria,Propionibacteriales,Nocardioidaceae,Tenggerimyces,NA
OTU_1666,OTU_1666,Bacteria,Planctomycetota,Planctomycetes,Pirellulales,Pirellulaceae,Pirellula,NA
OTU_1667,OTU_1667,Bacteria,MBNT15,NA,NA,NA,NA,NA
OTU_1669,OTU_1669,Bacteria,Planctomycetota,Planctomycetes,Gemmatales,Gemmataceae,NA,NA
OTU_1671,OTU_1671,Bacteria,Pseudomonadota,Alphaproteobacteria,Hyphomicrobiales,Beijerinckiaceae,Microvirga,NA
OTU_1672,OTU_1672,Bacteria,Actinomycetota,Acidimicrobiia,Microtrichales,NA,NA,NA
OTU_1673,OTU_1673,Bacteria,Gemmatimonadota,Gemmatimonadia,Gemmatimonadales,Gemmatimonadaceae,NA,NA
OTU_1675,OTU_1675,Bacteria,Actinomycetota,Acidimicrobiia,Acidimicrobiales,Acidimicrobiaceae,Acidiferrimicrobium,NA
OTU_1678,OTU_1678,Bacteria,Acidobacteriota,Vicinamibacteria,Vicinamibacterales,NA,NA,NA
OTU_1679,OTU_1679,Bacteria,Chloroflexota,Chloroflexia,Kallotenuales,AKIW781,NA,NA
OTU_1681,OTU_1681,Bacteria,Planctomycetota,Planctomycetes,Planctomycetales,Rubinisphaeraceae,SH-PL14,NA
OTU_1682,OTU_1682,Bacteria,Actinomycetota,Actinobacteria,Frankiales,Frankiaceae,Jatrophihabitans,NA
OTU_1683,OTU_1683,Bacteria,Pseudomonadota,Alphaproteobacteria,Hyphomicrobiales,Xanthobacteraceae,NA,NA
OTU_1685,OTU_1685,Bacteria,Pseudomonadota,Gammaproteobacteria,CCD24,NA,NA,NA
OTU_1686,OTU_1686,Bacteria,Actinomycetota,Actinobacteria,Pseudonocardiales,Pseudonocardiaceae,Actinophytocola,NA
OTU_1688,OTU_1688,Bacteria,Acidobacteriota,Vicinamibacteria,Subgroup 17,NA,NA,NA
OTU_1689,OTU_1689,Bacteria,Myxococcota,Polyangiia,Haliangiales,Haliangiaceae,NA,NA
OTU_1690,OTU_1690,Bacteria,Acidobacteriota,Vicinamibacteria,Vicinamibacterales,Vicinamibacteraceae,NA,NA
OTU_1691,OTU_1691,Bacteria,Acidobacteriota,Vicinamibacteria,Vicinamibacterales,Vicinamibacteraceae,NA,NA
OTU_1692,OTU_1692,Bacteria,Planctomycetota,Phycisphaerae,Tepidisphaerales,WD2101 soil group,NA,NA
OTU_1695,OTU_1695,Bacteria,Acidobacteriota,Subgroup 25,NA,NA,NA,NA
OTU_1697,OTU_1697,Bacteria,Actinomycetota,Actinobacteria,Frankiales,Frankiaceae,Jatrophihabitans,NA
OTU_1699,OTU_1699,Bacteria,Pseudomonadota,Alphaproteobacteria,Hyphomicrobiales,Beijerinckiaceae,Microvirga,NA
OTU_1701,OTU_1701,Bacteria,Verrucomicrobiota,Verrucomicrobiia,Chthoniobacterales,Chthoniobacteraceae,Candidatus Udaeobacter,NA
OTU_1703,OTU_1703,Bacteria,Planctomycetota,Planctomycetes,Gemmatales,Gemmataceae,NA,NA
OTU_1704,OTU_1704,Bacteria,Verrucomicrobiota,Verrucomicrobiia,Chthoniobacterales,Chthoniobacteraceae,Chthoniobacter,NA
OTU_1707,OTU_1707,Bacteria,Actinomycetota,Thermoleophilia,NA,NA,NA,NA
OTU_1709,OTU_1709,Bacteria,Acidobacteriota,Subgroup 5,NA,NA,NA,NA
OTU_1710,OTU_1710,Bacteria,Pseudomonadota,Gammaproteobacteria,Burkholderiales,Comamonadaceae,Ramlibacter,NA
OTU_1711,OTU_1711,Bacteria,Actinomycetota,Thermoleophilia,Solirubrobacterales,67-14,NA,NA
OTU_1712,OTU_1712,Bacteria,Chloroflexota,KD4-96,NA,NA,NA,NA
OTU_1713,OTU_1713,Bacteria,Planctomycetota,Planctomycetes,Gemmatales,Gemmataceae,NA,NA
OTU_1715,OTU_1715,Bacteria,Pseudomonadota,Alphaproteobacteria,Hyphomicrobiales,Beijerinckiaceae,Microvirga,NA
OTU_1720,OTU_1720,Bacteria,Actinomycetota,Actinobacteria,Pseudonocardiales,Pseudonocardiaceae,Actinophytocola,NA
OTU_1721,OTU_1721,Bacteria,Acidobacteriota,Vicinamibacteria,Vicinamibacterales,NA,NA,NA
OTU_1722,OTU_1722,Bacteria,Acidobacteriota,Vicinamibacteria,Vicinamibacterales,NA,NA,NA
OTU_1723,OTU_1723,Bacteria,Pseudomonadota,Gammaproteobacteria,R7C24,NA,NA,NA
OTU_1725,OTU_1725,Bacteria,Pseudomonadota,Alphaproteobacteria,Hyphomicrobiales,Beijerinckiaceae,Enterovirga,NA
OTU_1726,OTU_1726,Bacteria,Actinomycetota,Actinobacteria,Micromonosporales,Micromonosporaceae,Virgisporangium,ochraceum
OTU_1728,OTU_1728,Bacteria,Chloroflexota,TK10,NA,NA,NA,NA
OTU_1729,OTU_1729,Bacteria,Actinomycetota,Actinobacteria,Pseudonocardiales,Pseudonocardiaceae,Actinophytocola,NA
OTU_1730,OTU_1730,Bacteria,Actinomycetota,MB-A2-108,NA,NA,NA,NA
OTU_1731,OTU_1731,Bacteria,Pseudomonadota,Alphaproteobacteria,Sphingomonadales,Sphingomonadaceae,Sphingopyxis,NA
OTU_1732,OTU_1732,Bacteria,Actinomycetota,Thermoleophilia,Solirubrobacterales,Solirubrobacteraceae,NA,NA
OTU_1733,OTU_1733,Bacteria,Chloroflexota,KD4-96,NA,NA,NA,NA
OTU_1734,OTU_1734,Bacteria,Planctomycetota,Planctomycetes,Isosphaerales,Isosphaeraceae,Singulisphaera,NA
OTU_1736,OTU_1736,Bacteria,Pseudomonadota,Alphaproteobacteria,Hyphomicrobiales,Xanthobacteraceae,NA,NA
OTU_1738,OTU_1738,Bacteria,Entotheonellaeota,Entotheonellia,Entotheonellales,Entotheonellaceae,NA,NA
OTU_1739,OTU_1739,Bacteria,Actinomycetota,Thermoleophilia,Solirubrobacterales,Solirubrobacteraceae,Solirubrobacter,NA
OTU_1740,OTU_1740,Bacteria,Pseudomonadota,Gammaproteobacteria,Burkholderiales,Comamonadaceae,Rhizobacter,NA
OTU_1743,OTU_1743,Bacteria,Pseudomonadota,Gammaproteobacteria,Burkholderiales,SC-I-84,NA,NA
OTU_1749,OTU_1749,Bacteria,Actinomycetota,Actinobacteria,Micrococcales,Microbacteriaceae,NA,NA
OTU_1750,OTU_1750,Bacteria,Acidobacteriota,Blastocatellia,Pyrinomonadales,Pyrinomonadaceae,NA,NA
OTU_1751,OTU_1751,Bacteria,Bacillota,Bacilli,Paenibacillales,Paenibacillaceae,Paenibacillus,NA
OTU_1753,OTU_1753,Bacteria,Entotheonellaeota,Entotheonellia,Entotheonellales,Entotheonellaceae,Candidatus Entotheonella,NA
OTU_1755,OTU_1755,Bacteria,Actinomycetota,Actinobacteria,Propionibacteriales,Nocardioidaceae,Nocardioides,NA
OTU_1756,OTU_1756,Bacteria,Actinomycetota,Thermoleophilia,Solirubrobacterales,67-14,NA,NA
OTU_1757,OTU_1757,Bacteria,Acidobacteriota,Acidobacteriae,Terriglobales,NA,NA,NA
OTU_1758,OTU_1758,Bacteria,Actinomycetota,Actinobacteria,Mycobacteriales,Nocardiaceae,Nocardia,NA
OTU_1760,OTU_1760,Bacteria,Myxococcota,Myxococcia,Myxococcales,Myxococcaceae,NA,NA
OTU_1761,OTU_1761,Bacteria,Acidobacteriota,Vicinamibacteria,Vicinamibacterales,NA,NA,NA
OTU_1762,OTU_1762,Bacteria,Chloroflexota,Anaerolineae,Caldilineales,Caldilineaceae,NA,NA
OTU_1766,OTU_1766,Bacteria,Pseudomonadota,Alphaproteobacteria,Hyphomicrobiales,Hyphomicrobiales Incertae Sedis,Bauldia,NA
OTU_1767,OTU_1767,Bacteria,Acidobacteriota,Vicinamibacteria,Vicinamibacterales,Vicinamibacteraceae,NA,NA
OTU_1768,OTU_1768,Bacteria,Acidobacteriota,Blastocatellia,Pyrinomonadales,Pyrinomonadaceae,NA,NA
OTU_1769,OTU_1769,Bacteria,Actinomycetota,Thermoleophilia,Solirubrobacterales,67-14,NA,NA
OTU_1770,OTU_1770,Bacteria,Pseudomonadota,Alphaproteobacteria,Hyphomicrobiales,NA,NA,NA
OTU_1771,OTU_1771,Bacteria,Actinomycetota,Acidimicrobiia,Microtrichales,Ilumatobacteraceae,NA,NA
OTU_1773,OTU_1773,Bacteria,Actinomycetota,Acidimicrobiia,Acidimicrobiales,Acidimicrobiaceae,Acidiferrimicrobium,NA
OTU_1774,OTU_1774,Bacteria,Acidobacteriota,Vicinamibacteria,Vicinamibacterales,NA,NA,NA
OTU_1777,OTU_1777,Bacteria,Myxococcota,Polyangiia,Polyangiales,BIrii41,NA,NA
OTU_1781,OTU_1781,Bacteria,Acidobacteriota,Vicinamibacteria,Vicinamibacterales,Vicinamibacteraceae,NA,NA
OTU_1782,OTU_1782,Bacteria,Pseudomonadota,Alphaproteobacteria,Hyphomicrobiales,Beijerinckiaceae,NA,NA
OTU_1785,OTU_1785,Bacteria,Chloroflexota,AD3,NA,NA,NA,NA
OTU_1786,OTU_1786,Bacteria,Pseudomonadota,Alphaproteobacteria,Sphingomonadales,Sphingomonadaceae,Novosphingobium,NA
OTU_1787,OTU_1787,Bacteria,Acidobacteriota,Blastocatellia,Pyrinomonadales,Pyrinomonadaceae,NA,NA
OTU_1788,OTU_1788,Bacteria,Actinomycetota,Actinobacteria,NA,NA,NA,NA
OTU_1791,OTU_1791,Bacteria,Planctomycetota,Planctomycetes,Pirellulales,Pirellulaceae,Pir4 lineage,NA
OTU_1792,OTU_1792,Bacteria,Bdellovibrionota,Bdellovibrionia,Bdellovibrionales,Pseudobdellovibrionaceae,NA,NA
OTU_1796,OTU_1796,Bacteria,Chloroflexota,Anaerolineae,Ardenticatenales,NA,NA,NA
OTU_1797,OTU_1797,Bacteria,Planctomycetota,Phycisphaerae,Tepidisphaerales,WD2101 soil group,NA,NA
OTU_1798,OTU_1798,Bacteria,Actinomycetota,Actinobacteria,Frankiales,Geodermatophilaceae,Modestobacter,NA
OTU_1802,OTU_1802,Bacteria,Myxococcota,Polyangiia,Polyangiales,Polyangiaceae,Pajaroellobacter,NA
OTU_1803,OTU_1803,Bacteria,Gemmatimonadota,Gemmatimonadia,Gemmatimonadales,Gemmatimonadaceae,NA,NA
OTU_1806,OTU_1806,Bacteria,Verrucomicrobiota,Verrucomicrobiia,Pedosphaerales,Pedosphaeraceae,NA,NA
OTU_1807,OTU_1807,Bacteria,Pseudomonadota,Alphaproteobacteria,Hyphomicrobiales,Hyphomicrobiales Incertae Sedis,Bauldia,NA
OTU_1810,OTU_1810,Bacteria,Nitrospirota,Nitrospiria,Nitrospirales,Nitrospiraceae,Nitrospira,NA
OTU_1813,OTU_1813,Bacteria,Acidobacteriota,Acidobacteriae,Bryobacterales,Bryobacteraceae,Bryobacter,NA
OTU_1817,OTU_1817,Bacteria,Actinomycetota,Thermoleophilia,Solirubrobacterales,Solirubrobacteraceae,NA,NA
OTU_1818,OTU_1818,Bacteria,Planctomycetota,Planctomycetes,Pirellulales,Pirellulaceae,NA,NA
OTU_1821,OTU_1821,Bacteria,Acidobacteriota,Blastocatellia,Pyrinomonadales,Pyrinomonadaceae,Brevitalea,NA
OTU_1822,OTU_1822,Bacteria,Acidobacteriota,Vicinamibacteria,Vicinamibacterales,NA,NA,NA
OTU_1823,OTU_1823,Bacteria,Planctomycetota,Phycisphaerae,Tepidisphaerales,WD2101 soil group,NA,NA
OTU_1824,OTU_1824,Bacteria,Chloroflexota,JG30-KF-CM66,NA,NA,NA,NA
OTU_1825,OTU_1825,Bacteria,Planctomycetota,Phycisphaerae,Tepidisphaerales,WD2101 soil group,NA,NA
OTU_1827,OTU_1827,Bacteria,Actinomycetota,Actinobacteria,Mycobacteriales,Mycobacteriaceae,Mycobacterium,NA
OTU_1829,OTU_1829,Bacteria,Pseudomonadota,Gammaproteobacteria,Steroidobacterales,Woeseiaceae,JTB255 marine benthic group,NA
OTU_1830,OTU_1830,Bacteria,Pseudomonadota,Alphaproteobacteria,Hyphomicrobiales,Xanthobacteraceae,NA,NA
OTU_1831,OTU_1831,Bacteria,Bacillota,Bacilli,Bacillales,Bacillaceae,NA,NA
OTU_1833,OTU_1833,Bacteria,Myxococcota,Myxococcia,Myxococcales,Myxococcaceae,Cystobacter,fuscus
OTU_1835,OTU_1835,Bacteria,Actinomycetota,Acidimicrobiia,Acidimicrobiales,Acidimicrobiaceae,Acidiferrimicrobium,NA
OTU_1836,OTU_1836,Bacteria,Actinomycetota,Actinobacteria,Pseudonocardiales,Pseudonocardiaceae,Kibdelosporangium,NA
OTU_1837,OTU_1837,Bacteria,Acidobacteriota,Vicinamibacteria,Vicinamibacterales,NA,NA,NA
OTU_1839,OTU_1839,Bacteria,Planctomycetota,Planctomycetes,Planctomycetales,Rubinisphaeraceae,SH-PL14,NA
OTU_1840,OTU_1840,Bacteria,Pseudomonadota,Alphaproteobacteria,Sphingomonadales,Sphingomonadaceae,Sphingomonas,NA
OTU_1841,OTU_1841,Bacteria,Actinomycetota,Acidimicrobiia,Acidimicrobiales,Acidimicrobiaceae,Acidiferrimicrobium,NA
OTU_1843,OTU_1843,Bacteria,Acidobacteriota,Vicinamibacteria,Vicinamibacterales,Vicinamibacteraceae,Vicinamibacter,NA
OTU_1844,OTU_1844,Bacteria,Planctomycetota,Planctomycetes,Isosphaerales,Isosphaeraceae,Tautonia,NA
OTU_1845,OTU_1845,Bacteria,Chloroflexota,Gitt-GS-136,NA,NA,NA,NA
OTU_1847,OTU_1847,Bacteria,Pseudomonadota,Alphaproteobacteria,Hyphomicrobiales,Hyphomicrobiales Incertae Sedis,Nordella,NA
OTU_1849,OTU_1849,Bacteria,Bacteroidota,Bacteroidia,Cytophagales,Spirosomataceae,Dyadobacter,NA
OTU_1851,OTU_1851,Bacteria,Actinomycetota,Actinobacteria,Frankiales,Frankiaceae,Jatrophihabitans,NA
OTU_1852,OTU_1852,Bacteria,Actinomycetota,Thermoleophilia,Solirubrobacterales,67-14,NA,NA
OTU_1853,OTU_1853,Bacteria,Pseudomonadota,Alphaproteobacteria,Sphingomonadales,Sphingomonadaceae,Sphingoaurantiacus,NA
OTU_1854,OTU_1854,Bacteria,Actinomycetota,Thermoleophilia,Solirubrobacterales,67-14,NA,NA
OTU_1855,OTU_1855,Bacteria,Acidobacteriota,Vicinamibacteria,Vicinamibacterales,NA,NA,NA
OTU_1859,OTU_1859,Bacteria,Actinomycetota,Thermoleophilia,Solirubrobacterales,Solirubrobacteraceae,Solirubrobacter,NA
OTU_1861,OTU_1861,Bacteria,Acidobacteriota,Blastocatellia,Pyrinomonadales,Pyrinomonadaceae,RB41,NA
OTU_1863,OTU_1863,Bacteria,Verrucomicrobiota,Verrucomicrobiia,Pedosphaerales,Pedosphaeraceae,NA,NA
OTU_1866,OTU_1866,Bacteria,Bacteroidota,Bacteroidia,Chitinophagales,Chitinophagaceae,Chitinophaga,NA
OTU_1867,OTU_1867,Bacteria,Pseudomonadota,Gammaproteobacteria,Enterobacterales,Pseudoalteromonadaceae,Pseudoalteromonas,NA
OTU_1868,OTU_1868,Bacteria,Acidobacteriota,Vicinamibacteria,Vicinamibacterales,Vicinamibacteraceae,Vicinamibacter,NA
OTU_1869,OTU_1869,Bacteria,Actinomycetota,Thermoleophilia,Gaiellales,NA,NA,NA
OTU_1870,OTU_1870,Bacteria,Planctomycetota,Planctomycetes,Isosphaerales,Isosphaeraceae,Tundrisphaera,NA
OTU_1872,OTU_1872,Bacteria,Verrucomicrobiota,Verrucomicrobiia,Pedosphaerales,Pedosphaeraceae,NA,NA
OTU_1874,OTU_1874,Bacteria,Myxococcota,Polyangiia,Polyangiales,BIrii41,NA,NA
OTU_1876,OTU_1876,Bacteria,Bacteroidota,Bacteroidia,Chitinophagales,Chitinophagaceae,Flavitalea,NA
OTU_1877,OTU_1877,Bacteria,Planctomycetota,Planctomycetes,Pirellulales,Pirellulaceae,NA,NA
OTU_1878,OTU_1878,Bacteria,Actinomycetota,Thermoleophilia,Solirubrobacterales,67-14,NA,NA
OTU_1879,OTU_1879,Bacteria,Verrucomicrobiota,Verrucomicrobiia,Pedosphaerales,Pedosphaeraceae,NA,NA
OTU_1881,OTU_1881,Bacteria,Planctomycetota,Planctomycetes,Pirellulales,Pirellulaceae,Pirellula,NA
OTU_1882,OTU_1882,Bacteria,Actinomycetota,Thermoleophilia,Solirubrobacterales,67-14,NA,NA
OTU_1885,OTU_1885,Bacteria,Acidobacteriota,Acidobacteriae,Subgroup 2,NA,NA,NA
OTU_1889,OTU_1889,Bacteria,Acidobacteriota,Subgroup 25,NA,NA,NA,NA
OTU_1892,OTU_1892,Bacteria,Myxococcota,Myxococcia,Myxococcales,Myxococcaceae,Archangium,NA
OTU_1894,OTU_1894,Bacteria,Chloroflexota,Chloroflexia,Thermomicrobiales,JG30-KF-CM45,NA,NA
OTU_1895,OTU_1895,Bacteria,Planctomycetota,Planctomycetes,Gemmatales,Gemmataceae,Gemmata,NA
OTU_1896,OTU_1896,Bacteria,Actinomycetota,Thermoleophilia,Gaiellales,NA,NA,NA
OTU_1898,OTU_1898,Bacteria,Pseudomonadota,Alphaproteobacteria,Hyphomicrobiales,Xanthobacteraceae,NA,NA
OTU_1899,OTU_1899,Bacteria,Planctomycetota,Planctomycetes,Pirellulales,Pirellulaceae,NA,NA
OTU_1900,OTU_1900,Bacteria,Acidobacteriota,Vicinamibacteria,Vicinamibacterales,NA,NA,NA
OTU_1901,OTU_1901,Bacteria,Actinomycetota,Actinobacteria,Mycobacteriales,Mycobacteriaceae,Mycobacterium,NA
OTU_1903,OTU_1903,Bacteria,Bacillota,Bacilli,Bacillales,Planococcaceae,Lysinibacillus,NA
OTU_1905,OTU_1905,Bacteria,Actinomycetota,Actinobacteria,Streptosporangiales,Thermomonosporaceae,Actinoallomurus,NA
OTU_1906,OTU_1906,Bacteria,Actinomycetota,Actinobacteria,Mycobacteriales,Mycobacteriaceae,Mycobacterium,NA
OTU_1907,OTU_1907,Bacteria,Pseudomonadota,Gammaproteobacteria,Burkholderiales,TRA3-20,NA,NA
OTU_1908,OTU_1908,Bacteria,Acidobacteriota,Blastocatellia,Pyrinomonadales,Pyrinomonadaceae,RB41,NA
OTU_1909,OTU_1909,Bacteria,Acidobacteriota,Vicinamibacteria,Subgroup 17,NA,NA,NA
OTU_1910,OTU_1910,Bacteria,Actinomycetota,Acidimicrobiia,Microtrichales,NA,NA,NA
OTU_1911,OTU_1911,Bacteria,Pseudomonadota,Gammaproteobacteria,Gammaproteobacteria Incertae Sedis,Unknown Family,Acidibacter,NA
OTU_1912,OTU_1912,Bacteria,Actinomycetota,Thermoleophilia,Solirubrobacterales,Solirubrobacteraceae,Paraconexibacter,NA
OTU_1913,OTU_1913,Bacteria,Planctomycetota,Planctomycetes,Isosphaerales,Isosphaeraceae,NA,NA
OTU_1914,OTU_1914,Bacteria,Acidobacteriota,Acidobacteriae,Solibacterales,Solibacteraceae,Candidatus Solibacter,NA
OTU_1915,OTU_1915,Bacteria,Pseudomonadota,Alphaproteobacteria,Caulobacterales,Caulobacteraceae,Caulobacter,NA
OTU_1918,OTU_1918,Bacteria,Bacteroidota,Bacteroidia,Chitinophagales,Chitinophagaceae,Niastella,NA
OTU_1919,OTU_1919,Bacteria,Planctomycetota,Phycisphaerae,Tepidisphaerales,WD2101 soil group,NA,NA
OTU_1920,OTU_1920,Bacteria,Actinomycetota,Acidimicrobiia,Acidimicrobiales,Acidimicrobiaceae,NA,NA
OTU_1921,OTU_1921,Bacteria,Planctomycetota,OM190,NA,NA,NA,NA
OTU_1922,OTU_1922,Bacteria,Armatimonadota,Chthonomonadia,Chthonomonadales,Chthonomonadaceae,Chthonomonas,NA
OTU_1924,OTU_1924,Bacteria,NA,NA,NA,NA,NA,NA
OTU_1925,OTU_1925,Bacteria,Planctomycetota,Planctomycetes,Isosphaerales,Isosphaeraceae,Tautonia,NA
OTU_1926,OTU_1926,Bacteria,Planctomycetota,Phycisphaerae,Tepidisphaerales,WD2101 soil group,NA,NA
OTU_1927,OTU_1927,Bacteria,Actinomycetota,Actinobacteria,Frankiales,NA,NA,NA
OTU_1928,OTU_1928,Bacteria,Actinomycetota,Actinobacteria,Micrococcales,Cellulomonadaceae,Cellulomonas,NA
OTU_1930,OTU_1930,Bacteria,Chloroflexota,Anaerolineae,Anaerolineales,Anaerolineaceae,NA,NA
OTU_1932,OTU_1932,Bacteria,Bacteroidota,Bacteroidia,Sphingobacteriales,env.OPS 17,NA,NA
OTU_1933,OTU_1933,Bacteria,Actinomycetota,Actinobacteria,0319-7L14,NA,NA,NA
OTU_1934,OTU_1934,Bacteria,Acidobacteriota,Acidobacteriae,Solibacterales,Solibacteraceae,Candidatus Solibacter,NA
OTU_1936,OTU_1936,Bacteria,Actinomycetota,Acidimicrobiia,Microtrichales,NA,NA,NA
OTU_1938,OTU_1938,Bacteria,Bacteroidota,Bacteroidia,Chitinophagales,Chitinophagaceae,Puia,NA
OTU_1939,OTU_1939,Bacteria,Actinomycetota,Thermoleophilia,Solirubrobacterales,67-14,NA,NA
OTU_1940,OTU_1940,Bacteria,Pseudomonadota,Gammaproteobacteria,Burkholderiales,Comamonadaceae,Rhizobacter,NA
OTU_1941,OTU_1941,Bacteria,Planctomycetota,Phycisphaerae,Phycisphaerales,Phycisphaeraceae,AKYG587,NA
OTU_1942,OTU_1942,Bacteria,Verrucomicrobiota,Verrucomicrobiia,Pedosphaerales,Pedosphaeraceae,Ellin516,NA
OTU_1943,OTU_1943,Bacteria,Gemmatimonadota,Gemmatimonadia,Gemmatimonadales,Gemmatimonadaceae,NA,NA
OTU_1945,OTU_1945,Bacteria,Chloroflexota,Chloroflexia,Thermomicrobiales,JG30-KF-CM45,NA,NA
OTU_1946,OTU_1946,Bacteria,Actinomycetota,Actinobacteria,Pseudonocardiales,Pseudonocardiaceae,Actinophytocola,NA
OTU_1948,OTU_1948,Bacteria,Planctomycetota,Planctomycetes,Pirellulales,Pirellulaceae,NA,NA
OTU_1950,OTU_1950,Bacteria,Actinomycetota,Thermoleophilia,Solirubrobacterales,67-14,NA,NA
OTU_1952,OTU_1952,Bacteria,Verrucomicrobiota,Verrucomicrobiia,Verrucomicrobiales,Rubritaleaceae,Luteolibacter,NA
OTU_1953,OTU_1953,Bacteria,Actinomycetota,Thermoleophilia,Solirubrobacterales,Solirubrobacteraceae,Solirubrobacter,NA
OTU_1955,OTU_1955,Bacteria,Planctomycetota,Planctomycetes,Pirellulales,Pirellulaceae,NA,NA
OTU_1956,OTU_1956,Bacteria,Chloroflexota,Chloroflexia,Thermomicrobiales,JG30-KF-CM45,NA,NA
OTU_1959,OTU_1959,Bacteria,Pseudomonadota,Gammaproteobacteria,Steroidobacterales,Steroidobacteraceae,Steroidobacter,NA
OTU_1960,OTU_1960,Bacteria,Actinomycetota,Thermoleophilia,Solirubrobacterales,Solirubrobacteraceae,Solirubrobacter,NA
OTU_1961,OTU_1961,Bacteria,Actinomycetota,Acidimicrobiia,Acidimicrobiales,Acidimicrobiaceae,Acidiferrimicrobium,NA
OTU_1962,OTU_1962,Bacteria,Actinomycetota,Actinobacteria,NA,NA,NA,NA
OTU_1963,OTU_1963,Bacteria,Chloroflexota,Anaerolineae,Aggregatilineales,A4b,NA,NA
OTU_1964,OTU_1964,Bacteria,Pseudomonadota,Alphaproteobacteria,Hyphomicrobiales,Beijerinckiaceae,Enterovirga,NA
OTU_1965,OTU_1965,Bacteria,Myxococcota,bacteriap25,NA,NA,NA,NA
OTU_1966,OTU_1966,Bacteria,Actinomycetota,Thermoleophilia,Solirubrobacterales,67-14,NA,NA
OTU_1969,OTU_1969,Bacteria,Actinomycetota,Thermoleophilia,Gaiellales,Gaiellaceae,Gaiella,NA
OTU_1970,OTU_1970,Bacteria,Acidobacteriota,Vicinamibacteria,Vicinamibacterales,Vicinamibacteraceae,NA,NA
OTU_1971,OTU_1971,Bacteria,Acidobacteriota,Thermoanaerobaculia,Thermoanaerobaculales,Thermoanaerobaculaceae,Subgroup 10,NA
OTU_1972,OTU_1972,Bacteria,Pseudomonadota,Alphaproteobacteria,Hyphomicrobiales,Xanthobacteraceae,NA,NA
OTU_1973,OTU_1973,Bacteria,Verrucomicrobiota,Verrucomicrobiia,Chthoniobacterales,Chthoniobacteraceae,Candidatus Udaeobacter,NA
OTU_1974,OTU_1974,Bacteria,Actinomycetota,Actinobacteria,Micromonosporales,Micromonosporaceae,Micromonospora,NA
OTU_1976,OTU_1976,Bacteria,Pseudomonadota,Alphaproteobacteria,Reyranellales,Reyranellaceae,Reyranella,NA
OTU_1977,OTU_1977,Bacteria,Pseudomonadota,Gammaproteobacteria,Burkholderiales,TRA3-20,NA,NA
OTU_1979,OTU_1979,Bacteria,Bacteroidota,Bacteroidia,Chitinophagales,Chitinophagaceae,Terrimonas,NA
OTU_1981,OTU_1981,Bacteria,Actinomycetota,Thermoleophilia,Solirubrobacterales,67-14,NA,NA
OTU_1983,OTU_1983,Bacteria,Verrucomicrobiota,Verrucomicrobiia,Pedosphaerales,Pedosphaeraceae,NA,NA
OTU_1984,OTU_1984,Bacteria,Actinomycetota,Actinobacteria,Frankiales,NA,NA,NA
OTU_1985,OTU_1985,Bacteria,Nitrospirota,Nitrospiria,Nitrospirales,Nitrospiraceae,Nitrospira,NA
OTU_1986,OTU_1986,Bacteria,Acidobacteriota,Vicinamibacteria,Vicinamibacterales,Vicinamibacteraceae,Luteitalea,NA
OTU_1987,OTU_1987,Bacteria,Pseudomonadota,Gammaproteobacteria,Burkholderiales,SC-I-84,NA,NA
OTU_1989,OTU_1989,Bacteria,Pseudomonadota,Alphaproteobacteria,Hyphomicrobiales,Labraceae,Labrys,NA
OTU_1990,OTU_1990,Bacteria,Acidobacteriota,Acidobacteriae,Terriglobales,NA,NA,NA
OTU_1992,OTU_1992,Bacteria,Planctomycetota,Planctomycetes,Pirellulales,Pirellulaceae,NA,NA
OTU_1993,OTU_1993,Bacteria,Planctomycetota,Planctomycetes,Isosphaerales,Isosphaeraceae,Singulisphaera,NA
OTU_1994,OTU_1994,Bacteria,Acidobacteriota,Blastocatellia,Pyrinomonadales,Pyrinomonadaceae,Brevitalea,NA
OTU_1995,OTU_1995,Bacteria,Pseudomonadota,Alphaproteobacteria,Sphingomonadales,Sphingomonadaceae,Sphingomonas,NA
OTU_1996,OTU_1996,Bacteria,Actinomycetota,Acidimicrobiia,Microtrichales,Iamiaceae,Aquihabitans,NA
OTU_1997,OTU_1997,Bacteria,Pseudomonadota,Gammaproteobacteria,Lysobacterales,Lysobacteraceae,Arenimonas,NA
OTU_1999,OTU_1999,Bacteria,Bacillota,Bacilli,Paenibacillales,Paenibacillaceae,Paenibacillus,NA
OTU_2000,OTU_2000,Bacteria,Gemmatimonadota,S0134 terrestrial group,NA,NA,NA,NA
OTU_2001,OTU_2001,Bacteria,Pseudomonadota,Alphaproteobacteria,Azospirillales,Inquilinaceae,Inquilinus,NA
OTU_2006,OTU_2006,Bacteria,Planctomycetota,Phycisphaerae,Tepidisphaerales,WD2101 soil group,NA,NA
OTU_2007,OTU_2007,Bacteria,Fibrobacterota,Fibrobacteria,Fibrobacterales,Fibrobacteraceae,possible genus 04,NA
OTU_2009,OTU_2009,Bacteria,Actinomycetota,Acidimicrobiia,Acidimicrobiales,Acidimicrobiaceae,NA,NA
OTU_2010,OTU_2010,Bacteria,Verrucomicrobiota,Verrucomicrobiia,Chthoniobacterales,Chthoniobacteraceae,Chthoniobacter,NA
OTU_2012,OTU_2012,Bacteria,Actinomycetota,Actinobacteria,Pseudonocardiales,Pseudonocardiaceae,Pseudonocardia,NA
OTU_2014,OTU_2014,Bacteria,Acidobacteriota,Acidobacteriae,Bryobacterales,Bryobacteraceae,Bryobacter,NA
OTU_2015,OTU_2015,Bacteria,Acidobacteriota,Vicinamibacteria,Vicinamibacterales,NA,NA,NA
OTU_2017,OTU_2017,Bacteria,Planctomycetota,Phycisphaerae,Tepidisphaerales,WD2101 soil group,NA,NA
OTU_2018,OTU_2018,Bacteria,Bacteroidota,Bacteroidia,Chitinophagales,Chitinophagaceae,Puia,NA
OTU_2019,OTU_2019,Bacteria,Planctomycetota,Planctomycetes,Gemmatales,Gemmataceae,NA,NA
OTU_2020,OTU_2020,Bacteria,Myxococcota,Polyangiia,Polyangiales,Polyangiaceae,NA,NA
OTU_2021,OTU_2021,Bacteria,Acidobacteriota,Blastocatellia,Pyrinomonadales,Pyrinomonadaceae,Brevitalea,NA
OTU_2022,OTU_2022,Bacteria,Acidobacteriota,Vicinamibacteria,Subgroup 17,NA,NA,NA
OTU_2023,OTU_2023,Bacteria,Pseudomonadota,Alphaproteobacteria,Hyphomicrobiales,Xanthobacteraceae,Rhodoplanes,NA
OTU_2025,OTU_2025,Bacteria,Chloroflexota,Chloroflexia,Kallotenuales,AKIW781,NA,NA
OTU_2026,OTU_2026,Bacteria,Pseudomonadota,Alphaproteobacteria,Sphingomonadales,Sphingomonadaceae,Rhizorhabdus,NA
OTU_2027,OTU_2027,Bacteria,Pseudomonadota,Gammaproteobacteria,Gammaproteobacteria Incertae Sedis,Unknown Family,Acidibacter,NA
OTU_2029,OTU_2029,Bacteria,Planctomycetota,Phycisphaerae,Tepidisphaerales,WD2101 soil group,NA,NA
OTU_2030,OTU_2030,Bacteria,Planctomycetota,Phycisphaerae,Tepidisphaerales,WD2101 soil group,NA,NA
OTU_2032,OTU_2032,Bacteria,Acidobacteriota,Holophagae,Subgroup 7,NA,NA,NA
OTU_2033,OTU_2033,Bacteria,Planctomycetota,Planctomycetes,Isosphaerales,Isosphaeraceae,Tundrisphaera,NA
OTU_2037,OTU_2037,Bacteria,Myxococcota,Polyangiia,Haliangiales,Haliangiaceae,NA,NA
OTU_2038,OTU_2038,Bacteria,Actinomycetota,Thermoleophilia,Solirubrobacterales,Solirubrobacteraceae,Baekduia,NA
OTU_2040,OTU_2040,Bacteria,Planctomycetota,Planctomycetes,Planctomycetales,Rubinisphaeraceae,SH-PL14,NA
OTU_2041,OTU_2041,Bacteria,Pseudomonadota,Gammaproteobacteria,Burkholderiales,Nitrosomonadaceae,Ellin6067,NA
OTU_2042,OTU_2042,Bacteria,Pseudomonadota,Gammaproteobacteria,Lysobacterales,Lysobacteraceae,Lysobacter,NA
OTU_2043,OTU_2043,Bacteria,Actinomycetota,Actinobacteria,Micrococcales,Intrasporangiaceae,Lapillicoccus,NA
OTU_2044,OTU_2044,Bacteria,Planctomycetota,Planctomycetes,Gemmatales,Gemmataceae,Gemmata,NA
OTU_2045,OTU_2045,Bacteria,Pseudomonadota,Alphaproteobacteria,Reyranellales,Reyranellaceae,Reyranella,NA
OTU_2046,OTU_2046,Bacteria,Verrucomicrobiota,Verrucomicrobiia,Pedosphaerales,Pedosphaeraceae,NA,NA
OTU_2053,OTU_2053,Bacteria,Actinomycetota,Actinobacteria,Mycobacteriales,Mycobacteriaceae,Mycobacterium,NA
OTU_2054,OTU_2054,Bacteria,Actinomycetota,Actinobacteria,Pseudonocardiales,Pseudonocardiaceae,Pseudonocardia,NA
OTU_2056,OTU_2056,Bacteria,Actinomycetota,Thermoleophilia,Solirubrobacterales,67-14,NA,NA
OTU_2060,OTU_2060,Bacteria,Acidobacteriota,Acidobacteriae,Solibacterales,Solibacteraceae,Candidatus Solibacter,NA
OTU_2061,OTU_2061,Bacteria,Verrucomicrobiota,Verrucomicrobiia,Chthoniobacterales,Chthoniobacteraceae,Candidatus Udaeobacter,NA
OTU_2062,OTU_2062,Bacteria,Pseudomonadota,Alphaproteobacteria,Caulobacterales,Caulobacteraceae,Phenylobacterium,NA
OTU_2064,OTU_2064,Bacteria,Actinomycetota,Actinobacteria,Kitasatosporales,Streptomycetaceae,Streptomyces,NA
OTU_2067,OTU_2067,Bacteria,Actinomycetota,Thermoleophilia,Solirubrobacterales,Solirubrobacteraceae,NA,NA
OTU_2068,OTU_2068,Bacteria,Myxococcota,Polyangiia,Polyangiales,BIrii41,NA,NA
OTU_2069,OTU_2069,Bacteria,Actinomycetota,Actinobacteria,Mycobacteriales,Mycobacteriaceae,Mycobacterium,tusciae
OTU_2070,OTU_2070,Bacteria,Chloroflexota,TK10,NA,NA,NA,NA
OTU_2072,OTU_2072,Bacteria,Actinomycetota,Actinobacteria,Streptosporangiales,Thermomonosporaceae,Actinoallomurus,NA
OTU_2074,OTU_2074,Bacteria,Pseudomonadota,Alphaproteobacteria,Hyphomicrobiales,Xanthobacteraceae,NA,NA
OTU_2075,OTU_2075,Bacteria,Bacillota,Bacilli,Paenibacillales,Paenibacillaceae,Paenibacillus,NA
OTU_2076,OTU_2076,Bacteria,Pseudomonadota,Alphaproteobacteria,Hyphomicrobiales,Beijerinckiaceae,Psychroglaciecola,NA
OTU_2077,OTU_2077,Bacteria,Pseudomonadota,Gammaproteobacteria,Burkholderiales,Nitrosomonadaceae,Ellin6067,NA
OTU_2078,OTU_2078,Bacteria,Bacteroidota,Bacteroidia,Cytophagales,Spirosomataceae,Dyadobacter,NA
OTU_2079,OTU_2079,Bacteria,Entotheonellaeota,Entotheonellia,Entotheonellales,Entotheonellaceae,NA,NA
OTU_2080,OTU_2080,Bacteria,Cyanobacteriota,Cyanobacteriia,Cyanobacteriales,Chroococcidiopsaceae,Crinalium SAG 22.89,NA
OTU_2081,OTU_2081,Bacteria,Bacillota,Bacilli,Bacillales,Bacillaceae,Gottfriedia,NA
OTU_2082,OTU_2082,Bacteria,Actinomycetota,MB-A2-108,NA,NA,NA,NA
OTU_2086,OTU_2086,Bacteria,Bacteroidota,Bacteroidia,Chitinophagales,Chitinophagaceae,Niastella,NA
OTU_2087,OTU_2087,Bacteria,Planctomycetota,Pla4 lineage,NA,NA,NA,NA
OTU_2090,OTU_2090,Bacteria,Acidobacteriota,Vicinamibacteria,Vicinamibacterales,Vicinamibacteraceae,NA,NA
OTU_2092,OTU_2092,Bacteria,Actinomycetota,Thermoleophilia,Solirubrobacterales,Solirubrobacteraceae,Conexibacter,NA
OTU_2094,OTU_2094,Bacteria,Acidobacteriota,Blastocatellia,Pyrinomonadales,Pyrinomonadaceae,RB41,NA
OTU_2096,OTU_2096,Bacteria,Chloroflexota,TK10,NA,NA,NA,NA
OTU_2097,OTU_2097,Bacteria,Pseudomonadota,Gammaproteobacteria,R7C24,NA,NA,NA
OTU_2098,OTU_2098,Bacteria,Planctomycetota,Phycisphaerae,Tepidisphaerales,WD2101 soil group,NA,NA
OTU_2099,OTU_2099,Bacteria,Actinomycetota,Actinobacteria,Micromonosporales,Micromonosporaceae,Krasilnikovia,NA
OTU_2101,OTU_2101,Bacteria,Actinomycetota,Actinobacteria,Frankiales,Geodermatophilaceae,Geodermatophilus,NA
OTU_2102,OTU_2102,Bacteria,Actinomycetota,Actinobacteria,Pseudonocardiales,Pseudonocardiaceae,Amycolatopsis,NA
OTU_2104,OTU_2104,Bacteria,Actinomycetota,Actinobacteria,Mycobacteriales,Mycobacteriaceae,Mycobacterium,NA
OTU_2105,OTU_2105,Bacteria,Actinomycetota,Thermoleophilia,Gaiellales,NA,NA,NA
OTU_2106,OTU_2106,Bacteria,Actinomycetota,Acidimicrobiia,Acidimicrobiales,Acidimicrobiaceae,NA,NA
OTU_2107,OTU_2107,Bacteria,Acidobacteriota,Vicinamibacteria,Vicinamibacterales,Vicinamibacteraceae,NA,NA
OTU_2108,OTU_2108,Bacteria,Bacteroidota,Bacteroidia,Chitinophagales,Chitinophagaceae,Niastella,NA
OTU_2110,OTU_2110,Bacteria,Chloroflexota,Chloroflexia,Chloroflexales,Herpetosiphonaceae,Herpetosiphon,NA
OTU_2111,OTU_2111,Bacteria,Planctomycetota,Planctomycetes,Isosphaerales,Isosphaeraceae,NA,NA
OTU_2112,OTU_2112,Bacteria,Actinomycetota,Acidimicrobiia,Acidimicrobiales,Acidimicrobiaceae,Acidiferrimicrobium,NA
OTU_2113,OTU_2113,Bacteria,Acidobacteriota,Vicinamibacteria,Subgroup 17,NA,NA,NA
OTU_2115,OTU_2115,Bacteria,Actinomycetota,Actinobacteria,Propionibacteriales,Nocardioidaceae,Nocardioides,NA
OTU_2117,OTU_2117,Bacteria,Pseudomonadota,Alphaproteobacteria,Rhodobacterales,Paracoccaceae,Rubellimicrobium,NA
OTU_2118,OTU_2118,Bacteria,Actinomycetota,Actinobacteria,Frankiales,Geodermatophilaceae,Blastococcus,NA
OTU_2119,OTU_2119,Bacteria,Verrucomicrobiota,Verrucomicrobiia,S-BQ2-57 soil group,NA,NA,NA
OTU_2120,OTU_2120,Bacteria,Pseudomonadota,Alphaproteobacteria,Hyphomicrobiales,Hyphomicrobiales Incertae Sedis,Bauldia,NA
OTU_2121,OTU_2121,Bacteria,Acidobacteriota,Blastocatellia,Pyrinomonadales,Pyrinomonadaceae,NA,NA
OTU_2122,OTU_2122,Bacteria,Planctomycetota,Planctomycetes,Gemmatales,Gemmataceae,NA,NA
OTU_2124,OTU_2124,Bacteria,Actinomycetota,Actinobacteria,Pseudonocardiales,Pseudonocardiaceae,Umezawaea,tangerina
OTU_2125,OTU_2125,Bacteria,Actinomycetota,Actinobacteria,Propionibacteriales,Nocardioidaceae,Nocardioides,NA
OTU_2126,OTU_2126,Bacteria,Planctomycetota,Phycisphaerae,Tepidisphaerales,WD2101 soil group,NA,NA
OTU_2131,OTU_2131,Bacteria,Actinomycetota,Actinobacteria,Pseudonocardiales,Pseudonocardiaceae,Actinophytocola,NA
OTU_2132,OTU_2132,Bacteria,Actinomycetota,Acidimicrobiia,Acidimicrobiales,Acidimicrobiaceae,Acidiferrimicrobium,NA
OTU_2133,OTU_2133,Bacteria,Pseudomonadota,Gammaproteobacteria,Burkholderiales,Comamonadaceae,NA,NA
OTU_2134,OTU_2134,Bacteria,Acidobacteriota,Blastocatellia,Pyrinomonadales,Pyrinomonadaceae,NA,NA
OTU_2141,OTU_2141,Bacteria,Acidobacteriota,Subgroup 5,NA,NA,NA,NA
OTU_2142,OTU_2142,Bacteria,Bacillota,Bacilli,Paenibacillales,Paenibacillaceae,Paenibacillus,NA
OTU_2143,OTU_2143,Bacteria,Actinomycetota,Actinobacteria,Streptosporangiales,Thermomonosporaceae,Actinocorallia,NA
OTU_2144,OTU_2144,Bacteria,Chloroflexota,Chloroflexia,Chloroflexales,Roseiflexaceae,NA,NA
OTU_2145,OTU_2145,Bacteria,Chloroflexota,Chloroflexia,Kallotenuales,AKIW781,NA,NA
OTU_2146,OTU_2146,Bacteria,Pseudomonadota,Alphaproteobacteria,Acetobacterales,Acetobacteraceae,Dankookia,NA
OTU_2147,OTU_2147,Bacteria,Acidobacteriota,Acidobacteriae,Bryobacterales,Bryobacteraceae,Bryobacter,NA
OTU_2148,OTU_2148,Bacteria,Pseudomonadota,Gammaproteobacteria,Burkholderiales,Comamonadaceae,Methylibium,NA
OTU_2149,OTU_2149,Bacteria,Actinomycetota,Actinobacteria,Frankiales,Frankiaceae,Jatrophihabitans,NA
OTU_2151,OTU_2151,Bacteria,Planctomycetota,Planctomycetes,Gemmatales,Gemmataceae,NA,NA
OTU_2154,OTU_2154,Bacteria,Actinomycetota,Actinobacteria,Micromonosporales,Micromonosporaceae,Planosporangium,NA
OTU_2156,OTU_2156,Bacteria,Chloroflexota,KD4-96,NA,NA,NA,NA
OTU_2158,OTU_2158,Bacteria,Acidobacteriota,Blastocatellia,Pyrinomonadales,Pyrinomonadaceae,Brevitalea,NA
OTU_2159,OTU_2159,Bacteria,Acidobacteriota,Vicinamibacteria,Vicinamibacterales,NA,NA,NA
OTU_2160,OTU_2160,Bacteria,Actinomycetota,Actinobacteria,Propionibacteriales,Nocardioidaceae,Nocardioides,NA
OTU_2161,OTU_2161,Bacteria,Acidobacteriota,AT-s3-28,NA,NA,NA,NA
OTU_2162,OTU_2162,Bacteria,Actinomycetota,Thermoleophilia,Gaiellales,NA,NA,NA
OTU_2163,OTU_2163,Bacteria,Actinomycetota,Actinobacteria,Pseudonocardiales,Pseudonocardiaceae,Pseudonocardia,NA
OTU_2166,OTU_2166,Bacteria,Actinomycetota,Thermoleophilia,Solirubrobacterales,67-14,NA,NA
OTU_2170,OTU_2170,Bacteria,Actinomycetota,Actinobacteria,Micromonosporales,Micromonosporaceae,NA,NA
OTU_2171,OTU_2171,Bacteria,Verrucomicrobiota,Verrucomicrobiia,Chthoniobacterales,Chthoniobacteraceae,Chthoniobacter,NA
OTU_2175,OTU_2175,Bacteria,Bacillota,Clostridia,Peptostreptococcales-Tissierellales,Peptostreptococcaceae,Romboutsia,NA
OTU_2176,OTU_2176,Bacteria,Chloroflexota,Anaerolineae,Caldilineales,Caldilineaceae,Litorilinea,NA
OTU_2177,OTU_2177,Bacteria,Verrucomicrobiota,Verrucomicrobiia,Pedosphaerales,Pedosphaeraceae,NA,NA
OTU_2180,OTU_2180,Bacteria,Actinomycetota,Thermoleophilia,Gaiellales,NA,NA,NA
OTU_2181,OTU_2181,Bacteria,Myxococcota,Polyangiia,Polyangiales,Sandaracinaceae,NA,NA
OTU_2182,OTU_2182,Bacteria,Pseudomonadota,Gammaproteobacteria,Burkholderiales,Nitrosomonadaceae,mle1-7,NA
OTU_2189,OTU_2189,Bacteria,Pseudomonadota,Alphaproteobacteria,Hyphomicrobiales,NA,NA,NA
OTU_2190,OTU_2190,Bacteria,Planctomycetota,Phycisphaerae,Tepidisphaerales,WD2101 soil group,NA,NA
OTU_2191,OTU_2191,Bacteria,Pseudomonadota,Alphaproteobacteria,Reyranellales,Reyranellaceae,NA,NA
OTU_2192,OTU_2192,Bacteria,Actinomycetota,Thermoleophilia,Gaiellales,NA,NA,NA
OTU_2193,OTU_2193,Bacteria,Actinomycetota,Acidimicrobiia,Microtrichales,NA,NA,NA
OTU_2194,OTU_2194,Bacteria,Chloroflexota,Anaerolineae,Aggregatilineales,A4b,NA,NA
OTU_2195,OTU_2195,Bacteria,Bacteroidota,Bacteroidia,Cytophagales,Spirosomataceae,Dyadobacter,NA
OTU_2196,OTU_2196,Bacteria,Acidobacteriota,Acidobacteriae,Terriglobales,Acidobacteriaceae (Subgroup 1),Occallatibacter,NA
OTU_2198,OTU_2198,Bacteria,Actinomycetota,Actinobacteria,Micromonosporales,Micromonosporaceae,Allorhizocola,NA
OTU_2199,OTU_2199,Bacteria,Chloroflexota,Dehalococcoidia,S085,NA,NA,NA
OTU_2201,OTU_2201,Bacteria,Nitrospirota,Nitrospiria,Nitrospirales,Nitrospiraceae,Nitrospira,NA
OTU_2205,OTU_2205,Bacteria,Acidobacteriota,Blastocatellia,Pyrinomonadales,Pyrinomonadaceae,Arenimicrobium,NA
OTU_2206,OTU_2206,Bacteria,Acidobacteriota,Acidobacteriae,Solibacterales,Solibacteraceae,Candidatus Solibacter,NA
OTU_2207,OTU_2207,Bacteria,Incertae Sedis,Incertae Sedis,SJA-28,NA,NA,NA
OTU_2209,OTU_2209,Bacteria,Pseudomonadota,Alphaproteobacteria,Sphingomonadales,Sphingomonadaceae,Sphingomonas,yunnanensis
OTU_2213,OTU_2213,Bacteria,Pseudomonadota,Alphaproteobacteria,Elsterales,NA,NA,NA
OTU_2216,OTU_2216,Bacteria,Pseudomonadota,Gammaproteobacteria,Burkholderiales,Comamonadaceae,Rhizobacter,NA
OTU_2217,OTU_2217,Bacteria,Planctomycetota,Planctomycetes,Gemmatales,Gemmataceae,NA,NA
OTU_2219,OTU_2219,Bacteria,Actinomycetota,Actinobacteria,Pseudonocardiales,Pseudonocardiaceae,Pseudonocardia,NA
OTU_2221,OTU_2221,Bacteria,Methylomirabilota,Methylomirabilia,Rokubacteriales,NA,NA,NA
OTU_2222,OTU_2222,Bacteria,Actinomycetota,Actinobacteria,Pseudonocardiales,Pseudonocardiaceae,Crossiella,NA
OTU_2225,OTU_2225,Bacteria,Planctomycetota,Planctomycetes,Gemmatales,Gemmataceae,NA,NA
OTU_2227,OTU_2227,Bacteria,Acidobacteriota,Vicinamibacteria,Vicinamibacterales,Vicinamibacteraceae,NA,NA
OTU_2228,OTU_2228,Bacteria,Pseudomonadota,Gammaproteobacteria,Burkholderiales,Burkholderiaceae,Burkholderia-Caballeronia-Paraburkholderia,NA
OTU_2229,OTU_2229,Bacteria,Planctomycetota,Planctomycetes,Gemmatales,Gemmataceae,Fimbriiglobus,NA
OTU_2230,OTU_2230,Bacteria,Acidobacteriota,Vicinamibacteria,Vicinamibacterales,Vicinamibacteraceae,NA,NA
OTU_2233,OTU_2233,Bacteria,Pseudomonadota,Alphaproteobacteria,Azospirillales,NA,NA,NA
OTU_2234,OTU_2234,Bacteria,Bacteroidota,Bacteroidia,Chitinophagales,Chitinophagaceae,Niastella,NA
OTU_2235,OTU_2235,Bacteria,Actinomycetota,Thermoleophilia,NA,NA,NA,NA
OTU_2236,OTU_2236,Bacteria,Actinomycetota,Thermoleophilia,Gaiellales,Gaiellaceae,Gaiella,NA
OTU_2238,OTU_2238,Bacteria,Planctomycetota,Planctomycetes,Pirellulales,Pirellulaceae,NA,NA
OTU_2240,OTU_2240,Bacteria,Planctomycetota,Planctomycetes,Gemmatales,Gemmataceae,NA,NA
OTU_2241,OTU_2241,Bacteria,Planctomycetota,Planctomycetes,Pirellulales,Pirellulaceae,NA,NA
OTU_2243,OTU_2243,Bacteria,Bacillota,Bacilli,Paenibacillales,Paenibacillaceae,Paenibacillus,catalpae
OTU_2245,OTU_2245,Bacteria,Actinomycetota,Acidimicrobiia,Acidimicrobiales,Acidimicrobiaceae,NA,NA
OTU_2246,OTU_2246,Bacteria,Planctomycetota,Planctomycetes,Pirellulales,Pirellulaceae,Pirellula,NA
OTU_2248,OTU_2248,Bacteria,Planctomycetota,Phycisphaerae,Phycisphaerales,Phycisphaeraceae,SM1A02,NA
OTU_2249,OTU_2249,Bacteria,Chloroflexota,OLB14,NA,NA,NA,NA
OTU_2250,OTU_2250,Bacteria,Myxococcota,Polyangiia,Haliangiales,Haliangiaceae,NA,NA
OTU_2252,OTU_2252,Bacteria,Pseudomonadota,Gammaproteobacteria,Burkholderiales,Oxalobacteraceae,Noviherbaspirillum,NA
OTU_2253,OTU_2253,Bacteria,Acidobacteriota,Vicinamibacteria,Vicinamibacterales,Vicinamibacteraceae,NA,NA
OTU_2254,OTU_2254,Bacteria,Pseudomonadota,Alphaproteobacteria,Acetobacterales,Acetobacteraceae,Roseicella,NA
OTU_2259,OTU_2259,Bacteria,Pseudomonadota,Alphaproteobacteria,Acetobacterales,Acetobacteraceae,NA,NA
OTU_2261,OTU_2261,Bacteria,Planctomycetota,Planctomycetes,Isosphaerales,Isosphaeraceae,Tautonia,NA
OTU_2262,OTU_2262,Bacteria,Actinomycetota,Acidimicrobiia,Microtrichales,NA,NA,NA
OTU_2264,OTU_2264,Bacteria,Myxococcota,bacteriap25,NA,NA,NA,NA
OTU_2265,OTU_2265,Bacteria,Pseudomonadota,Alphaproteobacteria,Micropepsales,Micropepsaceae,NA,NA
OTU_2267,OTU_2267,Bacteria,Actinomycetota,Thermoleophilia,Solirubrobacterales,Solirubrobacteraceae,NA,NA
OTU_2269,OTU_2269,Bacteria,Bacillota,Bacilli,Paenibacillales,Paenibacillaceae,Cohnella,NA
OTU_2270,OTU_2270,Bacteria,Acidobacteriota,Blastocatellia,Blastocatellales,Blastocatellaceae,NA,NA
OTU_2271,OTU_2271,Bacteria,Pseudomonadota,Alphaproteobacteria,Hyphomicrobiales,Hyphomicrobiaceae,NA,NA
OTU_2273,OTU_2273,Bacteria,Planctomycetota,Phycisphaerae,Tepidisphaerales,WD2101 soil group,NA,NA
OTU_2275,OTU_2275,Bacteria,Bacteroidota,Bacteroidia,Chitinophagales,Chitinophagaceae,Flavisolibacter,NA
OTU_2276,OTU_2276,Bacteria,Gemmatimonadota,Gemmatimonadia,Gemmatimonadales,Gemmatimonadaceae,Gemmatimonas,NA
OTU_2278,OTU_2278,Bacteria,Chloroflexota,KD4-96,NA,NA,NA,NA
OTU_2279,OTU_2279,Bacteria,Chloroflexota,KD4-96,NA,NA,NA,NA
OTU_2281,OTU_2281,Bacteria,Acidobacteriota,Blastocatellia,Pyrinomonadales,Pyrinomonadaceae,Brevitalea,NA
OTU_2282,OTU_2282,Bacteria,Planctomycetota,Planctomycetes,Gemmatales,Gemmataceae,NA,NA
OTU_2283,OTU_2283,Bacteria,Chloroflexota,Chloroflexia,Kallotenuales,AKIW781,NA,NA
OTU_2284,OTU_2284,Bacteria,Bacteroidota,Bacteroidia,Chitinophagales,Chitinophagaceae,Niastella,NA
OTU_2289,OTU_2289,Bacteria,Pseudomonadota,Alphaproteobacteria,Rhodospirillales,Rhodospirillaceae,NA,NA
OTU_2291,OTU_2291,Bacteria,Actinomycetota,Actinobacteria,Pseudonocardiales,Pseudonocardiaceae,Pseudonocardia,ailaonensis
OTU_2296,OTU_2296,Bacteria,Actinomycetota,MB-A2-108,NA,NA,NA,NA
OTU_2297,OTU_2297,Bacteria,Acidobacteriota,Blastocatellia,Pyrinomonadales,Pyrinomonadaceae,NA,NA
OTU_2299,OTU_2299,Bacteria,Actinomycetota,Actinobacteria,Pseudonocardiales,Pseudonocardiaceae,NA,NA
OTU_2300,OTU_2300,Bacteria,Actinomycetota,Acidimicrobiia,Microtrichales,Ilumatobacteraceae,NA,NA
OTU_2301,OTU_2301,Bacteria,Actinomycetota,Actinobacteria,Micrococcales,Microbacteriaceae,Leifsonia,xyli
OTU_2304,OTU_2304,Bacteria,Planctomycetota,Planctomycetes,Pirellulales,Pirellulaceae,NA,NA
OTU_2305,OTU_2305,Bacteria,Chloroflexota,Chloroflexia,Kallotenuales,AKIW781,NA,NA
OTU_2310,OTU_2310,Bacteria,Acidobacteriota,Vicinamibacteria,Vicinamibacterales,Vicinamibacteraceae,Vicinamibacter,NA
OTU_2311,OTU_2311,Bacteria,Pseudomonadota,Alphaproteobacteria,Hyphomicrobiales,Xanthobacteraceae,Rhodoplanes,NA
OTU_2313,OTU_2313,Bacteria,Pseudomonadota,Alphaproteobacteria,NA,NA,NA,NA
OTU_2315,OTU_2315,Bacteria,Actinomycetota,Actinobacteria,Propionibacteriales,Nocardioidaceae,Nocardioides,NA
OTU_2317,OTU_2317,Bacteria,Chloroflexota,Chloroflexia,Thermomicrobiales,JG30-KF-CM45,NA,NA
OTU_2318,OTU_2318,Bacteria,Actinomycetota,Thermoleophilia,Gaiellales,Gaiellaceae,Gaiella,NA
OTU_2319,OTU_2319,Bacteria,Planctomycetota,Planctomycetes,Pirellulales,Pirellulaceae,Pir4 lineage,NA
OTU_2320,OTU_2320,Bacteria,Bacteroidota,Bacteroidia,Cytophagales,Microscillaceae,Ohtaekwangia,NA
OTU_2322,OTU_2322,Bacteria,Actinomycetota,Acidimicrobiia,Microtrichales,Ilumatobacteraceae,NA,NA
OTU_2324,OTU_2324,Bacteria,Actinomycetota,Thermoleophilia,Solirubrobacterales,Solirubrobacteraceae,Baekduia,NA
OTU_2325,OTU_2325,Bacteria,Actinomycetota,Thermoleophilia,Gaiellales,NA,NA,NA
OTU_2326,OTU_2326,Bacteria,Verrucomicrobiota,Verrucomicrobiia,S-BQ2-57 soil group,NA,NA,NA
OTU_2327,OTU_2327,Bacteria,Actinomycetota,Acidimicrobiia,Acidimicrobiales,Acidimicrobiaceae,NA,NA
OTU_2328,OTU_2328,Bacteria,Acidobacteriota,Blastocatellia,Pyrinomonadales,Pyrinomonadaceae,NA,NA
OTU_2330,OTU_2330,Bacteria,Actinomycetota,Actinobacteria,Propionibacteriales,Nocardioidaceae,Nocardioides,NA
OTU_2331,OTU_2331,Bacteria,Planctomycetota,Planctomycetes,Isosphaerales,Isosphaeraceae,Candidatus Nostocoida,NA
OTU_2332,OTU_2332,Bacteria,Verrucomicrobiota,Verrucomicrobiia,Chthoniobacterales,Chthoniobacteraceae,Candidatus Udaeobacter,NA
OTU_2333,OTU_2333,Bacteria,Actinomycetota,Acidimicrobiia,Acidimicrobiales,Acidimicrobiaceae,Acidiferrimicrobium,NA
OTU_2334,OTU_2334,Bacteria,Acidobacteriota,Thermoanaerobaculia,Thermoanaerobaculales,Thermoanaerobaculaceae,Subgroup 10,NA
OTU_2335,OTU_2335,Bacteria,Actinomycetota,Thermoleophilia,Gaiellales,NA,NA,NA
OTU_2336,OTU_2336,Bacteria,Pseudomonadota,Alphaproteobacteria,Rhodospirillales,NA,NA,NA
OTU_2338,OTU_2338,Bacteria,Pseudomonadota,Gammaproteobacteria,Pseudomonadales,Pseudohongiellaceae,BIyi10,NA
OTU_2340,OTU_2340,Bacteria,Actinomycetota,Thermoleophilia,Solirubrobacterales,Solirubrobacteraceae,NA,NA
OTU_2342,OTU_2342,Bacteria,Actinomycetota,Actinobacteria,Propionibacteriales,Nocardioidaceae,Nocardioides,NA
OTU_2343,OTU_2343,Bacteria,Bacteroidota,Bacteroidia,Chitinophagales,Chitinophagaceae,Flavisolibacter,NA
OTU_2345,OTU_2345,Bacteria,Acidobacteriota,Vicinamibacteria,Vicinamibacterales,NA,NA,NA
OTU_2346,OTU_2346,Bacteria,Actinomycetota,Actinobacteria,Micromonosporales,Micromonosporaceae,Krasilnikovia,NA
OTU_2348,OTU_2348,Bacteria,Acidobacteriota,Acidobacteriae,Bryobacterales,Bryobacteraceae,Bryobacter,NA
OTU_2351,OTU_2351,Bacteria,Actinomycetota,Thermoleophilia,Gaiellales,Gaiellaceae,Gaiella,NA
OTU_2352,OTU_2352,Bacteria,Entotheonellaeota,Entotheonellia,Entotheonellales,Entotheonellaceae,NA,NA
OTU_2353,OTU_2353,Bacteria,Pseudomonadota,Gammaproteobacteria,Burkholderiales,Comamonadaceae,Rhizobacter,NA
OTU_2355,OTU_2355,Bacteria,Pseudomonadota,Gammaproteobacteria,Burkholderiales,Nitrosomonadaceae,MND1,NA
OTU_2356,OTU_2356,Bacteria,Actinomycetota,Actinobacteria,0319-7L14,NA,NA,NA
OTU_2357,OTU_2357,Bacteria,Myxococcota,Polyangiia,Haliangiales,Haliangiaceae,NA,NA
OTU_2358,OTU_2358,Bacteria,Actinomycetota,Thermoleophilia,Gaiellales,NA,NA,NA
OTU_2360,OTU_2360,Bacteria,Actinomycetota,Actinobacteria,Frankiales,Nakamurellaceae,Nakamurella,NA
OTU_2361,OTU_2361,Bacteria,Actinomycetota,Thermoleophilia,Solirubrobacterales,Solirubrobacteraceae,Conexibacter,NA
OTU_2362,OTU_2362,Bacteria,RCP2-54,NA,NA,NA,NA,NA
OTU_2363,OTU_2363,Bacteria,Verrucomicrobiota,Verrucomicrobiia,Verrucomicrobiales,Verrucomicrobiaceae,Roseimicrobium,NA
OTU_2364,OTU_2364,Bacteria,Gemmatimonadota,Gemmatimonadia,Gemmatimonadales,Gemmatimonadaceae,Gemmatimonas,NA
OTU_2365,OTU_2365,Bacteria,Myxococcota,Polyangiia,Haliangiales,Haliangiaceae,NA,NA
OTU_2367,OTU_2367,Bacteria,Myxococcota,Polyangiia,Haliangiales,Haliangiaceae,NA,NA
OTU_2368,OTU_2368,Bacteria,Planctomycetota,Planctomycetes,NA,NA,NA,NA
OTU_2372,OTU_2372,Bacteria,Thermodesulfobacteriota,NA,NA,NA,NA,NA
OTU_2373,OTU_2373,Bacteria,Pseudomonadota,Alphaproteobacteria,Hyphomicrobiales,A0839,NA,NA
OTU_2376,OTU_2376,Bacteria,Thermodesulfobacteriota,NA,NA,NA,NA,NA
OTU_2377,OTU_2377,Bacteria,Actinomycetota,Thermoleophilia,Solirubrobacterales,67-14,NA,NA
OTU_2378,OTU_2378,Bacteria,Pseudomonadota,Alphaproteobacteria,Hyphomicrobiales,D05-2,NA,NA
OTU_2382,OTU_2382,Bacteria,Chloroflexota,Ktedonobacteria,C0119,NA,NA,NA
OTU_2383,OTU_2383,Bacteria,Gemmatimonadota,Gemmatimonadia,Gemmatimonadales,Gemmatimonadaceae,NA,NA
OTU_2386,OTU_2386,Bacteria,Pseudomonadota,Alphaproteobacteria,Sphingomonadales,Sphingomonadaceae,Sphingobium,NA
OTU_2387,OTU_2387,Bacteria,Actinomycetota,Acidimicrobiia,Acidimicrobiales,Acidimicrobiaceae,NA,NA
OTU_2388,OTU_2388,Bacteria,Pseudomonadota,Gammaproteobacteria,Lysobacterales,Lysobacteraceae,Luteimonas,mephitis
OTU_2389,OTU_2389,Bacteria,Methylomirabilota,Methylomirabilia,Rokubacteriales,WX65,NA,NA
OTU_2390,OTU_2390,Bacteria,Actinomycetota,Actinobacteria,Propionibacteriales,Nocardioidaceae,Nocardioides,NA
OTU_2393,OTU_2393,Bacteria,Pseudomonadota,Gammaproteobacteria,Steroidobacterales,Steroidobacteraceae,Steroidobacter,NA
OTU_2394,OTU_2394,Bacteria,Pseudomonadota,Alphaproteobacteria,Hyphomicrobiales,A0839,NA,NA
OTU_2399,OTU_2399,Bacteria,Acidobacteriota,Holophagae,Subgroup 7,NA,NA,NA
OTU_2400,OTU_2400,Bacteria,Gemmatimonadota,Gemmatimonadia,Gemmatimonadales,Gemmatimonadaceae,NA,NA
OTU_2401,OTU_2401,Bacteria,Planctomycetota,Pla4 lineage,NA,NA,NA,NA
OTU_2402,OTU_2402,Bacteria,Verrucomicrobiota,Verrucomicrobiia,Chthoniobacterales,Chthoniobacteraceae,Candidatus Udaeobacter,NA
OTU_2403,OTU_2403,Bacteria,Planctomycetota,Planctomycetes,Pirellulales,Pirellulaceae,NA,NA
OTU_2405,OTU_2405,Bacteria,Pseudomonadota,Gammaproteobacteria,Burkholderiales,Nitrosomonadaceae,MND1,NA
OTU_2407,OTU_2407,Bacteria,Chloroflexota,NA,NA,NA,NA,NA
OTU_2408,OTU_2408,Bacteria,Actinomycetota,Actinobacteria,Propionibacteriales,Nocardioidaceae,Nocardioides,NA
OTU_2409,OTU_2409,Bacteria,Acidobacteriota,Vicinamibacteria,Vicinamibacterales,Vicinamibacteraceae,Vicinamibacter,NA
OTU_2410,OTU_2410,Bacteria,Acidobacteriota,Blastocatellia,??.24,NA,NA,NA
OTU_2412,OTU_2412,Bacteria,Planctomycetota,Planctomycetes,Gemmatales,Gemmataceae,NA,NA
OTU_2414,OTU_2414,Bacteria,Pseudomonadota,Gammaproteobacteria,Burkholderiales,Oxalobacteraceae,Duganella,NA
OTU_2415,OTU_2415,Bacteria,Pseudomonadota,Gammaproteobacteria,Burkholderiales,Nitrosomonadaceae,MND1,NA
OTU_2416,OTU_2416,Bacteria,Chloroflexota,Chloroflexia,Thermomicrobiales,JG30-KF-CM45,NA,NA
OTU_2417,OTU_2417,Bacteria,Acidobacteriota,Blastocatellia,Pyrinomonadales,Pyrinomonadaceae,NA,NA
OTU_2418,OTU_2418,Bacteria,Bacteroidota,Bacteroidia,Cytophagales,NA,NA,NA
OTU_2419,OTU_2419,Bacteria,Verrucomicrobiota,Verrucomicrobiia,Opitutales,Opitutaceae,Opitutus,NA
OTU_2420,OTU_2420,Bacteria,Patescibacteria,Saccharimonadia,Saccharimonadales,LWQ8,NA,NA
OTU_2421,OTU_2421,Bacteria,Pseudomonadota,Alphaproteobacteria,Hyphomicrobiales,Xanthobacteraceae,NA,NA
OTU_2422,OTU_2422,Bacteria,Acidobacteriota,Vicinamibacteria,Vicinamibacterales,NA,NA,NA
OTU_2423,OTU_2423,Bacteria,Acidobacteriota,Blastocatellia,Pyrinomonadales,Pyrinomonadaceae,NA,NA
OTU_2425,OTU_2425,Bacteria,Chloroflexota,KD4-96,NA,NA,NA,NA
OTU_2427,OTU_2427,Bacteria,Planctomycetota,Planctomycetes,Planctomycetales,NA,NA,NA
OTU_2430,OTU_2430,Bacteria,Planctomycetota,OM190,NA,NA,NA,NA
OTU_2431,OTU_2431,Bacteria,Planctomycetota,Planctomycetes,Planctomycetales,Rubinisphaeraceae,SH-PL14,NA
OTU_2432,OTU_2432,Bacteria,Acidobacteriota,Acidobacteriae,Bryobacterales,Bryobacteraceae,Bryobacter,NA
OTU_2433,OTU_2433,Bacteria,Chloroflexota,KD4-96,NA,NA,NA,NA
OTU_2434,OTU_2434,Bacteria,Planctomycetota,Planctomycetes,Gemmatales,Gemmataceae,NA,NA
OTU_2436,OTU_2436,Bacteria,Planctomycetota,Planctomycetes,Gemmatales,Gemmataceae,NA,NA
OTU_2437,OTU_2437,Bacteria,Chloroflexota,TK10,NA,NA,NA,NA
OTU_2440,OTU_2440,Bacteria,Acidobacteriota,Acidobacteriae,Terriglobales,NA,NA,NA
OTU_2441,OTU_2441,Bacteria,Gemmatimonadota,Longimicrobiia,Longimicrobiales,Longimicrobiaceae,NA,NA
OTU_2442,OTU_2442,Bacteria,Actinomycetota,Acidimicrobiia,Microtrichales,NA,NA,NA
OTU_2443,OTU_2443,Bacteria,Verrucomicrobiota,Verrucomicrobiia,Chthoniobacterales,Chthoniobacteraceae,Chthoniobacter,NA
OTU_2445,OTU_2445,Bacteria,Pseudomonadota,Gammaproteobacteria,Burkholderiales,Alcaligenaceae,NA,NA
OTU_2446,OTU_2446,Bacteria,Planctomycetota,Phycisphaerae,Tepidisphaerales,WD2101 soil group,NA,NA
OTU_2448,OTU_2448,Bacteria,Acidobacteriota,Vicinamibacteria,Vicinamibacterales,Vicinamibacteraceae,Luteitalea,NA
OTU_2450,OTU_2450,Bacteria,Chloroflexota,Anaerolineae,RBG-13-54-9,NA,NA,NA
OTU_2451,OTU_2451,Bacteria,Bdellovibrionota,Oligoflexia,0319-6G20,NA,NA,NA
OTU_2452,OTU_2452,Bacteria,Planctomycetota,Planctomycetes,Pirellulales,Pirellulaceae,Pir4 lineage,NA
OTU_2454,OTU_2454,Bacteria,Planctomycetota,Planctomycetes,Pirellulales,Pirellulaceae,Pirellula,NA
OTU_2456,OTU_2456,Bacteria,Nitrospirota,Nitrospiria,Nitrospirales,Nitrospiraceae,Nitrospira,NA
OTU_2457,OTU_2457,Bacteria,Planctomycetota,Planctomycetes,Pirellulales,Pirellulaceae,NA,NA
OTU_2459,OTU_2459,Bacteria,Pseudomonadota,Alphaproteobacteria,Hyphomicrobiales,Hyphomicrobiales Incertae Sedis,Bauldia,NA
OTU_2462,OTU_2462,Bacteria,Pseudomonadota,Gammaproteobacteria,Lysobacterales,Lysobacteraceae,Arenimonas,NA
OTU_2463,OTU_2463,Bacteria,Myxococcota,Polyangiia,Polyangiales,BIrii41,NA,NA
OTU_2464,OTU_2464,Bacteria,Acidobacteriota,Vicinamibacteria,Vicinamibacterales,Vicinamibacteraceae,NA,NA
OTU_2465,OTU_2465,Bacteria,Myxococcota,Polyangiia,Polyangiales,Sandaracinaceae,NA,NA
OTU_2466,OTU_2466,Bacteria,Planctomycetota,Planctomycetes,Pirellulales,Pirellulaceae,Pir4 lineage,NA
OTU_2467,OTU_2467,Bacteria,Pseudomonadota,Alphaproteobacteria,Hyphomicrobiales,Beijerinckiaceae,Bosea,NA
OTU_2468,OTU_2468,Bacteria,Pseudomonadota,Alphaproteobacteria,Caulobacterales,Hyphomonadaceae,Hirschia,NA
OTU_2469,OTU_2469,Bacteria,Actinomycetota,Actinobacteria,Micromonosporales,Micromonosporaceae,Luedemannella,NA
OTU_2472,OTU_2472,Bacteria,Gemmatimonadota,Gemmatimonadia,Gemmatimonadales,Gemmatimonadaceae,Gemmatimonas,NA
OTU_2475,OTU_2475,Bacteria,Pseudomonadota,Alphaproteobacteria,Holosporales,Holosporaceae,NA,NA
OTU_2476,OTU_2476,Bacteria,Pseudomonadota,Gammaproteobacteria,Lysobacterales,Lysobacteraceae,Stenotrophomonas,rhizophila
OTU_2477,OTU_2477,Bacteria,Actinomycetota,Actinobacteria,Frankiales,NA,NA,NA
OTU_2480,OTU_2480,Bacteria,Bdellovibrionota,Bdellovibrionia,Bdellovibrionales,Pseudobdellovibrionaceae,OM27 clade,NA
OTU_2481,OTU_2481,Bacteria,Pseudomonadota,Gammaproteobacteria,Burkholderiales,SC-I-84,NA,NA
OTU_2482,OTU_2482,Bacteria,Gemmatimonadota,AKAU4049,NA,NA,NA,NA
OTU_2484,OTU_2484,Bacteria,Pseudomonadota,Gammaproteobacteria,Burkholderiales,Burkholderiaceae,Burkholderia-Caballeronia-Paraburkholderia,NA
OTU_2485,OTU_2485,Bacteria,Actinomycetota,Actinobacteria,Kitasatosporales,Streptomycetaceae,NA,NA
OTU_2486,OTU_2486,Bacteria,Planctomycetota,Planctomycetes,Pirellulales,Pirellulaceae,NA,NA
OTU_2488,OTU_2488,Bacteria,NA,NA,NA,NA,NA,NA
OTU_2489,OTU_2489,Bacteria,NA,NA,NA,NA,NA,NA
OTU_2490,OTU_2490,Bacteria,Acidobacteriota,Blastocatellia,??.24,NA,NA,NA
OTU_2492,OTU_2492,Bacteria,Actinomycetota,Actinobacteria,Propionibacteriales,Nocardioidaceae,Nocardioides,NA
OTU_2493,OTU_2493,Bacteria,Pseudomonadota,Gammaproteobacteria,Burkholderiales,Nitrosomonadaceae,MND1,NA
OTU_2495,OTU_2495,Bacteria,Acidobacteriota,Vicinamibacteria,Vicinamibacterales,Vicinamibacteraceae,NA,NA
OTU_2496,OTU_2496,Bacteria,Acidobacteriota,Subgroup 5,NA,NA,NA,NA
OTU_2497,OTU_2497,Bacteria,Pseudomonadota,Gammaproteobacteria,Burkholderiales,Oxalobacteraceae,Pseudoduganella,NA
OTU_2498,OTU_2498,Bacteria,Actinomycetota,Thermoleophilia,Gaiellales,Gaiellaceae,Gaiella,NA
OTU_2506,OTU_2506,Bacteria,Acidobacteriota,Vicinamibacteria,Vicinamibacterales,Vicinamibacteraceae,NA,NA
OTU_2507,OTU_2507,Bacteria,Planctomycetota,Phycisphaerae,Tepidisphaerales,WD2101 soil group,NA,NA
OTU_2508,OTU_2508,Bacteria,Actinomycetota,Actinobacteria,Propionibacteriales,Nocardioidaceae,Marmoricola,NA
OTU_2509,OTU_2509,Bacteria,Nitrospirota,Nitrospiria,Nitrospirales,Nitrospiraceae,Nitrospira,NA
OTU_2510,OTU_2510,Bacteria,Pseudomonadota,Gammaproteobacteria,Lysobacterales,Rhodanobacteraceae,Luteibacter,NA
OTU_2516,OTU_2516,Bacteria,Actinomycetota,Actinobacteria,Frankiales,Frankiaceae,Jatrophihabitans,NA
OTU_2518,OTU_2518,Bacteria,Acidobacteriota,Vicinamibacteria,Vicinamibacterales,Vicinamibacteraceae,NA,NA
OTU_2521,OTU_2521,Bacteria,Gemmatimonadota,Gemmatimonadia,Gemmatimonadales,Gemmatimonadaceae,Gemmatimonas,NA
OTU_2522,OTU_2522,Bacteria,Bacillota,Bacilli,Paenibacillales,Paenibacillaceae,Cohnella,NA
OTU_2523,OTU_2523,Bacteria,Actinomycetota,Thermoleophilia,Solirubrobacterales,Solirubrobacteraceae,Baekduia,NA
OTU_2525,OTU_2525,Bacteria,Chloroflexota,Chloroflexia,Kallotenuales,AKIW781,NA,NA
OTU_2528,OTU_2528,Bacteria,Pseudomonadota,Alphaproteobacteria,Hyphomicrobiales,Xanthobacteraceae,NA,NA
OTU_2529,OTU_2529,Bacteria,Actinomycetota,Actinobacteria,Frankiales,Sporichthyaceae,Sporichthya,NA
OTU_2531,OTU_2531,Bacteria,Planctomycetota,Planctomycetes,Planctomycetales,NA,NA,NA
OTU_2532,OTU_2532,Bacteria,Bacteroidota,Bacteroidia,Chitinophagales,Chitinophagaceae,NA,NA
OTU_2534,OTU_2534,Bacteria,Pseudomonadota,Gammaproteobacteria,Burkholderiales,Nitrosomonadaceae,MND1,NA
OTU_2535,OTU_2535,Bacteria,Chloroflexota,KD4-96,NA,NA,NA,NA
OTU_2536,OTU_2536,Bacteria,Pseudomonadota,Gammaproteobacteria,Pseudomonadales,Pseudomonadaceae,Pseudomonas,NA
OTU_2537,OTU_2537,Bacteria,Actinomycetota,Actinobacteria,Streptosporangiales,Thermomonosporaceae,Actinoallomurus,NA
OTU_2538,OTU_2538,Bacteria,Actinomycetota,Acidimicrobiia,Microtrichales,Iamiaceae,Iamia,NA
OTU_2539,OTU_2539,Bacteria,Pseudomonadota,Alphaproteobacteria,Hyphomicrobiales,NA,NA,NA
OTU_2542,OTU_2542,Bacteria,Verrucomicrobiota,Verrucomicrobiia,Chthoniobacterales,Chthoniobacteraceae,Candidatus Udaeobacter,NA
OTU_2543,OTU_2543,Bacteria,Planctomycetota,Phycisphaerae,Tepidisphaerales,WD2101 soil group,NA,NA
OTU_2546,OTU_2546,Bacteria,Actinomycetota,Actinobacteria,Frankiales,Nakamurellaceae,Nakamurella,NA
OTU_2547,OTU_2547,Bacteria,Planctomycetota,Planctomycetes,Pirellulales,Pirellulaceae,Pirellula,NA
OTU_2550,OTU_2550,Bacteria,Verrucomicrobiota,Verrucomicrobiia,Chthoniobacterales,Chthoniobacteraceae,Candidatus Udaeobacter,NA
OTU_2552,OTU_2552,Bacteria,Planctomycetota,Planctomycetes,Gemmatales,Gemmataceae,Gemmata,NA
OTU_2554,OTU_2554,Bacteria,Myxococcota,Polyangiia,Polyangiales,BIrii41,NA,NA
OTU_2558,OTU_2558,Bacteria,Bacteroidota,Bacteroidia,Chitinophagales,Chitinophagaceae,NA,NA
OTU_2559,OTU_2559,Bacteria,Chloroflexota,Chloroflexia,Thermomicrobiales,JG30-KF-CM45,NA,NA
OTU_2562,OTU_2562,Bacteria,Actinomycetota,Acidimicrobiia,Microtrichales,NA,NA,NA
OTU_2563,OTU_2563,Bacteria,Actinomycetota,Thermoleophilia,Solirubrobacterales,67-14,NA,NA
OTU_2565,OTU_2565,Bacteria,Pseudomonadota,Gammaproteobacteria,Burkholderiales,Comamonadaceae,Ramlibacter,NA
OTU_2566,OTU_2566,Bacteria,Acidobacteriota,Thermoanaerobaculia,Thermoanaerobaculales,Thermoanaerobaculaceae,Subgroup 10,NA
OTU_2568,OTU_2568,Bacteria,Actinomycetota,Acidimicrobiia,Acidimicrobiales,Acidimicrobiaceae,Acidiferrimicrobium,NA
OTU_2569,OTU_2569,Bacteria,Verrucomicrobiota,Verrucomicrobiia,Chthoniobacterales,Chthoniobacteraceae,Candidatus Udaeobacter,NA
OTU_2570,OTU_2570,Bacteria,Actinomycetota,Acidimicrobiia,Acidimicrobiales,Acidimicrobiaceae,NA,NA
OTU_2572,OTU_2572,Bacteria,Bacteroidota,Bacteroidia,Chitinophagales,Chitinophagaceae,Segetibacter,NA
OTU_2577,OTU_2577,Bacteria,Planctomycetota,Planctomycetes,Pirellulales,Pirellulaceae,Pirellula,NA
OTU_2579,OTU_2579,Bacteria,Actinomycetota,Actinobacteria,Micrococcales,Micrococcaceae,Arthrobacter,NA
OTU_2580,OTU_2580,Bacteria,Myxococcota,Polyangiia,Haliangiales,Haliangiaceae,NA,NA
OTU_2581,OTU_2581,Bacteria,Actinomycetota,Actinobacteria,Propionibacteriales,Nocardioidaceae,Nocardioides,NA
OTU_2582,OTU_2582,Bacteria,Actinomycetota,Actinobacteria,NA,NA,NA,NA
OTU_2583,OTU_2583,Bacteria,Pseudomonadota,Gammaproteobacteria,Burkholderiales,Nitrosomonadaceae,Ellin6067,NA
OTU_2584,OTU_2584,Bacteria,Chloroflexota,Chloroflexia,Chloroflexales,Roseiflexaceae,NA,NA
OTU_2586,OTU_2586,Bacteria,Pseudomonadota,Gammaproteobacteria,Burkholderiales,Burkholderiaceae,Burkholderia-Caballeronia-Paraburkholderia,terricola
OTU_2587,OTU_2587,Bacteria,Acidobacteriota,Acidobacteriae,NA,NA,NA,NA
OTU_2588,OTU_2588,Bacteria,Verrucomicrobiota,Verrucomicrobiia,Opitutales,Opitutaceae,Opitutus,NA
OTU_2589,OTU_2589,Bacteria,Pseudomonadota,Alphaproteobacteria,Hyphomicrobiales,Labraceae,Labrys,NA
OTU_2590,OTU_2590,Bacteria,Planctomycetota,OM190,NA,NA,NA,NA
OTU_2591,OTU_2591,Bacteria,Planctomycetota,Planctomycetes,Pirellulales,Pirellulaceae,NA,NA
OTU_2592,OTU_2592,Bacteria,Actinomycetota,Actinobacteria,Pseudonocardiales,Pseudonocardiaceae,Actinophytocola,NA
OTU_2596,OTU_2596,Bacteria,Pseudomonadota,Alphaproteobacteria,Tistrellales,Geminicoccaceae,Candidatus Alysiosphaera,NA
OTU_2600,OTU_2600,Bacteria,Acidobacteriota,Vicinamibacteria,Vicinamibacterales,NA,NA,NA
OTU_2603,OTU_2603,Bacteria,Actinomycetota,Thermoleophilia,Solirubrobacterales,Solirubrobacteraceae,NA,NA
OTU_2604,OTU_2604,Bacteria,Actinomycetota,Thermoleophilia,Solirubrobacterales,Solirubrobacteraceae,Solirubrobacter,NA
OTU_2605,OTU_2605,Bacteria,Actinomycetota,Actinobacteria,Kitasatosporales,Streptomycetaceae,NA,alni
OTU_2606,OTU_2606,Bacteria,Acidobacteriota,Subgroup 22,NA,NA,NA,NA
OTU_2609,OTU_2609,Bacteria,Acidobacteriota,Vicinamibacteria,Subgroup 17,NA,NA,NA
OTU_2610,OTU_2610,Bacteria,Pseudomonadota,Gammaproteobacteria,Burkholderiales,SC-I-84,NA,NA
OTU_2613,OTU_2613,Bacteria,Actinomycetota,Actinobacteria,Mycobacteriales,Nocardiaceae,Nocardia,NA
OTU_2618,OTU_2618,Bacteria,Bacteroidota,Bacteroidia,Chitinophagales,Chitinophagaceae,Aurantisolimonas,NA
OTU_2619,OTU_2619,Bacteria,Pseudomonadota,Gammaproteobacteria,Burkholderiales,TRA3-20,NA,NA
OTU_2622,OTU_2622,Bacteria,Actinomycetota,Actinobacteria,Pseudonocardiales,Pseudonocardiaceae,NA,NA
OTU_2624,OTU_2624,Bacteria,Actinomycetota,Actinobacteria,Propionibacteriales,Nocardioidaceae,Nocardioides,NA
OTU_2626,OTU_2626,Bacteria,Thermodesulfobacteriota,NA,NA,NA,NA,NA
OTU_2629,OTU_2629,Bacteria,Pseudomonadota,Gammaproteobacteria,Enterobacterales,Psychromonadaceae,Psychromonas,NA
OTU_2630,OTU_2630,Bacteria,Myxococcota,Polyangiia,Polyangiales,Sandaracinaceae,NA,NA
OTU_2631,OTU_2631,Bacteria,Chloroflexota,Chloroflexia,Chloroflexales,Roseiflexaceae,NA,NA
OTU_2632,OTU_2632,Bacteria,Planctomycetota,Phycisphaerae,Tepidisphaerales,WD2101 soil group,NA,NA
OTU_2635,OTU_2635,Bacteria,Actinomycetota,Thermoleophilia,Solirubrobacterales,67-14,NA,NA
OTU_2636,OTU_2636,Bacteria,Pseudomonadota,Gammaproteobacteria,Burkholderiales,Nitrosomonadaceae,MND1,NA
OTU_2639,OTU_2639,Bacteria,Myxococcota,Polyangiia,Haliangiales,Haliangiaceae,NA,NA
OTU_2643,OTU_2643,Bacteria,Planctomycetota,Planctomycetes,Gemmatales,Gemmataceae,NA,NA
OTU_2646,OTU_2646,Bacteria,Planctomycetota,Planctomycetes,Gemmatales,Gemmataceae,Gemmata,NA
OTU_2648,OTU_2648,Bacteria,Pseudomonadota,Gammaproteobacteria,Burkholderiales,Nitrosomonadaceae,mle1-7,NA
OTU_2649,OTU_2649,Bacteria,Acidobacteriota,Thermoanaerobaculia,Thermoanaerobaculales,Thermoanaerobaculaceae,Subgroup 10,NA
OTU_2650,OTU_2650,Bacteria,Actinomycetota,Actinobacteria,Frankiales,Frankiaceae,Jatrophihabitans,NA
OTU_2651,OTU_2651,Bacteria,Verrucomicrobiota,Verrucomicrobiia,Chthoniobacterales,Chthoniobacteraceae,Candidatus Udaeobacter,NA
OTU_2652,OTU_2652,Bacteria,Pseudomonadota,Alphaproteobacteria,Hyphomicrobiales,Hyphomicrobiaceae,Hyphomicrobium,NA
OTU_2654,OTU_2654,Bacteria,Pseudomonadota,Alphaproteobacteria,Acetobacterales,Acetobacteraceae,Roseomonas,vinacea
OTU_2655,OTU_2655,Bacteria,Myxococcota,Polyangiia,Haliangiales,Haliangiaceae,NA,NA
OTU_2656,OTU_2656,Bacteria,Pseudomonadota,Gammaproteobacteria,Lysobacterales,Lysobacteraceae,Lysobacter,NA
OTU_2659,OTU_2659,Bacteria,Acidobacteriota,Vicinamibacteria,Vicinamibacterales,NA,NA,NA
OTU_2660,OTU_2660,Bacteria,Acidobacteriota,Vicinamibacteria,Vicinamibacterales,Vicinamibacteraceae,NA,NA
OTU_2661,OTU_2661,Bacteria,Bacteroidota,Bacteroidia,Chitinophagales,Chitinophagaceae,NA,NA
OTU_2662,OTU_2662,Bacteria,Actinomycetota,Thermoleophilia,NA,NA,NA,NA
OTU_2667,OTU_2667,Bacteria,Planctomycetota,Phycisphaerae,Tepidisphaerales,WD2101 soil group,NA,NA
OTU_2670,OTU_2670,Bacteria,Actinomycetota,Thermoleophilia,Solirubrobacterales,67-14,NA,NA
OTU_2672,OTU_2672,Bacteria,Actinomycetota,Thermoleophilia,Solirubrobacterales,Solirubrobacteraceae,Solirubrobacter,NA
OTU_2673,OTU_2673,Bacteria,Actinomycetota,Thermoleophilia,Solirubrobacterales,Solirubrobacteraceae,Conexibacter,NA
OTU_2674,OTU_2674,Bacteria,Patescibacteria,Saccharimonadia,Saccharimonadales,Saccharimonadaceae,TM7a,NA
OTU_2675,OTU_2675,Bacteria,Planctomycetota,Planctomycetes,Gemmatales,Gemmataceae,Zavarzinella,NA
OTU_2676,OTU_2676,Bacteria,Actinomycetota,Acidimicrobiia,Acidimicrobiales,Acidimicrobiaceae,NA,NA
OTU_2680,OTU_2680,Bacteria,Actinomycetota,Actinobacteria,Propionibacteriales,Nocardioidaceae,Nocardioides,NA
OTU_2681,OTU_2681,Bacteria,Actinomycetota,Thermoleophilia,Gaiellales,NA,NA,NA
OTU_2683,OTU_2683,Bacteria,Planctomycetota,Planctomycetes,Isosphaerales,Isosphaeraceae,NA,NA
OTU_2685,OTU_2685,Bacteria,Pseudomonadota,Gammaproteobacteria,Steroidobacterales,Steroidobacteraceae,Steroidobacter,NA
OTU_2688,OTU_2688,Bacteria,Actinomycetota,Actinobacteria,Frankiales,Geodermatophilaceae,Modestobacter,NA
OTU_2689,OTU_2689,Bacteria,Gemmatimonadota,Gemmatimonadia,Gemmatimonadales,Gemmatimonadaceae,Gemmatimonas,NA
OTU_2690,OTU_2690,Bacteria,Verrucomicrobiota,Verrucomicrobiia,Chthoniobacterales,Chthoniobacteraceae,Candidatus Udaeobacter,NA
OTU_2693,OTU_2693,Bacteria,Actinomycetota,Thermoleophilia,Solirubrobacterales,Solirubrobacteraceae,Baekduia,NA
OTU_2694,OTU_2694,Bacteria,Planctomycetota,Planctomycetes,Pirellulales,Pirellulaceae,NA,NA
OTU_2695,OTU_2695,Bacteria,Pseudomonadota,Alphaproteobacteria,Tistrellales,Geminicoccaceae,Candidatus Alysiosphaera,NA
OTU_2698,OTU_2698,Bacteria,Actinomycetota,Actinobacteria,Streptosporangiales,Thermomonosporaceae,Actinocorallia,NA
OTU_2699,OTU_2699,Bacteria,Gemmatimonadota,Gemmatimonadia,Gemmatimonadales,Gemmatimonadaceae,NA,NA
OTU_2700,OTU_2700,Bacteria,Actinomycetota,Thermoleophilia,Solirubrobacterales,Solirubrobacteraceae,Solirubrobacter,NA
OTU_2701,OTU_2701,Bacteria,Gemmatimonadota,Gemmatimonadia,Gemmatimonadales,Gemmatimonadaceae,Gemmatimonas,NA
OTU_2702,OTU_2702,Bacteria,Myxococcota,Myxococcia,Myxococcales,Myxococcaceae,NA,NA
OTU_2706,OTU_2706,Bacteria,Actinomycetota,Thermoleophilia,Gaiellales,NA,NA,NA
OTU_2708,OTU_2708,Bacteria,Myxococcota,Polyangiia,Haliangiales,Haliangiaceae,NA,NA
OTU_2710,OTU_2710,Bacteria,Acidobacteriota,Vicinamibacteria,Vicinamibacterales,NA,NA,NA
OTU_2712,OTU_2712,Bacteria,Pseudomonadota,Gammaproteobacteria,Burkholderiales,Nitrosomonadaceae,Ellin6067,NA
OTU_2713,OTU_2713,Bacteria,Bacteroidota,Bacteroidia,Sphingobacteriales,Sphingobacteriaceae,Olivibacter,NA
OTU_2715,OTU_2715,Bacteria,Acidobacteriota,Vicinamibacteria,Vicinamibacterales,Vicinamibacteraceae,NA,NA
OTU_2716,OTU_2716,Bacteria,Verrucomicrobiota,Verrucomicrobiia,Chthoniobacterales,Xiphinematobacteraceae,Candidatus Xiphinematobacter,NA
OTU_2717,OTU_2717,Bacteria,Myxococcota,Polyangiia,Polyangiales,Sandaracinaceae,NA,NA
OTU_2718,OTU_2718,Bacteria,Pseudomonadota,Gammaproteobacteria,Steroidobacterales,Steroidobacteraceae,Steroidobacter,NA
OTU_2719,OTU_2719,Bacteria,Actinomycetota,Thermoleophilia,Solirubrobacterales,Solirubrobacteraceae,Baekduia,NA
OTU_2722,OTU_2722,Bacteria,Actinomycetota,Thermoleophilia,Gaiellales,NA,NA,NA
OTU_2723,OTU_2723,Bacteria,Planctomycetota,OM190,NA,NA,NA,NA
OTU_2724,OTU_2724,Bacteria,Pseudomonadota,Alphaproteobacteria,Hyphomicrobiales,Beijerinckiaceae,NA,NA
OTU_2727,OTU_2727,Bacteria,Acidobacteriota,Blastocatellia,Blastocatellales,Blastocatellaceae,NA,NA
OTU_2728,OTU_2728,Bacteria,Acidobacteriota,Vicinamibacteria,Vicinamibacterales,NA,NA,NA
OTU_2735,OTU_2735,Bacteria,Pseudomonadota,Alphaproteobacteria,Hyphomicrobiales,Xanthobacteraceae,NA,NA
OTU_2736,OTU_2736,Bacteria,Acidobacteriota,Vicinamibacteria,Vicinamibacterales,Vicinamibacteraceae,NA,NA
OTU_2737,OTU_2737,Bacteria,Gemmatimonadota,Gemmatimonadia,Gemmatimonadales,Gemmatimonadaceae,Gemmatimonas,NA
OTU_2738,OTU_2738,Bacteria,Thermodesulfobacteriota,NA,NA,NA,NA,NA
OTU_2739,OTU_2739,Bacteria,Acidobacteriota,Acidobacteriae,Solibacterales,Solibacteraceae,Candidatus Solibacter,NA
OTU_2740,OTU_2740,Bacteria,Bacillota,Bacilli,Paenibacillales,Paenibacillaceae,Paenibacillus,harenae
OTU_2741,OTU_2741,Bacteria,Acidobacteriota,Vicinamibacteria,Vicinamibacterales,NA,NA,NA
OTU_2743,OTU_2743,Bacteria,Chloroflexota,Anaerolineae,RBG-13-54-9,NA,NA,NA
OTU_2744,OTU_2744,Bacteria,Planctomycetota,Planctomycetes,Planctomycetales,NA,NA,NA
OTU_2746,OTU_2746,Bacteria,Actinomycetota,Actinobacteria,Pseudonocardiales,Pseudonocardiaceae,Pseudonocardia,NA
OTU_2751,OTU_2751,Bacteria,Myxococcota,Polyangiia,Polyangiales,Polyangiaceae,Sorangium,NA
OTU_2752,OTU_2752,Bacteria,Pseudomonadota,Gammaproteobacteria,Gammaproteobacteria Incertae Sedis,Unknown Family,Acidibacter,NA
OTU_2753,OTU_2753,Bacteria,Pseudomonadota,Alphaproteobacteria,Acetobacterales,Acetobacteraceae,NA,NA
OTU_2754,OTU_2754,Bacteria,Pseudomonadota,Gammaproteobacteria,Steroidobacterales,Steroidobacteraceae,Steroidobacter,NA
OTU_2756,OTU_2756,Bacteria,Acidobacteriota,Acidobacteriae,Terriglobales,Acidobacteriaceae (Subgroup 1),NA,NA
OTU_2757,OTU_2757,Bacteria,Acidobacteriota,Thermoanaerobaculia,Thermoanaerobaculales,Thermoanaerobaculaceae,Subgroup 10,NA
OTU_2758,OTU_2758,Bacteria,Acidobacteriota,Subgroup 5,NA,NA,NA,NA
OTU_2759,OTU_2759,Bacteria,Verrucomicrobiota,Verrucomicrobiia,Chthoniobacterales,Chthoniobacteraceae,Chthoniobacter,NA
OTU_2760,OTU_2760,Bacteria,Actinomycetota,Actinobacteria,Propionibacteriales,Propionibacteriaceae,Microlunatus,NA
OTU_2762,OTU_2762,Bacteria,Pseudomonadota,Gammaproteobacteria,Salinisphaerales,Nevskiaceae,Polycyclovorans,NA
OTU_2763,OTU_2763,Bacteria,Acidobacteriota,Acidobacteriae,Bryobacterales,Bryobacteraceae,Bryobacter,NA
OTU_2764,OTU_2764,Bacteria,Actinomycetota,MB-A2-108,NA,NA,NA,NA
OTU_2765,OTU_2765,Bacteria,Planctomycetota,Planctomycetes,Gemmatales,Gemmataceae,NA,NA
OTU_2767,OTU_2767,Bacteria,Actinomycetota,Actinobacteria,Micromonosporales,Micromonosporaceae,NA,NA
OTU_2768,OTU_2768,Bacteria,Actinomycetota,Actinobacteria,Micromonosporales,Micromonosporaceae,NA,NA
OTU_2770,OTU_2770,Bacteria,Chloroflexota,Chloroflexia,Thermomicrobiales,JG30-KF-CM45,NA,NA
OTU_2772,OTU_2772,Bacteria,Acidobacteriota,Acidobacteriae,Terriglobales,Koribacteraceae,Candidatus Koribacter,NA
OTU_2775,OTU_2775,Bacteria,Actinomycetota,Actinobacteria,Micromonosporales,Micromonosporaceae,NA,NA
OTU_2776,OTU_2776,Bacteria,Actinomycetota,Thermoleophilia,Solirubrobacterales,67-14,NA,NA
OTU_2777,OTU_2777,Bacteria,Pseudomonadota,Gammaproteobacteria,Burkholderiales,Nitrosomonadaceae,MND1,NA
OTU_2778,OTU_2778,Bacteria,Pseudomonadota,Alphaproteobacteria,Caulobacterales,Caulobacteraceae,Phenylobacterium,NA
OTU_2780,OTU_2780,Bacteria,Acidobacteriota,Blastocatellia,??.24,NA,NA,NA
OTU_2784,OTU_2784,Bacteria,Pseudomonadota,Alphaproteobacteria,Hyphomicrobiales,Xanthobacteraceae,NA,NA
OTU_2786,OTU_2786,Bacteria,Pseudomonadota,Alphaproteobacteria,Hyphomicrobiales,Beijerinckiaceae,Enterovirga,NA
OTU_2789,OTU_2789,Bacteria,Bacteroidota,Bacteroidia,Cytophagales,Microscillaceae,NA,NA
OTU_2791,OTU_2791,Bacteria,Pseudomonadota,Gammaproteobacteria,Burkholderiales,TRA3-20,NA,NA
OTU_2793,OTU_2793,Bacteria,Verrucomicrobiota,Verrucomicrobiia,Pedosphaerales,Pedosphaeraceae,NA,NA
OTU_2794,OTU_2794,Bacteria,Acidobacteriota,Subgroup 5,NA,NA,NA,NA
OTU_2795,OTU_2795,Bacteria,Actinomycetota,Actinobacteria,Pseudonocardiales,Pseudonocardiaceae,Pseudonocardia,NA
OTU_2798,OTU_2798,Bacteria,Chloroflexota,Chloroflexia,Kallotenuales,AKIW781,NA,NA
OTU_2800,OTU_2800,Bacteria,Actinomycetota,Actinobacteria,Micromonosporales,Micromonosporaceae,Longispora,NA
OTU_2801,OTU_2801,Bacteria,Pseudomonadota,Alphaproteobacteria,Hyphomicrobiales,Xanthobacteraceae,NA,NA
OTU_2804,OTU_2804,Bacteria,Patescibacteria,Saccharimonadia,Saccharimonadales,NA,NA,NA
OTU_2806,OTU_2806,Bacteria,Planctomycetota,Phycisphaerae,Tepidisphaerales,WD2101 soil group,NA,NA
OTU_2807,OTU_2807,Bacteria,Planctomycetota,Planctomycetes,Gemmatales,Gemmataceae,Gemmata,NA
OTU_2808,OTU_2808,Bacteria,Acidobacteriota,Acidobacteriae,Solibacterales,Solibacteraceae,Candidatus Solibacter,NA
OTU_2809,OTU_2809,Bacteria,Myxococcota,Polyangiia,Polyangiales,Polyangiaceae,NA,NA
OTU_2814,OTU_2814,Bacteria,Acidobacteriota,Acidobacteriae,Bryobacterales,Bryobacteraceae,Bryobacter,NA
OTU_2816,OTU_2816,Bacteria,Pseudomonadota,Alphaproteobacteria,Micropepsales,Micropepsaceae,NA,NA
OTU_2817,OTU_2817,Bacteria,Bacteroidota,Bacteroidia,Chitinophagales,Chitinophagaceae,Puia,NA
OTU_2818,OTU_2818,Bacteria,Planctomycetota,Planctomycetes,Gemmatales,Gemmataceae,NA,NA
OTU_2831,OTU_2831,Bacteria,Pseudomonadota,Alphaproteobacteria,Hyphomicrobiales,Xanthobacteraceae,NA,NA
OTU_2832,OTU_2832,Bacteria,Pseudomonadota,Alphaproteobacteria,Acetobacterales,Acetobacteraceae,Roseomonas,NA
OTU_2833,OTU_2833,Bacteria,Actinomycetota,Thermoleophilia,Solirubrobacterales,67-14,NA,NA
OTU_2834,OTU_2834,Bacteria,Actinomycetota,Actinobacteria,Frankiales,Geodermatophilaceae,Blastococcus,NA
OTU_2835,OTU_2835,Bacteria,Actinomycetota,Actinobacteria,Frankiales,Geodermatophilaceae,Blastococcus,NA
OTU_2837,OTU_2837,Bacteria,Actinomycetota,Thermoleophilia,Gaiellales,NA,NA,NA
OTU_2843,OTU_2843,Bacteria,Chloroflexota,TK10,NA,NA,NA,NA
OTU_2850,OTU_2850,Bacteria,Actinomycetota,Actinobacteria,Frankiales,NA,NA,NA
OTU_2851,OTU_2851,Bacteria,Actinomycetota,Thermoleophilia,Solirubrobacterales,67-14,NA,NA
OTU_2853,OTU_2853,Bacteria,Gemmatimonadota,Gemmatimonadia,Gemmatimonadales,Gemmatimonadaceae,Gemmatimonas,NA
OTU_2855,OTU_2855,Bacteria,Actinomycetota,Actinobacteria,Micrococcales,Microbacteriaceae,Amnibacterium,NA
OTU_2857,OTU_2857,Bacteria,Acidobacteriota,Blastocatellia,Pyrinomonadales,Pyrinomonadaceae,NA,NA
OTU_2858,OTU_2858,Bacteria,Planctomycetota,Planctomycetes,Gemmatales,Gemmataceae,NA,NA
OTU_2859,OTU_2859,Bacteria,Planctomycetota,Phycisphaerae,Tepidisphaerales,WD2101 soil group,NA,NA
OTU_2860,OTU_2860,Bacteria,Actinomycetota,Actinobacteria,Propionibacteriales,Nocardioidaceae,Nocardioides,NA
OTU_2861,OTU_2861,Bacteria,Actinomycetota,Thermoleophilia,NA,NA,NA,NA
OTU_2862,OTU_2862,Bacteria,Acidobacteriota,Vicinamibacteria,Vicinamibacterales,Vicinamibacteraceae,NA,NA
OTU_2863,OTU_2863,Bacteria,Actinomycetota,Thermoleophilia,Solirubrobacterales,67-14,NA,NA
OTU_2865,OTU_2865,Bacteria,Pseudomonadota,Alphaproteobacteria,Hyphomicrobiales,Xanthobacteraceae,NA,NA
OTU_2869,OTU_2869,Bacteria,Pseudomonadota,Alphaproteobacteria,Acetobacterales,Acetobacteraceae,Craurococcus,NA
OTU_2870,OTU_2870,Bacteria,Pseudomonadota,Alphaproteobacteria,Acetobacterales,Acetobacteraceae,NA,NA
OTU_2872,OTU_2872,Bacteria,Pseudomonadota,Gammaproteobacteria,Burkholderiales,SC-I-84,NA,NA
OTU_2873,OTU_2873,Bacteria,Actinomycetota,Actinobacteria,Micrococcales,Microbacteriaceae,Microbacterium,kitamiense
OTU_2874,OTU_2874,Bacteria,Pseudomonadota,Gammaproteobacteria,Burkholderiales,Nitrosomonadaceae,Nitrosospira,NA
OTU_2875,OTU_2875,Bacteria,Actinomycetota,Actinobacteria,Kitasatosporales,Streptomycetaceae,Streptomyces,NA
OTU_2876,OTU_2876,Bacteria,Chloroflexota,KD4-96,NA,NA,NA,NA
OTU_2877,OTU_2877,Bacteria,Actinomycetota,Thermoleophilia,Gaiellales,NA,NA,NA
OTU_2878,OTU_2878,Bacteria,Actinomycetota,Acidimicrobiia,Microtrichales,Ilumatobacteraceae,Ilumatobacter,NA
OTU_2882,OTU_2882,Bacteria,Acidobacteriota,Vicinamibacteria,Vicinamibacterales,NA,NA,NA
OTU_2885,OTU_2885,Bacteria,Planctomycetota,Phycisphaerae,Tepidisphaerales,WD2101 soil group,NA,NA
OTU_2887,OTU_2887,Bacteria,Acidobacteriota,Thermoanaerobaculia,Thermoanaerobaculales,Thermoanaerobaculaceae,Subgroup 10,NA
OTU_2888,OTU_2888,Bacteria,Acidobacteriota,Acidobacteriae,Terriglobales,Acidobacteriaceae (Subgroup 1),Granulicella,NA
OTU_2891,OTU_2891,Bacteria,Actinomycetota,Actinobacteria,Micromonosporales,Micromonosporaceae,Actinoplanes,NA
OTU_2894,OTU_2894,Bacteria,Actinomycetota,Actinobacteria,Pseudonocardiales,Pseudonocardiaceae,Actinophytocola,NA
OTU_2895,OTU_2895,Bacteria,Pseudomonadota,Alphaproteobacteria,Sphingomonadales,Sphingomonadaceae,Sphingomonas,NA
OTU_2897,OTU_2897,Bacteria,Pseudomonadota,Alphaproteobacteria,Hyphomicrobiales,Xanthobacteraceae,NA,NA
OTU_2898,OTU_2898,Bacteria,Myxococcota,Polyangiia,Haliangiales,Haliangiaceae,NA,NA
OTU_2899,OTU_2899,Bacteria,Verrucomicrobiota,Verrucomicrobiia,Pedosphaerales,Pedosphaeraceae,Ellin517,NA
OTU_2902,OTU_2902,Bacteria,Verrucomicrobiota,Verrucomicrobiia,Opitutales,Opitutaceae,Oleiharenicola,NA
OTU_2904,OTU_2904,Bacteria,Actinomycetota,Actinobacteria,Propionibacteriales,Nocardioidaceae,Nocardioides,NA
OTU_2905,OTU_2905,Bacteria,Actinomycetota,Actinobacteria,Micrococcales,Cellulomonadaceae,Cellulomonas,NA
OTU_2907,OTU_2907,Bacteria,Verrucomicrobiota,Verrucomicrobiia,Chthoniobacterales,Chthoniobacteraceae,Candidatus Udaeobacter,NA
OTU_2908,OTU_2908,Bacteria,Actinomycetota,Thermoleophilia,Solirubrobacterales,Solirubrobacteraceae,Solirubrobacter,NA
OTU_2909,OTU_2909,Bacteria,Actinomycetota,Thermoleophilia,Solirubrobacterales,67-14,NA,NA
OTU_2910,OTU_2910,Bacteria,Chloroflexota,Chloroflexia,Thermomicrobiales,JG30-KF-CM45,NA,NA
OTU_2911,OTU_2911,Bacteria,Actinomycetota,Thermoleophilia,Solirubrobacterales,67-14,NA,NA
OTU_2913,OTU_2913,Bacteria,Actinomycetota,Actinobacteria,Micromonosporales,Micromonosporaceae,Virgisporangium,NA
OTU_2914,OTU_2914,Bacteria,Actinomycetota,Acidimicrobiia,Microtrichales,Ilumatobacteraceae,NA,NA
OTU_2916,OTU_2916,Bacteria,Chloroflexota,TK10,NA,NA,NA,NA
OTU_2917,OTU_2917,Bacteria,Myxococcota,Polyangiia,Haliangiales,Haliangiaceae,NA,NA
OTU_2919,OTU_2919,Bacteria,Bacillota,Bacilli,Paenibacillales,Paenibacillaceae,Paenibacillus,alginolyticus
OTU_2922,OTU_2922,Bacteria,Actinomycetota,Acidimicrobiia,Microtrichales,Ilumatobacteraceae,CL500-29 marine group,NA
OTU_2923,OTU_2923,Bacteria,Actinomycetota,Actinobacteria,Pseudonocardiales,Pseudonocardiaceae,Amycolatopsis,NA
OTU_2925,OTU_2925,Bacteria,Pseudomonadota,Alphaproteobacteria,Rhodospirillales,Rhodospirillaceae,NA,NA
OTU_2929,OTU_2929,Bacteria,Actinomycetota,Thermoleophilia,Solirubrobacterales,Solirubrobacteraceae,Solirubrobacter,NA
OTU_2930,OTU_2930,Bacteria,Actinomycetota,Actinobacteria,Kitasatosporales,Streptomycetaceae,Streptomyces,atratus
OTU_2933,OTU_2933,Bacteria,Pseudomonadota,Gammaproteobacteria,Lysobacterales,Rhodanobacteraceae,Dokdonella,NA
OTU_2937,OTU_2937,Bacteria,Planctomycetota,Planctomycetes,Pirellulales,Pirellulaceae,Pirellula,NA
OTU_2938,OTU_2938,Bacteria,Actinomycetota,Thermoleophilia,NA,NA,NA,NA
OTU_2939,OTU_2939,Bacteria,Pseudomonadota,Alphaproteobacteria,Acetobacterales,Acetobacteraceae,NA,NA
OTU_2940,OTU_2940,Bacteria,Verrucomicrobiota,Verrucomicrobiia,Chthoniobacterales,Chthoniobacteraceae,Candidatus Udaeobacter,NA
OTU_2941,OTU_2941,Bacteria,Chloroflexota,Chloroflexia,Thermomicrobiales,JG30-KF-CM45,NA,NA
OTU_2942,OTU_2942,Bacteria,Actinomycetota,Rubrobacteria,Rubrobacterales,Rubrobacteriaceae,Rubrobacter,NA
OTU_2943,OTU_2943,Bacteria,Myxococcota,Polyangiia,MSB-4B10,NA,NA,NA
OTU_2945,OTU_2945,Bacteria,Pseudomonadota,Alphaproteobacteria,Puniceispirillales,Puniceispirillales Incertae Sedis,Constrictibacter,NA
OTU_2947,OTU_2947,Bacteria,Bacteroidota,Bacteroidia,Flavobacteriales,Flavobacteriaceae,Flavobacterium,NA
OTU_2948,OTU_2948,Bacteria,Pseudomonadota,Gammaproteobacteria,Steroidobacterales,Steroidobacteraceae,Steroidobacter,NA
OTU_2949,OTU_2949,Bacteria,Pseudomonadota,Alphaproteobacteria,Hyphomicrobiales,Xanthobacteraceae,Pseudolabrys,NA
OTU_2952,OTU_2952,Bacteria,Entotheonellaeota,Entotheonellia,Entotheonellales,Entotheonellaceae,NA,NA
OTU_2953,OTU_2953,Bacteria,Abditibacteriota,Abditibacteriia,Abditibacteriales,Abditibacteriaceae,Abditibacterium,NA
OTU_2954,OTU_2954,Bacteria,Chloroflexota,Chloroflexia,Thermomicrobiales,JG30-KF-CM45,NA,NA
OTU_2955,OTU_2955,Bacteria,Planctomycetota,Planctomycetes,Pirellulales,Pirellulaceae,Pirellula,NA
OTU_2959,OTU_2959,Bacteria,Planctomycetota,Planctomycetes,Planctomycetales,Rubinisphaeraceae,SH-PL14,NA
OTU_2963,OTU_2963,Bacteria,Actinomycetota,Thermoleophilia,Gaiellales,NA,NA,NA
OTU_2968,OTU_2968,Bacteria,Acidobacteriota,Vicinamibacteria,Vicinamibacterales,NA,NA,NA
OTU_2969,OTU_2969,Bacteria,Verrucomicrobiota,Verrucomicrobiia,Pedosphaerales,Pedosphaeraceae,NA,NA
OTU_2971,OTU_2971,Bacteria,Acidobacteriota,Blastocatellia,Blastocatellales,Blastocatellaceae,Blastocatella,NA
OTU_2973,OTU_2973,Bacteria,Planctomycetota,Planctomycetes,Pirellulales,Pirellulaceae,NA,NA
OTU_2974,OTU_2974,Bacteria,Myxococcota,Polyangiia,Haliangiales,Haliangiaceae,NA,NA
OTU_2976,OTU_2976,Bacteria,Verrucomicrobiota,Verrucomicrobiia,Chthoniobacterales,Chthoniobacteraceae,Chthoniobacter,NA
OTU_2977,OTU_2977,Bacteria,Actinomycetota,MB-A2-108,NA,NA,NA,NA
OTU_2978,OTU_2978,Bacteria,Pseudomonadota,Alphaproteobacteria,Hyphomicrobiales,Beijerinckiaceae,Psychroglaciecola,NA
OTU_2979,OTU_2979,Bacteria,Pseudomonadota,Gammaproteobacteria,Burkholderiales,Oxalobacteraceae,Massilia,NA
OTU_2983,OTU_2983,Bacteria,Acidobacteriota,Acidobacteriae,Terriglobales,Acidobacteriaceae (Subgroup 1),NA,NA
OTU_2985,OTU_2985,Bacteria,Actinomycetota,Acidimicrobiia,Microtrichales,Ilumatobacteraceae,NA,NA
OTU_2987,OTU_2987,Bacteria,Bacteroidota,Bacteroidia,Cytophagales,Microscillaceae,Hassallia,NA
OTU_2990,OTU_2990,Bacteria,Planctomycetota,Planctomycetes,Gemmatales,Gemmataceae,NA,NA
OTU_2991,OTU_2991,Bacteria,Acidobacteriota,Vicinamibacteria,Vicinamibacterales,NA,NA,NA
OTU_2993,OTU_2993,Bacteria,Pseudomonadota,Gammaproteobacteria,Burkholderiales,A21b,NA,NA
OTU_2997,OTU_2997,Bacteria,Actinomycetota,Actinobacteria,Frankiales,Geodermatophilaceae,Geodermatophilus,NA
OTU_3000,OTU_3000,Bacteria,Actinomycetota,Actinobacteria,Frankiales,NA,NA,NA
OTU_3001,OTU_3001,Bacteria,Planctomycetota,Planctomycetes,Planctomycetales,Schlesneriaceae,Schlesneria,NA
OTU_3002,OTU_3002,Bacteria,Planctomycetota,Planctomycetes,Gemmatales,Gemmataceae,NA,NA
OTU_3003,OTU_3003,Bacteria,Gemmatimonadota,Longimicrobiia,Longimicrobiales,Longimicrobiaceae,NA,NA
OTU_3006,OTU_3006,Bacteria,Acidobacteriota,Vicinamibacteria,Vicinamibacterales,Vicinamibacteraceae,NA,NA
OTU_3009,OTU_3009,Bacteria,Planctomycetota,Planctomycetes,Gemmatales,Gemmataceae,NA,NA
OTU_3010,OTU_3010,Bacteria,Actinomycetota,Thermoleophilia,Solirubrobacterales,Solirubrobacteraceae,Baekduia,NA
OTU_3014,OTU_3014,Bacteria,Patescibacteria,Saccharimonadia,Saccharimonadales,Saccharimonadaceae,TM7a,NA
OTU_3016,OTU_3016,Bacteria,Pseudomonadota,Alphaproteobacteria,Hyphomicrobiales,Hyphomicrobiales Incertae Sedis,Bauldia,NA
OTU_3020,OTU_3020,Bacteria,Pseudomonadota,Gammaproteobacteria,Burkholderiales,Comamonadaceae,Rhizobacter,NA
OTU_3021,OTU_3021,Bacteria,Actinomycetota,Thermoleophilia,Solirubrobacterales,Solirubrobacteraceae,Baekduia,NA
OTU_3026,OTU_3026,Bacteria,Planctomycetota,Planctomycetes,Gemmatales,Gemmataceae,NA,NA
OTU_3027,OTU_3027,Bacteria,Chloroflexota,Chloroflexia,Thermomicrobiales,JG30-KF-CM45,NA,NA
OTU_3028,OTU_3028,Bacteria,Planctomycetota,Phycisphaerae,Tepidisphaerales,WD2101 soil group,NA,NA
OTU_3029,OTU_3029,Bacteria,Verrucomicrobiota,Verrucomicrobiia,Chthoniobacterales,Chthoniobacteraceae,Chthoniobacter,NA
OTU_3031,OTU_3031,Bacteria,Bacteroidota,Bacteroidia,Sphingobacteriales,Sphingobacteriaceae,Daejeonella,NA
OTU_3032,OTU_3032,Bacteria,Actinomycetota,Thermoleophilia,Gaiellales,Gaiellaceae,Gaiella,NA
OTU_3033,OTU_3033,Bacteria,Pseudomonadota,Alphaproteobacteria,Azospirillales,Azospirillaceae,Skermanella,NA
OTU_3035,OTU_3035,Bacteria,Actinomycetota,Actinobacteria,Micromonosporales,Micromonosporaceae,NA,NA
OTU_3036,OTU_3036,Bacteria,Pseudomonadota,Gammaproteobacteria,Burkholderiales,SC-I-84,NA,NA
OTU_3037,OTU_3037,Bacteria,Myxococcota,Polyangiia,Polyangiales,Sandaracinaceae,NA,NA
OTU_3038,OTU_3038,Bacteria,Pseudomonadota,Alphaproteobacteria,Hyphomicrobiales,Rhizobiaceae,NA,NA
OTU_3041,OTU_3041,Bacteria,Acidobacteriota,Vicinamibacteria,Vicinamibacterales,NA,NA,NA
OTU_3046,OTU_3046,Bacteria,Acidobacteriota,Acidobacteriae,Bryobacterales,Bryobacteraceae,Bryobacter,NA
OTU_3047,OTU_3047,Bacteria,Chloroflexota,Chloroflexia,Thermomicrobiales,JG30-KF-CM45,NA,NA
OTU_3048,OTU_3048,Bacteria,Acidobacteriota,Blastocatellia,Blastocatellales,Blastocatellaceae,Blastocatella,NA
OTU_3050,OTU_3050,Bacteria,Gemmatimonadota,Gemmatimonadia,Gemmatimonadales,Gemmatimonadaceae,NA,NA
OTU_3051,OTU_3051,Bacteria,Actinomycetota,Acidimicrobiia,Acidimicrobiales,Acidimicrobiaceae,NA,NA
OTU_3052,OTU_3052,Bacteria,Pseudomonadota,Gammaproteobacteria,Burkholderiales,Burkholderiaceae,Burkholderia-Caballeronia-Paraburkholderia,NA
OTU_3056,OTU_3056,Bacteria,Planctomycetota,Phycisphaerae,Tepidisphaerales,WD2101 soil group,NA,NA
OTU_3058,OTU_3058,Bacteria,Verrucomicrobiota,Verrucomicrobiia,Chthoniobacterales,Chthoniobacteraceae,Chthoniobacter,NA
OTU_3059,OTU_3059,Bacteria,Bacteroidota,Bacteroidia,Chitinophagales,Chitinophagaceae,Dinghuibacter,NA
OTU_3060,OTU_3060,Bacteria,Acidobacteriota,Acidobacteriae,Solibacterales,Solibacteraceae,Candidatus Solibacter,NA
OTU_3064,OTU_3064,Bacteria,Patescibacteria,Saccharimonadia,Saccharimonadales,Saccharimonadaceae,TM7a,NA
OTU_3066,OTU_3066,Bacteria,Actinomycetota,Actinobacteria,Kitasatosporales,Streptomycetaceae,Streptomyces,NA
OTU_3068,OTU_3068,Bacteria,Acidobacteriota,Vicinamibacteria,Vicinamibacterales,NA,NA,NA
OTU_3069,OTU_3069,Bacteria,Myxococcota,Polyangiia,Polyangiales,Polyangiaceae,Aetherobacter,NA
OTU_3070,OTU_3070,Bacteria,Acidobacteriota,Blastocatellia,Pyrinomonadales,Pyrinomonadaceae,NA,NA
OTU_3071,OTU_3071,Bacteria,Planctomycetota,Planctomycetes,Gemmatales,Gemmataceae,NA,NA
OTU_3072,OTU_3072,Bacteria,Actinomycetota,Actinobacteria,Streptosporangiales,Streptosporangiaceae,NA,NA
OTU_3073,OTU_3073,Bacteria,Acidobacteriota,Vicinamibacteria,Vicinamibacterales,NA,NA,NA
OTU_3075,OTU_3075,Bacteria,Acidobacteriota,Holophagae,Subgroup 7,NA,NA,NA
OTU_3076,OTU_3076,Bacteria,Planctomycetota,Planctomycetes,Isosphaerales,Isosphaeraceae,Singulisphaera,NA
OTU_3081,OTU_3081,Bacteria,Bacteroidota,Bacteroidia,Chitinophagales,NA,NA,NA
OTU_3082,OTU_3082,Bacteria,Actinomycetota,Actinobacteria,Pseudonocardiales,Pseudonocardiaceae,Actinophytocola,NA
OTU_3085,OTU_3085,Bacteria,Actinomycetota,Thermoleophilia,Solirubrobacterales,Solirubrobacteraceae,Patulibacter,NA
OTU_3087,OTU_3087,Bacteria,Planctomycetota,Planctomycetes,Gemmatales,Gemmataceae,NA,NA
OTU_3091,OTU_3091,Bacteria,Chloroflexota,Ktedonobacteria,C0119,NA,NA,NA
OTU_3093,OTU_3093,Bacteria,Chloroflexota,TK10,NA,NA,NA,NA
OTU_3094,OTU_3094,Bacteria,Gemmatimonadota,Gemmatimonadia,Gemmatimonadales,Gemmatimonadaceae,Gemmatimonas,NA
OTU_3095,OTU_3095,Bacteria,Acidobacteriota,Acidobacteriae,Subgroup 2,NA,NA,NA
OTU_3097,OTU_3097,Bacteria,Planctomycetota,Planctomycetes,Planctomycetales,NA,NA,NA
OTU_3098,OTU_3098,Bacteria,Actinomycetota,Thermoleophilia,Gaiellales,Gaiellaceae,Gaiella,NA
OTU_3099,OTU_3099,Bacteria,Pseudomonadota,Gammaproteobacteria,Burkholderiales,Comamonadaceae,Ideonella,NA
OTU_3103,OTU_3103,Bacteria,Acidobacteriota,Vicinamibacteria,Vicinamibacterales,Vicinamibacteraceae,Vicinamibacter,NA
OTU_3107,OTU_3107,Bacteria,Acidobacteriota,Blastocatellia,Pyrinomonadales,Pyrinomonadaceae,NA,NA
OTU_3108,OTU_3108,Bacteria,Verrucomicrobiota,Verrucomicrobiia,Verrucomicrobiales,Rubritaleaceae,Luteolibacter,NA
OTU_3110,OTU_3110,Bacteria,Pseudomonadota,Gammaproteobacteria,Burkholderiales,Nitrosomonadaceae,mle1-7,NA
OTU_3112,OTU_3112,Bacteria,Actinomycetota,Thermoleophilia,Gaiellales,NA,NA,NA
OTU_3113,OTU_3113,Bacteria,Planctomycetota,Planctomycetes,Isosphaerales,Isosphaeraceae,Aquisphaera,NA
OTU_3115,OTU_3115,Bacteria,Bacillota,Clostridia,Peptostreptococcales-Tissierellales,Peptostreptococcaceae,Romboutsia,sedimentorum
OTU_3117,OTU_3117,Bacteria,Actinomycetota,Actinobacteria,Pseudonocardiales,Pseudonocardiaceae,Pseudonocardia,NA
OTU_3118,OTU_3118,Bacteria,Planctomycetota,Planctomycetes,Pirellulales,Pirellulaceae,NA,NA
OTU_3120,OTU_3120,Bacteria,Planctomycetota,Phycisphaerae,Tepidisphaerales,WD2101 soil group,NA,NA
OTU_3123,OTU_3123,Bacteria,Planctomycetota,Planctomycetes,Gemmatales,Gemmataceae,NA,NA
OTU_3127,OTU_3127,Bacteria,Acidobacteriota,Acidobacteriae,Bryobacterales,Bryobacteraceae,Bryobacter,NA
OTU_3131,OTU_3131,Bacteria,Actinomycetota,Actinobacteria,Frankiales,Cryptosporangiaceae,Cryptosporangium,NA
OTU_3132,OTU_3132,Bacteria,Actinomycetota,Actinobacteria,Pseudonocardiales,Pseudonocardiaceae,Pseudonocardia,NA
OTU_3133,OTU_3133,Bacteria,Actinomycetota,Actinobacteria,Frankiales,Sporichthyaceae,NA,NA
OTU_3134,OTU_3134,Bacteria,Elusimicrobiota,Lineage IIa,NA,NA,NA,NA
OTU_3137,OTU_3137,Bacteria,Bacteroidota,Bacteroidia,Cytophagales,Hymenobacteraceae,Hymenobacter,NA
OTU_3143,OTU_3143,Bacteria,Bacillota,Bacilli,Paenibacillales,Paenibacillaceae,Paenibacillus,NA
OTU_3144,OTU_3144,Bacteria,Acidobacteriota,Blastocatellia,Pyrinomonadales,Pyrinomonadaceae,NA,NA
OTU_3145,OTU_3145,Bacteria,Planctomycetota,Planctomycetes,Gemmatales,Gemmataceae,Gemmata,NA
OTU_3146,OTU_3146,Bacteria,Planctomycetota,Planctomycetes,Isosphaerales,Isosphaeraceae,Tundrisphaera,NA
OTU_3147,OTU_3147,Bacteria,Gemmatimonadota,Gemmatimonadia,Gemmatimonadales,Gemmatimonadaceae,Gemmatimonas,NA
OTU_3152,OTU_3152,Bacteria,Acidobacteriota,Subgroup 18,NA,NA,NA,NA
OTU_3153,OTU_3153,Bacteria,Actinomycetota,Acidimicrobiia,Acidimicrobiales,Acidimicrobiaceae,Acidiferrimicrobium,NA
OTU_3156,OTU_3156,Bacteria,Pseudomonadota,Alphaproteobacteria,Hyphomicrobiales,Hyphomicrobiaceae,Hyphomicrobium,NA
OTU_3158,OTU_3158,Bacteria,Bacillota,Bacilli,Paenibacillales,Paenibacillaceae,Paenibacillus,NA
OTU_3159,OTU_3159,Bacteria,Acidobacteriota,Blastocatellia,Pyrinomonadales,Pyrinomonadaceae,NA,NA
OTU_3161,OTU_3161,Bacteria,Acidobacteriota,Acidobacteriae,Terriglobales,NA,NA,NA
OTU_3162,OTU_3162,Bacteria,Pseudomonadota,Gammaproteobacteria,Burkholderiales,Nitrosomonadaceae,IS-44,NA
OTU_3165,OTU_3165,Bacteria,Bacteroidota,Bacteroidia,Chitinophagales,Chitinophagaceae,Terrimonas,NA
OTU_3166,OTU_3166,Bacteria,Myxococcota,Polyangiia,Polyangiales,BIrii41,NA,NA
OTU_3170,OTU_3170,Bacteria,Bacillota,Bacilli,Thermoactinomycetales,Thermoactinomycetaceae,Shimazuella,NA
OTU_3172,OTU_3172,Bacteria,Actinomycetota,Actinobacteria,Pseudonocardiales,Pseudonocardiaceae,Amycolatopsis,NA
OTU_3173,OTU_3173,Bacteria,Chloroflexota,Anaerolineae,Caldilineales,Caldilineaceae,NA,NA
OTU_3174,OTU_3174,Bacteria,Planctomycetota,Planctomycetes,Gemmatales,Gemmataceae,NA,NA
OTU_3176,OTU_3176,Bacteria,Acidobacteriota,Subgroup 22,NA,NA,NA,NA
OTU_3177,OTU_3177,Bacteria,Pseudomonadota,Alphaproteobacteria,Hyphomicrobiales,Beijerinckiaceae,Enterovirga,NA
OTU_3178,OTU_3178,Bacteria,Pseudomonadota,Gammaproteobacteria,Burkholderiales,Comamonadaceae,Caenimonas,NA
OTU_3180,OTU_3180,Bacteria,Planctomycetota,Planctomycetes,Gemmatales,Gemmataceae,NA,NA
OTU_3185,OTU_3185,Bacteria,Myxococcota,Polyangiia,Polyangiales,Sandaracinaceae,NA,NA
OTU_3190,OTU_3190,Bacteria,Fibrobacterota,Fibrobacteria,Fibrobacterales,Fibrobacteraceae,possible genus 04,NA
OTU_3191,OTU_3191,Bacteria,Pseudomonadota,Gammaproteobacteria,Burkholderiales,Comamonadaceae,NA,NA
OTU_3194,OTU_3194,Bacteria,Planctomycetota,Phycisphaerae,Tepidisphaerales,WD2101 soil group,NA,NA
OTU_3195,OTU_3195,Bacteria,Planctomycetota,Phycisphaerae,Tepidisphaerales,WD2101 soil group,NA,NA
OTU_3196,OTU_3196,Bacteria,Acidobacteriota,Holophagae,Subgroup 7,NA,NA,NA
OTU_3197,OTU_3197,Bacteria,Planctomycetota,Phycisphaerae,CCM11a,NA,NA,NA
OTU_3199,OTU_3199,Bacteria,Actinomycetota,Thermoleophilia,Solirubrobacterales,Solirubrobacteraceae,Solirubrobacter,NA
OTU_3201,OTU_3201,Bacteria,Pseudomonadota,Alphaproteobacteria,Micropepsales,Micropepsaceae,NA,NA
OTU_3202,OTU_3202,Bacteria,Actinomycetota,Acidimicrobiia,Acidimicrobiales,Acidimicrobiaceae,NA,NA
OTU_3204,OTU_3204,Bacteria,Myxococcota,Polyangiia,Polyangiales,BIrii41,NA,NA
OTU_3210,OTU_3210,Bacteria,Planctomycetota,Phycisphaerae,Tepidisphaerales,WD2101 soil group,NA,NA
OTU_3211,OTU_3211,Bacteria,Pseudomonadota,Alphaproteobacteria,Caulobacterales,Hyphomonadaceae,SWB02,NA
OTU_3212,OTU_3212,Bacteria,Pseudomonadota,Gammaproteobacteria,Burkholderiales,Comamonadaceae,NA,NA
OTU_3213,OTU_3213,Bacteria,Planctomycetota,Phycisphaerae,Tepidisphaerales,WD2101 soil group,NA,NA
OTU_3216,OTU_3216,Bacteria,Pseudomonadota,Alphaproteobacteria,Sphingomonadales,Sphingomonadaceae,Sphingomonas,NA
OTU_3218,OTU_3218,Bacteria,Gemmatimonadota,Gemmatimonadia,Gemmatimonadales,Gemmatimonadaceae,NA,NA
OTU_3221,OTU_3221,Bacteria,Acidobacteriota,Blastocatellia,??.24,NA,NA,NA
OTU_3224,OTU_3224,Bacteria,Actinomycetota,Thermoleophilia,Solirubrobacterales,67-14,NA,NA
OTU_3225,OTU_3225,Bacteria,Bdellovibrionota,Bdellovibrionia,Bdellovibrionales,Pseudobdellovibrionaceae,NA,NA
OTU_3227,OTU_3227,Bacteria,Chloroflexota,Anaerolineae,Aggregatilineales,A4b,NA,NA
OTU_3228,OTU_3228,Bacteria,Acidobacteriota,Vicinamibacteria,Vicinamibacterales,NA,NA,NA
OTU_3229,OTU_3229,Bacteria,Acidobacteriota,Acidobacteriae,Solibacterales,Solibacteraceae,Candidatus Solibacter,NA
OTU_3230,OTU_3230,Bacteria,Patescibacteria,Saccharimonadia,Saccharimonadales,LWQ8,NA,NA
OTU_3233,OTU_3233,Bacteria,Actinomycetota,Actinobacteria,Frankiales,Geodermatophilaceae,Modestobacter,NA
OTU_3234,OTU_3234,Bacteria,Pseudomonadota,Gammaproteobacteria,Burkholderiales,SC-I-84,NA,NA
OTU_3235,OTU_3235,Bacteria,Planctomycetota,Phycisphaerae,Tepidisphaerales,WD2101 soil group,NA,NA
OTU_3237,OTU_3237,Bacteria,Actinomycetota,Actinobacteria,Streptosporangiales,Thermomonosporaceae,Actinoallomurus,NA
OTU_3239,OTU_3239,Bacteria,Acidobacteriota,Blastocatellia,Pyrinomonadales,Pyrinomonadaceae,NA,NA
OTU_3240,OTU_3240,Bacteria,Planctomycetota,OM190,NA,NA,NA,NA
OTU_3241,OTU_3241,Bacteria,Planctomycetota,Planctomycetes,Gemmatales,Gemmataceae,NA,NA
OTU_3242,OTU_3242,Bacteria,Acidobacteriota,Subgroup 5,NA,NA,NA,NA
OTU_3245,OTU_3245,Bacteria,Actinomycetota,Thermoleophilia,Solirubrobacterales,Solirubrobacteraceae,Solirubrobacter,NA
OTU_3247,OTU_3247,Bacteria,Acidobacteriota,Vicinamibacteria,Vicinamibacterales,Vicinamibacteraceae,NA,NA
OTU_3249,OTU_3249,Bacteria,Acidobacteriota,Acidobacteriae,Solibacterales,Solibacteraceae,Candidatus Solibacter,NA
OTU_3253,OTU_3253,Bacteria,Acidobacteriota,Acidobacteriae,Solibacterales,Solibacteraceae,Candidatus Solibacter,NA
OTU_3254,OTU_3254,Bacteria,Actinomycetota,Actinobacteria,Micromonosporales,Micromonosporaceae,Krasilnikovia,NA
OTU_3256,OTU_3256,Bacteria,Actinomycetota,Acidimicrobiia,Acidimicrobiales,Acidimicrobiaceae,Acidiferrimicrobium,NA
OTU_3257,OTU_3257,Bacteria,Actinomycetota,Thermoleophilia,Gaiellales,NA,NA,NA
OTU_3259,OTU_3259,Bacteria,Pseudomonadota,Alphaproteobacteria,Hyphomicrobiales,Xanthobacteraceae,Starkeya,novella
OTU_3261,OTU_3261,Bacteria,Planctomycetota,Planctomycetes,Pirellulales,Pirellulaceae,Pir4 lineage,NA
OTU_3262,OTU_3262,Bacteria,Chloroflexota,KD4-96,NA,NA,NA,NA
OTU_3263,OTU_3263,Bacteria,Chloroflexota,Anaerolineae,Caldilineales,Caldilineaceae,NA,NA
OTU_3265,OTU_3265,Bacteria,Actinomycetota,Actinobacteria,Pseudonocardiales,Pseudonocardiaceae,Pseudonocardia,NA
OTU_3266,OTU_3266,Bacteria,Planctomycetota,Planctomycetes,Pirellulales,Pirellulaceae,NA,NA
OTU_3267,OTU_3267,Bacteria,Pseudomonadota,Alphaproteobacteria,Hyphomicrobiales,Hyphomicrobiales Incertae Sedis,NA,NA
OTU_3268,OTU_3268,Bacteria,Actinomycetota,Thermoleophilia,Gaiellales,Gaiellaceae,Gaiella,NA
OTU_3269,OTU_3269,Bacteria,Thermodesulfobacteriota,NA,NA,NA,NA,NA
OTU_3270,OTU_3270,Bacteria,Myxococcota,Polyangiia,Polyangiales,Polyangiaceae,Pajaroellobacter,NA
OTU_3272,OTU_3272,Bacteria,Actinomycetota,Actinobacteria,Micromonosporales,Micromonosporaceae,Virgisporangium,NA
OTU_3273,OTU_3273,Bacteria,Actinomycetota,Actinobacteria,Propionibacteriales,Propionibacteriaceae,Microlunatus,NA
OTU_3274,OTU_3274,Bacteria,Planctomycetota,Planctomycetes,Gemmatales,Gemmataceae,Gemmata,NA
OTU_3281,OTU_3281,Bacteria,Planctomycetota,Planctomycetes,Planctomycetales,Schlesneriaceae,Schlesneria,NA
OTU_3282,OTU_3282,Bacteria,Pseudomonadota,Alphaproteobacteria,Rhodospirillales,NA,NA,NA
OTU_3283,OTU_3283,Bacteria,Actinomycetota,Thermoleophilia,Gaiellales,NA,NA,NA
OTU_3284,OTU_3284,Bacteria,Pseudomonadota,Alphaproteobacteria,Hyphomicrobiales,Beijerinckiaceae,Psychroglaciecola,NA
OTU_3285,OTU_3285,Bacteria,Actinomycetota,Thermoleophilia,Solirubrobacterales,Solirubrobacteraceae,Conexibacter,NA
OTU_3287,OTU_3287,Bacteria,Acidobacteriota,Blastocatellia,??.24,NA,NA,NA
OTU_3289,OTU_3289,Bacteria,Chloroflexota,Ktedonobacteria,C0119,NA,NA,NA
OTU_3290,OTU_3290,Bacteria,Pseudomonadota,Alphaproteobacteria,Hyphomicrobiales,Rhizobiaceae,NA,NA
OTU_3294,OTU_3294,Bacteria,Pseudomonadota,Alphaproteobacteria,Azospirillales,Azospirillaceae,NA,NA
OTU_3296,OTU_3296,Bacteria,Bacillota,Bacilli,Bacillales,Bacillaceae,NA,NA
OTU_3299,OTU_3299,Bacteria,Verrucomicrobiota,Verrucomicrobiia,Chthoniobacterales,Chthoniobacteraceae,Chthoniobacter,NA
OTU_3300,OTU_3300,Bacteria,Actinomycetota,Actinobacteria,Propionibacteriales,Nocardioidaceae,Nocardioides,NA
OTU_3301,OTU_3301,Bacteria,Acidobacteriota,Holophagae,Subgroup 7,NA,NA,NA
OTU_3302,OTU_3302,Bacteria,Verrucomicrobiota,Verrucomicrobiia,Verrucomicrobiales,Verrucomicrobiaceae,Roseimicrobium,NA
OTU_3303,OTU_3303,Bacteria,Pseudomonadota,Alphaproteobacteria,Hyphomicrobiales,NA,NA,NA
OTU_3304,OTU_3304,Bacteria,RCP2-54,NA,NA,NA,NA,NA
OTU_3305,OTU_3305,Bacteria,Gemmatimonadota,Gemmatimonadia,Gemmatimonadales,Gemmatimonadaceae,Gemmatimonas,NA
OTU_3307,OTU_3307,Bacteria,WS2,NA,NA,NA,NA,NA
OTU_3308,OTU_3308,Bacteria,Acidobacteriota,Subgroup 25,NA,NA,NA,NA
OTU_3310,OTU_3310,Bacteria,Actinomycetota,Actinobacteria,Kineosporiales,Kineosporiaceae,Angustibacter,NA
OTU_3312,OTU_3312,Bacteria,Pseudomonadota,Gammaproteobacteria,Burkholderiales,Oxalobacteraceae,NA,NA
OTU_3313,OTU_3313,Bacteria,Acidobacteriota,Acidobacteriae,Bryobacterales,Bryobacteraceae,Bryobacter,NA
OTU_3316,OTU_3316,Bacteria,Entotheonellaeota,Entotheonellia,Entotheonellales,Entotheonellaceae,NA,NA
OTU_3319,OTU_3319,Bacteria,Chloroflexota,Dehalococcoidia,S085,NA,NA,NA
OTU_3324,OTU_3324,Bacteria,Bacteroidota,Bacteroidia,Sphingobacteriales,Sphingobacteriaceae,Mucilaginibacter,NA
OTU_3326,OTU_3326,Bacteria,Bacteroidota,Bacteroidia,Chitinophagales,Chitinophagaceae,Panacibacter,NA
OTU_3328,OTU_3328,Bacteria,Chloroflexota,AD3,NA,NA,NA,NA
OTU_3331,OTU_3331,Bacteria,Chloroflexota,Chloroflexia,Chloroflexales,Roseiflexaceae,NA,NA
OTU_3332,OTU_3332,Bacteria,Planctomycetota,Planctomycetes,Gemmatales,Gemmataceae,Fimbriiglobus,NA
OTU_3333,OTU_3333,Bacteria,Chloroflexota,Chloroflexia,Thermomicrobiales,JG30-KF-CM45,NA,NA
OTU_3335,OTU_3335,Bacteria,Acidobacteriota,Vicinamibacteria,Vicinamibacterales,NA,NA,NA
OTU_3336,OTU_3336,Bacteria,Bacteroidota,Bacteroidia,Sphingobacteriales,AKYH767,NA,NA
OTU_3337,OTU_3337,Bacteria,Pseudomonadota,Gammaproteobacteria,Burkholderiales,Oxalobacteraceae,Massilia,NA
OTU_3338,OTU_3338,Bacteria,Pseudomonadota,Alphaproteobacteria,Hyphomicrobiales,Rhizobiaceae,Mesorhizobium,NA
OTU_3340,OTU_3340,Bacteria,Acidobacteriota,Blastocatellia,Pyrinomonadales,Pyrinomonadaceae,NA,NA
OTU_3343,OTU_3343,Bacteria,Actinomycetota,Actinobacteria,Kitasatosporales,Streptomycetaceae,Streptomyces,NA
OTU_3348,OTU_3348,Bacteria,Planctomycetota,Phycisphaerae,Tepidisphaerales,WD2101 soil group,NA,NA
OTU_3352,OTU_3352,Bacteria,Acidobacteriota,Blastocatellia,Pyrinomonadales,Pyrinomonadaceae,Arenimicrobium,NA
OTU_3355,OTU_3355,Bacteria,Pseudomonadota,Alphaproteobacteria,Sphingomonadales,Sphingomonadaceae,Sphingomonas,NA
OTU_3357,OTU_3357,Bacteria,Bacteroidota,Bacteroidia,Cytophagales,Spirosomataceae,Spirosoma,NA
OTU_3360,OTU_3360,Bacteria,Myxococcota,Polyangiia,Haliangiales,Haliangiaceae,NA,NA
OTU_3362,OTU_3362,Bacteria,Acidobacteriota,Vicinamibacteria,Vicinamibacterales,Vicinamibacteraceae,NA,NA
OTU_3363,OTU_3363,Bacteria,Actinomycetota,Acidimicrobiia,Acidimicrobiales,Acidimicrobiaceae,Acidiferrimicrobium,NA
OTU_3364,OTU_3364,Bacteria,Actinomycetota,Thermoleophilia,Gaiellales,Gaiellaceae,Gaiella,NA
OTU_3365,OTU_3365,Bacteria,Pseudomonadota,Gammaproteobacteria,Burkholderiales,A21b,NA,NA
OTU_3366,OTU_3366,Bacteria,Planctomycetota,Planctomycetes,Isosphaerales,Isosphaeraceae,NA,NA
OTU_3369,OTU_3369,Bacteria,Pseudomonadota,Gammaproteobacteria,Gammaproteobacteria Incertae Sedis,Unknown Family,Acidibacter,NA
OTU_3370,OTU_3370,Bacteria,Bacteroidota,Bacteroidia,Cytophagales,Microscillaceae,Ohtaekwangia,NA
OTU_3371,OTU_3371,Bacteria,Verrucomicrobiota,Verrucomicrobiia,Chthoniobacterales,Chthoniobacteraceae,Candidatus Udaeobacter,NA
OTU_3372,OTU_3372,Bacteria,Bacteroidota,Bacteroidia,Cytophagales,Microscillaceae,Ohtaekwangia,NA
OTU_3376,OTU_3376,Bacteria,Planctomycetota,Phycisphaerae,Tepidisphaerales,WD2101 soil group,NA,NA
OTU_3377,OTU_3377,Bacteria,Chloroflexota,TK10,NA,NA,NA,NA
OTU_3380,OTU_3380,Bacteria,Acidobacteriota,Subgroup 5,NA,NA,NA,NA
OTU_3381,OTU_3381,Bacteria,Verrucomicrobiota,Verrucomicrobiia,Chthoniobacterales,Chthoniobacteraceae,Candidatus Udaeobacter,NA
OTU_3382,OTU_3382,Bacteria,Bacteroidota,Bacteroidia,Chitinophagales,Chitinophagaceae,UTBCD1,NA
OTU_3385,OTU_3385,Bacteria,Actinomycetota,Actinobacteria,Pseudonocardiales,Pseudonocardiaceae,Pseudonocardia,NA
OTU_3386,OTU_3386,Bacteria,Acidobacteriota,Vicinamibacteria,Vicinamibacterales,NA,NA,NA
OTU_3388,OTU_3388,Bacteria,Acidobacteriota,Acidobacteriae,Bryobacterales,Bryobacteraceae,Bryobacter,NA
OTU_3389,OTU_3389,Bacteria,Actinomycetota,Acidimicrobiia,Microtrichales,Iamiaceae,Aquihabitans,NA
OTU_3392,OTU_3392,Bacteria,Actinomycetota,Actinobacteria,Frankiales,NA,NA,NA
OTU_3393,OTU_3393,Bacteria,Acidobacteriota,Vicinamibacteria,Vicinamibacterales,NA,NA,NA
OTU_3396,OTU_3396,Bacteria,Actinomycetota,Actinobacteria,Propionibacteriales,Nocardioidaceae,Nocardioides,NA
OTU_3400,OTU_3400,Bacteria,Actinomycetota,Thermoleophilia,Gaiellales,NA,NA,NA
OTU_3401,OTU_3401,Bacteria,Chloroflexota,Anaerolineae,Anaerolineales,Anaerolineaceae,NA,NA
OTU_3402,OTU_3402,Bacteria,Acidobacteriota,Subgroup 22,NA,NA,NA,NA
OTU_3406,OTU_3406,Bacteria,Actinomycetota,Actinobacteria,Kineosporiales,Kineosporiaceae,Kineosporia,NA
OTU_3411,OTU_3411,Bacteria,Planctomycetota,Planctomycetes,Gemmatales,Gemmataceae,Fimbriiglobus,NA
OTU_3415,OTU_3415,Bacteria,Acidobacteriota,Vicinamibacteria,Vicinamibacterales,NA,NA,NA
OTU_3418,OTU_3418,Bacteria,Acidobacteriota,Acidobacteriae,Bryobacterales,Bryobacteraceae,Bryobacter,NA
OTU_3420,OTU_3420,Bacteria,Planctomycetota,Planctomycetes,Planctomycetales,NA,NA,NA
OTU_3422,OTU_3422,Bacteria,Planctomycetota,Planctomycetes,Isosphaerales,Isosphaeraceae,Singulisphaera,NA
OTU_3423,OTU_3423,Bacteria,Bacteroidota,Bacteroidia,Sphingobacteriales,Sphingobacteriaceae,Mucilaginibacter,NA
OTU_3424,OTU_3424,Bacteria,Planctomycetota,Planctomycetes,Gemmatales,Gemmataceae,NA,NA
OTU_3425,OTU_3425,Bacteria,Actinomycetota,Actinobacteria,Micromonosporales,Micromonosporaceae,NA,NA
OTU_3426,OTU_3426,Bacteria,Actinomycetota,Actinobacteria,Micromonosporales,Micromonosporaceae,Stackebrandtia,NA
OTU_3428,OTU_3428,Bacteria,Patescibacteria,Saccharimonadia,Saccharimonadales,LWQ8,NA,NA
OTU_3429,OTU_3429,Bacteria,Pseudomonadota,Alphaproteobacteria,Hyphomicrobiales,Xanthobacteraceae,NA,NA
OTU_3430,OTU_3430,Bacteria,Verrucomicrobiota,Verrucomicrobiia,Pedosphaerales,Pedosphaeraceae,NA,NA
OTU_3433,OTU_3433,Bacteria,Myxococcota,Polyangiia,Haliangiales,Haliangiaceae,NA,NA
OTU_3434,OTU_3434,Bacteria,Actinomycetota,MB-A2-108,NA,NA,NA,NA
OTU_3436,OTU_3436,Bacteria,Verrucomicrobiota,Verrucomicrobiia,Pedosphaerales,Pedosphaeraceae,NA,NA
OTU_3439,OTU_3439,Bacteria,Pseudomonadota,Alphaproteobacteria,Hyphomicrobiales,Beijerinckiaceae,Psychroglaciecola,NA
OTU_3442,OTU_3442,Bacteria,Pseudomonadota,Alphaproteobacteria,Caulobacterales,Hyphomonadaceae,SWB02,NA
OTU_3443,OTU_3443,Bacteria,Planctomycetota,Planctomycetes,Gemmatales,Gemmataceae,Gemmata,NA
OTU_3444,OTU_3444,Bacteria,Pseudomonadota,Alphaproteobacteria,Hyphomicrobiales,Xanthobacteraceae,NA,NA
OTU_3445,OTU_3445,Bacteria,Actinomycetota,Actinobacteria,Pseudonocardiales,Pseudonocardiaceae,Actinophytocola,NA
OTU_3447,OTU_3447,Bacteria,Gemmatimonadota,Gemmatimonadia,Gemmatimonadales,Gemmatimonadaceae,NA,NA
OTU_3448,OTU_3448,Bacteria,Gemmatimonadota,Gemmatimonadia,Gemmatimonadales,Gemmatimonadaceae,Gemmatimonas,NA
OTU_3449,OTU_3449,Bacteria,Bacteroidota,Bacteroidia,Flavobacteriales,NS9 marine group,NA,NA
OTU_3454,OTU_3454,Bacteria,Acidobacteriota,Vicinamibacteria,Vicinamibacterales,Vicinamibacteraceae,NA,NA
OTU_3458,OTU_3458,Bacteria,Bacteroidota,Bacteroidia,Chitinophagales,Chitinophagaceae,Flavitalea,NA
OTU_3461,OTU_3461,Bacteria,Planctomycetota,Planctomycetes,Gemmatales,Gemmataceae,NA,NA
OTU_3462,OTU_3462,Bacteria,Pseudomonadota,Alphaproteobacteria,Hyphomicrobiales,Hyphomicrobiales Incertae Sedis,Nordella,NA
OTU_3463,OTU_3463,Bacteria,Planctomycetota,Planctomycetes,Pirellulales,Pirellulaceae,NA,NA
OTU_3464,OTU_3464,Bacteria,Myxococcota,Polyangiia,Polyangiales,Polyangiaceae,Sorangium,NA
OTU_3466,OTU_3466,Bacteria,Chloroflexota,Chloroflexia,Thermomicrobiales,AKYG1722,NA,NA
OTU_3470,OTU_3470,Bacteria,Myxococcota,Polyangiia,Polyangiales,BIrii41,NA,NA
OTU_3471,OTU_3471,Bacteria,Actinomycetota,Actinobacteria,Mycobacteriales,Mycobacteriaceae,Mycobacterium,NA
OTU_3476,OTU_3476,Bacteria,Chloroflexota,Anaerolineae,Aggregatilineales,A4b,NA,NA
OTU_3477,OTU_3477,Bacteria,Actinomycetota,Actinobacteria,Micrococcales,Microbacteriaceae,Agromyces,iriomotensis
OTU_3478,OTU_3478,Bacteria,Pseudomonadota,Alphaproteobacteria,Hyphomicrobiales,Xanthobacteraceae,Rhodoplanes,NA
OTU_3481,OTU_3481,Bacteria,Acidobacteriota,Subgroup 5,NA,NA,NA,NA
OTU_3487,OTU_3487,Bacteria,Acidobacteriota,Acidobacteriae,Bryobacterales,Bryobacteraceae,Bryobacter,NA
OTU_3488,OTU_3488,Bacteria,Bacteroidota,Bacteroidia,Cytophagales,Hymenobacteraceae,Hymenobacter,NA
OTU_3491,OTU_3491,Bacteria,Planctomycetota,Planctomycetes,Pirellulales,Pirellulaceae,Pir4 lineage,NA
OTU_3492,OTU_3492,Bacteria,Myxococcota,Polyangiia,Haliangiales,Haliangiaceae,NA,NA
OTU_3493,OTU_3493,Bacteria,Pseudomonadota,Alphaproteobacteria,Hyphomicrobiales,Xanthobacteraceae,Afipia,NA
OTU_3495,OTU_3495,Bacteria,Myxococcota,Polyangiia,Nannocystales,Nannocystaceae,Nannocystis,NA
OTU_3497,OTU_3497,Bacteria,Actinomycetota,Thermoleophilia,Solirubrobacterales,Solirubrobacteraceae,Baekduia,NA
OTU_3499,OTU_3499,Bacteria,Actinomycetota,Acidimicrobiia,Acidimicrobiales,Acidimicrobiaceae,Acidiferrimicrobium,NA
OTU_3503,OTU_3503,Bacteria,Actinomycetota,Actinobacteria,Frankiales,Frankiaceae,Jatrophihabitans,NA
OTU_3504,OTU_3504,Bacteria,Chlamydiota,Chlamydiia,Chlamydiales,Parachlamydiaceae,NA,NA
OTU_3508,OTU_3508,Bacteria,Actinomycetota,Actinobacteria,Frankiales,Nakamurellaceae,Nakamurella,NA
OTU_3511,OTU_3511,Bacteria,Planctomycetota,Planctomycetes,Pirellulales,Pirellulaceae,Pir4 lineage,NA
OTU_3512,OTU_3512,Bacteria,Planctomycetota,Planctomycetes,Pirellulales,Pirellulaceae,Pir4 lineage,NA
OTU_3513,OTU_3513,Bacteria,Pseudomonadota,Alphaproteobacteria,Micropepsales,Micropepsaceae,NA,NA
OTU_3514,OTU_3514,Bacteria,Verrucomicrobiota,Verrucomicrobiia,Chthoniobacterales,Chthoniobacteraceae,Candidatus Udaeobacter,NA
OTU_3516,OTU_3516,Bacteria,Planctomycetota,Phycisphaerae,Tepidisphaerales,WD2101 soil group,NA,NA
OTU_3518,OTU_3518,Bacteria,Pseudomonadota,Gammaproteobacteria,Burkholderiales,Comamonadaceae,Caenimonas,NA
OTU_3521,OTU_3521,Bacteria,Pseudomonadota,Alphaproteobacteria,Hyphomicrobiales,Labraceae,Labrys,NA
OTU_3522,OTU_3522,Bacteria,Actinomycetota,Thermoleophilia,Solirubrobacterales,67-14,NA,NA
OTU_3524,OTU_3524,Bacteria,Pseudomonadota,Alphaproteobacteria,Hyphomicrobiales,Xanthobacteraceae,NA,NA
OTU_3525,OTU_3525,Bacteria,Actinomycetota,Thermoleophilia,Gaiellales,Gaiellaceae,Gaiella,NA
OTU_3526,OTU_3526,Bacteria,Actinomycetota,Actinobacteria,Frankiales,Frankiaceae,Jatrophihabitans,NA
OTU_3527,OTU_3527,Bacteria,Pseudomonadota,Alphaproteobacteria,Hyphomicrobiales,Rhizobiaceae,NA,NA
OTU_3528,OTU_3528,Bacteria,Planctomycetota,Planctomycetes,Gemmatales,Gemmataceae,Gemmata,NA
OTU_3529,OTU_3529,Bacteria,Planctomycetota,Phycisphaerae,Tepidisphaerales,WD2101 soil group,NA,NA
OTU_3533,OTU_3533,Bacteria,Verrucomicrobiota,Verrucomicrobiia,Pedosphaerales,Pedosphaeraceae,NA,NA
OTU_3536,OTU_3536,Bacteria,Acidobacteriota,Blastocatellia,Pyrinomonadales,Pyrinomonadaceae,NA,NA
OTU_3537,OTU_3537,Bacteria,Pseudomonadota,Alphaproteobacteria,Acetobacterales,Acetobacteraceae,NA,NA
OTU_3538,OTU_3538,Bacteria,Actinomycetota,Thermoleophilia,Solirubrobacterales,Solirubrobacteraceae,Solirubrobacter,NA
OTU_3541,OTU_3541,Bacteria,Planctomycetota,OM190,NA,NA,NA,NA
OTU_3542,OTU_3542,Bacteria,Actinomycetota,Acidimicrobiia,Microtrichales,NA,NA,NA
OTU_3543,OTU_3543,Bacteria,Pseudomonadota,Gammaproteobacteria,Burkholderiales,Nitrosomonadaceae,Ellin6067,NA
OTU_3544,OTU_3544,Bacteria,Actinomycetota,Thermoleophilia,Solirubrobacterales,Solirubrobacteraceae,Solirubrobacter,NA
OTU_3545,OTU_3545,Bacteria,Acidobacteriota,Blastocatellia,Blastocatellales,Blastocatellaceae,JGI 0001001-H03,NA
OTU_3554,OTU_3554,Bacteria,WS2,NA,NA,NA,NA,NA
OTU_3556,OTU_3556,Bacteria,Gemmatimonadota,Gemmatimonadia,Gemmatimonadales,Gemmatimonadaceae,NA,NA
OTU_3559,OTU_3559,Bacteria,Pseudomonadota,Alphaproteobacteria,Elsterales,Elsteraceae,NA,NA
OTU_3560,OTU_3560,Bacteria,Verrucomicrobiota,Verrucomicrobiia,Pedosphaerales,Pedosphaeraceae,ADurb.Bin063-1,NA
OTU_3564,OTU_3564,Bacteria,Pseudomonadota,Alphaproteobacteria,Hyphomicrobiales,NA,NA,NA
OTU_3565,OTU_3565,Bacteria,Cyanobacteriota,Vampirivibrionia,Obscuribacterales,Obscuribacteraceae,NA,NA
OTU_3574,OTU_3574,Bacteria,Actinomycetota,Actinobacteria,Frankiales,Frankiaceae,Jatrophihabitans,NA
OTU_3579,OTU_3579,Bacteria,Chloroflexota,Chloroflexia,Chloroflexales,Roseiflexaceae,NA,NA
OTU_3580,OTU_3580,Bacteria,Planctomycetota,Planctomycetes,Gemmatales,Gemmataceae,Gemmata,NA
OTU_3582,OTU_3582,Bacteria,Acidobacteriota,Acidobacteriae,Bryobacterales,Bryobacteraceae,Bryobacter,NA
OTU_3584,OTU_3584,Bacteria,Planctomycetota,Planctomycetes,Planctomycetales,NA,NA,NA
OTU_3585,OTU_3585,Bacteria,Acidobacteriota,Vicinamibacteria,Vicinamibacterales,Vicinamibacteraceae,NA,NA
OTU_3586,OTU_3586,Bacteria,Actinomycetota,Actinobacteria,Mycobacteriales,Nocardiaceae,Rhodococcus,erythropolis
OTU_3590,OTU_3590,Bacteria,Acidobacteriota,Vicinamibacteria,Vicinamibacterales,Vicinamibacteraceae,NA,NA
OTU_3591,OTU_3591,Bacteria,Pseudomonadota,Alphaproteobacteria,Hyphomicrobiales,Rhizobiaceae,Mesorhizobium,NA
OTU_3593,OTU_3593,Bacteria,Bacteroidota,Bacteroidia,Chitinophagales,Chitinophagaceae,NA,NA
OTU_3599,OTU_3599,Bacteria,Verrucomicrobiota,Verrucomicrobiia,Chthoniobacterales,Chthoniobacteraceae,Candidatus Udaeobacter,NA
OTU_3600,OTU_3600,Bacteria,Planctomycetota,Planctomycetes,Pirellulales,Pirellulaceae,Pir4 lineage,NA
OTU_3601,OTU_3601,Bacteria,Bacteroidota,Bacteroidia,Chitinophagales,Chitinophagaceae,Terrimonas,NA
OTU_3602,OTU_3602,Bacteria,Actinomycetota,Thermoleophilia,Solirubrobacterales,67-14,NA,NA
OTU_3606,OTU_3606,Bacteria,Actinomycetota,Acidimicrobiia,Acidimicrobiales,Acidimicrobiaceae,Acidiferrimicrobium,NA
OTU_3607,OTU_3607,Bacteria,Actinomycetota,Actinobacteria,Frankiales,Sporichthyaceae,NA,NA
OTU_3608,OTU_3608,Bacteria,Actinomycetota,Acidimicrobiia,Acidimicrobiales,Acidimicrobiaceae,Acidiferrimicrobium,NA
OTU_3610,OTU_3610,Bacteria,Planctomycetota,Phycisphaerae,Tepidisphaerales,WD2101 soil group,NA,NA
OTU_3611,OTU_3611,Bacteria,Verrucomicrobiota,Verrucomicrobiia,Opitutales,Opitutaceae,Opitutus,NA
OTU_3612,OTU_3612,Bacteria,Chloroflexota,TK10,NA,NA,NA,NA
OTU_3613,OTU_3613,Bacteria,Pseudomonadota,Gammaproteobacteria,Burkholderiales,SC-I-84,NA,NA
OTU_3616,OTU_3616,Bacteria,Myxococcota,Polyangiia,Haliangiales,Haliangiaceae,NA,NA
OTU_3618,OTU_3618,Bacteria,Myxococcota,Polyangiia,Polyangiales,Sandaracinaceae,NA,NA
OTU_3619,OTU_3619,Bacteria,Chloroflexota,Chloroflexia,Thermomicrobiales,JG30-KF-CM45,NA,NA
OTU_3620,OTU_3620,Bacteria,Patescibacteria,Saccharimonadia,Saccharimonadales,WWH38,NA,NA
OTU_3621,OTU_3621,Bacteria,Pseudomonadota,Gammaproteobacteria,Burkholderiales,SC-I-84,NA,NA
OTU_3622,OTU_3622,Bacteria,Planctomycetota,Planctomycetes,Gemmatales,Gemmataceae,NA,NA
OTU_3623,OTU_3623,Bacteria,Actinomycetota,Actinobacteria,Frankiales,Acidothermaceae,Acidothermus,NA
OTU_3624,OTU_3624,Bacteria,Acidobacteriota,Vicinamibacteria,Vicinamibacterales,Vicinamibacteraceae,NA,NA
OTU_3625,OTU_3625,Bacteria,Pseudomonadota,Alphaproteobacteria,Dongiales,Dongiaceae,Dongia,NA
OTU_3626,OTU_3626,Bacteria,Chlamydiota,Chlamydiia,Chlamydiales,Parachlamydiaceae,Candidatus Protochlamydia,NA
OTU_3627,OTU_3627,Bacteria,Gemmatimonadota,Gemmatimonadia,Gemmatimonadales,Gemmatimonadaceae,Gemmatimonas,NA
OTU_3628,OTU_3628,Bacteria,Actinomycetota,Actinobacteria,Kineosporiales,Kineosporiaceae,Kineosporia,NA
OTU_3634,OTU_3634,Bacteria,Patescibacteria,Saccharimonadia,Saccharimonadales,LWQ8,NA,NA
OTU_3636,OTU_3636,Bacteria,Verrucomicrobiota,Verrucomicrobiia,Opitutales,Opitutaceae,Oleiharenicola,NA
OTU_3640,OTU_3640,Bacteria,Chloroflexota,Anaerolineae,Caldilineales,Caldilineaceae,NA,NA
OTU_3641,OTU_3641,Bacteria,Planctomycetota,Planctomycetes,Pirellulales,Pirellulaceae,Pir4 lineage,NA
OTU_3643,OTU_3643,Bacteria,Pseudomonadota,Gammaproteobacteria,Coxiellales,Coxiellaceae,Coxiella,NA
OTU_3650,OTU_3650,Bacteria,Chloroflexota,Chloroflexia,Kallotenuales,AKIW781,NA,NA
OTU_3651,OTU_3651,Bacteria,Actinomycetota,Actinobacteria,Micrococcales,Micrococcaceae,Arthrobacter,agilis
OTU_3656,OTU_3656,Bacteria,Pseudomonadota,Gammaproteobacteria,Burkholderiales,Nitrosomonadaceae,Ellin6067,NA
OTU_3660,OTU_3660,Bacteria,Planctomycetota,Planctomycetes,Planctomycetales,NA,NA,NA
OTU_3662,OTU_3662,Bacteria,Actinomycetota,Actinobacteria,Propionibacteriales,Nocardioidaceae,Flindersiella,NA
OTU_3663,OTU_3663,Bacteria,Planctomycetota,Planctomycetes,Gemmatales,Gemmataceae,NA,NA
OTU_3666,OTU_3666,Bacteria,Actinomycetota,Thermoleophilia,NA,NA,NA,NA
OTU_3667,OTU_3667,Bacteria,Actinomycetota,Thermoleophilia,Solirubrobacterales,67-14,NA,NA
OTU_3669,OTU_3669,Bacteria,Acidobacteriota,Blastocatellia,??.24,NA,NA,NA
OTU_3670,OTU_3670,Bacteria,Gemmatimonadota,Gemmatimonadia,Gemmatimonadales,Gemmatimonadaceae,Gemmatimonas,NA
OTU_3673,OTU_3673,Bacteria,Actinomycetota,Actinobacteria,Catenulisporales,Actinospicaceae,Actinospica,NA
OTU_3674,OTU_3674,Bacteria,Actinomycetota,Thermoleophilia,Solirubrobacterales,67-14,NA,NA
OTU_3675,OTU_3675,Bacteria,Actinomycetota,Thermoleophilia,NA,NA,NA,NA
OTU_3678,OTU_3678,Bacteria,Verrucomicrobiota,Verrucomicrobiia,Verrucomicrobiales,Rubritaleaceae,Luteolibacter,NA
OTU_3679,OTU_3679,Bacteria,Actinomycetota,Actinobacteria,Frankiales,Sporichthyaceae,NA,NA
OTU_3680,OTU_3680,Bacteria,Actinomycetota,Actinobacteria,Micromonosporales,Micromonosporaceae,Allocatelliglobosispora,NA
OTU_3681,OTU_3681,Bacteria,Bacteroidota,Bacteroidia,Cytophagales,NA,NA,NA
OTU_3682,OTU_3682,Bacteria,Actinomycetota,Actinobacteria,NA,NA,NA,NA
OTU_3685,OTU_3685,Bacteria,Pseudomonadota,Alphaproteobacteria,Hyphomicrobiales,KF-JG30-B3,NA,NA
OTU_3687,OTU_3687,Bacteria,Acidobacteriota,Vicinamibacteria,Vicinamibacterales,NA,NA,NA
OTU_3688,OTU_3688,Bacteria,Actinomycetota,Thermoleophilia,Gaiellales,Gaiellaceae,Gaiella,NA
OTU_3691,OTU_3691,Bacteria,Myxococcota,Polyangiia,Polyangiales,Phaselicystaceae,Phaselicystis,NA
OTU_3692,OTU_3692,Bacteria,Pseudomonadota,Gammaproteobacteria,Burkholderiales,TRA3-20,NA,NA
OTU_3696,OTU_3696,Bacteria,Actinomycetota,Actinobacteria,Propionibacteriales,Nocardioidaceae,Nocardioides,NA
OTU_3698,OTU_3698,Bacteria,Pseudomonadota,Alphaproteobacteria,Elsterales,URHD0088,NA,NA
OTU_3700,OTU_3700,Bacteria,Chloroflexota,Chloroflexia,Thermomicrobiales,JG30-KF-CM45,NA,NA
OTU_3702,OTU_3702,Bacteria,Actinomycetota,Actinobacteria,Streptosporangiales,Streptosporangiaceae,Nonomuraea,NA
OTU_3703,OTU_3703,Bacteria,Planctomycetota,Phycisphaerae,Tepidisphaerales,WD2101 soil group,NA,NA
OTU_3705,OTU_3705,Bacteria,Chloroflexota,TK10,NA,NA,NA,NA
OTU_3708,OTU_3708,Bacteria,Planctomycetota,Phycisphaerae,Tepidisphaerales,WD2101 soil group,NA,NA
OTU_3711,OTU_3711,Bacteria,Verrucomicrobiota,Verrucomicrobiia,Chthoniobacterales,Chthoniobacteraceae,Candidatus Udaeobacter,NA
OTU_3713,OTU_3713,Bacteria,Acidobacteriota,Blastocatellia,??.24,NA,NA,NA
OTU_3716,OTU_3716,Bacteria,Planctomycetota,Phycisphaerae,Tepidisphaerales,Tepidisphaeraceae,NA,NA
OTU_3717,OTU_3717,Bacteria,Pseudomonadota,Alphaproteobacteria,Hyphomicrobiales,Xanthobacteraceae,NA,NA
OTU_3719,OTU_3719,Bacteria,Acidobacteriota,Acidobacteriae,Bryobacterales,Bryobacteraceae,Bryobacter,NA
OTU_3723,OTU_3723,Bacteria,Acidobacteriota,Vicinamibacteria,Vicinamibacterales,NA,NA,NA
OTU_3726,OTU_3726,Bacteria,Pseudomonadota,Alphaproteobacteria,Micropepsales,Micropepsaceae,NA,NA
OTU_3727,OTU_3727,Bacteria,Planctomycetota,Planctomycetes,Planctomycetales,Schlesneriaceae,Schlesneria,NA
OTU_3735,OTU_3735,Bacteria,Pseudomonadota,Alphaproteobacteria,Hyphomicrobiales,Xanthobacteraceae,NA,NA
OTU_3738,OTU_3738,Bacteria,Bacteroidota,Bacteroidia,Chitinophagales,Chitinophagaceae,Ferruginibacter,NA
OTU_3739,OTU_3739,Bacteria,Verrucomicrobiota,Verrucomicrobiia,Chthoniobacterales,Chthoniobacteraceae,Candidatus Udaeobacter,NA
OTU_3744,OTU_3744,Bacteria,Chloroflexota,Dehalococcoidia,S085,NA,NA,NA
OTU_3745,OTU_3745,Bacteria,Actinomycetota,Actinobacteria,Kineosporiales,Kineosporiaceae,Kineococcus,NA
OTU_3747,OTU_3747,Bacteria,Verrucomicrobiota,Verrucomicrobiia,Pedosphaerales,Pedosphaeraceae,Ellin517,NA
OTU_3749,OTU_3749,Bacteria,Bacteroidota,Bacteroidia,Chitinophagales,Chitinophagaceae,NA,NA
OTU_3750,OTU_3750,Bacteria,Planctomycetota,Planctomycetes,Isosphaerales,Isosphaeraceae,NA,NA
OTU_3751,OTU_3751,Bacteria,Planctomycetota,Planctomycetes,Gemmatales,Gemmataceae,NA,NA
OTU_3753,OTU_3753,Bacteria,Chloroflexota,KD4-96,NA,NA,NA,NA
OTU_3756,OTU_3756,Bacteria,Gemmatimonadota,Gemmatimonadia,Gemmatimonadales,Gemmatimonadaceae,Gemmatimonas,NA
OTU_3760,OTU_3760,Bacteria,Pseudomonadota,Gammaproteobacteria,Burkholderiales,Nitrosomonadaceae,MND1,NA
OTU_3763,OTU_3763,Bacteria,Acidobacteriota,Holophagae,Subgroup 7,NA,NA,NA
OTU_3764,OTU_3764,Bacteria,Acidobacteriota,Vicinamibacteria,Vicinamibacterales,Vicinamibacteraceae,NA,NA
OTU_3766,OTU_3766,Bacteria,Planctomycetota,Phycisphaerae,Tepidisphaerales,WD2101 soil group,NA,NA
OTU_3767,OTU_3767,Bacteria,Actinomycetota,Actinobacteria,Frankiales,NA,NA,NA
OTU_3769,OTU_3769,Bacteria,Pseudomonadota,Alphaproteobacteria,Hyphomicrobiales,Xanthobacteraceae,Bradyrhizobium,NA
OTU_3772,OTU_3772,Bacteria,Actinomycetota,MB-A2-108,NA,NA,NA,NA
OTU_3778,OTU_3778,Bacteria,Pseudomonadota,Gammaproteobacteria,Burkholderiales,SC-I-84,NA,NA
OTU_3779,OTU_3779,Bacteria,Myxococcota,Polyangiia,Polyangiales,Sandaracinaceae,NA,NA
OTU_3780,OTU_3780,Bacteria,Acidobacteriota,Blastocatellia,Pyrinomonadales,Pyrinomonadaceae,NA,NA
OTU_3781,OTU_3781,Bacteria,Verrucomicrobiota,Verrucomicrobiia,Opitutales,Opitutaceae,Cephaloticoccus,NA
OTU_3782,OTU_3782,Bacteria,Gemmatimonadota,Gemmatimonadia,Gemmatimonadales,Gemmatimonadaceae,NA,NA
OTU_3783,OTU_3783,Bacteria,Planctomycetota,Planctomycetes,Planctomycetales,NA,NA,NA
OTU_3784,OTU_3784,Bacteria,Actinomycetota,Thermoleophilia,Gaiellales,NA,NA,NA
OTU_3787,OTU_3787,Bacteria,Actinomycetota,Actinobacteria,Frankiales,Sporichthyaceae,NA,NA
OTU_3790,OTU_3790,Bacteria,Acidobacteriota,Vicinamibacteria,Vicinamibacterales,Vicinamibacteraceae,NA,NA
OTU_3792,OTU_3792,Bacteria,Acidobacteriota,Acidobacteriae,Terriglobales,Koribacteraceae,Candidatus Koribacter,NA
OTU_3796,OTU_3796,Bacteria,Latescibacterota,NA,NA,NA,NA,NA
OTU_3797,OTU_3797,Bacteria,Planctomycetota,Phycisphaerae,Tepidisphaerales,WD2101 soil group,NA,NA
OTU_3799,OTU_3799,Bacteria,Pseudomonadota,Gammaproteobacteria,Gammaproteobacteria Incertae Sedis,Unknown Family,Acidibacter,NA
OTU_3800,OTU_3800,Bacteria,Myxococcota,Polyangiia,Haliangiales,Haliangiaceae,NA,NA
OTU_3803,OTU_3803,Bacteria,Myxococcota,Polyangiia,Nannocystales,Nannocystaceae,Nannocystis,NA
OTU_3804,OTU_3804,Bacteria,Verrucomicrobiota,Verrucomicrobiia,Pedosphaerales,Pedosphaeraceae,Ellin516,NA
OTU_3805,OTU_3805,Bacteria,Planctomycetota,Planctomycetes,Isosphaerales,Isosphaeraceae,Tautonia,NA
OTU_3807,OTU_3807,Bacteria,Patescibacteria,Parcubacteria,NA,NA,NA,NA
OTU_3808,OTU_3808,Bacteria,Acidobacteriota,Blastocatellia,Pyrinomonadales,Pyrinomonadaceae,NA,NA
OTU_3809,OTU_3809,Bacteria,Planctomycetota,Planctomycetes,Isosphaerales,Isosphaeraceae,Singulisphaera,NA
OTU_3810,OTU_3810,Bacteria,Chloroflexota,KD4-96,NA,NA,NA,NA
OTU_3812,OTU_3812,Bacteria,Chloroflexota,TK10,NA,NA,NA,NA
OTU_3816,OTU_3816,Bacteria,Pseudomonadota,Gammaproteobacteria,Burkholderiales,Oxalobacteraceae,NA,NA
OTU_3817,OTU_3817,Bacteria,Verrucomicrobiota,Verrucomicrobiia,Pedosphaerales,Pedosphaeraceae,Ellin516,NA
OTU_3818,OTU_3818,Bacteria,Chloroflexota,Chloroflexia,Chloroflexales,Roseiflexaceae,NA,NA
OTU_3821,OTU_3821,Bacteria,Chloroflexota,Chloroflexia,Thermomicrobiales,JG30-KF-CM45,NA,NA
OTU_3822,OTU_3822,Bacteria,Bdellovibrionota,Oligoflexia,0319-6G20,NA,NA,NA
OTU_3823,OTU_3823,Bacteria,Verrucomicrobiota,Verrucomicrobiia,Chthoniobacterales,Chthoniobacteraceae,Chthoniobacter,NA
OTU_3824,OTU_3824,Bacteria,Pseudomonadota,Gammaproteobacteria,Gammaproteobacteria Incertae Sedis,Unknown Family,Acidibacter,NA
OTU_3825,OTU_3825,Bacteria,Actinomycetota,Actinobacteria,Micromonosporales,Micromonosporaceae,Actinoplanes,NA
OTU_3827,OTU_3827,Bacteria,Pseudomonadota,Alphaproteobacteria,Hyphomicrobiales,Xanthobacteraceae,NA,NA
OTU_3831,OTU_3831,Bacteria,Acidobacteriota,Vicinamibacteria,Vicinamibacterales,Vicinamibacteraceae,NA,NA
OTU_3835,OTU_3835,Bacteria,Planctomycetota,Planctomycetes,Gemmatales,Gemmataceae,Fimbriiglobus,NA
OTU_3837,OTU_3837,Bacteria,Planctomycetota,Phycisphaerae,Tepidisphaerales,WD2101 soil group,NA,NA
OTU_3839,OTU_3839,Bacteria,Actinomycetota,Actinobacteria,Propionibacteriales,Propionibacteriaceae,Microlunatus,NA
OTU_3840,OTU_3840,Bacteria,Chloroflexota,TK10,NA,NA,NA,NA
OTU_3841,OTU_3841,Bacteria,Pseudomonadota,Alphaproteobacteria,Hyphomicrobiales,Xanthobacteraceae,NA,NA
OTU_3843,OTU_3843,Bacteria,Bacteroidota,Bacteroidia,Chitinophagales,Chitinophagaceae,Flavisolibacter,NA
OTU_3844,OTU_3844,Bacteria,Acidobacteriota,Thermoanaerobaculia,Thermoanaerobaculales,Thermoanaerobaculaceae,Subgroup 10,NA
OTU_3845,OTU_3845,Bacteria,Actinomycetota,Actinobacteria,Kitasatosporales,Streptomycetaceae,Streptomyces,cavourensis
OTU_3846,OTU_3846,Bacteria,Cyanobacteriota,Vampirivibrionia,Obscuribacterales,Obscuribacteraceae,NA,NA
OTU_3847,OTU_3847,Bacteria,Acidobacteriota,Acidobacteriae,Bryobacterales,Bryobacteraceae,Bryobacter,NA
OTU_3848,OTU_3848,Bacteria,Myxococcota,Polyangiia,Polyangiales,BIrii41,NA,NA
OTU_3850,OTU_3850,Bacteria,Bacillota,Bacilli,Mycoplasmatales,Mycoplasmataceae,type III,NA
OTU_3851,OTU_3851,Bacteria,Actinomycetota,Actinobacteria,Propionibacteriales,Nocardioidaceae,Nocardioides,NA
OTU_3854,OTU_3854,Bacteria,Acidobacteriota,Thermoanaerobaculia,Thermoanaerobaculales,Thermoanaerobaculaceae,Subgroup 10,NA
OTU_3855,OTU_3855,Bacteria,Myxococcota,Polyangiia,Polyangiales,BIrii41,NA,NA
OTU_3857,OTU_3857,Bacteria,Actinomycetota,Thermoleophilia,Gaiellales,Gaiellaceae,Gaiella,NA
OTU_3858,OTU_3858,Bacteria,Actinomycetota,Acidimicrobiia,Microtrichales,Ilumatobacteraceae,NA,NA
OTU_3860,OTU_3860,Bacteria,Planctomycetota,Planctomycetes,Gemmatales,Gemmataceae,NA,NA
OTU_3862,OTU_3862,Bacteria,Gemmatimonadota,Gemmatimonadia,Gemmatimonadales,Gemmatimonadaceae,NA,NA
OTU_3865,OTU_3865,Bacteria,Verrucomicrobiota,Verrucomicrobiia,S-BQ2-57 soil group,NA,NA,NA
OTU_3866,OTU_3866,Bacteria,Pseudomonadota,Alphaproteobacteria,Elsterales,NA,NA,NA
OTU_3868,OTU_3868,Bacteria,Pseudomonadota,Gammaproteobacteria,Burkholderiales,Nitrosomonadaceae,MND1,NA
OTU_3871,OTU_3871,Bacteria,Actinomycetota,Actinobacteria,NA,NA,NA,NA
OTU_3872,OTU_3872,Bacteria,Acidobacteriota,Vicinamibacteria,Vicinamibacterales,Vicinamibacteraceae,NA,NA
OTU_3878,OTU_3878,Bacteria,Acidobacteriota,Vicinamibacteria,Vicinamibacterales,Vicinamibacteraceae,Vicinamibacter,NA
OTU_3884,OTU_3884,Bacteria,Planctomycetota,Phycisphaerae,Tepidisphaerales,WD2101 soil group,NA,NA
OTU_3885,OTU_3885,Bacteria,Verrucomicrobiota,Verrucomicrobiia,Chthoniobacterales,Chthoniobacteraceae,Candidatus Udaeobacter,NA
OTU_3886,OTU_3886,Bacteria,Pseudomonadota,Alphaproteobacteria,Hyphomicrobiales,Xanthobacteraceae,NA,NA
OTU_3892,OTU_3892,Bacteria,Acidobacteriota,Vicinamibacteria,Vicinamibacterales,NA,NA,NA
OTU_3894,OTU_3894,Bacteria,Actinomycetota,Thermoleophilia,Solirubrobacterales,Solirubrobacteraceae,Solirubrobacter,NA
OTU_3896,OTU_3896,Bacteria,Verrucomicrobiota,Verrucomicrobiia,Chthoniobacterales,Chthoniobacteraceae,Candidatus Udaeobacter,NA
OTU_3899,OTU_3899,Bacteria,Pseudomonadota,Gammaproteobacteria,Burkholderiales,Nitrosomonadaceae,Ellin6067,NA
OTU_3900,OTU_3900,Bacteria,Actinomycetota,Actinobacteria,Micrococcales,Micrococcaceae,Arthrobacter,agilis
OTU_3902,OTU_3902,Bacteria,Actinomycetota,Thermoleophilia,Gaiellales,NA,NA,NA
OTU_3903,OTU_3903,Bacteria,Acidobacteriota,Blastocatellia,Blastocatellales,Blastocatellaceae,JGI 0001001-H03,NA
OTU_3905,OTU_3905,Bacteria,Pseudomonadota,Gammaproteobacteria,Burkholderiales,Nitrosomonadaceae,mle1-7,NA
OTU_3907,OTU_3907,Bacteria,Gemmatimonadota,AKAU4049,NA,NA,NA,NA
OTU_3908,OTU_3908,Bacteria,Planctomycetota,Phycisphaerae,Tepidisphaerales,WD2101 soil group,NA,NA
OTU_3914,OTU_3914,Bacteria,Actinomycetota,Thermoleophilia,Solirubrobacterales,67-14,NA,NA
OTU_3916,OTU_3916,Bacteria,Pseudomonadota,Alphaproteobacteria,Hyphomicrobiales,Rhizobiaceae,Allorhizobium,NA
OTU_3919,OTU_3919,Bacteria,Acidobacteriota,Blastocatellia,??.24,NA,NA,NA
OTU_3920,OTU_3920,Bacteria,Acidobacteriota,Acidobacteriae,Solibacterales,Solibacteraceae,Candidatus Solibacter,NA
OTU_3924,OTU_3924,Bacteria,Bdellovibrionota,Oligoflexia,0319-6G20,NA,NA,NA
OTU_3927,OTU_3927,Bacteria,Patescibacteria,Saccharimonadia,Saccharimonadales,LWQ8,NA,NA
OTU_3929,OTU_3929,Bacteria,Pseudomonadota,Alphaproteobacteria,Hyphomicrobiales,Hyphomicrobiaceae,NA,NA
OTU_3930,OTU_3930,Bacteria,Myxococcota,Polyangiia,Polyangiales,Polyangiaceae,Sorangium,NA
OTU_3932,OTU_3932,Bacteria,Pseudomonadota,Alphaproteobacteria,Hyphomicrobiales,Xanthobacteraceae,NA,NA
OTU_3935,OTU_3935,Bacteria,Actinomycetota,Actinobacteria,Micromonosporales,Micromonosporaceae,NA,NA
OTU_3936,OTU_3936,Bacteria,Actinomycetota,Thermoleophilia,Gaiellales,Gaiellaceae,Gaiella,NA
OTU_3938,OTU_3938,Bacteria,Actinomycetota,Actinobacteria,Pseudonocardiales,Pseudonocardiaceae,Actinophytocola,NA
OTU_3941,OTU_3941,Bacteria,Actinomycetota,Actinobacteria,Frankiales,Frankiaceae,Jatrophihabitans,endophyticus
OTU_3944,OTU_3944,Bacteria,Pseudomonadota,Gammaproteobacteria,Burkholderiales,Nitrosomonadaceae,Ellin6067,NA
OTU_3949,OTU_3949,Bacteria,Actinomycetota,MB-A2-108,NA,NA,NA,NA
OTU_3951,OTU_3951,Bacteria,Planctomycetota,Planctomycetes,Gemmatales,Gemmataceae,Fimbriiglobus,NA
OTU_3953,OTU_3953,Bacteria,Pseudomonadota,Alphaproteobacteria,Micropepsales,Micropepsaceae,NA,NA
OTU_3961,OTU_3961,Bacteria,Bacteroidota,Bacteroidia,Cytophagales,Microscillaceae,NA,NA
OTU_3962,OTU_3962,Bacteria,Acidobacteriota,Acidobacteriae,Bryobacterales,Bryobacteraceae,Bryobacter,NA
OTU_3965,OTU_3965,Bacteria,Gemmatimonadota,Gemmatimonadia,Gemmatimonadales,Gemmatimonadaceae,NA,NA
OTU_3966,OTU_3966,Bacteria,Fibrobacterota,Fibrobacteria,Fibrobacterales,Fibrobacteraceae,possible genus 04,NA
OTU_3970,OTU_3970,Bacteria,Chloroflexota,Dehalococcoidia,S085,NA,NA,NA
OTU_3972,OTU_3972,Bacteria,Actinomycetota,Acidimicrobiia,Acidimicrobiales,Acidimicrobiaceae,Acidiferrimicrobium,NA
OTU_3973,OTU_3973,Bacteria,Chloroflexota,KD4-96,NA,NA,NA,NA
OTU_3974,OTU_3974,Bacteria,Planctomycetota,Planctomycetes,Gemmatales,Gemmataceae,Gemmata,NA
OTU_3977,OTU_3977,Bacteria,Pseudomonadota,Gammaproteobacteria,Burkholderiales,A21b,NA,NA
OTU_3978,OTU_3978,Bacteria,Actinomycetota,Actinobacteria,Frankiales,NA,NA,NA
OTU_3979,OTU_3979,Bacteria,Verrucomicrobiota,Verrucomicrobiia,Pedosphaerales,Pedosphaeraceae,Pedosphaera,NA
OTU_3981,OTU_3981,Bacteria,Pseudomonadota,Gammaproteobacteria,R7C24,NA,NA,NA
OTU_3983,OTU_3983,Bacteria,Gemmatimonadota,Gemmatimonadia,Gemmatimonadales,Gemmatimonadaceae,NA,NA
OTU_3985,OTU_3985,Bacteria,Myxococcota,Polyangiia,Haliangiales,Haliangiaceae,NA,NA
OTU_3987,OTU_3987,Bacteria,Planctomycetota,Planctomycetes,Isosphaerales,Isosphaeraceae,Tautonia,NA
OTU_3988,OTU_3988,Bacteria,Actinomycetota,Actinobacteria,Micromonosporales,Micromonosporaceae,Actinoplanes,NA
OTU_3989,OTU_3989,Bacteria,NA,NA,NA,NA,NA,NA
OTU_3990,OTU_3990,Bacteria,Pseudomonadota,Alphaproteobacteria,Hyphomicrobiales,D05-2,NA,NA
OTU_3992,OTU_3992,Bacteria,Gemmatimonadota,Gemmatimonadia,Gemmatimonadales,Gemmatimonadaceae,NA,NA
OTU_3993,OTU_3993,Bacteria,Bacteroidota,Bacteroidia,Sphingobacteriales,Sphingobacteriaceae,Pedobacter,terrae
OTU_3995,OTU_3995,Bacteria,Planctomycetota,Planctomycetes,Planctomycetales,NA,NA,NA
OTU_3996,OTU_3996,Bacteria,Verrucomicrobiota,Verrucomicrobiia,Chthoniobacterales,Chthoniobacteraceae,Candidatus Udaeobacter,NA
OTU_3997,OTU_3997,Bacteria,Gemmatimonadota,Longimicrobiia,Longimicrobiales,Longimicrobiaceae,YC-ZSS-LKJ147,NA
OTU_4000,OTU_4000,Bacteria,Bacteroidota,Bacteroidia,Chitinophagales,Chitinophagaceae,Terrimonas,NA
OTU_4002,OTU_4002,Bacteria,Patescibacteria,Saccharimonadia,Saccharimonadales,NA,NA,NA
OTU_4003,OTU_4003,Bacteria,Myxococcota,Myxococcia,Myxococcales,Myxococcaceae,P3OB-42,NA
OTU_4010,OTU_4010,Bacteria,Planctomycetota,Planctomycetes,Gemmatales,Gemmataceae,NA,NA
OTU_4012,OTU_4012,Bacteria,Bacillota,Bacilli,Paenibacillales,Paenibacillaceae,Paenibacillus,NA
OTU_4014,OTU_4014,Bacteria,Gemmatimonadota,S0134 terrestrial group,NA,NA,NA,NA
OTU_4015,OTU_4015,Bacteria,Planctomycetota,Phycisphaerae,Tepidisphaerales,WD2101 soil group,NA,NA
OTU_4016,OTU_4016,Bacteria,Planctomycetota,Phycisphaerae,Tepidisphaerales,Tepidisphaeraceae,NA,NA
OTU_4017,OTU_4017,Bacteria,Actinomycetota,Thermoleophilia,Solirubrobacterales,Solirubrobacteraceae,Baekduia,NA
OTU_4018,OTU_4018,Bacteria,Bacteroidota,Bacteroidia,Cytophagales,Hymenobacteraceae,Hymenobacter,NA
OTU_4019,OTU_4019,Bacteria,Planctomycetota,Planctomycetes,Pirellulales,Pirellulaceae,NA,NA
OTU_4021,OTU_4021,Bacteria,Planctomycetota,Planctomycetes,Pirellulales,Pirellulaceae,Pirellula,NA
OTU_4023,OTU_4023,Bacteria,Bacteroidota,Bacteroidia,Chitinophagales,Chitinophagaceae,NA,NA
OTU_4025,OTU_4025,Bacteria,Pseudomonadota,Alphaproteobacteria,Elsterales,Elsteraceae,NA,NA
OTU_4028,OTU_4028,Bacteria,Gemmatimonadota,Gemmatimonadia,Gemmatimonadales,Gemmatimonadaceae,Gemmatimonas,NA
OTU_4030,OTU_4030,Bacteria,Armatimonadota,Fimbriimonadia,Fimbriimonadales,Fimbriimonadaceae,NA,NA
OTU_4031,OTU_4031,Bacteria,Acidobacteriota,Vicinamibacteria,Vicinamibacterales,NA,NA,NA
OTU_4040,OTU_4040,Bacteria,Acidobacteriota,Vicinamibacteria,Vicinamibacterales,Vicinamibacteraceae,NA,NA
OTU_4042,OTU_4042,Bacteria,Chloroflexota,Chloroflexia,Chloroflexales,Roseiflexaceae,NA,NA
OTU_4044,OTU_4044,Bacteria,Bacteroidota,Bacteroidia,Chitinophagales,Saprospiraceae,NA,NA
OTU_4045,OTU_4045,Bacteria,Bacteroidota,Bacteroidia,Cytophagales,Spirosomataceae,Spirosoma,NA
OTU_4048,OTU_4048,Bacteria,Verrucomicrobiota,Verrucomicrobiia,Chthoniobacterales,Chthoniobacteraceae,Candidatus Udaeobacter,NA
OTU_4049,OTU_4049,Bacteria,Actinomycetota,Actinobacteria,Micromonosporales,Micromonosporaceae,Longispora,NA
OTU_4050,OTU_4050,Bacteria,Planctomycetota,Planctomycetes,Isosphaerales,Isosphaeraceae,Aquisphaera,NA
OTU_4051,OTU_4051,Bacteria,Planctomycetota,Planctomycetes,Planctomycetales,NA,NA,NA
OTU_4052,OTU_4052,Bacteria,Acidobacteriota,Acidobacteriae,Terriglobales,NA,NA,NA
OTU_4055,OTU_4055,Bacteria,Planctomycetota,Phycisphaerae,Tepidisphaerales,WD2101 soil group,NA,NA
OTU_4058,OTU_4058,Bacteria,Armatimonadota,Armatimonadia,Armatimonadales,Armatimonadaceae,NA,NA
OTU_4059,OTU_4059,Bacteria,Chloroflexota,KD4-96,NA,NA,NA,NA
OTU_4062,OTU_4062,Bacteria,Bacteroidota,Bacteroidia,Chitinophagales,Chitinophagaceae,Puia,NA
OTU_4064,OTU_4064,Bacteria,Planctomycetota,Planctomycetes,Gemmatales,Gemmataceae,NA,NA
OTU_4067,OTU_4067,Bacteria,Actinomycetota,MB-A2-108,NA,NA,NA,NA
OTU_4070,OTU_4070,Bacteria,Pseudomonadota,Gammaproteobacteria,Burkholderiales,SC-I-84,NA,NA
OTU_4072,OTU_4072,Bacteria,Chloroflexota,Chloroflexia,Kallotenuales,AKIW781,NA,NA
OTU_4077,OTU_4077,Bacteria,Planctomycetota,Planctomycetes,Gemmatales,Gemmataceae,NA,NA
OTU_4079,OTU_4079,Bacteria,Planctomycetota,Planctomycetes,Pirellulales,Pirellulaceae,Pir4 lineage,NA
OTU_4084,OTU_4084,Bacteria,Chloroflexota,Chloroflexia,Chloroflexales,NA,NA,NA
OTU_4087,OTU_4087,Bacteria,Acidobacteriota,Thermoanaerobaculia,Thermoanaerobaculales,Thermoanaerobaculaceae,Subgroup 10,NA
OTU_4089,OTU_4089,Bacteria,Actinomycetota,MB-A2-108,NA,NA,NA,NA
OTU_4091,OTU_4091,Bacteria,Planctomycetota,Phycisphaerae,Tepidisphaerales,WD2101 soil group,NA,NA
OTU_4093,OTU_4093,Bacteria,Acidobacteriota,Vicinamibacteria,Vicinamibacterales,Vicinamibacteraceae,NA,NA
OTU_4094,OTU_4094,Bacteria,Armatimonadota,Fimbriimonadia,Fimbriimonadales,Fimbriimonadaceae,NA,NA
OTU_4096,OTU_4096,Bacteria,Acidobacteriota,Acidobacteriae,Bryobacterales,Bryobacteraceae,Bryobacter,NA
OTU_4097,OTU_4097,Bacteria,Chloroflexota,KD4-96,NA,NA,NA,NA
OTU_4098,OTU_4098,Bacteria,Myxococcota,Polyangiia,Haliangiales,Haliangiaceae,NA,NA
OTU_4100,OTU_4100,Bacteria,Bacteroidota,Bacteroidia,Cytophagales,Spirosomataceae,Spirosoma,NA
OTU_4103,OTU_4103,Bacteria,Planctomycetota,Planctomycetes,Planctomycetales,Rubinisphaeraceae,SH-PL14,NA
OTU_4105,OTU_4105,Bacteria,Bacteroidota,Bacteroidia,Chitinophagales,Chitinophagaceae,NA,NA
OTU_4108,OTU_4108,Bacteria,Gemmatimonadota,Gemmatimonadia,Gemmatimonadales,Gemmatimonadaceae,NA,NA
OTU_4110,OTU_4110,Bacteria,Chloroflexota,Chloroflexia,Thermomicrobiales,JG30-KF-CM45,NA,NA
OTU_4112,OTU_4112,Bacteria,Actinomycetota,Acidimicrobiia,Acidimicrobiales,Acidimicrobiaceae,Acidiferrimicrobium,NA
OTU_4114,OTU_4114,Bacteria,Pseudomonadota,Gammaproteobacteria,Burkholderiales,A21b,NA,NA
OTU_4115,OTU_4115,Bacteria,Pseudomonadota,Alphaproteobacteria,Caulobacterales,Caulobacteraceae,NA,NA
OTU_4119,OTU_4119,Bacteria,Actinomycetota,Actinobacteria,Propionibacteriales,Nocardioidaceae,Nocardioides,NA
OTU_4121,OTU_4121,Bacteria,Pseudomonadota,Alphaproteobacteria,Caulobacterales,Caulobacteraceae,Phenylobacterium,NA
OTU_4122,OTU_4122,Bacteria,Planctomycetota,Planctomycetes,Planctomycetales,NA,NA,NA
OTU_4124,OTU_4124,Bacteria,Planctomycetota,Phycisphaerae,Tepidisphaerales,WD2101 soil group,NA,NA
OTU_4125,OTU_4125,Bacteria,Actinomycetota,Acidimicrobiia,Acidimicrobiales,Acidimicrobiaceae,Acidiferrimicrobium,NA
OTU_4126,OTU_4126,Bacteria,Pseudomonadota,Alphaproteobacteria,Hyphomicrobiales,Beijerinckiaceae,Enterovirga,NA
OTU_4127,OTU_4127,Bacteria,Acidobacteriota,Blastocatellia,Pyrinomonadales,Pyrinomonadaceae,NA,NA
OTU_4129,OTU_4129,Bacteria,Planctomycetota,Planctomycetes,Gemmatales,Gemmataceae,Gemmata,NA
OTU_4130,OTU_4130,Bacteria,Pseudomonadota,Gammaproteobacteria,Lysobacterales,Lysobacteraceae,Lysobacter,NA
OTU_4132,OTU_4132,Bacteria,Planctomycetota,Planctomycetes,Gemmatales,Gemmataceae,NA,NA
OTU_4133,OTU_4133,Bacteria,Bacteroidota,Bacteroidia,Cytophagales,Microscillaceae,NA,NA
OTU_4135,OTU_4135,Bacteria,Chloroflexota,TK10,NA,NA,NA,NA
OTU_4136,OTU_4136,Bacteria,Pseudomonadota,Gammaproteobacteria,Burkholderiales,Nitrosomonadaceae,MND1,NA
OTU_4137,OTU_4137,Bacteria,Planctomycetota,Planctomycetes,Gemmatales,Gemmataceae,Gemmata,NA
OTU_4139,OTU_4139,Bacteria,Chloroflexota,JG30-KF-CM66,NA,NA,NA,NA
OTU_4140,OTU_4140,Bacteria,Planctomycetota,Planctomycetes,Isosphaerales,Isosphaeraceae,Singulisphaera,NA
OTU_4143,OTU_4143,Bacteria,Planctomycetota,Planctomycetes,Pirellulales,Pirellulaceae,NA,NA
OTU_4149,OTU_4149,Bacteria,Planctomycetota,Planctomycetes,Pirellulales,Pirellulaceae,NA,NA
OTU_4150,OTU_4150,Bacteria,Pseudomonadota,Alphaproteobacteria,Acetobacterales,Acetobacteraceae,Roseomonas,NA
OTU_4151,OTU_4151,Bacteria,Bacteroidota,Bacteroidia,Chitinophagales,NA,NA,NA
OTU_4158,OTU_4158,Bacteria,Bacteroidota,Bacteroidia,Sphingobacteriales,env.OPS 17,NA,NA
OTU_4160,OTU_4160,Bacteria,Acidobacteriota,Acidobacteriae,Bryobacterales,Bryobacteraceae,Bryobacter,NA
OTU_4165,OTU_4165,Bacteria,Pseudomonadota,Alphaproteobacteria,Azospirillales,Azospirillaceae,NA,NA
OTU_4166,OTU_4166,Bacteria,Planctomycetota,Phycisphaerae,mle1-8,NA,NA,NA
OTU_4167,OTU_4167,Bacteria,Actinomycetota,Thermoleophilia,Gaiellales,NA,NA,NA
OTU_4168,OTU_4168,Bacteria,Actinomycetota,Actinobacteria,Micrococcales,Microbacteriaceae,Agromyces,NA
OTU_4172,OTU_4172,Bacteria,Gemmatimonadota,Gemmatimonadia,Gemmatimonadales,Gemmatimonadaceae,Gemmatimonas,NA
OTU_4173,OTU_4173,Bacteria,Gemmatimonadota,Gemmatimonadia,Gemmatimonadales,Gemmatimonadaceae,NA,NA
OTU_4175,OTU_4175,Bacteria,Acidobacteriota,Vicinamibacteria,Vicinamibacterales,NA,NA,NA
OTU_4177,OTU_4177,Bacteria,Pseudomonadota,Gammaproteobacteria,Burkholderiales,Oxalobacteraceae,NA,NA
OTU_4178,OTU_4178,Bacteria,Planctomycetota,Planctomycetes,Pirellulales,Pirellulaceae,Pir4 lineage,NA
OTU_4179,OTU_4179,Bacteria,Verrucomicrobiota,Verrucomicrobiia,Verrucomicrobiales,Rubritaleaceae,Luteolibacter,NA
OTU_4180,OTU_4180,Bacteria,Gemmatimonadota,BD2-11 terrestrial group,NA,NA,NA,NA
OTU_4181,OTU_4181,Bacteria,Pseudomonadota,Alphaproteobacteria,Hyphomicrobiales,Rhizobiaceae,Mesorhizobium,NA
OTU_4182,OTU_4182,Bacteria,Bacteroidota,Bacteroidia,Chitinophagales,Chitinophagaceae,Segetibacter,NA
OTU_4184,OTU_4184,Bacteria,Planctomycetota,Planctomycetes,Pirellulales,Pirellulaceae,Pir4 lineage,NA
OTU_4185,OTU_4185,Bacteria,Actinomycetota,Acidimicrobiia,Acidimicrobiales,Acidimicrobiaceae,NA,NA
OTU_4188,OTU_4188,Bacteria,Pseudomonadota,Alphaproteobacteria,Puniceispirillales,Puniceispirillales Incertae Sedis,Constrictibacter,NA
OTU_4192,OTU_4192,Bacteria,Bacteroidota,Bacteroidia,Cytophagales,Cytophagaceae,Rhodocytophaga,NA
OTU_4197,OTU_4197,Bacteria,Myxococcota,Myxococcia,Myxococcales,Anaeromyxobacteraceae,Anaeromyxobacter,NA
OTU_4206,OTU_4206,Bacteria,Bacteroidota,Bacteroidia,Cytophagales,Microscillaceae,Chryseolinea,NA
OTU_4209,OTU_4209,Bacteria,Planctomycetota,Phycisphaerae,Tepidisphaerales,WD2101 soil group,NA,NA
OTU_4212,OTU_4212,Bacteria,Actinomycetota,Actinobacteria,Pseudonocardiales,Pseudonocardiaceae,Actinophytocola,NA
OTU_4213,OTU_4213,Bacteria,Verrucomicrobiota,Verrucomicrobiia,Pedosphaerales,Pedosphaeraceae,NA,NA
OTU_4214,OTU_4214,Bacteria,Acidobacteriota,Vicinamibacteria,Vicinamibacterales,NA,NA,NA
OTU_4216,OTU_4216,Bacteria,Verrucomicrobiota,Verrucomicrobiia,Verrucomicrobiales,Verrucomicrobiaceae,Roseimicrobium,NA
OTU_4218,OTU_4218,Bacteria,Pseudomonadota,Gammaproteobacteria,Burkholderiales,Comamonadaceae,Rhizobacter,NA
OTU_4219,OTU_4219,Bacteria,Actinomycetota,Thermoleophilia,Solirubrobacterales,Solirubrobacteraceae,Conexibacter,NA
OTU_4224,OTU_4224,Bacteria,Actinomycetota,Actinobacteria,Kitasatosporales,Streptomycetaceae,NA,NA
OTU_4228,OTU_4228,Bacteria,Actinomycetota,MB-A2-108,NA,NA,NA,NA
OTU_4230,OTU_4230,Bacteria,Planctomycetota,Planctomycetes,Gemmatales,Gemmataceae,NA,NA
OTU_4231,OTU_4231,Bacteria,Armatimonadota,Fimbriimonadia,Fimbriimonadales,Fimbriimonadaceae,NA,NA
OTU_4232,OTU_4232,Bacteria,Planctomycetota,Planctomycetes,Gemmatales,Gemmataceae,Zavarzinella,NA
OTU_4234,OTU_4234,Bacteria,Actinomycetota,Acidimicrobiia,Microtrichales,Ilumatobacteraceae,NA,NA
OTU_4236,OTU_4236,Bacteria,Acidobacteriota,Vicinamibacteria,Vicinamibacterales,NA,NA,NA
OTU_4237,OTU_4237,Bacteria,Chlamydiota,Chlamydiia,Chlamydiales,Parachlamydiaceae,Candidatus Protochlamydia,NA
OTU_4239,OTU_4239,Bacteria,Pseudomonadota,Alphaproteobacteria,Sphingomonadales,Sphingomonadaceae,Rhizorhabdus,NA
OTU_4240,OTU_4240,Bacteria,Acidobacteriota,Vicinamibacteria,Vicinamibacterales,NA,NA,NA
OTU_4242,OTU_4242,Bacteria,Chloroflexota,TK10,NA,NA,NA,NA
OTU_4243,OTU_4243,Bacteria,Pseudomonadota,Gammaproteobacteria,Burkholderiales,Nitrosomonadaceae,MND1,NA
OTU_4246,OTU_4246,Bacteria,Myxococcota,Polyangiia,Haliangiales,Haliangiaceae,NA,NA
OTU_4247,OTU_4247,Bacteria,Planctomycetota,Planctomycetes,Pirellulales,Pirellulaceae,NA,NA
OTU_4248,OTU_4248,Bacteria,Candidatus Kapabacteria,Kapabacteria,Kapabacteriales,NA,NA,NA
OTU_4254,OTU_4254,Bacteria,Actinomycetota,Thermoleophilia,Solirubrobacterales,67-14,NA,NA
OTU_4259,OTU_4259,Bacteria,Actinomycetota,Thermoleophilia,Solirubrobacterales,67-14,NA,NA
OTU_4261,OTU_4261,Bacteria,Bacteroidota,Bacteroidia,Chitinophagales,Chitinophagaceae,NA,NA
OTU_4265,OTU_4265,Bacteria,Actinomycetota,Actinobacteria,Frankiales,Frankiaceae,Jatrophihabitans,NA
OTU_4267,OTU_4267,Bacteria,Gemmatimonadota,Gemmatimonadia,Gemmatimonadales,Gemmatimonadaceae,Gemmatimonas,NA
OTU_4271,OTU_4271,Bacteria,Bacillota,Bacilli,Bacillales,Planococcaceae,Psychrobacillus,NA
OTU_4275,OTU_4275,Bacteria,Pseudomonadota,Alphaproteobacteria,Sphingomonadales,Sphingomonadaceae,NA,NA
OTU_4279,OTU_4279,Bacteria,Patescibacteria,Parcubacteria,Candidatus Adlerbacteria,NA,NA,NA
OTU_4280,OTU_4280,Bacteria,Myxococcota,Myxococcia,Myxococcales,Myxococcaceae,NA,NA
OTU_4281,OTU_4281,Bacteria,Actinomycetota,Thermoleophilia,NA,NA,NA,NA
OTU_4282,OTU_4282,Bacteria,Acidobacteriota,Blastocatellia,Pyrinomonadales,Pyrinomonadaceae,Brevitalea,NA
OTU_4285,OTU_4285,Bacteria,Bacillota,Bacilli,Bacillales,Bacillaceae,Bacillus,NA
OTU_4289,OTU_4289,Bacteria,Acidobacteriota,Holophagae,Subgroup 7,NA,NA,NA
OTU_4290,OTU_4290,Bacteria,Gemmatimonadota,AKAU4049,NA,NA,NA,NA
OTU_4291,OTU_4291,Bacteria,Pseudomonadota,Alphaproteobacteria,Elsterales,NA,NA,NA
OTU_4294,OTU_4294,Bacteria,Actinomycetota,Actinobacteria,Micromonosporales,Micromonosporaceae,NA,NA
OTU_4296,OTU_4296,Bacteria,Actinomycetota,Actinobacteria,Propionibacteriales,Propionibacteriaceae,Microlunatus,NA
OTU_4300,OTU_4300,Bacteria,Chloroflexota,TK10,NA,NA,NA,NA
OTU_4301,OTU_4301,Bacteria,Chloroflexota,KD4-96,NA,NA,NA,NA
OTU_4304,OTU_4304,Bacteria,Acidobacteriota,Acidobacteriae,Solibacterales,Solibacteraceae,Candidatus Solibacter,NA
OTU_4305,OTU_4305,Bacteria,Myxococcota,Polyangiia,mle1-27,NA,NA,NA
OTU_4307,OTU_4307,Bacteria,Chloroflexota,Chloroflexia,Chloroflexales,Herpetosiphonaceae,Herpetosiphon,NA
OTU_4313,OTU_4313,Bacteria,Actinomycetota,Actinobacteria,Propionibacteriales,Nocardioidaceae,Marmoricola,NA
OTU_4323,OTU_4323,Bacteria,Chloroflexota,Anaerolineae,Caldilineales,Caldilineaceae,NA,NA
OTU_4324,OTU_4324,Bacteria,Gemmatimonadota,Gemmatimonadia,Gemmatimonadales,Gemmatimonadaceae,NA,NA
OTU_4326,OTU_4326,Bacteria,Planctomycetota,vadinHA49,NA,NA,NA,NA
OTU_4330,OTU_4330,Bacteria,Bdellovibrionota,Oligoflexia,0319-6G20,NA,NA,NA
OTU_4335,OTU_4335,Bacteria,Planctomycetota,Phycisphaerae,Phycisphaerales,Phycisphaeraceae,SM1A02,NA
OTU_4338,OTU_4338,Bacteria,Actinomycetota,Actinobacteria,Mycobacteriales,Nocardiaceae,Nocardia,NA
OTU_4339,OTU_4339,Bacteria,Actinomycetota,Thermoleophilia,Solirubrobacterales,Solirubrobacteraceae,Patulibacter,NA
OTU_4341,OTU_4341,Bacteria,Myxococcota,Myxococcia,Myxococcales,Myxococcaceae,Archangium,NA
OTU_4343,OTU_4343,Bacteria,Actinomycetota,Actinobacteria,Pseudonocardiales,Pseudonocardiaceae,NA,NA
OTU_4344,OTU_4344,Bacteria,Gemmatimonadota,Gemmatimonadia,Gemmatimonadales,Gemmatimonadaceae,Gemmatimonas,NA
OTU_4345,OTU_4345,Bacteria,Planctomycetota,Phycisphaerae,Phycisphaerales,Phycisphaeraceae,SM1A02,NA
OTU_4349,OTU_4349,Bacteria,Pseudomonadota,Alphaproteobacteria,Hyphomicrobiales,Xanthobacteraceae,NA,NA
OTU_4359,OTU_4359,Bacteria,Verrucomicrobiota,Verrucomicrobiia,Chthoniobacterales,Chthoniobacteraceae,Chthoniobacter,NA
OTU_4360,OTU_4360,Bacteria,Actinomycetota,Acidimicrobiia,Acidimicrobiales,Acidimicrobiaceae,Acidiferrimicrobium,NA
OTU_4361,OTU_4361,Bacteria,Bacteroidota,Bacteroidia,Chitinophagales,Chitinophagaceae,NA,NA
OTU_4363,OTU_4363,Bacteria,Armatimonadota,Armatimonadia,Armatimonadales,Armatimonadaceae,NA,NA
OTU_4364,OTU_4364,Bacteria,Actinomycetota,Actinobacteria,Propionibacteriales,Nocardioidaceae,Nocardioides,NA
OTU_4366,OTU_4366,Bacteria,Acidobacteriota,Acidobacteriae,Terriglobales,NA,NA,NA
OTU_4368,OTU_4368,Bacteria,Planctomycetota,Planctomycetes,Isosphaerales,Isosphaeraceae,NA,NA
OTU_4370,OTU_4370,Bacteria,Actinomycetota,Actinobacteria,Streptosporangiales,Thermomonosporaceae,Actinomadura,NA
OTU_4372,OTU_4372,Bacteria,Pseudomonadota,Alphaproteobacteria,Hyphomicrobiales,NA,NA,NA
OTU_4374,OTU_4374,Bacteria,Actinomycetota,Thermoleophilia,Solirubrobacterales,Solirubrobacteraceae,NA,NA
OTU_4375,OTU_4375,Bacteria,Actinomycetota,Thermoleophilia,Solirubrobacterales,67-14,NA,NA
OTU_4378,OTU_4378,Bacteria,Cyanobacteriota,Vampirivibrionia,Obscuribacterales,Obscuribacteraceae,NA,NA
OTU_4382,OTU_4382,Bacteria,Chloroflexota,KD4-96,NA,NA,NA,NA
OTU_4383,OTU_4383,Bacteria,Pseudomonadota,Gammaproteobacteria,Burkholderiales,Comamonadaceae,NA,NA
OTU_4384,OTU_4384,Bacteria,Actinomycetota,Thermoleophilia,Solirubrobacterales,Solirubrobacteraceae,Solirubrobacter,phytolaccae
OTU_4388,OTU_4388,Bacteria,Gemmatimonadota,Gemmatimonadia,Gemmatimonadales,Gemmatimonadaceae,Gemmatimonas,NA
OTU_4391,OTU_4391,Bacteria,Pseudomonadota,Alphaproteobacteria,Hyphomicrobiales,Beijerinckiaceae,NA,NA
OTU_4393,OTU_4393,Bacteria,Actinomycetota,Thermoleophilia,Solirubrobacterales,67-14,NA,NA
OTU_4394,OTU_4394,Bacteria,Gemmatimonadota,Gemmatimonadia,Gemmatimonadales,Gemmatimonadaceae,NA,NA
OTU_4395,OTU_4395,Bacteria,Nitrospirota,Nitrospiria,Nitrospirales,Nitrospiraceae,Nitrospira,NA
OTU_4397,OTU_4397,Bacteria,Chloroflexota,Anaerolineae,Caldilineales,Caldilineaceae,NA,NA
OTU_4398,OTU_4398,Bacteria,Myxococcota,Polyangiia,Haliangiales,Haliangiaceae,NA,NA
OTU_4401,OTU_4401,Bacteria,Pseudomonadota,Alphaproteobacteria,Hyphomicrobiales,Xanthobacteraceae,Rhodoplanes,NA
OTU_4405,OTU_4405,Bacteria,Verrucomicrobiota,Verrucomicrobiia,Chthoniobacterales,Chthoniobacteraceae,Candidatus Udaeobacter,NA
OTU_4406,OTU_4406,Bacteria,Actinomycetota,Thermoleophilia,Gaiellales,Gaiellaceae,Gaiella,NA
OTU_4408,OTU_4408,Bacteria,Bacillota,Bacilli,Mycoplasmatales,Mycoplasmataceae,type III,NA
OTU_4412,OTU_4412,Bacteria,Planctomycetota,Phycisphaerae,Tepidisphaerales,CPla-3 termite group,NA,NA
OTU_4414,OTU_4414,Bacteria,Planctomycetota,Planctomycetes,Gemmatales,Gemmataceae,NA,NA
OTU_4415,OTU_4415,Bacteria,Actinomycetota,Thermoleophilia,Gaiellales,Gaiellaceae,Gaiella,NA
OTU_4417,OTU_4417,Bacteria,Actinomycetota,Acidimicrobiia,Acidimicrobiales,Acidimicrobiaceae,Acidiferrimicrobium,NA
OTU_4418,OTU_4418,Bacteria,Actinomycetota,MB-A2-108,NA,NA,NA,NA
OTU_4421,OTU_4421,Bacteria,Acidobacteriota,Vicinamibacteria,Vicinamibacterales,NA,NA,NA
OTU_4422,OTU_4422,Bacteria,Bacteroidota,Bacteroidia,Cytophagales,Microscillaceae,NA,NA
OTU_4425,OTU_4425,Bacteria,Pseudomonadota,Gammaproteobacteria,Burkholderiales,B1-7BS,NA,NA
OTU_4428,OTU_4428,Bacteria,Verrucomicrobiota,Verrucomicrobiia,Pedosphaerales,Pedosphaeraceae,NA,NA
OTU_4429,OTU_4429,Bacteria,Gemmatimonadota,Gemmatimonadia,Gemmatimonadales,Gemmatimonadaceae,Gemmatimonas,NA
OTU_4432,OTU_4432,Bacteria,Actinomycetota,Actinobacteria,Frankiales,Frankiaceae,Jatrophihabitans,soli
OTU_4433,OTU_4433,Bacteria,Planctomycetota,Phycisphaerae,Tepidisphaerales,WD2101 soil group,NA,NA
OTU_4434,OTU_4434,Bacteria,Chloroflexota,Chloroflexia,Thermomicrobiales,JG30-KF-CM45,NA,NA
OTU_4435,OTU_4435,Bacteria,Verrucomicrobiota,Verrucomicrobiia,Chthoniobacterales,Chthoniobacteraceae,Chthoniobacter,NA
OTU_4439,OTU_4439,Bacteria,Acidobacteriota,Vicinamibacteria,Vicinamibacterales,Vicinamibacteraceae,NA,NA
OTU_4441,OTU_4441,Bacteria,Chloroflexota,JG30-KF-CM66,NA,NA,NA,NA
OTU_4442,OTU_4442,Bacteria,Bacteroidota,Bacteroidia,Chitinophagales,Chitinophagaceae,Puia,NA
OTU_4443,OTU_4443,Bacteria,Planctomycetota,Planctomycetes,Isosphaerales,Isosphaeraceae,NA,NA
OTU_4447,OTU_4447,Bacteria,Planctomycetota,Planctomycetes,Pirellulales,Pirellulaceae,Pir4 lineage,NA
OTU_4448,OTU_4448,Bacteria,Actinomycetota,Thermoleophilia,Gaiellales,NA,NA,NA
OTU_4449,OTU_4449,Bacteria,Planctomycetota,Phycisphaerae,Tepidisphaerales,WD2101 soil group,NA,NA
OTU_4451,OTU_4451,Bacteria,Armatimonadota,Chthonomonadia,Chthonomonadales,NA,NA,NA
OTU_4454,OTU_4454,Bacteria,Acidobacteriota,Subgroup 25,NA,NA,NA,NA
OTU_4456,OTU_4456,Bacteria,Bacteroidota,Bacteroidia,Cytophagales,Hymenobacteraceae,Hymenobacter,NA
OTU_4459,OTU_4459,Bacteria,Entotheonellaeota,Entotheonellia,Entotheonellales,Entotheonellaceae,NA,NA
OTU_4460,OTU_4460,Bacteria,Pseudomonadota,Alphaproteobacteria,Tistrellales,Geminicoccaceae,Candidatus Alysiosphaera,NA
OTU_4464,OTU_4464,Bacteria,Planctomycetota,Phycisphaerae,Tepidisphaerales,WD2101 soil group,NA,NA
OTU_4465,OTU_4465,Bacteria,Pseudomonadota,Alphaproteobacteria,Tistrellales,Geminicoccaceae,Candidatus Alysiosphaera,NA
OTU_4468,OTU_4468,Bacteria,Chloroflexota,TK10,NA,NA,NA,NA
OTU_4469,OTU_4469,Bacteria,Pseudomonadota,Alphaproteobacteria,Caulobacterales,Hyphomonadaceae,SWB02,NA
OTU_4470,OTU_4470,Bacteria,Acidobacteriota,Holophagae,Subgroup 7,NA,NA,NA
OTU_4471,OTU_4471,Bacteria,Pseudomonadota,Gammaproteobacteria,Salinisphaerales,Nevskiaceae,NA,NA
OTU_4472,OTU_4472,Bacteria,Pseudomonadota,Gammaproteobacteria,Lysobacterales,Rhodanobacteraceae,Tahibacter,NA
OTU_4476,OTU_4476,Bacteria,Planctomycetota,Planctomycetes,Gemmatales,Gemmataceae,NA,NA
OTU_4479,OTU_4479,Bacteria,Planctomycetota,Planctomycetes,Planctomycetales,NA,NA,NA
OTU_4483,OTU_4483,Bacteria,Planctomycetota,Phycisphaerae,Tepidisphaerales,WD2101 soil group,NA,NA
OTU_4485,OTU_4485,Bacteria,Gemmatimonadota,Gemmatimonadia,Gemmatimonadales,Gemmatimonadaceae,Gemmatimonas,NA
OTU_4486,OTU_4486,Bacteria,Gemmatimonadota,S0134 terrestrial group,NA,NA,NA,NA
OTU_4487,OTU_4487,Bacteria,Pseudomonadota,Alphaproteobacteria,Acetobacterales,Acetobacteraceae,Belnapia,NA
OTU_4488,OTU_4488,Bacteria,Actinomycetota,Actinobacteria,Streptosporangiales,Thermomonosporaceae,Actinoallomurus,NA
OTU_4489,OTU_4489,Bacteria,Bacteroidota,Bacteroidia,Cytophagales,Microscillaceae,Ohtaekwangia,NA
OTU_4490,OTU_4490,Bacteria,Pseudomonadota,Alphaproteobacteria,Elsterales,NA,NA,NA
OTU_4492,OTU_4492,Bacteria,Pseudomonadota,Gammaproteobacteria,Burkholderiales,TRA3-20,NA,NA
OTU_4497,OTU_4497,Bacteria,Bacillota,Bacilli,Bacillales,Bacillaceae,Oceanobacillus,NA
OTU_4498,OTU_4498,Bacteria,Verrucomicrobiota,Verrucomicrobiia,Pedosphaerales,Pedosphaeraceae,DEV114,NA
OTU_4500,OTU_4500,Bacteria,Pseudomonadota,Alphaproteobacteria,Acetobacterales,Acetobacteraceae,Acidicaldus,NA
OTU_4501,OTU_4501,Bacteria,Pseudomonadota,Alphaproteobacteria,Hyphomicrobiales,Beijerinckiaceae,Roseiarcus,NA
OTU_4503,OTU_4503,Bacteria,Pseudomonadota,Alphaproteobacteria,Hyphomicrobiales,Xanthobacteraceae,NA,NA
OTU_4506,OTU_4506,Bacteria,Acidobacteriota,Blastocatellia,Pyrinomonadales,Pyrinomonadaceae,Arenimicrobium,NA
OTU_4515,OTU_4515,Bacteria,Verrucomicrobiota,Verrucomicrobiia,Chthoniobacterales,Chthoniobacteraceae,Candidatus Udaeobacter,NA
OTU_4517,OTU_4517,Bacteria,Planctomycetota,Planctomycetes,Gemmatales,Gemmataceae,Fimbriiglobus,NA
OTU_4518,OTU_4518,Bacteria,Planctomycetota,Planctomycetes,Planctomycetales,NA,NA,NA
OTU_4520,OTU_4520,Bacteria,Actinomycetota,Thermoleophilia,Solirubrobacterales,Solirubrobacteraceae,Conexibacter,NA
OTU_4528,OTU_4528,Bacteria,Myxococcota,Polyangiia,Haliangiales,Haliangiaceae,NA,NA
OTU_4530,OTU_4530,Bacteria,Acidobacteriota,Acidobacteriae,Solibacterales,Solibacteraceae,Candidatus Solibacter,NA
OTU_4531,OTU_4531,Bacteria,Thermodesulfobacteriota,NA,NA,NA,NA,NA
OTU_4532,OTU_4532,Bacteria,Thermodesulfobacteriota,NA,NA,NA,NA,NA
OTU_4535,OTU_4535,Bacteria,Actinomycetota,Thermoleophilia,Solirubrobacterales,Solirubrobacteraceae,Solirubrobacter,NA
OTU_4537,OTU_4537,Bacteria,Verrucomicrobiota,Verrucomicrobiia,Chthoniobacterales,Chthoniobacteraceae,Chthoniobacter,NA
OTU_4542,OTU_4542,Bacteria,Planctomycetota,Planctomycetes,Gemmatales,Gemmataceae,NA,NA
OTU_4546,OTU_4546,Bacteria,Planctomycetota,Phycisphaerae,Phycisphaerales,Phycisphaeraceae,SM1A02,NA
OTU_4549,OTU_4549,Bacteria,Patescibacteria,Parcubacteria,Candidatus Kaiserbacteria,NA,NA,NA
OTU_4550,OTU_4550,Bacteria,Pseudomonadota,Gammaproteobacteria,Pseudomonadales,Pseudohongiellaceae,BIyi10,NA
OTU_4551,OTU_4551,Bacteria,Actinomycetota,Actinobacteria,NA,NA,NA,NA
OTU_4557,OTU_4557,Bacteria,Bacillota,Bacilli,Mycoplasmatales,Mycoplasmataceae,type III,NA
OTU_4559,OTU_4559,Bacteria,Chloroflexota,Ktedonobacteria,C0119,NA,NA,NA
OTU_4563,OTU_4563,Bacteria,Pseudomonadota,Gammaproteobacteria,Burkholderiales,SC-I-84,NA,NA
OTU_4567,OTU_4567,Bacteria,Pseudomonadota,Alphaproteobacteria,Hyphomicrobiales,Xanthobacteraceae,NA,NA
OTU_4572,OTU_4572,Bacteria,Bacteroidota,Bacteroidia,Chitinophagales,Chitinophagaceae,Chitinophaga,soli
OTU_4573,OTU_4573,Bacteria,Pseudomonadota,Alphaproteobacteria,Hyphomicrobiales,Xanthobacteraceae,NA,NA
OTU_4575,OTU_4575,Bacteria,Acidobacteriota,Vicinamibacteria,Vicinamibacterales,NA,NA,NA
OTU_4580,OTU_4580,Bacteria,Bacteroidota,Bacteroidia,Chitinophagales,Chitinophagaceae,Terrimonas,NA
OTU_4581,OTU_4581,Bacteria,Myxococcota,Myxococcia,Myxococcales,Myxococcaceae,P3OB-42,NA
OTU_4583,OTU_4583,Bacteria,Actinomycetota,MB-A2-108,NA,NA,NA,NA
OTU_4585,OTU_4585,Bacteria,Planctomycetota,Planctomycetes,Isosphaerales,Isosphaeraceae,NA,NA
OTU_4587,OTU_4587,Bacteria,Verrucomicrobiota,Verrucomicrobiia,Chthoniobacterales,Chthoniobacteraceae,Candidatus Udaeobacter,NA
OTU_4588,OTU_4588,Bacteria,Pseudomonadota,Alphaproteobacteria,Hyphomicrobiales,NA,NA,NA
OTU_4590,OTU_4590,Bacteria,Gemmatimonadota,Gemmatimonadia,Gemmatimonadales,Gemmatimonadaceae,Gemmatimonas,NA
OTU_4591,OTU_4591,Bacteria,Actinomycetota,Actinobacteria,Micromonosporales,Micromonosporaceae,NA,NA
OTU_4596,OTU_4596,Bacteria,Planctomycetota,Planctomycetes,Pirellulales,Pirellulaceae,Pirellula,NA
OTU_4600,OTU_4600,Bacteria,Myxococcota,Polyangiia,Polyangiales,Sandaracinaceae,NA,NA
OTU_4602,OTU_4602,Bacteria,Acidobacteriota,Vicinamibacteria,Vicinamibacterales,NA,NA,NA
OTU_4604,OTU_4604,Bacteria,Pseudomonadota,Alphaproteobacteria,Hyphomicrobiales,NA,NA,NA
OTU_4608,OTU_4608,Bacteria,Planctomycetota,Phycisphaerae,Tepidisphaerales,WD2101 soil group,NA,NA
OTU_4610,OTU_4610,Bacteria,Chloroflexota,TK10,NA,NA,NA,NA
OTU_4612,OTU_4612,Bacteria,Actinomycetota,Actinobacteria,Frankiales,NA,NA,NA
OTU_4619,OTU_4619,Bacteria,Chloroflexota,Chloroflexia,Chloroflexales,Herpetosiphonaceae,Herpetosiphon,NA
OTU_4621,OTU_4621,Bacteria,Actinomycetota,Acidimicrobiia,Microtrichales,NA,NA,NA
OTU_4624,OTU_4624,Bacteria,Pseudomonadota,Gammaproteobacteria,Salinisphaerales,Nevskiaceae,Polycyclovorans,NA
OTU_4629,OTU_4629,Bacteria,Acidobacteriota,Blastocatellia,Pyrinomonadales,Pyrinomonadaceae,NA,NA
OTU_4630,OTU_4630,Bacteria,Pseudomonadota,Gammaproteobacteria,Burkholderiales,SC-I-84,NA,NA
OTU_4633,OTU_4633,Bacteria,Acidobacteriota,Blastocatellia,??.24,NA,NA,NA
OTU_4636,OTU_4636,Bacteria,Actinomycetota,Thermoleophilia,Solirubrobacterales,67-14,NA,NA
OTU_4638,OTU_4638,Bacteria,Pseudomonadota,Alphaproteobacteria,Acetobacterales,Acetobacteraceae,NA,NA
OTU_4643,OTU_4643,Bacteria,Pseudomonadota,Alphaproteobacteria,Hyphomicrobiales,Hyphomicrobiales Incertae Sedis,NA,NA
OTU_4645,OTU_4645,Bacteria,Actinomycetota,MB-A2-108,NA,NA,NA,NA
OTU_4647,OTU_4647,Bacteria,Pseudomonadota,Alphaproteobacteria,Hyphomicrobiales,A0839,NA,NA
OTU_4648,OTU_4648,Bacteria,Actinomycetota,MB-A2-108,NA,NA,NA,NA
OTU_4650,OTU_4650,Bacteria,Actinomycetota,Actinobacteria,Mycobacteriales,Mycobacteriaceae,Mycobacterium,NA
OTU_4652,OTU_4652,Bacteria,Actinomycetota,Actinobacteria,Frankiales,NA,NA,NA
OTU_4657,OTU_4657,Bacteria,Actinomycetota,Actinobacteria,Micrococcales,Intrasporangiaceae,Lapillicoccus,NA
OTU_4663,OTU_4663,Bacteria,Pseudomonadota,Gammaproteobacteria,Legionellales,Legionellaceae,Legionella,NA
OTU_4664,OTU_4664,Bacteria,Pseudomonadota,Gammaproteobacteria,Burkholderiales,Nitrosomonadaceae,mle1-7,NA
OTU_4665,OTU_4665,Bacteria,Pseudomonadota,Gammaproteobacteria,R7C24,NA,NA,NA
OTU_4666,OTU_4666,Bacteria,Actinomycetota,Acidimicrobiia,Acidimicrobiales,Acidimicrobiaceae,Acidiferrimicrobium,NA
OTU_4667,OTU_4667,Bacteria,Actinomycetota,Acidimicrobiia,Acidimicrobiales,Acidimicrobiaceae,Acidiferrimicrobium,NA
OTU_4668,OTU_4668,Bacteria,Actinomycetota,Thermoleophilia,Solirubrobacterales,Solirubrobacteraceae,Baekduia,NA
OTU_4669,OTU_4669,Bacteria,Pseudomonadota,Gammaproteobacteria,Gammaproteobacteria Incertae Sedis,Unknown Family,Acidibacter,NA
OTU_4670,OTU_4670,Bacteria,Chloroflexota,Chloroflexia,Kallotenuales,AKIW781,NA,NA
OTU_4673,OTU_4673,Bacteria,Chloroflexota,Chloroflexia,Chloroflexales,Roseiflexaceae,NA,NA
OTU_4674,OTU_4674,Bacteria,Actinomycetota,Actinobacteria,Propionibacteriales,Nocardioidaceae,Marmoricola,NA
OTU_4679,OTU_4679,Bacteria,Verrucomicrobiota,Verrucomicrobiia,Chthoniobacterales,Chthoniobacteraceae,Candidatus Udaeobacter,NA
OTU_4683,OTU_4683,Bacteria,Actinomycetota,Acidimicrobiia,Acidimicrobiales,Acidimicrobiaceae,Acidiferrimicrobium,NA
OTU_4684,OTU_4684,Bacteria,Planctomycetota,Planctomycetes,Gemmatales,Gemmataceae,NA,NA
OTU_4686,OTU_4686,Bacteria,Chloroflexota,Chloroflexia,Chloroflexales,Roseiflexaceae,NA,NA
OTU_4687,OTU_4687,Bacteria,NA,NA,NA,NA,NA,NA
OTU_4691,OTU_4691,Bacteria,Pseudomonadota,Alphaproteobacteria,Rhodospirillales,Magnetospiraceae,NA,NA
OTU_4693,OTU_4693,Bacteria,Planctomycetota,Planctomycetes,Gemmatales,Gemmataceae,Gemmata,NA
OTU_4700,OTU_4700,Bacteria,Planctomycetota,Phycisphaerae,Tepidisphaerales,WD2101 soil group,NA,NA
OTU_4704,OTU_4704,Bacteria,Pseudomonadota,Gammaproteobacteria,Burkholderiales,A21b,NA,NA
OTU_4712,OTU_4712,Bacteria,Pseudomonadota,Alphaproteobacteria,Hyphomicrobiales,Rhizobiaceae,Mesorhizobium,NA
OTU_4713,OTU_4713,Bacteria,Actinomycetota,Actinobacteria,Frankiales,Frankiaceae,Jatrophihabitans,NA
OTU_4715,OTU_4715,Bacteria,Planctomycetota,Planctomycetes,Pirellulales,Pirellulaceae,Pir4 lineage,NA
OTU_4718,OTU_4718,Bacteria,Verrucomicrobiota,Verrucomicrobiia,Opitutales,Opitutaceae,Opitutus,NA
OTU_4720,OTU_4720,Bacteria,Planctomycetota,Planctomycetes,Planctomycetales,NA,NA,NA
OTU_4721,OTU_4721,Bacteria,Nitrospirota,Nitrospiria,Nitrospirales,Nitrospiraceae,Nitrospira,NA
OTU_4722,OTU_4722,Bacteria,Myxococcota,Polyangiia,Polyangiales,Polyangiaceae,Minicystis,NA
OTU_4723,OTU_4723,Bacteria,Bacteroidota,Bacteroidia,Cytophagales,Microscillaceae,NA,NA
OTU_4724,OTU_4724,Bacteria,Pseudomonadota,Alphaproteobacteria,Hyphomicrobiales,Xanthobacteraceae,Pseudolabrys,NA
OTU_4727,OTU_4727,Bacteria,Pseudomonadota,Alphaproteobacteria,Hyphomicrobiales,Beijerinckiaceae,Microvirga,NA
OTU_4728,OTU_4728,Bacteria,Bacteroidota,Bacteroidia,Chitinophagales,Chitinophagaceae,Nemorincola,NA
OTU_4730,OTU_4730,Bacteria,Verrucomicrobiota,Verrucomicrobiia,Chthoniobacterales,Chthoniobacteraceae,Candidatus Udaeobacter,NA
OTU_4735,OTU_4735,Bacteria,Acidobacteriota,Vicinamibacteria,Vicinamibacterales,Vicinamibacteraceae,NA,NA
OTU_4738,OTU_4738,Bacteria,Armatimonadota,Chthonomonadia,Chthonomonadales,NA,NA,NA
OTU_4740,OTU_4740,Bacteria,Actinomycetota,Actinobacteria,Frankiales,NA,NA,NA
OTU_4745,OTU_4745,Bacteria,Planctomycetota,Phycisphaerae,Tepidisphaerales,WD2101 soil group,NA,NA
OTU_4746,OTU_4746,Bacteria,Actinomycetota,Thermoleophilia,Solirubrobacterales,67-14,NA,NA
OTU_4748,OTU_4748,Bacteria,Planctomycetota,Planctomycetes,Gemmatales,Gemmataceae,NA,NA
OTU_4750,OTU_4750,Bacteria,Chloroflexota,Chloroflexia,Thermomicrobiales,JG30-KF-CM45,NA,NA
OTU_4752,OTU_4752,Bacteria,Actinomycetota,Actinobacteria,Propionibacteriales,Nocardioidaceae,Nocardioides,NA
OTU_4754,OTU_4754,Bacteria,Pseudomonadota,Alphaproteobacteria,Caulobacterales,Caulobacteraceae,Caulobacter,NA
OTU_4758,OTU_4758,Bacteria,Acidobacteriota,Vicinamibacteria,Vicinamibacterales,Vicinamibacteraceae,NA,NA
OTU_4760,OTU_4760,Bacteria,Actinomycetota,Actinobacteria,Pseudonocardiales,Pseudonocardiaceae,Actinomycetospora,NA
OTU_4762,OTU_4762,Bacteria,Acidobacteriota,Vicinamibacteria,Vicinamibacterales,NA,NA,NA
OTU_4763,OTU_4763,Bacteria,Planctomycetota,Phycisphaerae,Tepidisphaerales,WD2101 soil group,NA,NA
OTU_4764,OTU_4764,Bacteria,Patescibacteria,Parcubacteria,Candidatus Nomurabacteria,NA,NA,NA
OTU_4766,OTU_4766,Bacteria,Candidatus Kapabacteria,Kapabacteria,Kapabacteriales,NA,NA,NA
OTU_4770,OTU_4770,Bacteria,Acidobacteriota,Blastocatellia,??.24,NA,NA,NA
OTU_4773,OTU_4773,Bacteria,Planctomycetota,Planctomycetes,Isosphaerales,Isosphaeraceae,Tautonia,NA
OTU_4774,OTU_4774,Bacteria,Planctomycetota,Planctomycetes,Gemmatales,Gemmataceae,Gemmata,NA
OTU_4775,OTU_4775,Bacteria,Verrucomicrobiota,Verrucomicrobiia,Opitutales,Opitutaceae,Oleiharenicola,NA
OTU_4776,OTU_4776,Bacteria,Planctomycetota,Planctomycetes,Gemmatales,Gemmataceae,NA,NA
OTU_4777,OTU_4777,Bacteria,Bacteroidota,Bacteroidia,Chitinophagales,Chitinophagaceae,Taibaiella,NA
OTU_4778,OTU_4778,Bacteria,Bacteroidota,Bacteroidia,Chitinophagales,Chitinophagaceae,Aurantisolimonas,NA
OTU_4781,OTU_4781,Bacteria,Acidobacteriota,Acidobacteriae,Bryobacterales,Bryobacteraceae,Bryobacter,NA
OTU_4782,OTU_4782,Bacteria,Myxococcota,Polyangiia,Haliangiales,Haliangiaceae,NA,NA
OTU_4784,OTU_4784,Bacteria,Verrucomicrobiota,Verrucomicrobiia,Chthoniobacterales,Chthoniobacteraceae,Chthoniobacter,NA
OTU_4786,OTU_4786,Bacteria,Entotheonellaeota,Entotheonellia,Entotheonellales,Entotheonellaceae,NA,NA
OTU_4789,OTU_4789,Bacteria,Actinomycetota,Actinobacteria,Propionibacteriales,Nocardioidaceae,Nocardioides,NA
OTU_4791,OTU_4791,Bacteria,Planctomycetota,Planctomycetes,Pirellulales,Pirellulaceae,Pirellula,NA
OTU_4795,OTU_4795,Bacteria,Actinomycetota,Actinobacteria,Pseudonocardiales,Pseudonocardiaceae,Pseudonocardia,NA
OTU_4798,OTU_4798,Bacteria,Planctomycetota,Planctomycetes,Planctomycetales,NA,NA,NA
OTU_4799,OTU_4799,Bacteria,Actinomycetota,Actinobacteria,Propionibacteriales,Nocardioidaceae,Nocardioides,NA
OTU_4803,OTU_4803,Bacteria,Pseudomonadota,Alphaproteobacteria,Hyphomicrobiales,Xanthobacteraceae,NA,NA
OTU_4804,OTU_4804,Bacteria,Actinomycetota,Thermoleophilia,Solirubrobacterales,Solirubrobacteraceae,Solirubrobacter,NA
OTU_4805,OTU_4805,Bacteria,Pseudomonadota,Alphaproteobacteria,Hyphomicrobiales,Xanthobacteraceae,NA,NA
OTU_4813,OTU_4813,Bacteria,Planctomycetota,Planctomycetes,Isosphaerales,Isosphaeraceae,NA,NA
OTU_4814,OTU_4814,Bacteria,Myxococcota,Polyangiia,Polyangiales,Sandaracinaceae,NA,NA
OTU_4817,OTU_4817,Bacteria,Acidobacteriota,Acidobacteriae,Solibacterales,Solibacteraceae,Candidatus Solibacter,NA
OTU_4819,OTU_4819,Bacteria,Actinomycetota,Thermoleophilia,Solirubrobacterales,67-14,NA,NA
OTU_4821,OTU_4821,Bacteria,Actinomycetota,Actinobacteria,Propionibacteriales,Nocardioidaceae,Nocardioides,NA
OTU_4830,OTU_4830,Bacteria,Actinomycetota,Actinobacteria,Frankiales,Frankiaceae,Jatrophihabitans,NA
OTU_4832,OTU_4832,Bacteria,Bacteroidota,Bacteroidia,Chitinophagales,Chitinophagaceae,Niastella,NA
OTU_4834,OTU_4834,Bacteria,Actinomycetota,Actinobacteria,Propionibacteriales,Nocardioidaceae,Nocardioides,NA
OTU_4836,OTU_4836,Bacteria,Planctomycetota,Planctomycetes,Gemmatales,Gemmataceae,Gemmata,NA
OTU_4838,OTU_4838,Bacteria,Planctomycetota,Planctomycetes,Gemmatales,Gemmataceae,Gemmata,NA
OTU_4840,OTU_4840,Bacteria,Actinomycetota,Actinobacteria,Micromonosporales,Micromonosporaceae,Micromonospora,NA
OTU_4841,OTU_4841,Bacteria,Acidobacteriota,Blastocatellia,Blastocatellales,Blastocatellaceae,JGI 0001001-H03,NA
OTU_4844,OTU_4844,Bacteria,Chloroflexota,Chloroflexia,Thermomicrobiales,JG30-KF-CM45,NA,NA
OTU_4846,OTU_4846,Bacteria,Chloroflexota,Anaerolineae,NA,NA,NA,NA
OTU_4847,OTU_4847,Bacteria,Acidobacteriota,Vicinamibacteria,Vicinamibacterales,NA,NA,NA
OTU_4850,OTU_4850,Bacteria,Planctomycetota,Planctomycetes,Isosphaerales,Isosphaeraceae,NA,NA
OTU_4851,OTU_4851,Bacteria,Pseudomonadota,Alphaproteobacteria,Acetobacterales,Acetobacteraceae,Roseomonas,NA
OTU_4852,OTU_4852,Bacteria,Pseudomonadota,Alphaproteobacteria,Hyphomicrobiales,Xanthobacteraceae,Pseudorhodoplanes,NA
OTU_4853,OTU_4853,Bacteria,Bacteroidota,Bacteroidia,Chitinophagales,Chitinophagaceae,Chitinophaga,NA
OTU_4854,OTU_4854,Bacteria,Actinomycetota,Actinobacteria,Frankiales,NA,NA,NA
OTU_4857,OTU_4857,Bacteria,Myxococcota,Polyangiia,Haliangiales,Haliangiaceae,NA,NA
OTU_4858,OTU_4858,Bacteria,Planctomycetota,Planctomycetes,Pirellulales,Pirellulaceae,NA,NA
OTU_4859,OTU_4859,Bacteria,Planctomycetota,Planctomycetes,Gemmatales,Gemmataceae,Fimbriiglobus,NA
OTU_4861,OTU_4861,Bacteria,Bacteroidota,Bacteroidia,Chitinophagales,Chitinophagaceae,Flavisolibacter,NA
OTU_4864,OTU_4864,Bacteria,Bacteroidota,Bacteroidia,Chitinophagales,Chitinophagaceae,NA,NA
OTU_4868,OTU_4868,Bacteria,Actinomycetota,MB-A2-108,NA,NA,NA,NA
OTU_4871,OTU_4871,Bacteria,Planctomycetota,Phycisphaerae,Tepidisphaerales,WD2101 soil group,NA,NA
OTU_4878,OTU_4878,Bacteria,Acidobacteriota,Vicinamibacteria,Subgroup 17,NA,NA,NA
OTU_4881,OTU_4881,Bacteria,Acidobacteriota,Thermoanaerobaculia,Thermoanaerobaculales,Thermoanaerobaculaceae,Subgroup 10,NA
OTU_4884,OTU_4884,Bacteria,Planctomycetota,Planctomycetes,Gemmatales,Gemmataceae,NA,NA
OTU_4885,OTU_4885,Bacteria,Planctomycetota,Planctomycetes,Pirellulales,Pirellulaceae,Pirellula,NA
OTU_4886,OTU_4886,Bacteria,Actinomycetota,Actinobacteria,Frankiales,Frankiaceae,Jatrophihabitans,NA
OTU_4887,OTU_4887,Bacteria,Pseudomonadota,Gammaproteobacteria,Burkholderiales,TRA3-20,NA,NA
OTU_4891,OTU_4891,Bacteria,Actinomycetota,Actinobacteria,Frankiales,Sporichthyaceae,Sporichthya,NA
OTU_4893,OTU_4893,Bacteria,Planctomycetota,Planctomycetes,Gemmatales,Gemmataceae,NA,NA
OTU_4896,OTU_4896,Bacteria,Pseudomonadota,Alphaproteobacteria,Hyphomicrobiales,Beijerinckiaceae,Microvirga,NA
OTU_4897,OTU_4897,Bacteria,Acidobacteriota,Vicinamibacteria,Vicinamibacterales,NA,NA,NA
OTU_4900,OTU_4900,Bacteria,Actinomycetota,Thermoleophilia,Gaiellales,Gaiellaceae,Gaiella,NA
OTU_4901,OTU_4901,Bacteria,Bacteroidota,Bacteroidia,Cytophagales,Spirosomataceae,Spirosoma,NA
OTU_4903,OTU_4903,Bacteria,Actinomycetota,Actinobacteria,Mycobacteriales,Nocardiaceae,Nocardia,NA
OTU_4907,OTU_4907,Bacteria,Chloroflexota,NA,NA,NA,NA,NA
OTU_4909,OTU_4909,Bacteria,Chloroflexota,Chloroflexia,Thermomicrobiales,JG30-KF-CM45,NA,NA
OTU_4910,OTU_4910,Bacteria,Actinomycetota,Actinobacteria,Micromonosporales,Micromonosporaceae,Krasilnikovia,NA
OTU_4915,OTU_4915,Bacteria,RCP2-54,NA,NA,NA,NA,NA
OTU_4916,OTU_4916,Bacteria,Verrucomicrobiota,Verrucomicrobiia,Chthoniobacterales,Chthoniobacteraceae,Candidatus Udaeobacter,NA
OTU_4920,OTU_4920,Bacteria,Gemmatimonadota,Gemmatimonadia,Gemmatimonadales,Gemmatimonadaceae,Gemmatimonas,NA
OTU_4922,OTU_4922,Bacteria,Pseudomonadota,Alphaproteobacteria,Hyphomicrobiales,Xanthobacteraceae,NA,NA
OTU_4923,OTU_4923,Bacteria,Pseudomonadota,Gammaproteobacteria,Burkholderiales,Comamonadaceae,Pseudorhodoferax,NA
OTU_4924,OTU_4924,Bacteria,Actinomycetota,Acidimicrobiia,Microtrichales,NA,NA,NA
OTU_4927,OTU_4927,Bacteria,Gemmatimonadota,Gemmatimonadia,Gemmatimonadales,Gemmatimonadaceae,NA,NA
OTU_4928,OTU_4928,Bacteria,Planctomycetota,Phycisphaerae,Tepidisphaerales,WD2101 soil group,NA,NA
OTU_4931,OTU_4931,Bacteria,Planctomycetota,Planctomycetes,Pirellulales,Pirellulaceae,Pirellula,NA
OTU_4939,OTU_4939,Bacteria,Actinomycetota,Thermoleophilia,Gaiellales,NA,NA,NA
OTU_4941,OTU_4941,Bacteria,Pseudomonadota,Gammaproteobacteria,Burkholderiales,SC-I-84,NA,NA
OTU_4943,OTU_4943,Bacteria,Actinomycetota,Actinobacteria,Catenulisporales,Catenulisporaceae,Catenulispora,NA
OTU_4945,OTU_4945,Bacteria,Bacteroidota,Bacteroidia,Chitinophagales,Chitinophagaceae,Segetibacter,NA
OTU_4946,OTU_4946,Bacteria,Chloroflexota,KD4-96,NA,NA,NA,NA
OTU_4951,OTU_4951,Bacteria,Bacteroidota,Bacteroidia,Sphingobacteriales,Sphingobacteriaceae,Mucilaginibacter,NA
OTU_4956,OTU_4956,Bacteria,Acidobacteriota,Acidobacteriae,Bryobacterales,Bryobacteraceae,Bryobacter,NA
OTU_4957,OTU_4957,Bacteria,Nitrospirota,Nitrospiria,Nitrospirales,Nitrospiraceae,Nitrospira,NA
OTU_4961,OTU_4961,Bacteria,Actinomycetota,Actinobacteria,Propionibacteriales,Nocardioidaceae,Marmoricola,NA
OTU_4963,OTU_4963,Bacteria,Bacteroidota,Bacteroidia,Cytophagales,Microscillaceae,Ohtaekwangia,NA
OTU_4964,OTU_4964,Bacteria,Planctomycetota,Planctomycetes,Planctomycetales,Schlesneriaceae,Planctopirus,NA
OTU_4967,OTU_4967,Bacteria,Pseudomonadota,Alphaproteobacteria,Elsterales,NA,NA,NA
OTU_4968,OTU_4968,Bacteria,Pseudomonadota,Gammaproteobacteria,Burkholderiales,SC-I-84,NA,NA
OTU_4970,OTU_4970,Bacteria,Planctomycetota,Phycisphaerae,Tepidisphaerales,WD2101 soil group,NA,NA
OTU_4974,OTU_4974,Bacteria,Pseudomonadota,Gammaproteobacteria,Burkholderiales,SC-I-84,NA,NA
OTU_4979,OTU_4979,Bacteria,Planctomycetota,Phycisphaerae,Phycisphaerales,Phycisphaeraceae,SM1A02,NA
OTU_4980,OTU_4980,Bacteria,Actinomycetota,Acidimicrobiia,Acidimicrobiales,Acidimicrobiaceae,NA,NA
OTU_4982,OTU_4982,Bacteria,Actinomycetota,Actinobacteria,Propionibacteriales,Nocardioidaceae,Nocardioides,NA
OTU_4983,OTU_4983,Bacteria,Planctomycetota,Planctomycetes,Gemmatales,Gemmataceae,NA,NA
OTU_4984,OTU_4984,Bacteria,Actinomycetota,Actinobacteria,Kitasatosporales,Streptomycetaceae,NA,NA
OTU_4985,OTU_4985,Bacteria,Planctomycetota,Phycisphaerae,Tepidisphaerales,WD2101 soil group,NA,NA
OTU_4986,OTU_4986,Bacteria,Pseudomonadota,Alphaproteobacteria,Hyphomicrobiales,NA,NA,NA
OTU_4987,OTU_4987,Bacteria,Myxococcota,Polyangiia,Polyangiales,Polyangiaceae,Pajaroellobacter,NA
OTU_4988,OTU_4988,Bacteria,Verrucomicrobiota,Verrucomicrobiia,Pedosphaerales,Pedosphaeraceae,NA,NA
OTU_4992,OTU_4992,Bacteria,Pseudomonadota,Alphaproteobacteria,Hyphomicrobiales,Beijerinckiaceae,Microvirga,NA
OTU_4995,OTU_4995,Bacteria,Myxococcota,Polyangiia,Polyangiales,Polyangiaceae,NA,NA
OTU_4996,OTU_4996,Bacteria,Nitrospirota,Nitrospiria,Nitrospirales,Nitrospiraceae,Nitrospira,NA
OTU_4998,OTU_4998,Bacteria,Chloroflexota,Anaerolineae,Anaerolineales,Anaerolineaceae,UTCFX1,NA
OTU_5000,OTU_5000,Bacteria,Pseudomonadota,Alphaproteobacteria,Sphingomonadales,Sphingomonadaceae,Rhizorhapis,NA
OTU_5002,OTU_5002,Bacteria,Actinomycetota,Acidimicrobiia,Acidimicrobiales,Acidimicrobiaceae,Acidiferrimicrobium,NA
OTU_5003,OTU_5003,Bacteria,Actinomycetota,Acidimicrobiia,Microtrichales,NA,NA,NA
OTU_5005,OTU_5005,Bacteria,Bdellovibrionota,Bdellovibrionia,Bdellovibrionales,Pseudobdellovibrionaceae,OM27 clade,NA
OTU_5012,OTU_5012,Bacteria,Verrucomicrobiota,Verrucomicrobiia,Pedosphaerales,Pedosphaeraceae,NA,NA
OTU_5013,OTU_5013,Bacteria,Acidobacteriota,Acidobacteriae,NA,NA,NA,NA
OTU_5017,OTU_5017,Bacteria,Pseudomonadota,Alphaproteobacteria,Acetobacterales,Acetobacteraceae,Rhodopila,NA
OTU_5018,OTU_5018,Bacteria,Chloroflexota,Chloroflexia,Thermomicrobiales,JG30-KF-CM45,NA,NA
OTU_5026,OTU_5026,Bacteria,Patescibacteria,Parcubacteria,NA,NA,NA,NA
OTU_5028,OTU_5028,Bacteria,Planctomycetota,Planctomycetes,Gemmatales,Gemmataceae,Fimbriiglobus,NA
OTU_5033,OTU_5033,Bacteria,Planctomycetota,Phycisphaerae,Phycisphaerales,Phycisphaeraceae,SM1A02,NA
OTU_5036,OTU_5036,Bacteria,Planctomycetota,Planctomycetes,Gemmatales,Gemmataceae,NA,NA
OTU_5037,OTU_5037,Bacteria,Pseudomonadota,Alphaproteobacteria,Hyphomicrobiales,Xanthobacteraceae,Afipia,NA
OTU_5038,OTU_5038,Bacteria,Acidobacteriota,Acidobacteriae,Solibacterales,Solibacteraceae,Candidatus Solibacter,NA
OTU_5040,OTU_5040,Bacteria,Acidobacteriota,Blastocatellia,Blastocatellales,Blastocatellaceae,NA,NA
OTU_5042,OTU_5042,Bacteria,Acidobacteriota,Subgroup 5,NA,NA,NA,NA
OTU_5043,OTU_5043,Bacteria,Pseudomonadota,Gammaproteobacteria,Burkholderiales,Oxalobacteraceae,Noviherbaspirillum,NA
OTU_5044,OTU_5044,Bacteria,Actinomycetota,Actinobacteria,Mycobacteriales,Nocardiaceae,Nocardia,goodfellowii
OTU_5049,OTU_5049,Bacteria,Actinomycetota,Acidimicrobiia,NA,NA,NA,NA
OTU_5050,OTU_5050,Bacteria,Verrucomicrobiota,Verrucomicrobiia,Pedosphaerales,Pedosphaeraceae,ADurb.Bin063-1,NA
OTU_5051,OTU_5051,Bacteria,Planctomycetota,Phycisphaerae,Tepidisphaerales,WD2101 soil group,NA,NA
OTU_5053,OTU_5053,Bacteria,Bacillota,Bacilli,Bacillales,Bacillaceae,Bacillus,NA
OTU_5059,OTU_5059,Bacteria,Actinomycetota,Actinobacteria,Propionibacteriales,Nocardioidaceae,Nocardioides,NA
OTU_5062,OTU_5062,Bacteria,Actinomycetota,Actinobacteria,0319-7L14,NA,NA,NA
OTU_5063,OTU_5063,Bacteria,Gemmatimonadota,BD2-11 terrestrial group,NA,NA,NA,NA
OTU_5065,OTU_5065,Bacteria,Acidobacteriota,Vicinamibacteria,Subgroup 17,NA,NA,NA
OTU_5066,OTU_5066,Bacteria,Pseudomonadota,Alphaproteobacteria,Elsterales,NA,NA,NA
OTU_5069,OTU_5069,Bacteria,Actinomycetota,Actinobacteria,Micromonosporales,Micromonosporaceae,Actinoplanes,NA
OTU_5071,OTU_5071,Bacteria,Pseudomonadota,Gammaproteobacteria,Steroidobacterales,Steroidobacteraceae,NA,NA
OTU_5074,OTU_5074,Bacteria,Planctomycetota,Planctomycetes,Planctomycetales,NA,NA,NA
OTU_5077,OTU_5077,Bacteria,Chloroflexota,Chloroflexia,Chloroflexales,Roseiflexaceae,NA,NA
OTU_5078,OTU_5078,Bacteria,Acidobacteriota,Vicinamibacteria,Subgroup 17,NA,NA,NA
OTU_5079,OTU_5079,Bacteria,Acidobacteriota,Subgroup 22,NA,NA,NA,NA
OTU_5080,OTU_5080,Bacteria,Myxococcota,Polyangiia,Polyangiales,BIrii41,NA,NA
OTU_5081,OTU_5081,Bacteria,Actinomycetota,Actinobacteria,Frankiales,NA,NA,NA
OTU_5082,OTU_5082,Bacteria,Gemmatimonadota,Gemmatimonadia,Gemmatimonadales,Gemmatimonadaceae,Gemmatimonas,NA
OTU_5083,OTU_5083,Bacteria,Patescibacteria,Saccharimonadia,Saccharimonadales,NA,NA,NA
OTU_5088,OTU_5088,Bacteria,Pseudomonadota,Alphaproteobacteria,Hyphomicrobiales,Xanthobacteraceae,Pseudolabrys,NA
OTU_5089,OTU_5089,Bacteria,Pseudomonadota,Alphaproteobacteria,Hyphomicrobiales,Rhizobiaceae,NA,NA
OTU_5094,OTU_5094,Bacteria,Chloroflexota,TK10,NA,NA,NA,NA
OTU_5099,OTU_5099,Bacteria,Verrucomicrobiota,Verrucomicrobiia,Chthoniobacterales,Chthoniobacteraceae,LD29,NA
OTU_5102,OTU_5102,Bacteria,Planctomycetota,Planctomycetes,Pirellulales,Pirellulaceae,NA,NA
OTU_5109,OTU_5109,Bacteria,Planctomycetota,Planctomycetes,Isosphaerales,Isosphaeraceae,NA,NA
OTU_5113,OTU_5113,Bacteria,Actinomycetota,Thermoleophilia,Solirubrobacterales,Solirubrobacteraceae,Baekduia,NA
OTU_5115,OTU_5115,Bacteria,Pseudomonadota,Gammaproteobacteria,Burkholderiales,SC-I-84,NA,NA
OTU_5116,OTU_5116,Bacteria,Pseudomonadota,Alphaproteobacteria,Hyphomicrobiales,Beijerinckiaceae,Enterovirga,NA
OTU_5117,OTU_5117,Bacteria,Bacteroidota,Bacteroidia,Sphingobacteriales,AKYH767,NA,NA
OTU_5118,OTU_5118,Bacteria,Planctomycetota,Phycisphaerae,Tepidisphaerales,WD2101 soil group,NA,NA
OTU_5120,OTU_5120,Bacteria,Verrucomicrobiota,Verrucomicrobiia,Chthoniobacterales,Chthoniobacteraceae,Candidatus Udaeobacter,NA
OTU_5124,OTU_5124,Bacteria,Nitrospirota,Nitrospiria,Nitrospirales,Nitrospiraceae,Nitrospira,NA
OTU_5127,OTU_5127,Bacteria,Bacteroidota,Bacteroidia,Sphingobacteriales,Sphingobacteriaceae,Mucilaginibacter,NA
OTU_5128,OTU_5128,Bacteria,Actinomycetota,Actinobacteria,Frankiales,Frankiaceae,Jatrophihabitans,NA
OTU_5136,OTU_5136,Bacteria,Myxococcota,Polyangiia,Polyangiales,Sandaracinaceae,NA,NA
OTU_5138,OTU_5138,Bacteria,Planctomycetota,Planctomycetes,Planctomycetales,NA,NA,NA
OTU_5145,OTU_5145,Bacteria,Pseudomonadota,Alphaproteobacteria,Hyphomicrobiales,Beijerinckiaceae,NA,NA
OTU_5147,OTU_5147,Bacteria,Actinomycetota,Actinobacteria,Mycobacteriales,Mycobacteriaceae,Mycobacterium,NA
OTU_5150,OTU_5150,Bacteria,Planctomycetota,Planctomycetes,Gemmatales,Gemmataceae,NA,NA
OTU_5155,OTU_5155,Bacteria,Dependentiae,Babeliae,Babeliales,Babeliaceae,NA,NA
OTU_5159,OTU_5159,Bacteria,Myxococcota,Polyangiia,Polyangiales,Polyangiaceae,NA,NA
OTU_5160,OTU_5160,Bacteria,Actinomycetota,Thermoleophilia,Solirubrobacterales,Solirubrobacteraceae,NA,NA
OTU_5163,OTU_5163,Bacteria,Acidobacteriota,Vicinamibacteria,Vicinamibacterales,NA,NA,NA
OTU_5164,OTU_5164,Bacteria,Verrucomicrobiota,Verrucomicrobiia,Chthoniobacterales,Chthoniobacteraceae,Chthoniobacter,NA
OTU_5165,OTU_5165,Bacteria,Actinomycetota,Actinobacteria,Frankiales,Sporichthyaceae,NA,NA
OTU_5172,OTU_5172,Bacteria,Pseudomonadota,Alphaproteobacteria,Hyphomicrobiales,Hyphomicrobiaceae,NA,NA
OTU_5175,OTU_5175,Bacteria,Gemmatimonadota,Gemmatimonadia,Gemmatimonadales,Gemmatimonadaceae,Gemmatirosa,NA
OTU_5177,OTU_5177,Bacteria,Bacteroidota,Bacteroidia,Flavobacteriales,NS9 marine group,NA,NA
OTU_5180,OTU_5180,Bacteria,Pseudomonadota,Alphaproteobacteria,Hyphomicrobiales,NA,NA,NA
OTU_5183,OTU_5183,Bacteria,Pseudomonadota,Alphaproteobacteria,Rhodobacterales,Paracoccaceae,Amaricoccus,NA
OTU_5186,OTU_5186,Bacteria,Pseudomonadota,Gammaproteobacteria,Burkholderiales,Oxalobacteraceae,Lacisediminimonas,NA
OTU_5187,OTU_5187,Bacteria,Verrucomicrobiota,Verrucomicrobiia,Pedosphaerales,Pedosphaeraceae,NA,NA
OTU_5190,OTU_5190,Bacteria,Pseudomonadota,Alphaproteobacteria,Azospirillales,Azospirillales Incertae Sedis,Stella,NA
OTU_5193,OTU_5193,Bacteria,Verrucomicrobiota,Verrucomicrobiia,Opitutales,Opitutaceae,Opitutus,NA
OTU_5197,OTU_5197,Bacteria,Bacteroidota,Bacteroidia,Chitinophagales,Chitinophagaceae,Ferruginibacter,NA
OTU_5200,OTU_5200,Bacteria,Actinomycetota,NA,NA,NA,NA,NA
OTU_5203,OTU_5203,Bacteria,Actinomycetota,Actinobacteria,Streptosporangiales,Thermomonosporaceae,Actinomadura,NA
OTU_5206,OTU_5206,Bacteria,Chloroflexota,TK10,NA,NA,NA,NA
OTU_5207,OTU_5207,Bacteria,Patescibacteria,Saccharimonadia,Saccharimonadales,LWQ8,NA,NA
OTU_5211,OTU_5211,Bacteria,Chloroflexota,Anaerolineae,Caldilineales,Caldilineaceae,Litorilinea,NA
OTU_5219,OTU_5219,Bacteria,Actinomycetota,Actinobacteria,Streptosporangiales,Thermomonosporaceae,Actinocorallia,NA
OTU_5222,OTU_5222,Bacteria,Planctomycetota,Phycisphaerae,Tepidisphaerales,WD2101 soil group,NA,NA
OTU_5225,OTU_5225,Bacteria,Actinomycetota,Thermoleophilia,Solirubrobacterales,67-14,NA,NA
OTU_5233,OTU_5233,Bacteria,Actinomycetota,Thermoleophilia,Solirubrobacterales,67-14,NA,NA
OTU_5234,OTU_5234,Bacteria,Elusimicrobiota,Lineage IIa,NA,NA,NA,NA
OTU_5236,OTU_5236,Bacteria,Acidobacteriota,Acidobacteriae,Bryobacterales,Bryobacteraceae,Bryobacter,NA
OTU_5237,OTU_5237,Bacteria,Verrucomicrobiota,Verrucomicrobiia,Pedosphaerales,Pedosphaeraceae,NA,NA
OTU_5238,OTU_5238,Bacteria,Bacteroidota,Bacteroidia,Chitinophagales,Chitinophagaceae,Ferruginibacter,NA
OTU_5241,OTU_5241,Bacteria,Acidobacteriota,Acidobacteriae,Bryobacterales,Bryobacteraceae,Bryobacter,NA
OTU_5242,OTU_5242,Bacteria,Pseudomonadota,Alphaproteobacteria,NA,NA,NA,NA
OTU_5244,OTU_5244,Bacteria,Acidobacteriota,Vicinamibacteria,Vicinamibacterales,NA,NA,NA
OTU_5245,OTU_5245,Bacteria,Actinomycetota,Actinobacteria,Frankiales,Geodermatophilaceae,NA,NA
OTU_5248,OTU_5248,Bacteria,Verrucomicrobiota,Verrucomicrobiia,Chthoniobacterales,Xiphinematobacteraceae,Candidatus Xiphinematobacter,NA
OTU_5249,OTU_5249,Bacteria,Elusimicrobiota,Lineage IIa,NA,NA,NA,NA
OTU_5253,OTU_5253,Bacteria,Pseudomonadota,Alphaproteobacteria,Caulobacterales,Hyphomonadaceae,SWB02,NA
OTU_5254,OTU_5254,Bacteria,Gemmatimonadota,Gemmatimonadia,Gemmatimonadales,Gemmatimonadaceae,NA,NA
OTU_5256,OTU_5256,Bacteria,Chloroflexota,Anaerolineae,Anaerolineales,Anaerolineaceae,NA,NA
OTU_5262,OTU_5262,Bacteria,Acidobacteriota,Holophagae,Subgroup 7,NA,NA,NA
OTU_5263,OTU_5263,Bacteria,Pseudomonadota,Gammaproteobacteria,Steroidobacterales,Steroidobacteraceae,NA,NA
OTU_5265,OTU_5265,Bacteria,Bacteroidota,Bacteroidia,Chitinophagales,Chitinophagaceae,Aurantisolimonas,NA
OTU_5267,OTU_5267,Bacteria,Planctomycetota,Planctomycetes,Gemmatales,Gemmataceae,NA,NA
OTU_5268,OTU_5268,Bacteria,Myxococcota,Myxococcia,Myxococcales,Myxococcaceae,NA,NA
OTU_5271,OTU_5271,Bacteria,Acidobacteriota,Vicinamibacteria,Vicinamibacterales,Vicinamibacteraceae,NA,NA
OTU_5274,OTU_5274,Bacteria,Acidobacteriota,Subgroup 22,NA,NA,NA,NA
OTU_5277,OTU_5277,Bacteria,Actinomycetota,Actinobacteria,Propionibacteriales,Nocardioidaceae,Marmoricola,NA
OTU_5279,OTU_5279,Bacteria,Chloroflexota,Anaerolineae,Caldilineales,Caldilineaceae,NA,NA
OTU_5288,OTU_5288,Bacteria,Pseudomonadota,Alphaproteobacteria,Hyphomicrobiales,Beijerinckiaceae,alphaI cluster,NA
OTU_5289,OTU_5289,Bacteria,Actinomycetota,Acidimicrobiia,Microtrichales,Iamiaceae,Aquihabitans,NA
OTU_5290,OTU_5290,Bacteria,Gemmatimonadota,Gemmatimonadia,Gemmatimonadales,Gemmatimonadaceae,Gemmatimonas,NA
OTU_5292,OTU_5292,Bacteria,Myxococcota,Polyangiia,Haliangiales,Haliangiaceae,NA,NA
OTU_5296,OTU_5296,Bacteria,Pseudomonadota,Gammaproteobacteria,Burkholderiales,Comamonadaceae,Ideonella,NA
OTU_5297,OTU_5297,Bacteria,Planctomycetota,Planctomycetes,Gemmatales,Gemmataceae,NA,NA
OTU_5299,OTU_5299,Bacteria,Acidobacteriota,Vicinamibacteria,Vicinamibacterales,Vicinamibacteraceae,NA,NA
OTU_5302,OTU_5302,Bacteria,Actinomycetota,Actinobacteria,Micrococcales,Cellulomonadaceae,Cellulomonas,NA
OTU_5305,OTU_5305,Bacteria,Pseudomonadota,Gammaproteobacteria,Pseudomonadales,211ds20,NA,NA
OTU_5306,OTU_5306,Bacteria,Acidobacteriota,Subgroup 22,NA,NA,NA,NA
OTU_5307,OTU_5307,Bacteria,Actinomycetota,Actinobacteria,Frankiales,Frankiaceae,Jatrophihabitans,NA
OTU_5309,OTU_5309,Bacteria,Acidobacteriota,Acidobacteriae,Solibacterales,Solibacteraceae,Candidatus Solibacter,NA
OTU_5313,OTU_5313,Bacteria,Planctomycetota,Phycisphaerae,Tepidisphaerales,WD2101 soil group,NA,NA
OTU_5317,OTU_5317,Bacteria,Verrucomicrobiota,Verrucomicrobiia,Pedosphaerales,Pedosphaeraceae,NA,NA
OTU_5318,OTU_5318,Bacteria,Acidobacteriota,Acidobacteriae,Bryobacterales,Bryobacteraceae,Bryobacter,NA
OTU_5320,OTU_5320,Bacteria,Patescibacteria,Saccharimonadia,Saccharimonadales,LWQ8,NA,NA
OTU_5322,OTU_5322,Bacteria,Gemmatimonadota,Gemmatimonadia,Gemmatimonadales,Gemmatimonadaceae,NA,NA
OTU_5323,OTU_5323,Bacteria,Verrucomicrobiota,Verrucomicrobiia,Pedosphaerales,Pedosphaeraceae,NA,NA
OTU_5326,OTU_5326,Bacteria,Myxococcota,Myxococcia,Myxococcales,Myxococcaceae,NA,NA
OTU_5327,OTU_5327,Bacteria,Planctomycetota,Phycisphaerae,Tepidisphaerales,Tepidisphaeraceae,NA,NA
OTU_5329,OTU_5329,Bacteria,Acidobacteriota,Vicinamibacteria,Vicinamibacterales,Vicinamibacteraceae,NA,NA
OTU_5330,OTU_5330,Bacteria,Actinomycetota,Actinobacteria,Pseudonocardiales,Pseudonocardiaceae,Actinophytocola,NA
OTU_5334,OTU_5334,Bacteria,Actinomycetota,Actinobacteria,Pseudonocardiales,Pseudonocardiaceae,Pseudonocardia,NA
OTU_5342,OTU_5342,Bacteria,Actinomycetota,Thermoleophilia,Solirubrobacterales,Solirubrobacteraceae,Solirubrobacter,NA
OTU_5347,OTU_5347,Bacteria,Bacillota,Bacilli,Paenibacillales,Paenibacillaceae,Paenibacillus,NA
OTU_5349,OTU_5349,Bacteria,Armatimonadota,Armatimonadia,Armatimonadales,Armatimonadaceae,NA,NA
OTU_5350,OTU_5350,Bacteria,Pseudomonadota,Alphaproteobacteria,Hyphomicrobiales,NA,NA,NA
OTU_5351,OTU_5351,Bacteria,Acidobacteriota,Subgroup 22,NA,NA,NA,NA
OTU_5353,OTU_5353,Bacteria,Myxococcota,Polyangiia,Polyangiales,Polyangiaceae,NA,NA
OTU_5358,OTU_5358,Bacteria,Pseudomonadota,Alphaproteobacteria,Sphingomonadales,Sphingomonadaceae,Alteraurantiacibacter,NA
OTU_5360,OTU_5360,Bacteria,Actinomycetota,MB-A2-108,NA,NA,NA,NA
OTU_5361,OTU_5361,Bacteria,Actinomycetota,Actinobacteria,Propionibacteriales,Nocardioidaceae,Nocardioides,NA
OTU_5362,OTU_5362,Bacteria,Abditibacteriota,Abditibacteriia,Abditibacteriales,Abditibacteriaceae,Abditibacterium,NA
OTU_5369,OTU_5369,Bacteria,Pseudomonadota,Gammaproteobacteria,Burkholderiales,Nitrosomonadaceae,MND1,NA
OTU_5370,OTU_5370,Bacteria,Chloroflexota,Anaerolineae,Aggregatilineales,A4b,NA,NA
OTU_5373,OTU_5373,Bacteria,Verrucomicrobiota,Verrucomicrobiia,Pedosphaerales,Pedosphaeraceae,NA,NA
OTU_5374,OTU_5374,Bacteria,Verrucomicrobiota,Verrucomicrobiia,Chthoniobacterales,Chthoniobacteraceae,Candidatus Udaeobacter,NA
OTU_5377,OTU_5377,Bacteria,Bacteroidota,Bacteroidia,Chitinophagales,Chitinophagaceae,Niastella,NA
OTU_5379,OTU_5379,Bacteria,Pseudomonadota,Alphaproteobacteria,Hyphomicrobiales,Hyphomicrobiales Incertae Sedis,Bauldia,NA
OTU_5380,OTU_5380,Bacteria,Chloroflexota,Ktedonobacteria,C0119,NA,NA,NA
OTU_5381,OTU_5381,Bacteria,Planctomycetota,Planctomycetes,Pirellulales,Pirellulaceae,Pir4 lineage,NA
OTU_5384,OTU_5384,Bacteria,Actinomycetota,Thermoleophilia,Solirubrobacterales,67-14,NA,NA
OTU_5386,OTU_5386,Bacteria,Actinomycetota,Thermoleophilia,Solirubrobacterales,67-14,NA,NA
OTU_5389,OTU_5389,Bacteria,Actinomycetota,Actinobacteria,Pseudonocardiales,Pseudonocardiaceae,Pseudonocardia,NA
OTU_5398,OTU_5398,Bacteria,Verrucomicrobiota,Verrucomicrobiia,Opitutales,Opitutaceae,Opitutus,NA
OTU_5401,OTU_5401,Bacteria,Acidobacteriota,Blastocatellia,Pyrinomonadales,Pyrinomonadaceae,NA,NA
OTU_5402,OTU_5402,Bacteria,Chloroflexota,Chloroflexia,Thermomicrobiales,JG30-KF-CM45,NA,NA
OTU_5408,OTU_5408,Bacteria,Actinomycetota,Thermoleophilia,Solirubrobacterales,Solirubrobacteraceae,Baekduia,NA
OTU_5409,OTU_5409,Bacteria,Actinomycetota,Actinobacteria,Micromonosporales,Micromonosporaceae,Virgisporangium,NA
OTU_5410,OTU_5410,Bacteria,Candidatus Eremiobacterota,Eremiobacteria,NA,NA,NA,NA
OTU_5417,OTU_5417,Bacteria,Pseudomonadota,Alphaproteobacteria,Hyphomicrobiales,NA,NA,NA
OTU_5418,OTU_5418,Bacteria,Myxococcota,Polyangiia,Haliangiales,Haliangiaceae,NA,NA
OTU_5423,OTU_5423,Bacteria,Acidobacteriota,Holophagae,Subgroup 7,NA,NA,NA
OTU_5424,OTU_5424,Bacteria,Actinomycetota,Actinobacteria,Streptosporangiales,Thermomonosporaceae,Actinoallomurus,NA
OTU_5425,OTU_5425,Bacteria,Myxococcota,Polyangiia,Polyangiales,Polyangiaceae,NA,NA
OTU_5426,OTU_5426,Bacteria,RCP2-54,NA,NA,NA,NA,NA
OTU_5427,OTU_5427,Bacteria,Planctomycetota,Planctomycetes,NA,NA,NA,NA
OTU_5430,OTU_5430,Bacteria,Planctomycetota,Planctomycetes,Gemmatales,Gemmataceae,NA,NA
OTU_5438,OTU_5438,Bacteria,Planctomycetota,Planctomycetes,Gemmatales,Gemmataceae,NA,NA
OTU_5439,OTU_5439,Bacteria,Pseudomonadota,Alphaproteobacteria,Acetobacterales,Acetobacteraceae,NA,NA
OTU_5441,OTU_5441,Bacteria,Bacteroidota,Bacteroidia,Chitinophagales,Chitinophagaceae,NA,NA
OTU_5445,OTU_5445,Bacteria,Acidobacteriota,Holophagae,Subgroup 7,NA,NA,NA
OTU_5446,OTU_5446,Bacteria,Myxococcota,Polyangiia,Haliangiales,Haliangiaceae,NA,NA
OTU_5447,OTU_5447,Bacteria,Actinomycetota,Actinobacteria,Kitasatosporales,Streptomycetaceae,Streptomyces,NA
OTU_5449,OTU_5449,Bacteria,Gemmatimonadota,Gemmatimonadia,Gemmatimonadales,Gemmatimonadaceae,Gemmatimonas,NA
OTU_5450,OTU_5450,Bacteria,Actinomycetota,Thermoleophilia,Solirubrobacterales,67-14,NA,NA
OTU_5451,OTU_5451,Bacteria,Chloroflexota,KD4-96,NA,NA,NA,NA
OTU_5461,OTU_5461,Bacteria,Myxococcota,Polyangiia,Haliangiales,Haliangiaceae,NA,NA
OTU_5462,OTU_5462,Bacteria,Patescibacteria,Saccharimonadia,Saccharimonadales,Saccharimonadaceae,TM7a,NA
OTU_5464,OTU_5464,Bacteria,Actinomycetota,Actinobacteria,Micromonosporales,Micromonosporaceae,Actinoplanes,NA
OTU_5466,OTU_5466,Bacteria,Actinomycetota,Acidimicrobiia,Acidimicrobiales,Acidimicrobiaceae,NA,NA
OTU_5467,OTU_5467,Bacteria,Bdellovibrionota,Oligoflexia,Oligoflexales,Oligoflexaceae,NA,NA
OTU_5471,OTU_5471,Bacteria,Gemmatimonadota,Gemmatimonadia,Gemmatimonadales,Gemmatimonadaceae,Gemmatimonas,NA
OTU_5482,OTU_5482,Bacteria,Actinomycetota,Thermoleophilia,Gaiellales,NA,NA,NA
OTU_5483,OTU_5483,Bacteria,Pseudomonadota,Gammaproteobacteria,Burkholderiales,A21b,NA,NA
OTU_5484,OTU_5484,Bacteria,Verrucomicrobiota,Verrucomicrobiia,Chthoniobacterales,Chthoniobacteraceae,Chthoniobacter,NA
OTU_5486,OTU_5486,Bacteria,Bacteroidota,Bacteroidia,Chitinophagales,Chitinophagaceae,Sediminibacterium,NA
OTU_5487,OTU_5487,Bacteria,Actinomycetota,Thermoleophilia,Solirubrobacterales,67-14,NA,NA
OTU_5488,OTU_5488,Bacteria,Gemmatimonadota,BD2-11 terrestrial group,NA,NA,NA,NA
OTU_5490,OTU_5490,Bacteria,Planctomycetota,Planctomycetes,Gemmatales,Gemmataceae,NA,NA
OTU_5494,OTU_5494,Bacteria,Bacteroidota,Bacteroidia,Chitinophagales,Chitinophagaceae,NA,NA
OTU_5502,OTU_5502,Bacteria,Actinomycetota,Actinobacteria,Pseudonocardiales,Pseudonocardiaceae,Saccharothrix,NA
OTU_5504,OTU_5504,Bacteria,Actinomycetota,Thermoleophilia,Gaiellales,Gaiellaceae,Gaiella,NA
OTU_5506,OTU_5506,Bacteria,Actinomycetota,Actinobacteria,Propionibacteriales,Nocardioidaceae,Nocardioides,NA
OTU_5508,OTU_5508,Bacteria,Bacteroidota,Bacteroidia,Sphingobacteriales,AKYH767,NA,NA
OTU_5509,OTU_5509,Bacteria,Patescibacteria,Saccharimonadia,Saccharimonadales,Saccharimonadaceae,TM7a,NA
OTU_5512,OTU_5512,Bacteria,Acidobacteriota,Thermoanaerobaculia,Thermoanaerobaculales,Thermoanaerobaculaceae,Subgroup 10,NA
OTU_5513,OTU_5513,Bacteria,Actinomycetota,Actinobacteria,Propionibacteriales,Nocardioidaceae,Nocardioides,NA
OTU_5518,OTU_5518,Bacteria,Actinomycetota,Actinobacteria,Pseudonocardiales,Pseudonocardiaceae,Actinomycetospora,NA
OTU_5520,OTU_5520,Bacteria,Planctomycetota,Planctomycetes,Pirellulales,Pirellulaceae,NA,NA
OTU_5521,OTU_5521,Bacteria,Planctomycetota,Planctomycetes,Pirellulales,Pirellulaceae,NA,NA
OTU_5525,OTU_5525,Bacteria,Acidobacteriota,Blastocatellia,Pyrinomonadales,Pyrinomonadaceae,NA,NA
OTU_5530,OTU_5530,Bacteria,Planctomycetota,Planctomycetes,Gemmatales,Gemmataceae,NA,NA
OTU_5532,OTU_5532,Bacteria,Myxococcota,Polyangiia,Polyangiales,Sandaracinaceae,NA,NA
OTU_5533,OTU_5533,Bacteria,Chloroflexota,Chloroflexia,Kallotenuales,AKIW781,NA,NA
OTU_5534,OTU_5534,Bacteria,Actinomycetota,Thermoleophilia,Solirubrobacterales,67-14,NA,NA
OTU_5536,OTU_5536,Bacteria,Actinomycetota,Thermoleophilia,Solirubrobacterales,67-14,NA,NA
OTU_5538,OTU_5538,Bacteria,Acidobacteriota,Acidobacteriae,Bryobacterales,Bryobacteraceae,Bryobacter,NA
OTU_5544,OTU_5544,Bacteria,Verrucomicrobiota,Verrucomicrobiia,Chthoniobacterales,Chthoniobacteraceae,Chthoniobacter,NA
OTU_5545,OTU_5545,Bacteria,Candidatus Kapabacteria,Kapabacteria,Kapabacteriales,NA,NA,NA
OTU_5548,OTU_5548,Bacteria,Pseudomonadota,Alphaproteobacteria,Reyranellales,Reyranellaceae,Reyranella,NA
OTU_5552,OTU_5552,Bacteria,Elusimicrobiota,Lineage IIb,NA,NA,NA,NA
OTU_5555,OTU_5555,Bacteria,Myxococcota,Polyangiia,Haliangiales,Haliangiaceae,NA,NA
OTU_5558,OTU_5558,Bacteria,Acidobacteriota,Vicinamibacteria,Vicinamibacterales,NA,NA,NA
OTU_5559,OTU_5559,Bacteria,Bacillota,Bacilli,Mycoplasmatales,Mycoplasmataceae,type III,NA
OTU_5568,OTU_5568,Bacteria,Actinomycetota,Thermoleophilia,Solirubrobacterales,Solirubrobacteraceae,Solirubrobacter,NA
OTU_5570,OTU_5570,Bacteria,Chloroflexota,Chloroflexia,Thermomicrobiales,JG30-KF-CM45,NA,NA
OTU_5575,OTU_5575,Bacteria,Candidatus Kapabacteria,Kapabacteria,Kapabacteriales,NA,NA,NA
OTU_5578,OTU_5578,Bacteria,Candidatus Kapabacteria,Kapabacteria,Kapabacteriales,NA,NA,NA
OTU_5579,OTU_5579,Bacteria,Bacteroidota,Bacteroidia,Cytophagales,Microscillaceae,NA,NA
OTU_5582,OTU_5582,Bacteria,Acidobacteriota,Thermoanaerobaculia,Thermoanaerobaculales,Thermoanaerobaculaceae,Subgroup 10,NA
OTU_5588,OTU_5588,Bacteria,Bacillota,Bacilli,Paenibacillales,Paenibacillaceae,Paenibacillus,NA
OTU_5591,OTU_5591,Bacteria,Pseudomonadota,Gammaproteobacteria,Burkholderiales,Burkholderiaceae,Burkholderia-Caballeronia-Paraburkholderia,NA
OTU_5592,OTU_5592,Bacteria,Bacteroidota,Bacteroidia,Cytophagales,Hymenobacteraceae,Hymenobacter,NA
OTU_5597,OTU_5597,Bacteria,Actinomycetota,Actinobacteria,Mycobacteriales,Mycobacteriaceae,Mycobacterium,NA
OTU_5600,OTU_5600,Bacteria,Chloroflexota,Chloroflexia,Chloroflexales,Chloroflexaceae,FFCH7168,NA
OTU_5602,OTU_5602,Bacteria,Gemmatimonadota,Gemmatimonadia,Gemmatimonadales,Gemmatimonadaceae,NA,NA
OTU_5603,OTU_5603,Bacteria,Gemmatimonadota,Gemmatimonadia,Gemmatimonadales,Gemmatimonadaceae,Gemmatimonas,NA
OTU_5604,OTU_5604,Bacteria,Acidobacteriota,Vicinamibacteria,Vicinamibacterales,NA,NA,NA
OTU_5605,OTU_5605,Bacteria,Actinomycetota,Thermoleophilia,Gaiellales,NA,NA,NA
OTU_5612,OTU_5612,Bacteria,Chloroflexota,Anaerolineae,Aggregatilineales,A4b,NA,NA
OTU_5615,OTU_5615,Bacteria,Myxococcota,Polyangiia,Haliangiales,Haliangiaceae,NA,NA
OTU_5616,OTU_5616,Bacteria,Verrucomicrobiota,Verrucomicrobiia,Chthoniobacterales,Chthoniobacteraceae,Chthoniobacter,NA
OTU_5619,OTU_5619,Bacteria,Planctomycetota,Planctomycetes,Pirellulales,Pirellulaceae,Pirellula,NA
OTU_5620,OTU_5620,Bacteria,Gemmatimonadota,Gemmatimonadia,Gemmatimonadales,Gemmatimonadaceae,Gemmatimonas,NA
OTU_5622,OTU_5622,Bacteria,Planctomycetota,Planctomycetes,Pirellulales,Pirellulaceae,NA,NA
OTU_5629,OTU_5629,Bacteria,Chloroflexota,Anaerolineae,NA,NA,NA,NA
OTU_5630,OTU_5630,Bacteria,Planctomycetota,Planctomycetes,Planctomycetales,NA,NA,NA
OTU_5632,OTU_5632,Bacteria,Dependentiae,Babeliae,Babeliales,Babeliaceae,NA,NA
OTU_5633,OTU_5633,Bacteria,Pseudomonadota,Gammaproteobacteria,Burkholderiales,Comamonadaceae,Rhizobacter,NA
OTU_5640,OTU_5640,Bacteria,Patescibacteria,Saccharimonadia,Saccharimonadales,WWH38,NA,NA
OTU_5641,OTU_5641,Bacteria,Actinomycetota,Actinobacteria,Propionibacteriales,Propionibacteriaceae,Microlunatus,NA
OTU_5644,OTU_5644,Bacteria,Chlamydiota,Chlamydiia,Chlamydiales,Parachlamydiaceae,NA,NA
OTU_5646,OTU_5646,Bacteria,Planctomycetota,Phycisphaerae,Phycisphaerales,Phycisphaeraceae,SM1A02,NA
OTU_5648,OTU_5648,Bacteria,Planctomycetota,Phycisphaerae,Tepidisphaerales,WD2101 soil group,NA,NA
OTU_5650,OTU_5650,Bacteria,Chloroflexota,Anaerolineae,RBG-13-54-9,NA,NA,NA
OTU_5651,OTU_5651,Bacteria,Actinomycetota,Acidimicrobiia,Acidimicrobiales,Acidimicrobiaceae,NA,NA
OTU_5652,OTU_5652,Bacteria,Acidobacteriota,Blastocatellia,Blastocatellales,Blastocatellaceae,Blastocatella,NA
OTU_5660,OTU_5660,Bacteria,Actinomycetota,Actinobacteria,Frankiales,Frankiaceae,Frankia,NA
OTU_5664,OTU_5664,Bacteria,Pseudomonadota,Alphaproteobacteria,Elsterales,NA,NA,NA
OTU_5673,OTU_5673,Bacteria,Pseudomonadota,Gammaproteobacteria,Burkholderiales,SC-I-84,NA,NA
OTU_5681,OTU_5681,Bacteria,Myxococcota,Polyangiia,Haliangiales,Haliangiaceae,NA,NA
OTU_5687,OTU_5687,Bacteria,Pseudomonadota,Alphaproteobacteria,Acetobacterales,Acetobacteraceae,Belnapia,NA
OTU_5690,OTU_5690,Bacteria,Bdellovibrionota,Bdellovibrionia,Bdellovibrionales,Pseudobdellovibrionaceae,NA,NA
OTU_5693,OTU_5693,Bacteria,Actinomycetota,Acidimicrobiia,Acidimicrobiales,Acidimicrobiaceae,Acidiferrimicrobium,NA
OTU_5695,OTU_5695,Bacteria,Planctomycetota,Planctomycetes,Pirellulales,Pirellulaceae,NA,NA
OTU_5702,OTU_5702,Bacteria,Verrucomicrobiota,Verrucomicrobiia,Chthoniobacterales,Chthoniobacteraceae,Chthoniobacter,NA
OTU_5707,OTU_5707,Bacteria,Chloroflexota,JG30-KF-CM66,NA,NA,NA,NA
OTU_5712,OTU_5712,Bacteria,Actinomycetota,Actinobacteria,0319-7L14,NA,NA,NA
OTU_5719,OTU_5719,Bacteria,Acidobacteriota,Vicinamibacteria,Subgroup 17,NA,NA,NA
OTU_5723,OTU_5723,Bacteria,Actinomycetota,Actinobacteria,Micrococcales,Intrasporangiaceae,NA,NA
OTU_5736,OTU_5736,Bacteria,Actinomycetota,Actinobacteria,Frankiales,NA,NA,NA
OTU_5739,OTU_5739,Bacteria,Myxococcota,Myxococcia,Myxococcales,Anaeromyxobacteraceae,Anaeromyxobacter,NA
OTU_5740,OTU_5740,Bacteria,Acidobacteriota,Acidobacteriae,Solibacterales,Solibacteraceae,Candidatus Solibacter,NA
OTU_5742,OTU_5742,Bacteria,Acidobacteriota,Blastocatellia,??.24,NA,NA,NA
OTU_5748,OTU_5748,Bacteria,Gemmatimonadota,Gemmatimonadia,Gemmatimonadales,Gemmatimonadaceae,NA,NA
OTU_5749,OTU_5749,Bacteria,Actinomycetota,Thermoleophilia,Gaiellales,NA,NA,NA
OTU_5751,OTU_5751,Bacteria,Planctomycetota,Planctomycetes,Pirellulales,Pirellulaceae,NA,NA
OTU_5757,OTU_5757,Bacteria,Gemmatimonadota,Gemmatimonadia,Gemmatimonadales,Gemmatimonadaceae,Gemmatimonas,NA
OTU_5759,OTU_5759,Bacteria,Pseudomonadota,Alphaproteobacteria,Hyphomicrobiales,NA,NA,NA
OTU_5763,OTU_5763,Bacteria,Actinomycetota,Thermoleophilia,Solirubrobacterales,Solirubrobacteraceae,Solirubrobacter,NA
OTU_5764,OTU_5764,Bacteria,Actinomycetota,Thermoleophilia,Gaiellales,NA,NA,NA
OTU_5765,OTU_5765,Bacteria,Actinomycetota,Actinobacteria,Pseudonocardiales,Pseudonocardiaceae,Pseudonocardia,NA
OTU_5767,OTU_5767,Bacteria,Acidobacteriota,Acidobacteriae,Bryobacterales,Bryobacteraceae,Bryobacter,NA
OTU_5768,OTU_5768,Bacteria,Acidobacteriota,Acidobacteriae,Solibacterales,Solibacteraceae,Candidatus Solibacter,NA
OTU_5769,OTU_5769,Bacteria,Verrucomicrobiota,Verrucomicrobiia,Verrucomicrobiales,Verrucomicrobiaceae,NA,NA
OTU_5771,OTU_5771,Bacteria,Myxococcota,Polyangiia,Polyangiales,BIrii41,NA,NA
OTU_5772,OTU_5772,Bacteria,Pseudomonadota,Alphaproteobacteria,Hyphomicrobiales,Rhizobiaceae,Phyllobacterium,NA
OTU_5773,OTU_5773,Bacteria,Planctomycetota,Phycisphaerae,Tepidisphaerales,WD2101 soil group,NA,NA
OTU_5779,OTU_5779,Bacteria,Actinomycetota,Thermoleophilia,Solirubrobacterales,67-14,NA,NA
OTU_5784,OTU_5784,Bacteria,Chloroflexota,TK10,NA,NA,NA,NA
OTU_5785,OTU_5785,Bacteria,Actinomycetota,Thermoleophilia,Gaiellales,NA,NA,NA
OTU_5792,OTU_5792,Bacteria,Myxococcota,Polyangiia,Polyangiales,Polyangiaceae,NA,NA
OTU_5801,OTU_5801,Bacteria,Actinomycetota,Actinobacteria,Propionibacteriales,Nocardioidaceae,Nocardioides,NA
OTU_5807,OTU_5807,Bacteria,Actinomycetota,Acidimicrobiia,Microtrichales,Microtrichaceae,NA,NA
OTU_5808,OTU_5808,Bacteria,Planctomycetota,Planctomycetes,Pirellulales,Pirellulaceae,Pirellula,NA
OTU_5809,OTU_5809,Bacteria,Bacteroidota,Bacteroidia,Chitinophagales,Chitinophagaceae,Panacibacter,NA
OTU_5812,OTU_5812,Bacteria,Actinomycetota,Actinobacteria,Propionibacteriales,Nocardioidaceae,Nocardioides,NA
OTU_5813,OTU_5813,Bacteria,Pseudomonadota,Alphaproteobacteria,Hyphomicrobiales,Hyphomicrobiaceae,Pedomicrobium,NA
OTU_5814,OTU_5814,Bacteria,Armatimonadota,Chthonomonadia,Chthonomonadales,Chthonomonadaceae,Chthonomonas,NA
OTU_5815,OTU_5815,Bacteria,Acidobacteriota,Blastocatellia,Blastocatellales,Blastocatellaceae,JGI 0001001-H03,NA
OTU_5819,OTU_5819,Bacteria,Planctomycetota,Phycisphaerae,Tepidisphaerales,WD2101 soil group,NA,NA
OTU_5825,OTU_5825,Bacteria,Acidobacteriota,Blastocatellia,Blastocatellales,Blastocatellaceae,JGI 0001001-H03,NA
OTU_5826,OTU_5826,Bacteria,Pseudomonadota,Alphaproteobacteria,Caulobacterales,Hyphomonadaceae,SWB02,NA
OTU_5830,OTU_5830,Bacteria,Pseudomonadota,Alphaproteobacteria,Acetobacterales,Acetobacteraceae,Acidiphilium,NA
OTU_5831,OTU_5831,Bacteria,Pseudomonadota,Gammaproteobacteria,Burkholderiales,Oxalobacteraceae,NA,NA
OTU_5833,OTU_5833,Bacteria,Planctomycetota,Phycisphaerae,Tepidisphaerales,WD2101 soil group,NA,NA
OTU_5834,OTU_5834,Bacteria,Planctomycetota,Phycisphaerae,Tepidisphaerales,WD2101 soil group,NA,NA
OTU_5839,OTU_5839,Bacteria,Chloroflexota,Chloroflexia,Thermomicrobiales,JG30-KF-CM45,NA,NA
OTU_5841,OTU_5841,Bacteria,Myxococcota,Polyangiia,Polyangiales,Sandaracinaceae,NA,NA
OTU_5842,OTU_5842,Bacteria,Chloroflexota,Anaerolineae,Aggregatilineales,A4b,NA,NA
OTU_5848,OTU_5848,Bacteria,Candidatus Eremiobacterota,Eremiobacteria,NA,NA,NA,NA
OTU_5849,OTU_5849,Bacteria,Actinomycetota,Acidimicrobiia,Acidimicrobiales,Acidimicrobiaceae,NA,NA
OTU_5850,OTU_5850,Bacteria,Planctomycetota,Planctomycetes,Pirellulales,Pirellulaceae,Pirellula,NA
OTU_5852,OTU_5852,Bacteria,Myxococcota,Myxococcia,Myxococcales,Myxococcaceae,P3OB-42,NA
OTU_5853,OTU_5853,Bacteria,Myxococcota,Polyangiia,Polyangiales,Sandaracinaceae,Sandaracinus,NA
OTU_5858,OTU_5858,Bacteria,Planctomycetota,OM190,NA,NA,NA,NA
OTU_5860,OTU_5860,Bacteria,Acidobacteriota,Holophagae,Subgroup 7,NA,NA,NA
OTU_5864,OTU_5864,Bacteria,Pseudomonadota,Alphaproteobacteria,Hyphomicrobiales,Beijerinckiaceae,Psychroglaciecola,NA
OTU_5866,OTU_5866,Bacteria,Actinomycetota,Actinobacteria,Frankiales,Frankiaceae,NA,NA
OTU_5867,OTU_5867,Bacteria,Chloroflexota,Ktedonobacteria,C0119,NA,NA,NA
OTU_5869,OTU_5869,Bacteria,Myxococcota,Polyangiia,Polyangiales,BIrii41,NA,NA
OTU_5872,OTU_5872,Bacteria,Actinomycetota,Acidimicrobiia,Acidimicrobiales,Acidimicrobiaceae,Acidiferrimicrobium,NA
OTU_5876,OTU_5876,Bacteria,Actinomycetota,Actinobacteria,FFCH16263,NA,NA,NA
OTU_5879,OTU_5879,Bacteria,Actinomycetota,Actinobacteria,Frankiales,Acidothermaceae,Acidothermus,NA
OTU_5880,OTU_5880,Bacteria,Actinomycetota,Thermoleophilia,Gaiellales,NA,NA,NA
OTU_5889,OTU_5889,Bacteria,Planctomycetota,Planctomycetes,Pirellulales,Pirellulaceae,NA,NA
OTU_5890,OTU_5890,Bacteria,Armatimonadota,Fimbriimonadia,Fimbriimonadales,Fimbriimonadaceae,NA,NA
OTU_5899,OTU_5899,Bacteria,Gemmatimonadota,Longimicrobiia,Longimicrobiales,Longimicrobiaceae,YC-ZSS-LKJ147,NA
OTU_5901,OTU_5901,Bacteria,Verrucomicrobiota,Verrucomicrobiia,Chthoniobacterales,Chthoniobacteraceae,Chthoniobacter,NA
OTU_5904,OTU_5904,Bacteria,Patescibacteria,Parcubacteria,Candidatus Nomurabacteria,NA,NA,NA
OTU_5905,OTU_5905,Bacteria,Verrucomicrobiota,Verrucomicrobiia,Pedosphaerales,Pedosphaeraceae,Ellin517,NA
OTU_5906,OTU_5906,Bacteria,Acidobacteriota,Holophagae,Subgroup 7,NA,NA,NA
OTU_5911,OTU_5911,Bacteria,Acidobacteriota,Blastocatellia,Pyrinomonadales,Pyrinomonadaceae,RB41,NA
OTU_5912,OTU_5912,Bacteria,Verrucomicrobiota,Verrucomicrobiia,Pedosphaerales,Pedosphaeraceae,NA,NA
OTU_5915,OTU_5915,Bacteria,Planctomycetota,Pla4 lineage,NA,NA,NA,NA
OTU_5916,OTU_5916,Bacteria,Chloroflexota,Chloroflexia,Thermomicrobiales,JG30-KF-CM45,NA,NA
OTU_5917,OTU_5917,Bacteria,Myxococcota,Polyangiia,Haliangiales,Haliangiaceae,NA,NA
OTU_5919,OTU_5919,Bacteria,Bacteroidota,Bacteroidia,Cytophagales,Microscillaceae,Chryseotalea,NA
OTU_5920,OTU_5920,Bacteria,Pseudomonadota,Alphaproteobacteria,Hyphomicrobiales,Methylopilaceae,Hansschlegelia,NA
OTU_5921,OTU_5921,Bacteria,Myxococcota,Polyangiia,Polyangiales,Polyangiaceae,Pajaroellobacter,NA
OTU_5922,OTU_5922,Bacteria,Planctomycetota,Planctomycetes,Isosphaerales,Isosphaeraceae,NA,NA
OTU_5925,OTU_5925,Bacteria,Planctomycetota,Planctomycetes,Gemmatales,Gemmataceae,Gemmata,NA
OTU_5928,OTU_5928,Bacteria,Pseudomonadota,Alphaproteobacteria,Hyphomicrobiales,NA,NA,NA
OTU_5932,OTU_5932,Bacteria,Verrucomicrobiota,Verrucomicrobiia,Chthoniobacterales,Terrimicrobiaceae,Terrimicrobium,NA
OTU_5934,OTU_5934,Bacteria,Chloroflexota,Chloroflexia,Thermomicrobiales,JG30-KF-CM45,NA,NA
OTU_5936,OTU_5936,Bacteria,Bacillota,Bacilli,Paenibacillales,Paenibacillaceae,Paenibacillus,NA
OTU_5939,OTU_5939,Bacteria,Planctomycetota,Planctomycetes,Pirellulales,Pirellulaceae,Pirellula,NA
OTU_5941,OTU_5941,Bacteria,Bacteroidota,Bacteroidia,Chitinophagales,Chitinophagaceae,Terrimonas,NA
OTU_5943,OTU_5943,Bacteria,Pseudomonadota,Gammaproteobacteria,Lysobacterales,Lysobacteraceae,Arenimonas,NA
OTU_5945,OTU_5945,Bacteria,Incertae Sedis,Incertae Sedis,SJA-28,NA,NA,NA
OTU_5947,OTU_5947,Bacteria,Acidobacteriota,Vicinamibacteria,Vicinamibacterales,NA,NA,NA
OTU_5954,OTU_5954,Bacteria,Pseudomonadota,Alphaproteobacteria,Acetobacterales,Acetobacteraceae,Rhodovastum,NA
OTU_5955,OTU_5955,Bacteria,Pseudomonadota,Gammaproteobacteria,Gammaproteobacteria Incertae Sedis,Unknown Family,Acidibacter,NA
OTU_5956,OTU_5956,Bacteria,Latescibacterota,NA,NA,NA,NA,NA
OTU_5957,OTU_5957,Bacteria,Chloroflexota,JG30-KF-CM66,NA,NA,NA,NA
OTU_5960,OTU_5960,Bacteria,Chloroflexota,Chloroflexia,Thermomicrobiales,AKYG1722,NA,NA
OTU_5961,OTU_5961,Bacteria,Planctomycetota,Phycisphaerae,Phycisphaerales,Phycisphaeraceae,SM1A02,NA
OTU_5965,OTU_5965,Bacteria,Planctomycetota,Phycisphaerae,Tepidisphaerales,CPla-3 termite group,NA,NA
OTU_5971,OTU_5971,Bacteria,Acidobacteriota,Acidobacteriae,Solibacterales,Solibacteraceae,Candidatus Solibacter,NA
OTU_5973,OTU_5973,Bacteria,Actinomycetota,MB-A2-108,NA,NA,NA,NA
OTU_5976,OTU_5976,Bacteria,Verrucomicrobiota,Verrucomicrobiia,Pedosphaerales,Pedosphaeraceae,NA,NA
OTU_5979,OTU_5979,Bacteria,Actinomycetota,Actinobacteria,Propionibacteriales,Nocardioidaceae,Aeromicrobium,NA
OTU_5983,OTU_5983,Bacteria,Acidobacteriota,Blastocatellia,Pyrinomonadales,Pyrinomonadaceae,NA,NA
OTU_5984,OTU_5984,Bacteria,Actinomycetota,Acidimicrobiia,Microtrichales,Iamiaceae,Iamia,NA
OTU_5990,OTU_5990,Bacteria,Myxococcota,Polyangiia,Polyangiales,BIrii41,NA,NA
OTU_5993,OTU_5993,Bacteria,Gemmatimonadota,Gemmatimonadia,Gemmatimonadales,Gemmatimonadaceae,Gemmatimonas,NA
OTU_5994,OTU_5994,Bacteria,Acidobacteriota,Blastocatellia,Pyrinomonadales,Pyrinomonadaceae,NA,NA
OTU_5995,OTU_5995,Bacteria,Actinomycetota,Actinobacteria,Pseudonocardiales,Pseudonocardiaceae,NA,NA
OTU_5997,OTU_5997,Bacteria,Armatimonadota,Chthonomonadia,Chthonomonadales,Chthonomonadaceae,Chthonomonas,NA
OTU_5999,OTU_5999,Bacteria,Gemmatimonadota,Gemmatimonadia,Gemmatimonadales,Gemmatimonadaceae,Gemmatimonas,NA
OTU_6002,OTU_6002,Bacteria,Pseudomonadota,Gammaproteobacteria,Burkholderiales,SC-I-84,NA,NA
OTU_6005,OTU_6005,Bacteria,Patescibacteria,Parcubacteria,NA,NA,NA,NA
OTU_6006,OTU_6006,Bacteria,Patescibacteria,Parcubacteria,Candidatus Nomurabacteria,NA,NA,NA
OTU_6016,OTU_6016,Bacteria,Actinomycetota,Actinobacteria,Propionibacteriales,Nocardioidaceae,Kribbella,NA
OTU_6026,OTU_6026,Bacteria,Acidobacteriota,Blastocatellia,Pyrinomonadales,Pyrinomonadaceae,Brevitalea,NA
OTU_6028,OTU_6028,Bacteria,Actinomycetota,Thermoleophilia,Solirubrobacterales,67-14,NA,NA
OTU_6030,OTU_6030,Bacteria,Actinomycetota,Actinobacteria,Frankiales,NA,NA,NA
OTU_6031,OTU_6031,Bacteria,Planctomycetota,Planctomycetes,Planctomycetales,NA,NA,NA
OTU_6032,OTU_6032,Bacteria,Chloroflexota,Chloroflexia,Chloroflexales,Roseiflexaceae,NA,NA
OTU_6034,OTU_6034,Bacteria,Latescibacterota,NA,NA,NA,NA,NA
OTU_6036,OTU_6036,Bacteria,Verrucomicrobiota,Verrucomicrobiia,Chthoniobacterales,Chthoniobacteraceae,Chthoniobacter,NA
OTU_6042,OTU_6042,Bacteria,Actinomycetota,Actinobacteria,Pseudonocardiales,Pseudonocardiaceae,Pseudonocardia,NA
OTU_6044,OTU_6044,Bacteria,Planctomycetota,Pla3 lineage,NA,NA,NA,NA
OTU_6052,OTU_6052,Bacteria,Bacteroidota,Bacteroidia,Sphingobacteriales,env.OPS 17,NA,NA
OTU_6054,OTU_6054,Bacteria,Myxococcota,Polyangiia,Polyangiales,Sandaracinaceae,NA,NA
OTU_6056,OTU_6056,Bacteria,Armatimonadota,Armatimonadia,Armatimonadales,Armatimonadaceae,NA,NA
OTU_6058,OTU_6058,Bacteria,Bacteroidota,Bacteroidia,Cytophagales,Microscillaceae,NA,NA
OTU_6063,OTU_6063,Bacteria,Acidobacteriota,Blastocatellia,??.24,NA,NA,NA
OTU_6065,OTU_6065,Bacteria,Myxococcota,Polyangiia,Polyangiales,Phaselicystaceae,Phaselicystis,NA
OTU_6067,OTU_6067,Bacteria,Pseudomonadota,Alphaproteobacteria,Micropepsales,Micropepsaceae,NA,NA
OTU_6070,OTU_6070,Bacteria,Pseudomonadota,Gammaproteobacteria,Enterobacterales,Pseudoalteromonadaceae,Pseudoalteromonas,NA
OTU_6071,OTU_6071,Bacteria,NA,NA,NA,NA,NA,NA
OTU_6072,OTU_6072,Bacteria,Pseudomonadota,Gammaproteobacteria,NA,NA,NA,NA
OTU_6074,OTU_6074,Bacteria,Actinomycetota,Actinobacteria,Propionibacteriales,Nocardioidaceae,Nocardioides,NA
OTU_6078,OTU_6078,Bacteria,Acidobacteriota,Acidobacteriae,Subgroup 15,NA,NA,NA
OTU_6081,OTU_6081,Bacteria,Actinomycetota,Thermoleophilia,Solirubrobacterales,67-14,NA,NA
OTU_6082,OTU_6082,Bacteria,Bacteroidota,Bacteroidia,Chitinophagales,Chitinophagaceae,Terrimonas,NA
OTU_6083,OTU_6083,Bacteria,Actinomycetota,Actinobacteria,NA,NA,NA,NA
OTU_6084,OTU_6084,Bacteria,Verrucomicrobiota,Verrucomicrobiia,Opitutales,Opitutaceae,Opitutus,NA
OTU_6085,OTU_6085,Bacteria,Actinomycetota,Actinobacteria,Frankiales,Nakamurellaceae,Nakamurella,NA
OTU_6088,OTU_6088,Bacteria,Planctomycetota,Planctomycetes,Gemmatales,Gemmataceae,NA,NA
OTU_6100,OTU_6100,Bacteria,Actinomycetota,Thermoleophilia,Gaiellales,NA,NA,NA
OTU_6108,OTU_6108,Bacteria,Chloroflexota,Ktedonobacteria,C0119,NA,NA,NA
OTU_6113,OTU_6113,Bacteria,Bacteroidota,Bacteroidia,Sphingobacteriales,env.OPS 17,NA,NA
OTU_6114,OTU_6114,Bacteria,Planctomycetota,Phycisphaerae,Phycisphaerales,Phycisphaeraceae,SM1A02,NA
OTU_6117,OTU_6117,Bacteria,Myxococcota,Polyangiia,Haliangiales,Haliangiaceae,NA,NA
OTU_6120,OTU_6120,Bacteria,Myxococcota,Myxococcia,Myxococcales,Myxococcaceae,NA,NA
OTU_6124,OTU_6124,Bacteria,Acidobacteriota,Blastocatellia,??.24,NA,NA,NA
OTU_6130,OTU_6130,Bacteria,Chloroflexota,Chloroflexia,Kallotenuales,AKIW781,NA,NA
OTU_6133,OTU_6133,Bacteria,Acidobacteriota,Vicinamibacteria,Vicinamibacterales,NA,NA,NA
OTU_6134,OTU_6134,Bacteria,Pseudomonadota,Alphaproteobacteria,Rhodobacterales,Paracoccaceae,NA,NA
OTU_6137,OTU_6137,Bacteria,Armatimonadota,Chthonomonadia,Chthonomonadales,Chthonomonadaceae,Chthonomonas,NA
OTU_6143,OTU_6143,Bacteria,Acidobacteriota,Acidobacteriae,Solibacterales,Solibacteraceae,Candidatus Solibacter,NA
OTU_6144,OTU_6144,Bacteria,Planctomycetota,Phycisphaerae,Tepidisphaerales,WD2101 soil group,NA,NA
OTU_6150,OTU_6150,Bacteria,Bacteroidota,Bacteroidia,Sphingobacteriales,env.OPS 17,NA,NA
OTU_6151,OTU_6151,Bacteria,Abditibacteriota,Abditibacteriia,Abditibacteriales,Abditibacteriaceae,Abditibacterium,NA
OTU_6154,OTU_6154,Bacteria,Chloroflexota,Chloroflexia,Thermomicrobiales,JG30-KF-CM45,NA,NA
OTU_6158,OTU_6158,Bacteria,Pseudomonadota,Gammaproteobacteria,Burkholderiales,Burkholderiaceae,Burkholderia-Caballeronia-Paraburkholderia,NA
OTU_6163,OTU_6163,Bacteria,Actinomycetota,Actinobacteria,Propionibacteriales,Nocardioidaceae,Marmoricola,NA
OTU_6170,OTU_6170,Bacteria,Actinomycetota,Thermoleophilia,Gaiellales,NA,NA,NA
OTU_6175,OTU_6175,Bacteria,Actinomycetota,Acidimicrobiia,Microtrichales,NA,NA,NA
OTU_6176,OTU_6176,Bacteria,Myxococcota,Polyangiia,Polyangiales,BIrii41,NA,NA
OTU_6184,OTU_6184,Bacteria,Planctomycetota,Phycisphaerae,Tepidisphaerales,WD2101 soil group,NA,NA
OTU_6185,OTU_6185,Bacteria,Actinomycetota,Thermoleophilia,Gaiellales,NA,NA,NA
OTU_6190,OTU_6190,Bacteria,Myxococcota,Polyangiia,Polyangiales,Polyangiaceae,NA,NA
OTU_6191,OTU_6191,Bacteria,Actinomycetota,Thermoleophilia,Gaiellales,NA,NA,NA
OTU_6192,OTU_6192,Bacteria,Latescibacterota,NA,NA,NA,NA,NA
OTU_6195,OTU_6195,Bacteria,Latescibacterota,NA,NA,NA,NA,NA
OTU_6197,OTU_6197,Bacteria,Myxococcota,Polyangiia,Haliangiales,Haliangiaceae,NA,NA
OTU_6200,OTU_6200,Bacteria,Acidobacteriota,Holophagae,Subgroup 7,NA,NA,NA
OTU_6204,OTU_6204,Bacteria,Pseudomonadota,Alphaproteobacteria,NA,NA,NA,NA
OTU_6209,OTU_6209,Bacteria,Pseudomonadota,Gammaproteobacteria,Burkholderiales,SC-I-84,NA,NA
OTU_6223,OTU_6223,Bacteria,Pseudomonadota,Gammaproteobacteria,Burkholderiales,SC-I-84,NA,NA
OTU_6224,OTU_6224,Bacteria,Chloroflexota,TK10,NA,NA,NA,NA
OTU_6225,OTU_6225,Bacteria,Acidobacteriota,Acidobacteriae,Terriglobales,NA,NA,NA
OTU_6227,OTU_6227,Bacteria,NA,NA,NA,NA,NA,NA
OTU_6228,OTU_6228,Bacteria,Planctomycetota,Planctomycetes,Gemmatales,Gemmataceae,Gemmata,NA
OTU_6236,OTU_6236,Bacteria,Acidobacteriota,Blastocatellia,??.24,NA,NA,NA
OTU_6239,OTU_6239,Bacteria,Planctomycetota,Planctomycetes,Pirellulales,Pirellulaceae,Pirellula,NA
OTU_6242,OTU_6242,Bacteria,Pseudomonadota,Gammaproteobacteria,Burkholderiales,Oxalobacteraceae,NA,NA
OTU_6244,OTU_6244,Bacteria,Pseudomonadota,Gammaproteobacteria,Burkholderiales,Comamonadaceae,NA,NA
OTU_6246,OTU_6246,Bacteria,Myxococcota,Myxococcia,Myxococcales,Anaeromyxobacteraceae,Anaeromyxobacter,NA
OTU_6247,OTU_6247,Bacteria,Bacteroidota,Bacteroidia,Chitinophagales,Chitinophagaceae,Ferruginibacter,NA
OTU_6250,OTU_6250,Bacteria,Planctomycetota,Planctomycetes,Gemmatales,Gemmataceae,NA,NA
OTU_6251,OTU_6251,Bacteria,Pseudomonadota,Alphaproteobacteria,Hyphomicrobiales,Beijerinckiaceae,NA,NA
OTU_6255,OTU_6255,Bacteria,Chloroflexota,Chloroflexia,Chloroflexales,Herpetosiphonaceae,Herpetosiphon,NA
OTU_6257,OTU_6257,Bacteria,Chloroflexota,Ktedonobacteria,C0119,NA,NA,NA
OTU_6263,OTU_6263,Bacteria,Planctomycetota,Phycisphaerae,Tepidisphaerales,WD2101 soil group,NA,NA
OTU_6265,OTU_6265,Bacteria,Actinomycetota,Actinobacteria,Frankiales,Nakamurellaceae,Vallicoccus,NA
OTU_6269,OTU_6269,Bacteria,Planctomycetota,Planctomycetes,Gemmatales,Gemmataceae,NA,NA
OTU_6275,OTU_6275,Bacteria,Verrucomicrobiota,Verrucomicrobiia,Pedosphaerales,Pedosphaeraceae,ADurb.Bin063-1,NA
OTU_6276,OTU_6276,Bacteria,Chloroflexota,Dehalococcoidia,S085,NA,NA,NA
OTU_6280,OTU_6280,Bacteria,Bacillota,Bacilli,Mycoplasmatales,Mycoplasmataceae,type III,NA
OTU_6286,OTU_6286,Bacteria,Acidobacteriota,Blastocatellia,Pyrinomonadales,Pyrinomonadaceae,NA,NA
OTU_6294,OTU_6294,Bacteria,Pseudomonadota,Alphaproteobacteria,Hyphomicrobiales,NA,NA,NA
OTU_6297,OTU_6297,Bacteria,Chloroflexota,Ktedonobacteria,C0119,NA,NA,NA
OTU_6299,OTU_6299,Bacteria,Verrucomicrobiota,Verrucomicrobiia,Verrucomicrobiales,Verrucomicrobiaceae,NA,NA
OTU_6308,OTU_6308,Bacteria,Planctomycetota,Planctomycetes,Planctomycetales,Rubinisphaeraceae,SH-PL14,NA
OTU_6310,OTU_6310,Bacteria,Armatimonadota,Chthonomonadia,Chthonomonadales,Chthonomonadaceae,Chthonomonas,NA
OTU_6321,OTU_6321,Bacteria,Actinomycetota,Acidimicrobiia,Acidimicrobiales,Acidimicrobiaceae,Acidiferrimicrobium,NA
OTU_6328,OTU_6328,Bacteria,Chloroflexota,Chloroflexia,Chloroflexales,Roseiflexaceae,NA,NA
OTU_6330,OTU_6330,Bacteria,Pseudomonadota,Gammaproteobacteria,Burkholderiales,SC-I-84,NA,NA
OTU_6333,OTU_6333,Bacteria,Pseudomonadota,Gammaproteobacteria,Burkholderiales,A21b,NA,NA
OTU_6338,OTU_6338,Bacteria,Actinomycetota,Actinobacteria,Frankiales,Nakamurellaceae,Nakamurella,NA
OTU_6339,OTU_6339,Bacteria,Planctomycetota,Planctomycetes,Gemmatales,Gemmataceae,NA,NA
OTU_6344,OTU_6344,Bacteria,Incertae Sedis,Incertae Sedis,SJA-28,NA,NA,NA
OTU_6351,OTU_6351,Bacteria,Chloroflexota,Chloroflexia,Thermomicrobiales,JG30-KF-CM45,NA,NA
OTU_6361,OTU_6361,Bacteria,Verrucomicrobiota,Verrucomicrobiia,Chthoniobacterales,Chthoniobacteraceae,Candidatus Udaeobacter,NA
OTU_6366,OTU_6366,Bacteria,Actinomycetota,Actinobacteria,0319-7L14,NA,NA,NA
OTU_6368,OTU_6368,Bacteria,Gemmatimonadota,Gemmatimonadia,Gemmatimonadales,Gemmatimonadaceae,NA,NA
OTU_6371,OTU_6371,Bacteria,Myxococcota,Myxococcia,Myxococcales,Myxococcaceae,P3OB-42,NA
OTU_6372,OTU_6372,Bacteria,Actinomycetota,Thermoleophilia,Solirubrobacterales,67-14,NA,NA
OTU_6374,OTU_6374,Bacteria,Acidobacteriota,Acidobacteriae,Bryobacterales,Bryobacteraceae,Bryobacter,NA
OTU_6375,OTU_6375,Bacteria,Actinomycetota,Thermoleophilia,Solirubrobacterales,67-14,NA,NA
OTU_6377,OTU_6377,Bacteria,Methylomirabilota,Methylomirabilia,Rokubacteriales,NA,NA,NA
OTU_6380,OTU_6380,Bacteria,Planctomycetota,Planctomycetes,Pirellulales,Pirellulaceae,Pirellula,NA
OTU_6381,OTU_6381,Bacteria,Verrucomicrobiota,Verrucomicrobiia,Pedosphaerales,Pedosphaeraceae,Ellin517,NA
OTU_6385,OTU_6385,Bacteria,Pseudomonadota,Alphaproteobacteria,Hyphomicrobiales,Hyphomicrobiales Incertae Sedis,Bauldia,NA
OTU_6387,OTU_6387,Bacteria,Planctomycetota,Planctomycetes,Pirellulales,Pirellulaceae,NA,NA
OTU_6389,OTU_6389,Bacteria,Bacteroidota,Bacteroidia,Cytophagales,Hymenobacteraceae,Hymenobacter,NA
OTU_6392,OTU_6392,Bacteria,Planctomycetota,Planctomycetes,Pirellulales,Pirellulaceae,Pirellula,NA
OTU_6393,OTU_6393,Bacteria,Planctomycetota,Planctomycetes,Planctomycetales,NA,NA,NA
OTU_6395,OTU_6395,Bacteria,Acidobacteriota,Vicinamibacteria,Vicinamibacterales,Vicinamibacteraceae,NA,NA
OTU_6396,OTU_6396,Bacteria,Myxococcota,Polyangiia,Polyangiales,Polyangiaceae,Aetherobacter,NA
OTU_6397,OTU_6397,Bacteria,Verrucomicrobiota,Verrucomicrobiia,Pedosphaerales,Pedosphaeraceae,Ellin517,NA
OTU_6399,OTU_6399,Bacteria,Planctomycetota,Planctomycetes,Gemmatales,Gemmataceae,NA,NA
OTU_6402,OTU_6402,Bacteria,Actinomycetota,Actinobacteria,NA,NA,NA,NA
OTU_6407,OTU_6407,Bacteria,Pseudomonadota,Alphaproteobacteria,Hyphomicrobiales,NA,NA,NA
OTU_6408,OTU_6408,Bacteria,Actinomycetota,MB-A2-108,NA,NA,NA,NA
OTU_6414,OTU_6414,Bacteria,Acidobacteriota,Vicinamibacteria,Vicinamibacterales,NA,NA,NA
OTU_6419,OTU_6419,Bacteria,Acidobacteriota,Vicinamibacteria,Vicinamibacterales,NA,NA,NA
OTU_6420,OTU_6420,Bacteria,Chloroflexota,KD4-96,NA,NA,NA,NA
OTU_6421,OTU_6421,Bacteria,Actinomycetota,Acidimicrobiia,Acidimicrobiales,Acidimicrobiaceae,NA,NA
OTU_6422,OTU_6422,Bacteria,Pseudomonadota,Alphaproteobacteria,Acetobacterales,Acetobacteraceae,NA,NA
OTU_6423,OTU_6423,Bacteria,Verrucomicrobiota,Verrucomicrobiia,Pedosphaerales,Pedosphaeraceae,NA,NA
OTU_6427,OTU_6427,Bacteria,Actinomycetota,Thermoleophilia,Solirubrobacterales,Solirubrobacteraceae,Solirubrobacter,NA
OTU_6433,OTU_6433,Bacteria,Chloroflexota,Chloroflexia,Thermomicrobiales,JG30-KF-CM45,NA,NA
OTU_6436,OTU_6436,Bacteria,Chloroflexota,Ktedonobacteria,C0119,NA,NA,NA
OTU_6438,OTU_6438,Bacteria,Gemmatimonadota,Gemmatimonadia,Gemmatimonadales,Gemmatimonadaceae,Gemmatimonas,NA
OTU_6443,OTU_6443,Bacteria,Chloroflexota,NA,NA,NA,NA,NA
OTU_6446,OTU_6446,Bacteria,Verrucomicrobiota,Verrucomicrobiia,Pedosphaerales,Pedosphaeraceae,NA,NA
OTU_6447,OTU_6447,Bacteria,Planctomycetota,Planctomycetes,Pirellulales,Pirellulaceae,Pir4 lineage,NA
OTU_6449,OTU_6449,Bacteria,Chloroflexota,Chloroflexia,Chloroflexales,Chloroflexaceae,FFCH7168,NA
OTU_6457,OTU_6457,Bacteria,Chloroflexota,JG30-KF-CM66,NA,NA,NA,NA
OTU_6460,OTU_6460,Bacteria,Planctomycetota,Planctomycetes,Gemmatales,Gemmataceae,Fimbriiglobus,NA
OTU_6462,OTU_6462,Bacteria,Planctomycetota,Planctomycetes,Pirellulales,Pirellulaceae,Pirellula,NA
OTU_6464,OTU_6464,Bacteria,Bdellovibrionota,Bdellovibrionia,Bdellovibrionales,Pseudobdellovibrionaceae,NA,NA
OTU_6467,OTU_6467,Bacteria,Myxococcota,Polyangiia,Polyangiales,Sandaracinaceae,NA,NA
OTU_6471,OTU_6471,Bacteria,Chloroflexota,Chloroflexia,Thermomicrobiales,JG30-KF-CM45,NA,NA
OTU_6480,OTU_6480,Bacteria,Actinomycetota,Thermoleophilia,Solirubrobacterales,Solirubrobacteraceae,Solirubrobacter,NA
OTU_6481,OTU_6481,Bacteria,Chloroflexota,Ktedonobacteria,C0119,NA,NA,NA
OTU_6482,OTU_6482,Bacteria,Bacteroidota,Bacteroidia,Sphingobacteriales,KD3-93,NA,NA
OTU_6489,OTU_6489,Bacteria,Actinomycetota,Actinobacteria,Kitasatosporales,Streptomycetaceae,Streptomyces,NA
OTU_6492,OTU_6492,Bacteria,Pseudomonadota,Gammaproteobacteria,Burkholderiales,Nitrosomonadaceae,mle1-7,NA
OTU_6493,OTU_6493,Bacteria,Chloroflexota,Anaerolineae,Caldilineales,Caldilineaceae,NA,NA
OTU_6496,OTU_6496,Bacteria,Planctomycetota,Phycisphaerae,Tepidisphaerales,WD2101 soil group,NA,NA
OTU_6508,OTU_6508,Bacteria,Actinomycetota,Actinobacteria,Micrococcales,Intrasporangiaceae,NA,NA
OTU_6509,OTU_6509,Bacteria,Gemmatimonadota,Gemmatimonadia,Gemmatimonadales,Gemmatimonadaceae,NA,NA
OTU_6513,OTU_6513,Bacteria,Pseudomonadota,Alphaproteobacteria,Acetobacterales,Acetobacteraceae,Roseicella,NA
OTU_6516,OTU_6516,Bacteria,Verrucomicrobiota,Verrucomicrobiia,Chthoniobacterales,Chthoniobacteraceae,Candidatus Udaeobacter,NA
OTU_6517,OTU_6517,Bacteria,Bacteroidota,Bacteroidia,Chitinophagales,Chitinophagaceae,NA,NA
OTU_6525,OTU_6525,Bacteria,Bacteroidota,Bacteroidia,Sphingobacteriales,NS11-12 marine group,NA,NA
OTU_6531,OTU_6531,Bacteria,Acidobacteriota,Blastocatellia,Blastocatellales,Blastocatellaceae,JGI 0001001-H03,NA
OTU_6532,OTU_6532,Bacteria,Verrucomicrobiota,Verrucomicrobiia,Chthoniobacterales,01D2Z36,NA,NA
OTU_6535,OTU_6535,Bacteria,Actinomycetota,Acidimicrobiia,Microtrichales,Ilumatobacteraceae,CL500-29 marine group,NA
OTU_6537,OTU_6537,Bacteria,Chloroflexota,Ktedonobacteria,C0119,NA,NA,NA
OTU_6538,OTU_6538,Bacteria,Armatimonadota,Fimbriimonadia,Fimbriimonadales,Fimbriimonadaceae,NA,NA
OTU_6545,OTU_6545,Bacteria,Pseudomonadota,Gammaproteobacteria,Burkholderiales,SC-I-84,NA,NA
OTU_6554,OTU_6554,Bacteria,Verrucomicrobiota,Verrucomicrobiia,Opitutales,Opitutaceae,NA,NA
OTU_6556,OTU_6556,Bacteria,Abditibacteriota,Abditibacteriia,Abditibacteriales,Abditibacteriaceae,Abditibacterium,NA
OTU_6560,OTU_6560,Bacteria,Pseudomonadota,Gammaproteobacteria,Gammaproteobacteria Incertae Sedis,Unknown Family,Acidibacter,NA
OTU_6563,OTU_6563,Bacteria,Planctomycetota,Planctomycetes,Gemmatales,Gemmataceae,NA,NA
OTU_6568,OTU_6568,Bacteria,Planctomycetota,Phycisphaerae,Tepidisphaerales,CPla-3 termite group,NA,NA
OTU_6569,OTU_6569,Bacteria,Actinomycetota,Actinobacteria,Micromonosporales,Micromonosporaceae,Planosporangium,NA
OTU_6570,OTU_6570,Bacteria,Pseudomonadota,Alphaproteobacteria,Caulobacterales,Caulobacteraceae,Phenylobacterium,NA
OTU_6573,OTU_6573,Bacteria,Pseudomonadota,Alphaproteobacteria,Hyphomicrobiales,Rhizobiaceae,Chelativorans,NA
OTU_6581,OTU_6581,Bacteria,Bacteroidota,Bacteroidia,Chitinophagales,Chitinophagaceae,Puia,NA
OTU_6589,OTU_6589,Bacteria,Actinomycetota,Thermoleophilia,Solirubrobacterales,Solirubrobacteraceae,NA,NA
OTU_6592,OTU_6592,Bacteria,Actinomycetota,MB-A2-108,NA,NA,NA,NA
OTU_6593,OTU_6593,Bacteria,Planctomycetota,Phycisphaerae,Tepidisphaerales,WD2101 soil group,NA,NA
OTU_6599,OTU_6599,Bacteria,Pseudomonadota,Alphaproteobacteria,Hyphomicrobiales,Xanthobacteraceae,NA,NA
OTU_6602,OTU_6602,Bacteria,Pseudomonadota,Gammaproteobacteria,Burkholderiales,Oxalobacteraceae,Duganella,NA
OTU_6608,OTU_6608,Bacteria,Chloroflexota,KD4-96,NA,NA,NA,NA
OTU_6609,OTU_6609,Bacteria,Chloroflexota,Anaerolineae,RBG-13-54-9,NA,NA,NA
OTU_6613,OTU_6613,Bacteria,Pseudomonadota,Gammaproteobacteria,Salinisphaerales,Nevskiaceae,NA,NA
OTU_6614,OTU_6614,Bacteria,Pseudomonadota,Alphaproteobacteria,Hyphomicrobiales,Rhizobiaceae,NA,NA
OTU_6617,OTU_6617,Bacteria,Actinomycetota,Thermoleophilia,Solirubrobacterales,Solirubrobacteraceae,Solirubrobacter,NA
OTU_6618,OTU_6618,Bacteria,Myxococcota,Polyangiia,Polyangiales,Polyangiaceae,Aetherobacter,NA
OTU_6619,OTU_6619,Bacteria,Pseudomonadota,Alphaproteobacteria,Acetobacterales,Acetobacteraceae,NA,NA
OTU_6624,OTU_6624,Bacteria,Bacteroidota,Bacteroidia,Sphingobacteriales,AKYH767,NA,NA
OTU_6626,OTU_6626,Bacteria,Bacteroidota,Bacteroidia,Cytophagales,NA,NA,NA
OTU_6628,OTU_6628,Bacteria,Pseudomonadota,Alphaproteobacteria,Sphingomonadales,Sphingomonadaceae,Croceibacterium,NA
OTU_6629,OTU_6629,Bacteria,Actinomycetota,MB-A2-108,NA,NA,NA,NA
OTU_6631,OTU_6631,Bacteria,Acidobacteriota,Blastocatellia,Pyrinomonadales,Pyrinomonadaceae,NA,NA
OTU_6632,OTU_6632,Bacteria,Planctomycetota,Phycisphaerae,Phycisphaerales,Phycisphaeraceae,CL500-3,NA
OTU_6634,OTU_6634,Bacteria,Chloroflexota,Anaerolineae,Aggregatilineales,A4b,NA,NA
OTU_6638,OTU_6638,Bacteria,Pseudomonadota,Alphaproteobacteria,Tistrellales,Geminicoccaceae,Candidatus Alysiosphaera,NA
OTU_6639,OTU_6639,Bacteria,Pseudomonadota,Gammaproteobacteria,Burkholderiales,Nitrosomonadaceae,GOUTA6,NA
OTU_6642,OTU_6642,Bacteria,Chloroflexota,Ktedonobacteria,C0119,NA,NA,NA
OTU_6643,OTU_6643,Bacteria,Acidobacteriota,Vicinamibacteria,Vicinamibacterales,Vicinamibacteraceae,NA,NA
OTU_6645,OTU_6645,Bacteria,Actinomycetota,Actinobacteria,Kineosporiales,Kineosporiaceae,Kineococcus,NA
OTU_6646,OTU_6646,Bacteria,Planctomycetota,NA,NA,NA,NA,NA
OTU_6647,OTU_6647,Bacteria,Verrucomicrobiota,Verrucomicrobiia,Chthoniobacterales,Chthoniobacteraceae,Chthoniobacter,NA
OTU_6648,OTU_6648,Bacteria,Actinomycetota,Thermoleophilia,Gaiellales,Gaiellaceae,Gaiella,NA
OTU_6656,OTU_6656,Bacteria,Gemmatimonadota,Gemmatimonadia,Gemmatimonadales,Gemmatimonadaceae,Gemmatimonas,NA
OTU_6659,OTU_6659,Bacteria,Chloroflexota,Ktedonobacteria,C0119,NA,NA,NA
OTU_6660,OTU_6660,Bacteria,Myxococcota,Polyangiia,Haliangiales,Haliangiaceae,NA,NA
OTU_6664,OTU_6664,Bacteria,Bacillota,Bacilli,Paenibacillales,Paenibacillaceae,Paenibacillus,NA
OTU_6665,OTU_6665,Bacteria,Chloroflexota,Anaerolineae,Aggregatilineales,A4b,NA,NA
OTU_6677,OTU_6677,Bacteria,Gemmatimonadota,Gemmatimonadia,Gemmatimonadales,Gemmatimonadaceae,Gemmatimonas,NA
OTU_6681,OTU_6681,Bacteria,Actinomycetota,MB-A2-108,NA,NA,NA,NA
OTU_6683,OTU_6683,Bacteria,Chloroflexota,Ktedonobacteria,C0119,NA,NA,NA
OTU_6684,OTU_6684,Bacteria,Pseudomonadota,Alphaproteobacteria,Elsterales,NA,NA,NA
OTU_6685,OTU_6685,Bacteria,Planctomycetota,Planctomycetes,Gemmatales,Gemmataceae,NA,NA
OTU_6689,OTU_6689,Bacteria,Acidobacteriota,Acidobacteriae,PAUC26f,NA,NA,NA
OTU_6693,OTU_6693,Bacteria,Bacillota,Bacilli,Paenibacillales,Paenibacillaceae,Paenibacillus,NA
OTU_6695,OTU_6695,Bacteria,Planctomycetota,Planctomycetes,Isosphaerales,Isosphaeraceae,Aquisphaera,NA
OTU_6709,OTU_6709,Bacteria,Acidobacteriota,Vicinamibacteria,Vicinamibacterales,NA,NA,NA
OTU_6717,OTU_6717,Bacteria,Pseudomonadota,Alphaproteobacteria,Elsterales,NA,NA,NA
OTU_6720,OTU_6720,Bacteria,Actinomycetota,Acidimicrobiia,Acidimicrobiales,Acidimicrobiaceae,Acidiferrimicrobium,NA
OTU_6722,OTU_6722,Bacteria,Patescibacteria,Parcubacteria,Candidatus Adlerbacteria,NA,NA,NA
OTU_6723,OTU_6723,Bacteria,Acidobacteriota,Acidobacteriae,Bryobacterales,Bryobacteraceae,Bryobacter,NA
OTU_6724,OTU_6724,Bacteria,Planctomycetota,Planctomycetes,Pirellulales,Pirellulaceae,NA,NA
OTU_6738,OTU_6738,Bacteria,Planctomycetota,Planctomycetes,Gemmatales,Gemmataceae,Fimbriiglobus,NA
OTU_6739,OTU_6739,Bacteria,Actinomycetota,Actinobacteria,Micrococcales,Micrococcaceae,NA,NA
OTU_6744,OTU_6744,Bacteria,Pseudomonadota,Alphaproteobacteria,Hyphomicrobiales,Xanthobacteraceae,NA,NA
OTU_6747,OTU_6747,Bacteria,Acidobacteriota,Blastocatellia,Pyrinomonadales,Pyrinomonadaceae,NA,NA
OTU_6749,OTU_6749,Bacteria,Gemmatimonadota,Gemmatimonadia,Gemmatimonadales,Gemmatimonadaceae,Gemmatimonas,NA
OTU_6758,OTU_6758,Bacteria,WS2,NA,NA,NA,NA,NA
OTU_6764,OTU_6764,Bacteria,Chloroflexota,AD3,NA,NA,NA,NA
OTU_6770,OTU_6770,Bacteria,Planctomycetota,Planctomycetes,Planctomycetales,NA,NA,NA
OTU_6774,OTU_6774,Bacteria,Pseudomonadota,Gammaproteobacteria,Burkholderiales,SC-I-84,NA,NA
OTU_6782,OTU_6782,Bacteria,Acidobacteriota,Acidobacteriae,Bryobacterales,Bryobacteraceae,Bryobacter,NA
OTU_6784,OTU_6784,Bacteria,Gemmatimonadota,Gemmatimonadia,Gemmatimonadales,Gemmatimonadaceae,NA,NA
OTU_6790,OTU_6790,Bacteria,Actinomycetota,Actinobacteria,Propionibacteriales,Propionibacteriaceae,Microlunatus,NA
OTU_6791,OTU_6791,Bacteria,Actinomycetota,Acidimicrobiia,Acidimicrobiales,Acidimicrobiaceae,Acidiferrimicrobium,NA
OTU_6794,OTU_6794,Bacteria,Verrucomicrobiota,Verrucomicrobiia,Pedosphaerales,Pedosphaeraceae,NA,NA
OTU_6796,OTU_6796,Bacteria,Armatimonadota,NA,NA,NA,NA,NA
OTU_6797,OTU_6797,Bacteria,Actinomycetota,Actinobacteria,Micromonosporales,Micromonosporaceae,Allorhizocola,NA
OTU_6806,OTU_6806,Bacteria,Acidobacteriota,Vicinamibacteria,Vicinamibacterales,NA,NA,NA
OTU_6808,OTU_6808,Bacteria,Chloroflexota,JG30-KF-CM66,NA,NA,NA,NA
OTU_6822,OTU_6822,Bacteria,Cyanobacteriota,Vampirivibrionia,Obscuribacterales,Obscuribacteraceae,NA,NA
OTU_6823,OTU_6823,Bacteria,Actinomycetota,Actinobacteria,Frankiales,Sporichthyaceae,NA,NA
OTU_6826,OTU_6826,Bacteria,Actinomycetota,Thermoleophilia,Solirubrobacterales,Solirubrobacteraceae,Conexibacter,NA
OTU_6827,OTU_6827,Bacteria,Pseudomonadota,Gammaproteobacteria,NA,NA,NA,NA
OTU_6834,OTU_6834,Bacteria,Pseudomonadota,Alphaproteobacteria,Caulobacterales,Caulobacteraceae,NA,NA
OTU_6838,OTU_6838,Bacteria,Actinomycetota,Actinobacteria,Micromonosporales,Micromonosporaceae,Asanoa,NA
OTU_6843,OTU_6843,Bacteria,Planctomycetota,Planctomycetes,Gemmatales,Gemmataceae,Gemmata,NA
OTU_6849,OTU_6849,Bacteria,Bacillota,Bacilli,Bacillales,Bacillaceae,Neobacillus,NA
OTU_6850,OTU_6850,Bacteria,Cyanobacteriota,Sericytochromatia,NA,NA,NA,NA
OTU_6855,OTU_6855,Bacteria,Acidobacteriota,Vicinamibacteria,Subgroup 17,NA,NA,NA
OTU_6860,OTU_6860,Bacteria,Acidobacteriota,Blastocatellia,Pyrinomonadales,Pyrinomonadaceae,NA,NA
OTU_6864,OTU_6864,Bacteria,Myxococcota,Polyangiia,Polyangiales,Sandaracinaceae,NA,NA
OTU_6867,OTU_6867,Bacteria,Acidobacteriota,Vicinamibacteria,Vicinamibacterales,NA,NA,NA
OTU_6871,OTU_6871,Bacteria,Acidobacteriota,Subgroup 5,NA,NA,NA,NA
OTU_6872,OTU_6872,Bacteria,Planctomycetota,Planctomycetes,Gemmatales,Gemmataceae,NA,NA
OTU_6873,OTU_6873,Bacteria,Planctomycetota,Planctomycetes,Gemmatales,Gemmataceae,Gemmata,NA
OTU_6880,OTU_6880,Bacteria,Acidobacteriota,Vicinamibacteria,Vicinamibacterales,Vicinamibacteraceae,NA,NA
OTU_6891,OTU_6891,Bacteria,Myxococcota,Polyangiia,Polyangiales,Sandaracinaceae,Sandaracinus,NA
OTU_6897,OTU_6897,Bacteria,Myxococcota,Polyangiia,Polyangiales,BIrii41,NA,NA
OTU_6898,OTU_6898,Bacteria,Actinomycetota,Thermoleophilia,Solirubrobacterales,Solirubrobacteraceae,Baekduia,NA
OTU_6899,OTU_6899,Bacteria,Planctomycetota,Planctomycetes,Planctomycetales,NA,NA,NA
OTU_6900,OTU_6900,Bacteria,Chloroflexota,Chloroflexia,Thermomicrobiales,AKYG1722,NA,NA
OTU_6909,OTU_6909,Bacteria,Planctomycetota,Planctomycetes,Gemmatales,Gemmataceae,NA,NA
OTU_6913,OTU_6913,Bacteria,Acidobacteriota,Vicinamibacteria,Vicinamibacterales,NA,NA,NA
OTU_6919,OTU_6919,Bacteria,Acidobacteriota,Vicinamibacteria,Vicinamibacterales,NA,NA,NA
OTU_6933,OTU_6933,Bacteria,Verrucomicrobiota,Verrucomicrobiia,Pedosphaerales,Pedosphaeraceae,NA,NA
OTU_6934,OTU_6934,Bacteria,Myxococcota,Polyangiia,Haliangiales,Haliangiaceae,NA,NA
OTU_6943,OTU_6943,Bacteria,Chloroflexota,P2-11E,NA,NA,NA,NA
OTU_6945,OTU_6945,Bacteria,Bacteroidota,Bacteroidia,Cytophagales,Cytophagaceae,Sporocytophaga,NA
OTU_6951,OTU_6951,Bacteria,Chloroflexota,JG30-KF-CM66,NA,NA,NA,NA
OTU_6952,OTU_6952,Bacteria,Planctomycetota,Phycisphaerae,mle1-8,NA,NA,NA
OTU_6955,OTU_6955,Bacteria,Actinomycetota,MB-A2-108,NA,NA,NA,NA
OTU_6958,OTU_6958,Bacteria,Acidobacteriota,Acidobacteriae,Subgroup 2,NA,NA,NA
OTU_6959,OTU_6959,Bacteria,Actinomycetota,Actinobacteria,Frankiales,Geodermatophilaceae,Modestobacter,NA
OTU_6962,OTU_6962,Bacteria,Pseudomonadota,Gammaproteobacteria,Burkholderiales,TRA3-20,NA,NA
OTU_6965,OTU_6965,Bacteria,Pseudomonadota,Gammaproteobacteria,Burkholderiales,Nitrosomonadaceae,Ellin6067,NA
OTU_6966,OTU_6966,Bacteria,Myxococcota,Polyangiia,Polyangiales,Sandaracinaceae,Sandaracinus,NA
OTU_6974,OTU_6974,Bacteria,Chloroflexota,Anaerolineae,RBG-13-54-9,NA,NA,NA
OTU_6985,OTU_6985,Bacteria,Bacteroidota,Bacteroidia,Cytophagales,Microscillaceae,NA,NA
OTU_6989,OTU_6989,Bacteria,Planctomycetota,Phycisphaerae,Tepidisphaerales,WD2101 soil group,NA,NA
OTU_6998,OTU_6998,Bacteria,Acidobacteriota,Vicinamibacteria,Vicinamibacterales,NA,NA,NA
OTU_7000,OTU_7000,Bacteria,Planctomycetota,Planctomycetes,Pirellulales,Pirellulaceae,NA,NA
OTU_7002,OTU_7002,Bacteria,Bacteroidota,Bacteroidia,Cytophagales,Microscillaceae,NA,NA
OTU_7003,OTU_7003,Bacteria,Acidobacteriota,Vicinamibacteria,Vicinamibacterales,NA,NA,NA
OTU_7005,OTU_7005,Bacteria,Actinomycetota,Actinobacteria,Micromonosporales,Micromonosporaceae,NA,NA
OTU_7011,OTU_7011,Bacteria,Acidobacteriota,Acidobacteriae,Bryobacterales,Bryobacteraceae,Bryobacter,NA
OTU_7015,OTU_7015,Bacteria,Gemmatimonadota,Gemmatimonadia,Gemmatimonadales,Gemmatimonadaceae,NA,NA
OTU_7017,OTU_7017,Bacteria,Planctomycetota,Planctomycetes,Gemmatales,Gemmataceae,Gemmata,NA
OTU_7019,OTU_7019,Bacteria,Pseudomonadota,Gammaproteobacteria,Burkholderiales,TRA3-20,NA,NA
OTU_7023,OTU_7023,Bacteria,Bdellovibrionota,Oligoflexia,0319-6G20,NA,NA,NA
OTU_7024,OTU_7024,Bacteria,Planctomycetota,Phycisphaerae,Tepidisphaerales,WD2101 soil group,NA,NA
OTU_7028,OTU_7028,Bacteria,Actinomycetota,Thermoleophilia,Gaiellales,NA,NA,NA
OTU_7029,OTU_7029,Bacteria,Gemmatimonadota,Gemmatimonadia,Gemmatimonadales,Gemmatimonadaceae,Gemmatimonas,NA
OTU_7031,OTU_7031,Bacteria,Planctomycetota,Phycisphaerae,Tepidisphaerales,WD2101 soil group,NA,NA
OTU_7033,OTU_7033,Bacteria,Planctomycetota,Phycisphaerae,Phycisphaerales,Phycisphaeraceae,SM1A02,NA
OTU_7041,OTU_7041,Bacteria,Chloroflexota,KD4-96,NA,NA,NA,NA
OTU_7042,OTU_7042,Bacteria,Pseudomonadota,Alphaproteobacteria,Sneathiellales,Sneathiellaceae,NA,NA
OTU_7051,OTU_7051,Bacteria,Bacteroidota,Bacteroidia,Chitinophagales,Chitinophagaceae,Flavisolibacter,NA
OTU_7054,OTU_7054,Bacteria,Bacteroidota,Bacteroidia,Chitinophagales,Chitinophagaceae,Chitinophaga,NA
OTU_7061,OTU_7061,Bacteria,FCPU426,NA,NA,NA,NA,NA
OTU_7071,OTU_7071,Bacteria,Planctomycetota,Phycisphaerae,Tepidisphaerales,WD2101 soil group,NA,NA
OTU_7074,OTU_7074,Bacteria,Planctomycetota,Planctomycetes,Gemmatales,Gemmataceae,NA,NA
OTU_7077,OTU_7077,Bacteria,Pseudomonadota,Gammaproteobacteria,Burkholderiales,Methylophilaceae,Methylobacillus,NA
OTU_7079,OTU_7079,Bacteria,Chloroflexota,JG30-KF-CM66,NA,NA,NA,NA
OTU_7082,OTU_7082,Bacteria,Elusimicrobiota,Elusimicrobia,Lineage IV,NA,NA,NA
OTU_7083,OTU_7083,Bacteria,Chloroflexota,Ktedonobacteria,C0119,NA,NA,NA
OTU_7092,OTU_7092,Bacteria,Actinomycetota,Thermoleophilia,Solirubrobacterales,67-14,NA,NA
OTU_7094,OTU_7094,Bacteria,Planctomycetota,Planctomycetes,Isosphaerales,Isosphaeraceae,Singulisphaera,NA
OTU_7097,OTU_7097,Bacteria,Gemmatimonadota,Gemmatimonadia,Gemmatimonadales,Gemmatimonadaceae,Gemmatimonas,NA
OTU_7099,OTU_7099,Bacteria,Pseudomonadota,Alphaproteobacteria,Hyphomicrobiales,Rhizobiaceae,NA,NA
OTU_7103,OTU_7103,Bacteria,Pseudomonadota,Alphaproteobacteria,Hyphomicrobiales,Hyphomicrobiales Incertae Sedis,Bauldia,NA
OTU_7104,OTU_7104,Bacteria,Planctomycetota,Planctomycetes,Pirellulales,Pirellulaceae,NA,NA
OTU_7107,OTU_7107,Bacteria,Actinomycetota,Actinobacteria,NA,NA,NA,NA
OTU_7108,OTU_7108,Bacteria,Myxococcota,Polyangiia,Polyangiales,Phaselicystaceae,Phaselicystis,NA
OTU_7116,OTU_7116,Bacteria,Acidobacteriota,Vicinamibacteria,Subgroup 17,NA,NA,NA
OTU_7120,OTU_7120,Bacteria,Acidobacteriota,Blastocatellia,Pyrinomonadales,Pyrinomonadaceae,NA,NA
OTU_7123,OTU_7123,Bacteria,Pseudomonadota,Alphaproteobacteria,Hyphomicrobiales,Beijerinckiaceae,Enterovirga,NA
OTU_7124,OTU_7124,Bacteria,Planctomycetota,Phycisphaerae,Tepidisphaerales,WD2101 soil group,NA,NA
OTU_7130,OTU_7130,Bacteria,Planctomycetota,Phycisphaerae,Tepidisphaerales,WD2101 soil group,NA,NA
OTU_7135,OTU_7135,Bacteria,Chloroflexota,Anaerolineae,Aggregatilineales,A4b,NA,NA
OTU_7137,OTU_7137,Bacteria,Myxococcota,Polyangiia,Haliangiales,Haliangiaceae,NA,NA
OTU_7145,OTU_7145,Bacteria,Acidobacteriota,Vicinamibacteria,Vicinamibacterales,Vicinamibacteraceae,NA,NA
OTU_7148,OTU_7148,Bacteria,Actinomycetota,Thermoleophilia,Solirubrobacterales,67-14,NA,NA
OTU_7176,OTU_7176,Bacteria,Pseudomonadota,Alphaproteobacteria,NA,NA,NA,NA
OTU_7179,OTU_7179,Bacteria,Planctomycetota,Planctomycetes,Gemmatales,Gemmataceae,NA,NA
OTU_7183,OTU_7183,Bacteria,Actinomycetota,Thermoleophilia,Solirubrobacterales,Solirubrobacteraceae,NA,NA
OTU_7189,OTU_7189,Bacteria,Fibrobacterota,Fibrobacteria,Fibrobacterales,Fibrobacteraceae,NA,NA
OTU_7198,OTU_7198,Bacteria,Planctomycetota,Planctomycetes,Planctomycetales,Rubinisphaeraceae,SH-PL14,NA
OTU_7200,OTU_7200,Bacteria,Acidobacteriota,Vicinamibacteria,Vicinamibacterales,NA,NA,NA
OTU_7210,OTU_7210,Bacteria,Patescibacteria,Parcubacteria,Candidatus Nomurabacteria,NA,NA,NA
OTU_7218,OTU_7218,Bacteria,Actinomycetota,Thermoleophilia,Solirubrobacterales,67-14,NA,NA
OTU_7224,OTU_7224,Bacteria,Verrucomicrobiota,Verrucomicrobiia,Chthoniobacterales,Chthoniobacteraceae,Chthoniobacter,NA
OTU_7225,OTU_7225,Bacteria,Pseudomonadota,Alphaproteobacteria,Sphingomonadales,Sphingomonadaceae,NA,NA
OTU_7229,OTU_7229,Bacteria,Actinomycetota,Thermoleophilia,Gaiellales,NA,NA,NA
OTU_7230,OTU_7230,Bacteria,Pseudomonadota,Alphaproteobacteria,Hyphomicrobiales,Rhizobiaceae,Mesorhizobium,NA
OTU_7234,OTU_7234,Bacteria,Planctomycetota,Planctomycetes,Gemmatales,Gemmataceae,NA,NA
OTU_7237,OTU_7237,Bacteria,Pseudomonadota,Alphaproteobacteria,Hyphomicrobiales,Xanthobacteraceae,Bradyrhizobium,NA
OTU_7238,OTU_7238,Bacteria,Actinomycetota,Actinobacteria,Pseudonocardiales,Pseudonocardiaceae,Pseudonocardia,NA
OTU_7239,OTU_7239,Bacteria,Actinomycetota,Acidimicrobiia,Acidimicrobiales,Acidimicrobiaceae,Acidiferrimicrobium,NA
OTU_7248,OTU_7248,Bacteria,Nitrospirota,Nitrospiria,Nitrospirales,Nitrospiraceae,Nitrospira,NA
OTU_7249,OTU_7249,Bacteria,Actinomycetota,Thermoleophilia,Solirubrobacterales,Solirubrobacteraceae,NA,NA
OTU_7251,OTU_7251,Bacteria,Pseudomonadota,Gammaproteobacteria,Burkholderiales,TRA3-20,NA,NA
OTU_7254,OTU_7254,Bacteria,Gemmatimonadota,Gemmatimonadia,Gemmatimonadales,Gemmatimonadaceae,Gemmatimonas,NA
OTU_7269,OTU_7269,Bacteria,Myxococcota,bacteriap25,NA,NA,NA,NA
OTU_7271,OTU_7271,Bacteria,Bacteroidota,Bacteroidia,Flavobacteriales,Weeksellaceae,Chryseobacterium,NA
OTU_7277,OTU_7277,Bacteria,Chloroflexota,Anaerolineae,Caldilineales,Caldilineaceae,NA,NA
OTU_7278,OTU_7278,Bacteria,Myxococcota,Polyangiia,Haliangiales,Haliangiaceae,NA,NA
OTU_7280,OTU_7280,Bacteria,Planctomycetota,Phycisphaerae,Phycisphaerales,Phycisphaeraceae,SM1A02,NA
OTU_7282,OTU_7282,Bacteria,Latescibacterota,NA,NA,NA,NA,NA
OTU_7289,OTU_7289,Bacteria,Actinomycetota,Acidimicrobiia,Acidimicrobiales,Acidimicrobiaceae,NA,NA
OTU_7290,OTU_7290,Bacteria,Pseudomonadota,Gammaproteobacteria,Steroidobacterales,Steroidobacteraceae,Povalibacter,NA
OTU_7292,OTU_7292,Bacteria,Gemmatimonadota,Gemmatimonadia,Gemmatimonadales,Gemmatimonadaceae,NA,NA
OTU_7293,OTU_7293,Bacteria,Pseudomonadota,Alphaproteobacteria,Caulobacterales,Hyphomonadaceae,SWB02,NA
OTU_7302,OTU_7302,Bacteria,Verrucomicrobiota,Verrucomicrobiia,Chthoniobacterales,Chthoniobacteraceae,Chthoniobacter,NA
OTU_7304,OTU_7304,Bacteria,Actinomycetota,Acidimicrobiia,Microtrichales,Iamiaceae,Aquihabitans,NA
OTU_7307,OTU_7307,Bacteria,Bacillota,Bacilli,Bacillales,Planococcaceae,NA,NA
OTU_7309,OTU_7309,Bacteria,Bdellovibrionota,Oligoflexia,0319-6G20,NA,NA,NA
OTU_7310,OTU_7310,Bacteria,Acidobacteriota,Thermoanaerobaculia,Thermoanaerobaculales,Thermoanaerobaculaceae,Subgroup 10,NA
OTU_7313,OTU_7313,Bacteria,Actinomycetota,Thermoleophilia,Solirubrobacterales,67-14,NA,NA
OTU_7315,OTU_7315,Bacteria,Verrucomicrobiota,Verrucomicrobiia,Pedosphaerales,Pedosphaeraceae,ADurb.Bin063-1,NA
OTU_7316,OTU_7316,Bacteria,Pseudomonadota,Gammaproteobacteria,Burkholderiales,Nitrosomonadaceae,MND1,NA
OTU_7317,OTU_7317,Bacteria,Pseudomonadota,Alphaproteobacteria,Hyphomicrobiales,Hyphomicrobiales Incertae Sedis,Bauldia,NA
OTU_7320,OTU_7320,Bacteria,Actinomycetota,Actinobacteria,Frankiales,Geodermatophilaceae,Blastococcus,NA
OTU_7325,OTU_7325,Bacteria,Pseudomonadota,Gammaproteobacteria,Burkholderiales,SC-I-84,NA,NA
OTU_7329,OTU_7329,Bacteria,Actinomycetota,Acidimicrobiia,Acidimicrobiales,Acidimicrobiaceae,Acidiferrimicrobium,NA
OTU_7337,OTU_7337,Bacteria,Planctomycetota,Planctomycetes,Planctomycetales,Rubinisphaeraceae,SH-PL14,NA
OTU_7340,OTU_7340,Bacteria,Bacteroidota,Bacteroidia,Sphingobacteriales,AKYH767,NA,NA
OTU_7343,OTU_7343,Bacteria,Verrucomicrobiota,Verrucomicrobiia,Pedosphaerales,Pedosphaeraceae,NA,NA
OTU_7344,OTU_7344,Bacteria,Gemmatimonadota,Gemmatimonadia,Gemmatimonadales,Gemmatimonadaceae,NA,NA
OTU_7347,OTU_7347,Bacteria,Acidobacteriota,Subgroup 22,NA,NA,NA,NA
OTU_7348,OTU_7348,Bacteria,Entotheonellaeota,Entotheonellia,Entotheonellales,Entotheonellaceae,NA,NA
OTU_7356,OTU_7356,Bacteria,Acidobacteriota,Blastocatellia,Pyrinomonadales,Pyrinomonadaceae,NA,NA
OTU_7357,OTU_7357,Bacteria,Acidobacteriota,Vicinamibacteria,Vicinamibacterales,NA,NA,NA
OTU_7359,OTU_7359,Bacteria,Acidobacteriota,Vicinamibacteria,Vicinamibacterales,Vicinamibacteraceae,Vicinamibacter,NA
OTU_7361,OTU_7361,Bacteria,Actinomycetota,Actinobacteria,Propionibacteriales,Nocardioidaceae,Nocardioides,NA
OTU_7364,OTU_7364,Bacteria,Patescibacteria,Saccharimonadia,Saccharimonadales,LWQ8,NA,NA
OTU_7376,OTU_7376,Bacteria,Bacteroidota,Bacteroidia,Cytophagales,Microscillaceae,NA,NA
OTU_7381,OTU_7381,Bacteria,Acidobacteriota,Acidobacteriae,Subgroup 2,NA,NA,NA
OTU_7385,OTU_7385,Bacteria,Bacillota,Bacilli,Bacillales,NA,NA,NA
OTU_7386,OTU_7386,Bacteria,Patescibacteria,Parcubacteria,Candidatus Moranbacteria,NA,NA,NA
OTU_7389,OTU_7389,Bacteria,Myxococcota,Polyangiia,Haliangiales,Haliangiaceae,NA,NA
OTU_7390,OTU_7390,Bacteria,Actinomycetota,Actinobacteria,Frankiales,Nakamurellaceae,Vallicoccus,NA
OTU_7392,OTU_7392,Bacteria,Actinomycetota,Thermoleophilia,NA,NA,NA,NA
OTU_7395,OTU_7395,Bacteria,Myxococcota,Polyangiia,Polyangiales,Polyangiaceae,Pajaroellobacter,NA
OTU_7403,OTU_7403,Bacteria,Armatimonadota,Chthonomonadia,Chthonomonadales,Chthonomonadaceae,Chthonomonas,NA
OTU_7407,OTU_7407,Bacteria,Pseudomonadota,Alphaproteobacteria,Elsterales,NA,NA,NA
OTU_7411,OTU_7411,Bacteria,Bacteroidota,Bacteroidia,Bacteroidetes VC2.1 Bac22,NA,NA,NA
OTU_7415,OTU_7415,Bacteria,Planctomycetota,Phycisphaerae,Tepidisphaerales,CPla-3 termite group,NA,NA
OTU_7417,OTU_7417,Bacteria,Actinomycetota,Actinobacteria,Micrococcales,Microbacteriaceae,NA,NA
OTU_7421,OTU_7421,Bacteria,Pseudomonadota,Alphaproteobacteria,Hyphomicrobiales,Xanthobacteraceae,Variibacter,NA
OTU_7425,OTU_7425,Bacteria,Gemmatimonadota,Gemmatimonadia,Gemmatimonadales,Gemmatimonadaceae,NA,NA
OTU_7432,OTU_7432,Bacteria,Planctomycetota,Planctomycetes,Planctomycetales,NA,NA,NA
OTU_7441,OTU_7441,Bacteria,Pseudomonadota,Alphaproteobacteria,Hyphomicrobiales,Xanthobacteraceae,NA,NA
OTU_7448,OTU_7448,Bacteria,Acidobacteriota,Vicinamibacteria,Vicinamibacterales,NA,NA,NA
OTU_7452,OTU_7452,Bacteria,Actinomycetota,Thermoleophilia,Gaiellales,Gaiellaceae,Gaiella,NA
OTU_7459,OTU_7459,Bacteria,Actinomycetota,Actinobacteria,Streptosporangiales,Thermomonosporaceae,Actinoallomurus,NA
OTU_7461,OTU_7461,Bacteria,Gemmatimonadota,Gemmatimonadia,Gemmatimonadales,Gemmatimonadaceae,NA,NA
OTU_7466,OTU_7466,Bacteria,Acidobacteriota,Blastocatellia,Pyrinomonadales,Pyrinomonadaceae,Brevitalea,NA
OTU_7470,OTU_7470,Bacteria,Pseudomonadota,Gammaproteobacteria,Burkholderiales,Oxalobacteraceae,Lacisediminimonas,NA
OTU_7472,OTU_7472,Bacteria,Planctomycetota,Planctomycetes,Gemmatales,Gemmataceae,Gemmata,NA
OTU_7476,OTU_7476,Bacteria,Actinomycetota,Actinobacteria,Pseudonocardiales,Pseudonocardiaceae,Pseudonocardia,NA
OTU_7480,OTU_7480,Bacteria,Bacteroidota,Bacteroidia,Sphingobacteriales,AKYH767,NA,NA
OTU_7484,OTU_7484,Bacteria,Acidobacteriota,Vicinamibacteria,Vicinamibacterales,NA,NA,NA
OTU_7492,OTU_7492,Bacteria,Pseudomonadota,Alphaproteobacteria,Hyphomicrobiales,Xanthobacteraceae,NA,NA
OTU_7493,OTU_7493,Bacteria,Pseudomonadota,Gammaproteobacteria,Lysobacterales,Lysobacteraceae,Lysobacter,NA
OTU_7494,OTU_7494,Bacteria,Armatimonadota,Chthonomonadia,Chthonomonadales,Chthonomonadaceae,Chthonomonas,NA
OTU_7501,OTU_7501,Bacteria,Chlamydiota,Chlamydiia,Chlamydiales,Simkaniaceae,NA,NA
OTU_7510,OTU_7510,Bacteria,Actinomycetota,Actinobacteria,Mycobacteriales,Mycobacteriaceae,Mycobacterium,NA
OTU_7513,OTU_7513,Bacteria,Acidobacteriota,Blastocatellia,Blastocatellales,Blastocatellaceae,JGI 0001001-H03,NA
OTU_7519,OTU_7519,Bacteria,Pseudomonadota,Gammaproteobacteria,Burkholderiales,A21b,NA,NA
OTU_7520,OTU_7520,Bacteria,Planctomycetota,Planctomycetes,Isosphaerales,Isosphaeraceae,Singulisphaera,NA
OTU_7523,OTU_7523,Bacteria,Bacteroidota,Bacteroidia,Chitinophagales,Chitinophagaceae,NA,NA
OTU_7524,OTU_7524,Bacteria,Chlamydiota,Chlamydiia,Chlamydiales,Parachlamydiaceae,Neochlamydia,NA
OTU_7525,OTU_7525,Bacteria,Gemmatimonadota,Gemmatimonadia,Gemmatimonadales,Gemmatimonadaceae,NA,NA
OTU_7533,OTU_7533,Bacteria,Pseudomonadota,Alphaproteobacteria,NA,NA,NA,NA
OTU_7534,OTU_7534,Bacteria,Chloroflexota,Chloroflexia,Kallotenuales,AKIW781,NA,NA
OTU_7536,OTU_7536,Bacteria,Chloroflexota,Chloroflexia,Chloroflexales,NA,NA,NA
OTU_7537,OTU_7537,Bacteria,Bacteroidota,Bacteroidia,Flavobacteriales,NS9 marine group,NA,NA
OTU_7551,OTU_7551,Bacteria,Actinomycetota,Actinobacteria,Frankiales,Geodermatophilaceae,Modestobacter,NA
OTU_7552,OTU_7552,Bacteria,Pseudomonadota,Gammaproteobacteria,Burkholderiales,SC-I-84,NA,NA
OTU_7555,OTU_7555,Bacteria,Gemmatimonadota,Gemmatimonadia,Gemmatimonadales,Gemmatimonadaceae,Gemmatimonas,NA
OTU_7556,OTU_7556,Bacteria,Acidobacteriota,Vicinamibacteria,Vicinamibacterales,NA,NA,NA
OTU_7557,OTU_7557,Bacteria,Pseudomonadota,Alphaproteobacteria,Hyphomicrobiales,Xanthobacteraceae,NA,NA
OTU_7559,OTU_7559,Bacteria,Pseudomonadota,Gammaproteobacteria,Rickettsiellales,Rickettsiellaceae,NA,NA
OTU_7564,OTU_7564,Bacteria,Planctomycetota,Phycisphaerae,Tepidisphaerales,CPla-3 termite group,NA,NA
OTU_7567,OTU_7567,Bacteria,Bacteroidota,Bacteroidia,Chitinophagales,Chitinophagaceae,Puia,NA
OTU_7568,OTU_7568,Bacteria,Planctomycetota,Phycisphaerae,Tepidisphaerales,WD2101 soil group,NA,NA
OTU_7569,OTU_7569,Bacteria,Pseudomonadota,Alphaproteobacteria,Hyphomicrobiales,NA,NA,NA
OTU_7573,OTU_7573,Bacteria,Gemmatimonadota,Gemmatimonadia,Gemmatimonadales,Gemmatimonadaceae,NA,NA
OTU_7576,OTU_7576,Bacteria,Actinomycetota,Actinobacteria,Micromonosporales,Micromonosporaceae,NA,NA
OTU_7581,OTU_7581,Bacteria,Pseudomonadota,Gammaproteobacteria,Burkholderiales,Alcaligenaceae,Pigmentiphaga,NA
OTU_7590,OTU_7590,Bacteria,Planctomycetota,Phycisphaerae,Tepidisphaerales,WD2101 soil group,NA,NA
OTU_7592,OTU_7592,Bacteria,Patescibacteria,Saccharimonadia,Saccharimonadales,NA,NA,NA
OTU_7596,OTU_7596,Bacteria,Planctomycetota,Planctomycetes,Pirellulales,Pirellulaceae,Pirellula,NA
OTU_7597,OTU_7597,Bacteria,Pseudomonadota,Gammaproteobacteria,Burkholderiales,SC-I-84,NA,NA
OTU_7598,OTU_7598,Bacteria,Latescibacterota,NA,NA,NA,NA,NA
OTU_7607,OTU_7607,Bacteria,Planctomycetota,Planctomycetes,Pirellulales,Pirellulaceae,NA,NA
OTU_7613,OTU_7613,Bacteria,Actinomycetota,Actinobacteria,Propionibacteriales,Nocardioidaceae,Kribbella,NA
OTU_7617,OTU_7617,Bacteria,Acidobacteriota,Vicinamibacteria,Subgroup 17,NA,NA,NA
OTU_7630,OTU_7630,Bacteria,Acidobacteriota,Vicinamibacteria,Vicinamibacterales,Vicinamibacteraceae,NA,NA
OTU_7632,OTU_7632,Bacteria,Actinomycetota,Thermoleophilia,Gaiellales,Gaiellaceae,Gaiella,NA
OTU_7634,OTU_7634,Bacteria,Actinomycetota,Thermoleophilia,Gaiellales,NA,NA,NA
OTU_7636,OTU_7636,Bacteria,Pseudomonadota,Alphaproteobacteria,Hyphomicrobiales,Beijerinckiaceae,Psychroglaciecola,arctica
OTU_7637,OTU_7637,Bacteria,Myxococcota,Polyangiia,Polyangiales,Polyangiaceae,Pajaroellobacter,NA
OTU_7643,OTU_7643,Bacteria,Actinomycetota,Thermoleophilia,Gaiellales,NA,NA,NA
OTU_7647,OTU_7647,Bacteria,Planctomycetota,Phycisphaerae,Phycisphaerales,Phycisphaeraceae,SM1A02,NA
OTU_7648,OTU_7648,Bacteria,Planctomycetota,Phycisphaerae,Tepidisphaerales,Tepidisphaeraceae,Tepidisphaera,NA
OTU_7649,OTU_7649,Bacteria,Planctomycetota,Phycisphaerae,Tepidisphaerales,WD2101 soil group,NA,NA
OTU_7650,OTU_7650,Bacteria,Bacteroidota,Bacteroidia,Chitinophagales,Chitinophagaceae,Ferruginibacter,NA
OTU_7656,OTU_7656,Bacteria,Chlamydiota,Chlamydiia,Chlamydiales,Parachlamydiaceae,Candidatus Protochlamydia,NA
OTU_7664,OTU_7664,Bacteria,Verrucomicrobiota,Verrucomicrobiia,Chthoniobacterales,Chthoniobacteraceae,Chthoniobacter,NA
OTU_7674,OTU_7674,Bacteria,Planctomycetota,Phycisphaerae,Tepidisphaerales,WD2101 soil group,NA,NA
OTU_7679,OTU_7679,Bacteria,Acidobacteriota,Vicinamibacteria,Vicinamibacterales,NA,NA,NA
OTU_7681,OTU_7681,Bacteria,Gemmatimonadota,Gemmatimonadia,Gemmatimonadales,Gemmatimonadaceae,NA,NA
OTU_7688,OTU_7688,Bacteria,Pseudomonadota,Alphaproteobacteria,Hyphomicrobiales,Xanthobacteraceae,Rhodoplanes,NA
OTU_7700,OTU_7700,Bacteria,NA,NA,NA,NA,NA,NA
OTU_7703,OTU_7703,Bacteria,Actinomycetota,Acidimicrobiia,Microtrichales,NA,NA,NA
OTU_7704,OTU_7704,Bacteria,Pseudomonadota,Alphaproteobacteria,Elsterales,NA,NA,NA
OTU_7715,OTU_7715,Bacteria,Planctomycetota,Phycisphaerae,Phycisphaerales,Phycisphaeraceae,SM1A02,NA
OTU_7718,OTU_7718,Bacteria,Chloroflexota,KD4-96,NA,NA,NA,NA
OTU_7719,OTU_7719,Bacteria,Planctomycetota,Phycisphaerae,Tepidisphaerales,WD2101 soil group,NA,NA
OTU_7721,OTU_7721,Bacteria,Acidobacteriota,Vicinamibacteria,Vicinamibacterales,NA,NA,NA
OTU_7722,OTU_7722,Bacteria,Actinomycetota,Thermoleophilia,Solirubrobacterales,67-14,NA,NA
OTU_7725,OTU_7725,Bacteria,Acidobacteriota,Subgroup 22,NA,NA,NA,NA
OTU_7726,OTU_7726,Bacteria,Armatimonadota,Chthonomonadia,Chthonomonadales,NA,NA,NA
OTU_7738,OTU_7738,Bacteria,Pseudomonadota,Alphaproteobacteria,Caulobacterales,Caulobacteraceae,NA,NA
OTU_7742,OTU_7742,Bacteria,Actinomycetota,Actinobacteria,Pseudonocardiales,Pseudonocardiaceae,Pseudonocardia,NA
OTU_7744,OTU_7744,Bacteria,Verrucomicrobiota,Verrucomicrobiia,Pedosphaerales,Pedosphaeraceae,ADurb.Bin063-1,NA
OTU_7746,OTU_7746,Bacteria,Planctomycetota,Planctomycetes,Pirellulales,Pirellulaceae,NA,NA
OTU_7747,OTU_7747,Bacteria,Myxococcota,Polyangiia,Haliangiales,Haliangiaceae,NA,NA
OTU_7754,OTU_7754,Bacteria,Acidobacteriota,Subgroup 5,NA,NA,NA,NA
OTU_7755,OTU_7755,Bacteria,Chloroflexota,Chloroflexia,Thermomicrobiales,JG30-KF-CM45,NA,NA
OTU_7756,OTU_7756,Bacteria,Actinomycetota,Acidimicrobiia,Acidimicrobiales,Acidimicrobiaceae,Acidiferrimicrobium,NA
OTU_7762,OTU_7762,Bacteria,Actinomycetota,Thermoleophilia,Solirubrobacterales,67-14,NA,NA
OTU_7763,OTU_7763,Bacteria,Actinomycetota,Actinobacteria,Propionibacteriales,Nocardioidaceae,Nocardioides,NA
OTU_7765,OTU_7765,Bacteria,Planctomycetota,Planctomycetes,Isosphaerales,Isosphaeraceae,Aquisphaera,NA
OTU_7767,OTU_7767,Bacteria,Actinomycetota,Actinobacteria,Pseudonocardiales,Pseudonocardiaceae,Actinophytocola,NA
OTU_7777,OTU_7777,Bacteria,Acidobacteriota,Acidobacteriae,Bryobacterales,Bryobacteraceae,Bryobacter,NA
OTU_7779,OTU_7779,Bacteria,Pseudomonadota,Gammaproteobacteria,Burkholderiales,A21b,NA,NA
OTU_7789,OTU_7789,Bacteria,Actinomycetota,Actinobacteria,Kitasatosporales,Streptomycetaceae,NA,NA
OTU_7792,OTU_7792,Bacteria,Planctomycetota,Phycisphaerae,Tepidisphaerales,WD2101 soil group,NA,NA
OTU_7800,OTU_7800,Bacteria,Actinomycetota,Thermoleophilia,Gaiellales,NA,NA,NA
OTU_7801,OTU_7801,Bacteria,Pseudomonadota,Gammaproteobacteria,Burkholderiales,A21b,NA,NA
OTU_7805,OTU_7805,Bacteria,Actinomycetota,Actinobacteria,Mycobacteriales,Mycobacteriaceae,Mycobacterium,NA
OTU_7819,OTU_7819,Bacteria,Verrucomicrobiota,Verrucomicrobiia,Pedosphaerales,Pedosphaeraceae,DEV008,NA
OTU_7824,OTU_7824,Bacteria,Myxococcota,Polyangiia,Polyangiales,Polyangiaceae,NA,NA
OTU_7835,OTU_7835,Bacteria,Actinomycetota,Thermoleophilia,Solirubrobacterales,67-14,NA,NA
OTU_7844,OTU_7844,Bacteria,Pseudomonadota,Alphaproteobacteria,Hyphomicrobiales,Rhizobiaceae,NA,NA
OTU_7849,OTU_7849,Bacteria,Planctomycetota,Phycisphaerae,Tepidisphaerales,WD2101 soil group,NA,NA
OTU_7858,OTU_7858,Bacteria,Acidobacteriota,Blastocatellia,Pyrinomonadales,Pyrinomonadaceae,NA,NA
OTU_7868,OTU_7868,Bacteria,Actinomycetota,Actinobacteria,Frankiales,Frankiaceae,Jatrophihabitans,NA
OTU_7874,OTU_7874,Bacteria,Planctomycetota,Phycisphaerae,Phycisphaerales,Phycisphaeraceae,SM1A02,NA
OTU_7877,OTU_7877,Bacteria,Bacteroidota,Bacteroidia,Sphingobacteriales,NS11-12 marine group,NA,NA
OTU_7883,OTU_7883,Bacteria,Pseudomonadota,Alphaproteobacteria,Caulobacterales,Caulobacteraceae,Phenylobacterium,NA
OTU_7889,OTU_7889,Bacteria,Pseudomonadota,Alphaproteobacteria,Hyphomicrobiales,Xanthobacteraceae,Pseudolabrys,NA
OTU_7892,OTU_7892,Bacteria,Actinomycetota,Acidimicrobiia,Microtrichales,NA,NA,NA
OTU_7901,OTU_7901,Bacteria,Acidobacteriota,Vicinamibacteria,Vicinamibacterales,Vicinamibacteraceae,NA,NA
OTU_7933,OTU_7933,Bacteria,Armatimonadota,Chthonomonadia,Chthonomonadales,NA,NA,NA
OTU_7934,OTU_7934,Bacteria,Bacteroidota,Bacteroidia,Chitinophagales,Chitinophagaceae,Ferruginibacter,NA
OTU_7942,OTU_7942,Bacteria,Actinomycetota,Actinobacteria,Pseudonocardiales,Pseudonocardiaceae,Pseudonocardia,NA
OTU_7945,OTU_7945,Bacteria,Bacteroidota,Bacteroidia,Chitinophagales,Chitinophagaceae,NA,NA
OTU_7947,OTU_7947,Bacteria,Verrucomicrobiota,Verrucomicrobiia,Chthoniobacterales,Xiphinematobacteraceae,Candidatus Xiphinematobacter,NA
OTU_7951,OTU_7951,Bacteria,Actinomycetota,Actinobacteria,Propionibacteriales,Nocardioidaceae,Nocardioides,NA
OTU_7952,OTU_7952,Bacteria,Planctomycetota,Planctomycetes,Gemmatales,Gemmataceae,Fimbriiglobus,NA
OTU_7954,OTU_7954,Bacteria,Nitrospirota,Nitrospiria,Nitrospirales,Nitrospiraceae,Nitrospira,NA
OTU_7958,OTU_7958,Bacteria,Planctomycetota,Phycisphaerae,Phycisphaerales,Phycisphaeraceae,NA,NA
OTU_7961,OTU_7961,Bacteria,Actinomycetota,Actinobacteria,Micromonosporales,Micromonosporaceae,NA,NA
OTU_7969,OTU_7969,Bacteria,Myxococcota,Polyangiia,Polyangiales,Sandaracinaceae,NA,NA
OTU_7979,OTU_7979,Bacteria,Pseudomonadota,Alphaproteobacteria,Rhodospirillales,Magnetospiraceae,NA,NA
OTU_7990,OTU_7990,Bacteria,Acidobacteriota,Blastocatellia,Pyrinomonadales,Pyrinomonadaceae,NA,NA
OTU_7991,OTU_7991,Bacteria,Pseudomonadota,Alphaproteobacteria,Hyphomicrobiales,Xanthobacteraceae,NA,NA
OTU_7992,OTU_7992,Bacteria,Verrucomicrobiota,Verrucomicrobiia,Opitutales,Puniceicoccaceae,NA,NA
OTU_8004,OTU_8004,Bacteria,Gemmatimonadota,Gemmatimonadia,Gemmatimonadales,Gemmatimonadaceae,NA,NA
OTU_8016,OTU_8016,Bacteria,Gemmatimonadota,Gemmatimonadia,Gemmatimonadales,Gemmatimonadaceae,NA,NA
OTU_8019,OTU_8019,Bacteria,Myxococcota,Polyangiia,Haliangiales,Haliangiaceae,NA,NA
OTU_8028,OTU_8028,Bacteria,Pseudomonadota,Alphaproteobacteria,Hyphomicrobiales,Beijerinckiaceae,Lichenibacterium,NA
OTU_8033,OTU_8033,Bacteria,Planctomycetota,Planctomycetes,Pirellulales,Pirellulaceae,NA,NA
OTU_8034,OTU_8034,Bacteria,Pseudomonadota,Alphaproteobacteria,Acetobacterales,Acetobacteraceae,Acidicaldus,NA
OTU_8036,OTU_8036,Bacteria,Pseudomonadota,Gammaproteobacteria,Burkholderiales,SC-I-84,NA,NA
OTU_8042,OTU_8042,Bacteria,Actinomycetota,Actinobacteria,Pseudonocardiales,Pseudonocardiaceae,Pseudonocardia,NA
OTU_8052,OTU_8052,Bacteria,Actinomycetota,Thermoleophilia,Solirubrobacterales,Solirubrobacteraceae,Baekduia,NA
OTU_8053,OTU_8053,Bacteria,Planctomycetota,Planctomycetes,Gemmatales,Gemmataceae,NA,NA
OTU_8054,OTU_8054,Bacteria,NA,NA,NA,NA,NA,NA
OTU_8057,OTU_8057,Bacteria,Gemmatimonadota,Gemmatimonadia,Gemmatimonadales,Gemmatimonadaceae,Gemmatimonas,NA
OTU_8081,OTU_8081,Bacteria,Planctomycetota,Phycisphaerae,Tepidisphaerales,WD2101 soil group,NA,NA
OTU_8086,OTU_8086,Bacteria,Planctomycetota,Phycisphaerae,Tepidisphaerales,WD2101 soil group,NA,NA
OTU_8097,OTU_8097,Bacteria,Verrucomicrobiota,Verrucomicrobiia,Verrucomicrobiales,Verrucomicrobiaceae,Roseimicrobium,NA
OTU_8098,OTU_8098,Bacteria,Actinomycetota,Actinobacteria,Micromonosporales,Micromonosporaceae,Micromonospora,NA
OTU_8100,OTU_8100,Bacteria,Planctomycetota,Planctomycetes,Pirellulales,Pirellulaceae,Pir4 lineage,NA
OTU_8106,OTU_8106,Bacteria,SAR324 clade(Marine group B),Incertae Sedis,Incertae Sedis,Incertae Sedis,Candidatus Nitrosoarchaeum,NA
OTU_8109,OTU_8109,Bacteria,Planctomycetota,Planctomycetes,Pirellulales,Pirellulaceae,NA,NA
OTU_8110,OTU_8110,Bacteria,Actinomycetota,Actinobacteria,Propionibacteriales,Nocardioidaceae,Nocardioides,NA
OTU_8111,OTU_8111,Bacteria,Bacteroidota,Bacteroidia,Chitinophagales,Chitinophagaceae,Flavisolibacter,NA
OTU_8112,OTU_8112,Bacteria,Planctomycetota,Phycisphaerae,Tepidisphaerales,WD2101 soil group,NA,NA
OTU_8120,OTU_8120,Bacteria,Planctomycetota,Phycisphaerae,Tepidisphaerales,WD2101 soil group,NA,NA
OTU_8121,OTU_8121,Bacteria,Myxococcota,Polyangiia,Polyangiales,BIrii41,NA,NA
OTU_8122,OTU_8122,Bacteria,Candidatus Kapabacteria,Kapabacteria,Kapabacteriales,NA,NA,NA
OTU_8126,OTU_8126,Bacteria,Acidobacteriota,Vicinamibacteria,Vicinamibacterales,Vicinamibacteraceae,NA,NA
OTU_8127,OTU_8127,Bacteria,Abditibacteriota,Abditibacteriia,Abditibacteriales,Abditibacteriaceae,Abditibacterium,NA
OTU_8133,OTU_8133,Bacteria,Verrucomicrobiota,Verrucomicrobiia,Pedosphaerales,Pedosphaeraceae,Ellin517,NA
OTU_8144,OTU_8144,Bacteria,Pseudomonadota,Alphaproteobacteria,Rhodobacterales,Paracoccaceae,NA,NA
OTU_8148,OTU_8148,Bacteria,Chloroflexota,TK10,NA,NA,NA,NA
OTU_8151,OTU_8151,Bacteria,Actinomycetota,Actinobacteria,Propionibacteriales,Nocardioidaceae,Nocardioides,NA
OTU_8155,OTU_8155,Bacteria,Pseudomonadota,Alphaproteobacteria,Zavarziniales,NA,NA,NA
OTU_8159,OTU_8159,Bacteria,Acidobacteriota,Blastocatellia,??.24,NA,NA,NA
OTU_8163,OTU_8163,Bacteria,Planctomycetota,Phycisphaerae,Tepidisphaerales,WD2101 soil group,NA,NA
OTU_8164,OTU_8164,Bacteria,Verrucomicrobiota,Verrucomicrobiia,Verrucomicrobiales,Verrucomicrobiaceae,NA,NA
OTU_8165,OTU_8165,Bacteria,Chloroflexota,TK10,NA,NA,NA,NA
OTU_8171,OTU_8171,Bacteria,Planctomycetota,Phycisphaerae,Tepidisphaerales,WD2101 soil group,NA,NA
OTU_8174,OTU_8174,Bacteria,Myxococcota,Polyangiia,Haliangiales,Haliangiaceae,NA,NA
OTU_8189,OTU_8189,Bacteria,Planctomycetota,Planctomycetes,Gemmatales,Gemmataceae,NA,NA
OTU_8199,OTU_8199,Bacteria,Myxococcota,Myxococcia,Myxococcales,Vulgatibacteraceae,Vulgatibacter,NA
OTU_8204,OTU_8204,Bacteria,Chloroflexota,KD4-96,NA,NA,NA,NA
OTU_8208,OTU_8208,Bacteria,Pseudomonadota,Alphaproteobacteria,Sphingomonadales,Sphingomonadaceae,Sphingomonas,NA
OTU_8216,OTU_8216,Bacteria,Candidatus Eremiobacterota,Eremiobacteria,NA,NA,NA,NA
OTU_8230,OTU_8230,Bacteria,Actinomycetota,Thermoleophilia,Solirubrobacterales,Solirubrobacteraceae,Solirubrobacter,NA
OTU_8244,OTU_8244,Bacteria,Acidobacteriota,Blastocatellia,??.24,NA,NA,NA
OTU_8246,OTU_8246,Bacteria,Bacteroidota,Bacteroidia,Chitinophagales,Chitinophagaceae,Niastella,NA
OTU_8248,OTU_8248,Bacteria,Bacillota,Bacilli,Mycoplasmatales,Mycoplasmataceae,NA,NA
OTU_8254,OTU_8254,Bacteria,Verrucomicrobiota,Verrucomicrobiia,Pedosphaerales,Pedosphaeraceae,Ellin517,NA
OTU_8255,OTU_8255,Bacteria,Planctomycetota,Planctomycetes,Pirellulales,Pirellulaceae,Pirellula,NA
OTU_8256,OTU_8256,Bacteria,Planctomycetota,vadinHA49,NA,NA,NA,NA
OTU_8263,OTU_8263,Bacteria,Bacteroidota,Bacteroidia,Cytophagales,Microscillaceae,Chryseotalea,NA
OTU_8264,OTU_8264,Bacteria,Planctomycetota,Planctomycetes,Gemmatales,Gemmataceae,NA,NA
OTU_8265,OTU_8265,Bacteria,Myxococcota,Polyangiia,Polyangiales,Polyangiaceae,NA,NA
OTU_8269,OTU_8269,Bacteria,Pseudomonadota,Alphaproteobacteria,Caulobacterales,Caulobacteraceae,NA,NA
OTU_8270,OTU_8270,Bacteria,Actinomycetota,Acidimicrobiia,Microtrichales,NA,NA,NA
OTU_8280,OTU_8280,Bacteria,Pseudomonadota,Alphaproteobacteria,Tistrellales,Geminicoccaceae,Candidatus Alysiosphaera,NA
OTU_8284,OTU_8284,Bacteria,Bacillota,Bacilli,Thermoactinomycetales,Thermoactinomycetaceae,Pasteuria,NA
OTU_8286,OTU_8286,Bacteria,Planctomycetota,Planctomycetes,Pirellulales,Pirellulaceae,NA,NA
OTU_8292,OTU_8292,Bacteria,NA,NA,NA,NA,NA,NA
OTU_8299,OTU_8299,Bacteria,Pseudomonadota,Gammaproteobacteria,Burkholderiales,Burkholderiaceae,Burkholderia-Caballeronia-Paraburkholderia,NA
OTU_8306,OTU_8306,Bacteria,Planctomycetota,Planctomycetes,Pirellulales,Pirellulaceae,NA,NA
OTU_8307,OTU_8307,Bacteria,Bacteroidota,Bacteroidia,Sphingobacteriales,AKYH767,NA,NA
OTU_8309,OTU_8309,Bacteria,Chloroflexota,OLB14,NA,NA,NA,NA
OTU_8310,OTU_8310,Bacteria,Myxococcota,Polyangiia,Blfdi19,NA,NA,NA
OTU_8315,OTU_8315,Bacteria,Planctomycetota,Phycisphaerae,Tepidisphaerales,WD2101 soil group,NA,NA
OTU_8317,OTU_8317,Bacteria,Chloroflexota,JG30-KF-CM66,NA,NA,NA,NA
OTU_8319,OTU_8319,Bacteria,Chloroflexota,Chloroflexia,Thermomicrobiales,AKYG1722,NA,NA
OTU_8320,OTU_8320,Bacteria,Planctomycetota,Planctomycetes,Gemmatales,Gemmataceae,NA,NA
OTU_8323,OTU_8323,Bacteria,Armatimonadota,NA,NA,NA,NA,NA
OTU_8337,OTU_8337,Bacteria,Patescibacteria,Parcubacteria,Candidatus Adlerbacteria,NA,NA,NA
OTU_8338,OTU_8338,Bacteria,Pseudomonadota,Alphaproteobacteria,Paracaedibacterales,Paracaedibacteraceae,Candidatus Paracaedibacter,NA
OTU_8339,OTU_8339,Bacteria,Deinococcota,Deinococci,Deinococcales,Deinococcaceae,Deinococcus,NA
OTU_8340,OTU_8340,Bacteria,Pseudomonadota,Alphaproteobacteria,NA,NA,NA,NA
OTU_8343,OTU_8343,Bacteria,Acidobacteriota,Vicinamibacteria,Vicinamibacterales,Vicinamibacteraceae,NA,NA
OTU_8344,OTU_8344,Bacteria,Actinomycetota,MB-A2-108,NA,NA,NA,NA
OTU_8347,OTU_8347,Bacteria,Actinomycetota,Actinobacteria,Micromonosporales,Micromonosporaceae,NA,NA
OTU_8352,OTU_8352,Bacteria,Bacteroidota,Bacteroidia,Chitinophagales,Chitinophagaceae,NA,NA
OTU_8354,OTU_8354,Bacteria,Bacteroidota,Bacteroidia,Chitinophagales,Chitinophagaceae,NA,NA
OTU_8366,OTU_8366,Bacteria,Bacteroidota,Bacteroidia,Sphingobacteriales,Sphingobacteriaceae,Mucilaginibacter,NA
OTU_8368,OTU_8368,Bacteria,Actinomycetota,Actinobacteria,Frankiales,Geodermatophilaceae,Blastococcus,NA
OTU_8375,OTU_8375,Bacteria,Planctomycetota,Planctomycetes,Gemmatales,Gemmataceae,Gemmata,NA
OTU_8376,OTU_8376,Bacteria,Pseudomonadota,Gammaproteobacteria,Burkholderiales,Methylophilaceae,NA,NA
OTU_8377,OTU_8377,Bacteria,Acidobacteriota,AT-s3-28,NA,NA,NA,NA
OTU_8380,OTU_8380,Bacteria,Pseudomonadota,Alphaproteobacteria,Caulobacterales,Hyphomonadaceae,SWB02,NA
OTU_8381,OTU_8381,Bacteria,Planctomycetota,Planctomycetes,Pirellulales,Pirellulaceae,NA,NA
OTU_8387,OTU_8387,Bacteria,Bacillota,Bacilli,Paenibacillales,Paenibacillaceae,Paenibacillus,NA
OTU_8395,OTU_8395,Bacteria,Planctomycetota,Phycisphaerae,Tepidisphaerales,WD2101 soil group,NA,NA
OTU_8397,OTU_8397,Bacteria,Actinomycetota,Actinobacteria,Pseudonocardiales,Pseudonocardiaceae,Kibdelosporangium,NA
OTU_8398,OTU_8398,Bacteria,Actinomycetota,Thermoleophilia,Solirubrobacterales,67-14,NA,NA
OTU_8400,OTU_8400,Bacteria,Chloroflexota,Anaerolineae,Aggregatilineales,NA,NA,NA
OTU_8404,OTU_8404,Bacteria,Bacteroidota,Bacteroidia,Sphingobacteriales,env.OPS 17,NA,NA
OTU_8408,OTU_8408,Bacteria,Planctomycetota,Planctomycetes,Planctomycetales,Schlesneriaceae,Planctopirus,NA
OTU_8412,OTU_8412,Bacteria,Pseudomonadota,Alphaproteobacteria,Hyphomicrobiales,Kaistiaceae,Kaistia,NA
OTU_8413,OTU_8413,Bacteria,Planctomycetota,Planctomycetes,Gemmatales,Gemmataceae,Gemmata,NA
OTU_8415,OTU_8415,Bacteria,Planctomycetota,Phycisphaerae,Tepidisphaerales,WD2101 soil group,NA,NA
OTU_8418,OTU_8418,Bacteria,Bacteroidota,Bacteroidia,Chitinophagales,Chitinophagaceae,Terrimonas,NA
OTU_8437,OTU_8437,Bacteria,Acidobacteriota,Vicinamibacteria,Vicinamibacterales,NA,NA,NA
OTU_8442,OTU_8442,Bacteria,Actinomycetota,Actinobacteria,NA,NA,NA,NA
OTU_8446,OTU_8446,Bacteria,Planctomycetota,Planctomycetes,Pirellulales,Pirellulaceae,Pirellula,NA
OTU_8447,OTU_8447,Bacteria,Chloroflexota,P2-11E,NA,NA,NA,NA
OTU_8457,OTU_8457,Bacteria,Verrucomicrobiota,Verrucomicrobiia,Chthoniobacterales,Chthoniobacteraceae,Chthoniobacter,NA
OTU_8460,OTU_8460,Bacteria,Planctomycetota,OM190,NA,NA,NA,NA
OTU_8462,OTU_8462,Bacteria,Actinomycetota,Actinobacteria,Micromonosporales,Micromonosporaceae,Mangrovihabitans,NA
OTU_8465,OTU_8465,Bacteria,Chlamydiota,Chlamydiia,Chlamydiales,Parachlamydiaceae,Candidatus Protochlamydia,NA
OTU_8468,OTU_8468,Bacteria,Planctomycetota,OM190,NA,NA,NA,NA
OTU_8469,OTU_8469,Bacteria,Actinomycetota,Actinobacteria,NA,NA,NA,NA
OTU_8478,OTU_8478,Bacteria,Planctomycetota,Phycisphaerae,Tepidisphaerales,CPla-3 termite group,NA,NA
OTU_8479,OTU_8479,Bacteria,Acidobacteriota,Vicinamibacteria,Vicinamibacterales,NA,NA,NA
OTU_8486,OTU_8486,Bacteria,Myxococcota,Polyangiia,Haliangiales,Haliangiaceae,NA,NA
OTU_8487,OTU_8487,Bacteria,Pseudomonadota,Gammaproteobacteria,Burkholderiales,Nitrosomonadaceae,MND1,NA
OTU_8488,OTU_8488,Bacteria,Pseudomonadota,Gammaproteobacteria,Burkholderiales,Oxalobacteraceae,Duganella,NA
OTU_8492,OTU_8492,Bacteria,Armatimonadota,Armatimonadia,Armatimonadales,Armatimonadaceae,NA,NA
OTU_8496,OTU_8496,Bacteria,Acidobacteriota,Vicinamibacteria,Vicinamibacterales,Vicinamibacteraceae,NA,NA
OTU_8497,OTU_8497,Bacteria,Actinomycetota,Thermoleophilia,Solirubrobacterales,Solirubrobacteraceae,Conexibacter,NA
OTU_8499,OTU_8499,Bacteria,Planctomycetota,Planctomycetes,Gemmatales,Gemmataceae,Gemmata,NA
OTU_8500,OTU_8500,Bacteria,Acidobacteriota,Blastocatellia,Pyrinomonadales,Pyrinomonadaceae,Arenimicrobium,NA
OTU_8501,OTU_8501,Bacteria,Patescibacteria,Parcubacteria,Candidatus Campbellbacteria,NA,NA,NA
OTU_8516,OTU_8516,Bacteria,Planctomycetota,Phycisphaerae,Tepidisphaerales,WD2101 soil group,NA,NA
OTU_8519,OTU_8519,Bacteria,Planctomycetota,Phycisphaerae,Tepidisphaerales,WD2101 soil group,NA,NA
OTU_8524,OTU_8524,Bacteria,Armatimonadota,Armatimonadia,Armatimonadales,Armatimonadaceae,NA,NA
OTU_8526,OTU_8526,Bacteria,Planctomycetota,Planctomycetes,Gemmatales,Gemmataceae,NA,NA
OTU_8528,OTU_8528,Bacteria,Planctomycetota,Phycisphaerae,Phycisphaerales,Phycisphaeraceae,SM1A02,NA
OTU_8530,OTU_8530,Bacteria,Bdellovibrionota,Bdellovibrionia,Bdellovibrionales,Pseudobdellovibrionaceae,NA,NA
OTU_8531,OTU_8531,Bacteria,Chloroflexota,KD4-96,NA,NA,NA,NA
OTU_8532,OTU_8532,Bacteria,Verrucomicrobiota,Verrucomicrobiia,Opitutales,Opitutaceae,Oleiharenicola,NA
OTU_8565,OTU_8565,Bacteria,Planctomycetota,Planctomycetes,Pirellulales,Pirellulaceae,NA,NA
OTU_8566,OTU_8566,Bacteria,Pseudomonadota,Alphaproteobacteria,Micavibrionales,NA,NA,NA
OTU_8574,OTU_8574,Bacteria,Chloroflexota,KD4-96,NA,NA,NA,NA
OTU_8576,OTU_8576,Bacteria,Gemmatimonadota,Gemmatimonadia,Gemmatimonadales,Gemmatimonadaceae,NA,NA
OTU_8577,OTU_8577,Bacteria,Pseudomonadota,Gammaproteobacteria,Burkholderiales,Burkholderiaceae,Cupriavidus,NA
OTU_8590,OTU_8590,Bacteria,Pseudomonadota,Alphaproteobacteria,Acetobacterales,Acetobacteraceae,Rhodopila,NA
OTU_8594,OTU_8594,Bacteria,Actinomycetota,Actinobacteria,NA,NA,NA,NA
OTU_8599,OTU_8599,Bacteria,Verrucomicrobiota,Verrucomicrobiia,Pedosphaerales,Pedosphaeraceae,Ellin517,NA
OTU_8606,OTU_8606,Bacteria,Myxococcota,Polyangiia,Polyangiales,Polyangiaceae,Sorangium,NA
OTU_8607,OTU_8607,Bacteria,Planctomycetota,Planctomycetes,Gemmatales,Gemmataceae,NA,NA
OTU_8612,OTU_8612,Bacteria,Bacteroidota,Bacteroidia,Cytophagales,NA,NA,NA
OTU_8615,OTU_8615,Bacteria,Acidobacteriota,Acidobacteriae,Bryobacterales,Bryobacteraceae,Bryobacter,NA
OTU_8617,OTU_8617,Bacteria,NA,NA,NA,NA,NA,NA
OTU_8621,OTU_8621,Bacteria,Planctomycetota,Planctomycetes,Planctomycetales,Schlesneriaceae,Schlesneria,NA
OTU_8632,OTU_8632,Bacteria,Deinococcota,Deinococci,Deinococcales,Deinococcaceae,Deinococcus,aquatilis
OTU_8634,OTU_8634,Bacteria,Planctomycetota,Planctomycetes,Gemmatales,Gemmataceae,NA,NA
OTU_8638,OTU_8638,Bacteria,Chloroflexota,TK10,NA,NA,NA,NA
OTU_8642,OTU_8642,Bacteria,Pseudomonadota,Alphaproteobacteria,Rhodospirillales,NA,NA,NA
OTU_8656,OTU_8656,Bacteria,Fibrobacterota,Fibrobacteria,Fibrobacterales,Fibrobacteraceae,possible genus 04,NA
OTU_8661,OTU_8661,Bacteria,Actinomycetota,Acidimicrobiia,Microtrichales,Ilumatobacteraceae,NA,NA
OTU_8666,OTU_8666,Bacteria,Acidobacteriota,Blastocatellia,Pyrinomonadales,Pyrinomonadaceae,NA,NA
OTU_8667,OTU_8667,Bacteria,Pseudomonadota,Alphaproteobacteria,Hyphomicrobiales,Methyloligellaceae,NA,NA
OTU_8669,OTU_8669,Bacteria,Actinomycetota,Actinobacteria,Mycobacteriales,Mycobacteriaceae,Mycobacterium,NA
OTU_8674,OTU_8674,Bacteria,Planctomycetota,Planctomycetes,Pirellulales,Pirellulaceae,Pir4 lineage,NA
OTU_8678,OTU_8678,Bacteria,Bacteroidota,Bacteroidia,Flavobacteriales,Flavobacteriaceae,Flavobacterium,NA
OTU_8683,OTU_8683,Bacteria,Chloroflexota,Chloroflexia,Thermomicrobiales,JG30-KF-CM45,NA,NA
OTU_8685,OTU_8685,Bacteria,Pseudomonadota,Alphaproteobacteria,Acetobacterales,Acetobacteraceae,Acidiphilium,NA
OTU_8688,OTU_8688,Bacteria,Pseudomonadota,Gammaproteobacteria,Pseudomonadales,Cellvibrionaceae,Cellvibrio,gandavensis
OTU_8698,OTU_8698,Bacteria,Pseudomonadota,Alphaproteobacteria,Rhodospirillales,NA,NA,NA
OTU_8702,OTU_8702,Bacteria,Pseudomonadota,Alphaproteobacteria,Azospirillales,NA,NA,NA
OTU_8706,OTU_8706,Bacteria,Gemmatimonadota,Gemmatimonadia,Gemmatimonadales,Gemmatimonadaceae,NA,NA
OTU_8713,OTU_8713,Bacteria,Pseudomonadota,Gammaproteobacteria,Burkholderiales,Burkholderiaceae,Limnobacter,NA
OTU_8727,OTU_8727,Bacteria,Bacteroidota,Bacteroidia,Chitinophagales,Chitinophagaceae,Segetibacter,NA
OTU_8734,OTU_8734,Bacteria,Actinomycetota,Actinobacteria,Pseudonocardiales,Pseudonocardiaceae,Pseudonocardia,NA
OTU_8736,OTU_8736,Bacteria,Verrucomicrobiota,Verrucomicrobiia,Chthoniobacterales,Chthoniobacteraceae,Chthoniobacter,NA
OTU_8741,OTU_8741,Bacteria,Planctomycetota,Planctomycetes,Gemmatales,Gemmataceae,NA,NA
OTU_8742,OTU_8742,Bacteria,Planctomycetota,Pla3 lineage,NA,NA,NA,NA
OTU_8744,OTU_8744,Bacteria,Patescibacteria,Parcubacteria,Candidatus Adlerbacteria,NA,NA,NA
OTU_8757,OTU_8757,Bacteria,Acidobacteriota,Vicinamibacteria,Vicinamibacterales,NA,NA,NA
OTU_8759,OTU_8759,Bacteria,Pseudomonadota,Gammaproteobacteria,Burkholderiales,Oxalobacteraceae,Noviherbaspirillum,NA
OTU_8761,OTU_8761,Bacteria,Acidobacteriota,AT-s3-28,NA,NA,NA,NA
OTU_8781,OTU_8781,Bacteria,Myxococcota,Myxococcia,Myxococcales,Myxococcaceae,NA,NA
OTU_8785,OTU_8785,Bacteria,Myxococcota,Polyangiia,Polyangiales,BIrii41,NA,NA
OTU_8791,OTU_8791,Bacteria,Actinomycetota,Acidimicrobiia,Acidimicrobiales,Acidimicrobiaceae,Acidiferrimicrobium,NA
OTU_8793,OTU_8793,Bacteria,Chloroflexota,Anaerolineae,Aggregatilineales,NA,NA,NA
OTU_8809,OTU_8809,Bacteria,Bacteroidota,Bacteroidia,Sphingobacteriales,Sphingobacteriaceae,Mucilaginibacter,NA
OTU_8811,OTU_8811,Bacteria,Acidobacteriota,Acidobacteriae,Bryobacterales,Bryobacteraceae,Bryobacter,NA
OTU_8816,OTU_8816,Bacteria,Actinomycetota,Acidimicrobiia,Acidimicrobiales,Acidimicrobiaceae,NA,NA
OTU_8822,OTU_8822,Bacteria,Planctomycetota,Planctomycetes,Isosphaerales,Isosphaeraceae,NA,NA
OTU_8838,OTU_8838,Bacteria,Myxococcota,Polyangiia,Polyangiales,Sandaracinaceae,NA,NA
OTU_8840,OTU_8840,Bacteria,Planctomycetota,Phycisphaerae,Tepidisphaerales,WD2101 soil group,NA,NA
OTU_8845,OTU_8845,Bacteria,Planctomycetota,Planctomycetes,Gemmatales,Gemmataceae,NA,NA
OTU_8848,OTU_8848,Bacteria,Bacteroidota,Bacteroidia,Cytophagales,Hymenobacteraceae,Hymenobacter,NA
OTU_8859,OTU_8859,Bacteria,Bacteroidota,Bacteroidia,Chitinophagales,Chitinophagaceae,NA,NA
OTU_8860,OTU_8860,Bacteria,Planctomycetota,Planctomycetes,Planctomycetales,Schlesneriaceae,Schlesneria,NA
OTU_8866,OTU_8866,Bacteria,Acidobacteriota,Subgroup 11,NA,NA,NA,NA
OTU_8869,OTU_8869,Bacteria,Planctomycetota,Planctomycetes,Gemmatales,Gemmataceae,NA,NA
OTU_8872,OTU_8872,Bacteria,Verrucomicrobiota,Verrucomicrobiia,Pedosphaerales,Pedosphaeraceae,Pedosphaera,NA
OTU_8873,OTU_8873,Bacteria,Pseudomonadota,Alphaproteobacteria,Hyphomicrobiales,Xanthobacteraceae,NA,NA
OTU_8880,OTU_8880,Bacteria,Planctomycetota,Planctomycetes,Isosphaerales,Isosphaeraceae,NA,NA
OTU_8884,OTU_8884,Bacteria,Gemmatimonadota,Gemmatimonadia,Gemmatimonadales,Gemmatimonadaceae,Gemmatimonas,NA
OTU_8901,OTU_8901,Bacteria,Planctomycetota,Planctomycetes,Gemmatales,Gemmataceae,NA,NA
OTU_8903,OTU_8903,Bacteria,Acidobacteriota,Vicinamibacteria,Vicinamibacterales,NA,NA,NA
OTU_8906,OTU_8906,Bacteria,Bdellovibrionota,Bdellovibrionia,Bdellovibrionales,Pseudobdellovibrionaceae,OM27 clade,NA
OTU_8909,OTU_8909,Bacteria,Acidobacteriota,Blastocatellia,Pyrinomonadales,Pyrinomonadaceae,Arenimicrobium,NA
OTU_8913,OTU_8913,Bacteria,Pseudomonadota,Alphaproteobacteria,Hyphomicrobiales,Xanthobacteraceae,NA,NA
OTU_8924,OTU_8924,Bacteria,Actinomycetota,Acidimicrobiia,Acidimicrobiales,Acidimicrobiaceae,Acidiferrimicrobium,NA
OTU_8929,OTU_8929,Bacteria,Planctomycetota,Planctomycetes,NA,NA,NA,NA
OTU_8949,OTU_8949,Bacteria,Planctomycetota,Planctomycetes,Planctomycetales,NA,NA,NA
OTU_8953,OTU_8953,Bacteria,Planctomycetota,Phycisphaerae,Tepidisphaerales,CPla-3 termite group,NA,NA
OTU_8955,OTU_8955,Bacteria,Chloroflexota,Ktedonobacteria,C0119,NA,NA,NA
OTU_8960,OTU_8960,Bacteria,Acidobacteriota,Subgroup 11,NA,NA,NA,NA
OTU_8989,OTU_8989,Bacteria,Pseudomonadota,Alphaproteobacteria,Hyphomicrobiales,Xanthobacteraceae,NA,NA
OTU_8991,OTU_8991,Bacteria,Bacillota,Bacilli,Thermoactinomycetales,Thermoactinomycetaceae,Pasteuria,NA
OTU_9011,OTU_9011,Bacteria,Actinomycetota,Acidimicrobiia,Microtrichales,Ilumatobacteraceae,NA,NA
OTU_9014,OTU_9014,Bacteria,Methylomirabilota,Methylomirabilia,Rokubacteriales,NA,NA,NA
OTU_9018,OTU_9018,Bacteria,Myxococcota,Polyangiia,mle1-27,NA,NA,NA
OTU_9028,OTU_9028,Bacteria,Actinomycetota,MB-A2-108,NA,NA,NA,NA
OTU_9029,OTU_9029,Bacteria,Actinomycetota,Actinobacteria,Kitasatosporales,Streptomycetaceae,Streptomyces,NA
OTU_9030,OTU_9030,Bacteria,Acidobacteriota,Vicinamibacteria,Vicinamibacterales,Vicinamibacteraceae,NA,NA
OTU_9032,OTU_9032,Bacteria,Actinomycetota,Thermoleophilia,Solirubrobacterales,Solirubrobacteraceae,Conexibacter,NA
OTU_9041,OTU_9041,Bacteria,Pseudomonadota,Gammaproteobacteria,Burkholderiales,Nitrosomonadaceae,Ellin6067,NA
OTU_9042,OTU_9042,Bacteria,Bacillota,Bacilli,Paenibacillales,Paenibacillaceae,Paenibacillus,NA
OTU_9052,OTU_9052,Bacteria,Acidobacteriota,Acidobacteriae,Bryobacterales,Bryobacteraceae,Bryobacter,NA
OTU_9057,OTU_9057,Bacteria,Verrucomicrobiota,Verrucomicrobiia,Pedosphaerales,Pedosphaeraceae,NA,NA
OTU_9061,OTU_9061,Bacteria,Bdellovibrionota,Oligoflexia,0319-6G20,NA,NA,NA
OTU_9063,OTU_9063,Bacteria,Acidobacteriota,Acidobacteriae,Bryobacterales,Bryobacteraceae,Bryobacter,NA
OTU_9069,OTU_9069,Bacteria,Acidobacteriota,Vicinamibacteria,Vicinamibacterales,NA,NA,NA
OTU_9070,OTU_9070,Bacteria,Bacteroidota,Bacteroidia,Chitinophagales,Chitinophagaceae,NA,NA
OTU_9071,OTU_9071,Bacteria,Actinomycetota,Actinobacteria,Mycobacteriales,Mycobacteriaceae,Mycobacterium,NA
OTU_9077,OTU_9077,Bacteria,Planctomycetota,Planctomycetes,Gemmatales,Gemmataceae,NA,NA
OTU_9080,OTU_9080,Bacteria,Planctomycetota,Phycisphaerae,Tepidisphaerales,WD2101 soil group,NA,NA
OTU_9081,OTU_9081,Bacteria,Actinomycetota,Actinobacteria,Propionibacteriales,Nocardioidaceae,Kribbella,NA
OTU_9082,OTU_9082,Bacteria,Pseudomonadota,Alphaproteobacteria,Hyphomicrobiales,Beijerinckiaceae,Psychroglaciecola,NA
OTU_9088,OTU_9088,Bacteria,Verrucomicrobiota,Verrucomicrobiia,Chthoniobacterales,Chthoniobacteraceae,Candidatus Udaeobacter,NA
OTU_9126,OTU_9126,Bacteria,Pseudomonadota,Alphaproteobacteria,Azospirillales,Azospirillaceae,NA,NA
OTU_9144,OTU_9144,Bacteria,Pseudomonadota,Alphaproteobacteria,Acetobacterales,Acetobacteraceae,Acidiphilium,NA
OTU_9163,OTU_9163,Bacteria,Actinomycetota,Actinobacteria,Propionibacteriales,Nocardioidaceae,Marmoricola,NA
OTU_9166,OTU_9166,Archaea,Thermoproteota,Nitrososphaeria,Nitrososphaerales,Nitrososphaeraceae,Candidatus Nitrosocosmicus,NA
OTU_9172,OTU_9172,Bacteria,Actinomycetota,Actinobacteria,Streptosporangiales,Thermomonosporaceae,Actinomadura,scrupuli
OTU_9176,OTU_9176,Bacteria,Bacteroidota,Bacteroidia,Cytophagales,Microscillaceae,NA,NA
OTU_9187,OTU_9187,Bacteria,Patescibacteria,Parcubacteria,Candidatus Adlerbacteria,NA,NA,NA
OTU_9209,OTU_9209,Bacteria,Cyanobacteriota,Sericytochromatia,NA,NA,NA,NA
OTU_9211,OTU_9211,Bacteria,Pseudomonadota,Alphaproteobacteria,Hyphomicrobiales,Beijerinckiaceae,Roseiarcus,NA
OTU_9214,OTU_9214,Bacteria,Acidobacteriota,Vicinamibacteria,Vicinamibacterales,NA,NA,NA
OTU_9215,OTU_9215,Bacteria,Planctomycetota,Planctomycetes,Pirellulales,Pirellulaceae,NA,NA
OTU_9222,OTU_9222,Bacteria,Chloroflexota,Chloroflexia,Thermomicrobiales,Thermomicrobiaceae,Nitrolancea,NA
OTU_9223,OTU_9223,Bacteria,Armatimonadota,NA,NA,NA,NA,NA
OTU_9225,OTU_9225,Bacteria,Chloroflexota,Chloroflexia,Thermomicrobiales,JG30-KF-CM45,NA,NA
OTU_9242,OTU_9242,Bacteria,Acidobacteriota,Acidobacteriae,Terriglobales,NA,NA,NA
OTU_9247,OTU_9247,Bacteria,Actinomycetota,Thermoleophilia,Gaiellales,NA,NA,NA
OTU_9260,OTU_9260,Bacteria,Bacteroidota,Bacteroidia,Chitinophagales,Saprospiraceae,NA,NA
OTU_9268,OTU_9268,Bacteria,Acidobacteriota,Blastocatellia,Pyrinomonadales,Pyrinomonadaceae,Brevitalea,NA
OTU_9287,OTU_9287,Bacteria,Pseudomonadota,Alphaproteobacteria,Hyphomicrobiales,Rhizobiaceae,Phyllobacterium,NA
OTU_9288,OTU_9288,Bacteria,Bacteroidota,Bacteroidia,Flavobacteriales,Flavobacteriaceae,Flavobacterium,NA
OTU_9290,OTU_9290,Bacteria,Verrucomicrobiota,Verrucomicrobiia,Pedosphaerales,Pedosphaeraceae,NA,NA
OTU_9292,OTU_9292,Bacteria,Pseudomonadota,Alphaproteobacteria,Hyphomicrobiales,Xanthobacteraceae,NA,NA
OTU_9296,OTU_9296,Bacteria,Planctomycetota,Planctomycetes,Gemmatales,Gemmataceae,NA,NA
OTU_9298,OTU_9298,Bacteria,Bacteroidota,Bacteroidia,Cytophagales,Microscillaceae,Ohtaekwangia,NA
OTU_9303,OTU_9303,Bacteria,Actinomycetota,Actinobacteria,Kitasatosporales,Streptomycetaceae,Streptomyces,NA
OTU_9310,OTU_9310,Bacteria,Bacteroidota,Bacteroidia,Chitinophagales,Chitinophagaceae,Niastella,NA
OTU_9311,OTU_9311,Bacteria,Planctomycetota,OM190,NA,NA,NA,NA
OTU_9321,OTU_9321,Bacteria,Actinomycetota,Actinobacteria,Kitasatosporales,Streptomycetaceae,Streptomyces,NA
OTU_9330,OTU_9330,Bacteria,Bacillota,Bacilli,Paenibacillales,Paenibacillaceae,Paenibacillus,NA
OTU_9331,OTU_9331,Bacteria,Pseudomonadota,Alphaproteobacteria,NA,NA,NA,NA
OTU_9333,OTU_9333,Bacteria,Pseudomonadota,Gammaproteobacteria,Burkholderiales,SC-I-84,NA,NA
OTU_9337,OTU_9337,Bacteria,Gemmatimonadota,Gemmatimonadia,Gemmatimonadales,Gemmatimonadaceae,NA,NA
OTU_9348,OTU_9348,Bacteria,Bacteroidota,Bacteroidia,Chitinophagales,Chitinophagaceae,Ferruginibacter,NA
OTU_9350,OTU_9350,Bacteria,Actinomycetota,Actinobacteria,Pseudonocardiales,Pseudonocardiaceae,Amycolatopsis,NA
OTU_9359,OTU_9359,Bacteria,Patescibacteria,Parcubacteria,NA,NA,NA,NA
OTU_9363,OTU_9363,Bacteria,Actinomycetota,Acidimicrobiia,Microtrichales,Microtrichaceae,NA,NA
OTU_9371,OTU_9371,Bacteria,Gemmatimonadota,Gemmatimonadia,Gemmatimonadales,Gemmatimonadaceae,Gemmatimonas,NA
OTU_9376,OTU_9376,Bacteria,Gemmatimonadota,Gemmatimonadia,Gemmatimonadales,Gemmatimonadaceae,NA,NA
OTU_9382,OTU_9382,Bacteria,Planctomycetota,Planctomycetes,Gemmatales,Gemmataceae,Fimbriiglobus,NA
OTU_9386,OTU_9386,Bacteria,Actinomycetota,Thermoleophilia,NA,NA,NA,NA
OTU_9387,OTU_9387,Bacteria,Gemmatimonadota,S0134 terrestrial group,NA,NA,NA,NA
OTU_9388,OTU_9388,Bacteria,Planctomycetota,Phycisphaerae,Tepidisphaerales,WD2101 soil group,NA,NA
OTU_9392,OTU_9392,Bacteria,Pseudomonadota,Alphaproteobacteria,Hyphomicrobiales,NA,NA,NA
OTU_9404,OTU_9404,Bacteria,FCPU426,NA,NA,NA,NA,NA
OTU_9406,OTU_9406,Bacteria,Acidobacteriota,Subgroup 5,NA,NA,NA,NA
OTU_9413,OTU_9413,Bacteria,Acidobacteriota,Holophagae,Subgroup 7,NA,NA,NA
OTU_9421,OTU_9421,Bacteria,Bacillota,Bacilli,Paenibacillales,Paenibacillaceae,Paenibacillus,NA
OTU_9423,OTU_9423,Bacteria,Actinomycetota,Acidimicrobiia,Microtrichales,NA,NA,NA
OTU_9424,OTU_9424,Bacteria,Acidobacteriota,Vicinamibacteria,Vicinamibacterales,NA,NA,NA
OTU_9426,OTU_9426,Bacteria,Planctomycetota,Planctomycetes,Gemmatales,Gemmataceae,Gemmata,NA
OTU_9429,OTU_9429,Bacteria,Planctomycetota,Planctomycetes,Gemmatales,Gemmataceae,NA,NA
OTU_9438,OTU_9438,Bacteria,Planctomycetota,Planctomycetes,Gemmatales,Gemmataceae,NA,NA
OTU_9442,OTU_9442,Bacteria,Pseudomonadota,Alphaproteobacteria,Hyphomicrobiales,Xanthobacteraceae,Rhodoplanes,NA
OTU_9451,OTU_9451,Bacteria,Chloroflexota,TK10,NA,NA,NA,NA
OTU_9462,OTU_9462,Bacteria,Chloroflexota,Chloroflexia,Thermomicrobiales,JG30-KF-CM45,NA,NA
OTU_9463,OTU_9463,Bacteria,Verrucomicrobiota,Verrucomicrobiia,Verrucomicrobiales,Verrucomicrobiaceae,NA,NA
OTU_9464,OTU_9464,Bacteria,Thermodesulfobacteriota,NA,NA,NA,NA,NA
OTU_9472,OTU_9472,Bacteria,Pseudomonadota,Gammaproteobacteria,WD260,NA,NA,NA
OTU_9474,OTU_9474,Bacteria,Deinococcota,Deinococci,Deinococcales,Deinococcaceae,Deinococcus,NA
OTU_9476,OTU_9476,Bacteria,Pseudomonadota,Alphaproteobacteria,Hyphomicrobiales,Xanthobacteraceae,NA,NA
OTU_9483,OTU_9483,Bacteria,Acidobacteriota,Vicinamibacteria,Vicinamibacterales,NA,NA,NA
OTU_9491,OTU_9491,Bacteria,Actinomycetota,Actinobacteria,Propionibacteriales,Nocardioidaceae,Kribbella,NA
OTU_9492,OTU_9492,Bacteria,Chloroflexota,Ktedonobacteria,C0119,NA,NA,NA
OTU_9510,OTU_9510,Bacteria,Myxococcota,Polyangiia,Polyangiales,Polyangiaceae,Sorangium,NA
OTU_9522,OTU_9522,Bacteria,Sumerlaeota,Sumerlaeia,Sumerlaeales,Sumerlaeaceae,Sumerlaea,NA
OTU_9528,OTU_9528,Bacteria,Armatimonadota,NA,NA,NA,NA,NA
OTU_9532,OTU_9532,Bacteria,Actinomycetota,Acidimicrobiia,Acidimicrobiales,Acidimicrobiaceae,Acidiferrimicrobium,NA
OTU_9545,OTU_9545,Bacteria,Chloroflexota,Chloroflexia,Chloroflexales,Chloroflexaceae,FFCH7168,NA
OTU_9560,OTU_9560,Bacteria,Cyanobacteriota,Vampirivibrionia,Vampirovibrionales,NA,NA,NA
OTU_9565,OTU_9565,Bacteria,Pseudomonadota,Alphaproteobacteria,Hyphomicrobiales,Xanthobacteraceae,Pseudolabrys,NA
OTU_9573,OTU_9573,Bacteria,Bacteroidota,Bacteroidia,Chitinophagales,Chitinophagaceae,Ferruginibacter,profundus
OTU_9574,OTU_9574,Bacteria,Acidobacteriota,Acidobacteriae,Solibacterales,Solibacteraceae,Candidatus Solibacter,NA
OTU_9583,OTU_9583,Bacteria,Acidobacteriota,Vicinamibacteria,Vicinamibacterales,NA,NA,NA
OTU_9589,OTU_9589,Bacteria,Pseudomonadota,Alphaproteobacteria,Holosporales,Holosporaceae,NA,NA
OTU_9594,OTU_9594,Bacteria,Chlamydiota,Chlamydiia,Chlamydiales,Chlamydiaceae,NA,NA
OTU_9609,OTU_9609,Bacteria,Chloroflexota,Ktedonobacteria,C0119,NA,NA,NA
OTU_9613,OTU_9613,Bacteria,Bacteroidota,Bacteroidia,Chitinophagales,Chitinophagaceae,NA,NA
OTU_9622,OTU_9622,Bacteria,Acidobacteriota,Blastocatellia,Pyrinomonadales,Pyrinomonadaceae,Arenimicrobium,NA
OTU_9625,OTU_9625,Bacteria,Actinomycetota,Acidimicrobiia,Acidimicrobiales,Acidimicrobiaceae,Acidiferrimicrobium,NA
OTU_9644,OTU_9644,Bacteria,Planctomycetota,Planctomycetes,Pirellulales,Pirellulaceae,NA,NA
OTU_9646,OTU_9646,Bacteria,Pseudomonadota,Alphaproteobacteria,Hyphomicrobiales,Rhizobiaceae,NA,NA
OTU_9649,OTU_9649,Bacteria,Gemmatimonadota,Gemmatimonadia,Gemmatimonadales,Gemmatimonadaceae,Gemmatimonas,NA
OTU_9650,OTU_9650,Bacteria,Planctomycetota,Planctomycetes,Planctomycetales,NA,NA,NA
OTU_9660,OTU_9660,Bacteria,Actinomycetota,Thermoleophilia,Solirubrobacterales,Solirubrobacteraceae,NA,NA
OTU_9676,OTU_9676,Bacteria,Bacteroidota,Bacteroidia,Chitinophagales,Chitinophagaceae,Segetibacter,NA
OTU_9682,OTU_9682,Bacteria,Cyanobacteriota,Vampirivibrionia,Obscuribacterales,Obscuribacteraceae,NA,NA
OTU_9683,OTU_9683,Bacteria,Planctomycetota,Planctomycetes,Gemmatales,Gemmataceae,NA,NA
OTU_9684,OTU_9684,Bacteria,Myxococcota,Polyangiia,Haliangiales,Haliangiaceae,NA,NA
OTU_9685,OTU_9685,Bacteria,Gemmatimonadota,Gemmatimonadia,Gemmatimonadales,Gemmatimonadaceae,Gemmatimonas,NA
OTU_9688,OTU_9688,Bacteria,Bacillota,Bacilli,Bacillales,Bacillaceae,Bacillus,NA
OTU_9692,OTU_9692,Bacteria,Patescibacteria,Parcubacteria,Candidatus Adlerbacteria,NA,NA,NA
OTU_9698,OTU_9698,Bacteria,Pseudomonadota,Alphaproteobacteria,Hyphomicrobiales,Xanthobacteraceae,Bradyrhizobium,NA
OTU_9699,OTU_9699,Bacteria,Pseudomonadota,Alphaproteobacteria,Hyphomicrobiales,Rhizobiaceae,Phyllobacterium,NA
OTU_9713,OTU_9713,Bacteria,Verrucomicrobiota,Verrucomicrobiia,Chthoniobacterales,Chthoniobacteraceae,Candidatus Udaeobacter,NA
OTU_9716,OTU_9716,Bacteria,Gemmatimonadota,Gemmatimonadia,Gemmatimonadales,Gemmatimonadaceae,Gemmatimonas,NA
OTU_9729,OTU_9729,Bacteria,Patescibacteria,Saccharimonadia,Saccharimonadales,LWQ8,NA,NA
OTU_9735,OTU_9735,Bacteria,Bacillota,Clostridia,Lachnospirales,Lachnospiraceae,NA,NA
OTU_9737,OTU_9737,Bacteria,Actinomycetota,MB-A2-108,NA,NA,NA,NA
OTU_9740,OTU_9740,Bacteria,Patescibacteria,Saccharimonadia,Saccharimonadales,YM_S32_TM7_50_20,NA,NA
OTU_9753,OTU_9753,Bacteria,Gemmatimonadota,S0134 terrestrial group,NA,NA,NA,NA
OTU_9758,OTU_9758,Bacteria,Pseudomonadota,Alphaproteobacteria,Hyphomicrobiales,Devosiaceae,NA,NA
OTU_9759,OTU_9759,Bacteria,Pseudomonadota,Alphaproteobacteria,Caulobacterales,Caulobacteraceae,NA,NA
OTU_9766,OTU_9766,Bacteria,Actinomycetota,Actinobacteria,Frankiales,Nakamurellaceae,Vallicoccus,NA
OTU_9772,OTU_9772,Bacteria,Acidobacteriota,Subgroup 22,NA,NA,NA,NA
OTU_9789,OTU_9789,Bacteria,Pseudomonadota,Alphaproteobacteria,Sphingomonadales,Sphingomonadaceae,NA,NA
OTU_9790,OTU_9790,Bacteria,Planctomycetota,Planctomycetes,Pirellulales,Pirellulaceae,NA,NA
OTU_9793,OTU_9793,Bacteria,Sumerlaeota,Sumerlaeia,Sumerlaeales,Sumerlaeaceae,Sumerlaea,NA
OTU_9801,OTU_9801,Bacteria,Planctomycetota,Planctomycetes,Isosphaerales,Isosphaeraceae,Tundrisphaera,NA
OTU_9804,OTU_9804,Bacteria,Verrucomicrobiota,Verrucomicrobiia,Pedosphaerales,Pedosphaeraceae,NA,NA
OTU_9807,OTU_9807,Bacteria,Acidobacteriota,Blastocatellia,??.24,NA,NA,NA
OTU_9822,OTU_9822,Bacteria,Pseudomonadota,Gammaproteobacteria,Salinisphaerales,Nevskiaceae,Polycyclovorans,NA
OTU_9832,OTU_9832,Bacteria,Chloroflexota,Anaerolineae,Aggregatilineales,A4b,NA,NA
OTU_9835,OTU_9835,Bacteria,Bacteroidota,Bacteroidia,Chitinophagales,Chitinophagaceae,Ferruginibacter,NA
OTU_9839,OTU_9839,Bacteria,Planctomycetota,Phycisphaerae,Tepidisphaerales,WD2101 soil group,NA,NA
OTU_9862,OTU_9862,Bacteria,Bdellovibrionota,Oligoflexia,0319-6G20,NA,NA,NA
OTU_9875,OTU_9875,Bacteria,Chloroflexota,Chloroflexia,Thermomicrobiales,JG30-KF-CM45,NA,NA
OTU_9876,OTU_9876,Bacteria,Verrucomicrobiota,Verrucomicrobiia,Chthoniobacterales,Xiphinematobacteraceae,Candidatus Xiphinematobacter,NA
OTU_9883,OTU_9883,Bacteria,Actinomycetota,Thermoleophilia,Gaiellales,NA,NA,NA
OTU_9886,OTU_9886,Bacteria,Bacteroidota,Bacteroidia,Chitinophagales,Chitinophagaceae,Terrimonas,NA
OTU_9887,OTU_9887,Bacteria,Acidobacteriota,Acidobacteriae,Bryobacterales,Bryobacteraceae,Bryobacter,NA
OTU_9893,OTU_9893,Bacteria,Verrucomicrobiota,Verrucomicrobiia,Pedosphaerales,Pedosphaeraceae,Ellin517,NA
OTU_9899,OTU_9899,Bacteria,Planctomycetota,Phycisphaerae,Tepidisphaerales,WD2101 soil group,NA,NA
OTU_9903,OTU_9903,Bacteria,Chloroflexota,Chloroflexia,Thermomicrobiales,JG30-KF-CM45,NA,NA
OTU_9920,OTU_9920,Bacteria,Pseudomonadota,Alphaproteobacteria,Hyphomicrobiales,Hyphomicrobiales Incertae Sedis,NA,NA
OTU_9922,OTU_9922,Bacteria,Acidobacteriota,Blastocatellia,Pyrinomonadales,Pyrinomonadaceae,NA,NA
OTU_9927,OTU_9927,Bacteria,Armatimonadota,NA,NA,NA,NA,NA
OTU_9942,OTU_9942,Bacteria,Patescibacteria,Saccharimonadia,Saccharimonadales,NA,NA,NA
OTU_9943,OTU_9943,Bacteria,Actinomycetota,Thermoleophilia,Solirubrobacterales,Solirubrobacteraceae,Solirubrobacter,NA
OTU_9944,OTU_9944,Bacteria,Actinomycetota,Actinobacteria,Pseudonocardiales,Pseudonocardiaceae,Amycolatopsis,NA
OTU_9946,OTU_9946,Bacteria,Planctomycetota,Planctomycetes,Gemmatales,Gemmataceae,NA,NA
OTU_9951,OTU_9951,Bacteria,Pseudomonadota,Alphaproteobacteria,Hyphomicrobiales,Xanthobacteraceae,NA,NA
OTU_9964,OTU_9964,Bacteria,Planctomycetota,Planctomycetes,Pirellulales,Pirellulaceae,NA,NA
OTU_9965,OTU_9965,Bacteria,Chloroflexota,Ktedonobacteria,C0119,NA,NA,NA
OTU_9977,OTU_9977,Bacteria,Planctomycetota,Planctomycetes,Pirellulales,Pirellulaceae,NA,NA
OTU_9982,OTU_9982,Bacteria,Acidobacteriota,Acidobacteriae,Bryobacterales,Bryobacteraceae,Bryobacter,NA
OTU_10015,OTU_10015,Bacteria,Myxococcota,Polyangiia,Polyangiales,Polyangiaceae,Aetherobacter,NA
OTU_10022,OTU_10022,Bacteria,Pseudomonadota,Alphaproteobacteria,Acetobacterales,Acetobacteraceae,Caldovatus,NA
OTU_10052,OTU_10052,Bacteria,Pseudomonadota,Alphaproteobacteria,Hyphomicrobiales,Hyphomicrobiaceae,NA,NA
OTU_10078,OTU_10078,Bacteria,Actinomycetota,Actinobacteria,Pseudonocardiales,Pseudonocardiaceae,Pseudonocardia,NA
OTU_10079,OTU_10079,Bacteria,Pseudomonadota,Alphaproteobacteria,Hyphomicrobiales,NA,NA,NA
OTU_10086,OTU_10086,Bacteria,Myxococcota,Polyangiia,Polyangiales,Phaselicystaceae,Phaselicystis,NA
OTU_10089,OTU_10089,Bacteria,Actinomycetota,Actinobacteria,Kitasatosporales,Streptomycetaceae,NA,NA
OTU_10098,OTU_10098,Bacteria,Armatimonadota,NA,NA,NA,NA,NA
OTU_10110,OTU_10110,Bacteria,Pseudomonadota,Alphaproteobacteria,Micropepsales,Micropepsaceae,NA,NA
OTU_10115,OTU_10115,Bacteria,Pseudomonadota,Alphaproteobacteria,Hyphomicrobiales,Xanthobacteraceae,NA,NA
OTU_10128,OTU_10128,Bacteria,Bacteroidota,Bacteroidia,Cytophagales,Hymenobacteraceae,Hymenobacter,NA
OTU_10133,OTU_10133,Bacteria,Planctomycetota,Planctomycetes,Isosphaerales,Isosphaeraceae,Tundrisphaera,NA
OTU_10134,OTU_10134,Bacteria,Actinomycetota,Actinobacteria,Micromonosporales,Micromonosporaceae,Longispora,NA
OTU_10139,OTU_10139,Bacteria,Actinomycetota,Actinobacteria,Propionibacteriales,Nocardioidaceae,Nocardioides,NA
OTU_10145,OTU_10145,Bacteria,Planctomycetota,Planctomycetes,Gemmatales,Gemmataceae,NA,NA
OTU_10147,OTU_10147,Bacteria,Bacillota,Bacilli,Thermoactinomycetales,Thermoactinomycetaceae,NA,NA
OTU_10150,OTU_10150,Bacteria,Actinomycetota,Actinobacteria,Streptosporangiales,Streptosporangiaceae,NA,NA
OTU_10154,OTU_10154,Bacteria,Pseudomonadota,Gammaproteobacteria,Burkholderiales,SC-I-84,NA,NA
OTU_10157,OTU_10157,Bacteria,Pseudomonadota,Alphaproteobacteria,Hyphomicrobiales,Hyphomicrobiaceae,NA,NA
OTU_10167,OTU_10167,Bacteria,Actinomycetota,Actinobacteria,Micromonosporales,Micromonosporaceae,Virgisporangium,NA
OTU_10172,OTU_10172,Bacteria,Actinomycetota,Thermoleophilia,Solirubrobacterales,67-14,NA,NA
OTU_10176,OTU_10176,Bacteria,Pseudomonadota,Gammaproteobacteria,Burkholderiales,SC-I-84,NA,NA
OTU_10184,OTU_10184,Bacteria,Planctomycetota,Planctomycetes,Pirellulales,Pirellulaceae,NA,NA
OTU_10193,OTU_10193,Bacteria,Abditibacteriota,Abditibacteriia,Abditibacteriales,Abditibacteriaceae,Abditibacterium,NA
OTU_10194,OTU_10194,Bacteria,Myxococcota,Polyangiia,mle1-27,NA,NA,NA
OTU_10197,OTU_10197,Bacteria,Actinomycetota,Acidimicrobiia,Acidimicrobiales,Acidimicrobiaceae,Acidiferrimicrobium,NA
OTU_10199,OTU_10199,Bacteria,Actinomycetota,Acidimicrobiia,Acidimicrobiales,Acidimicrobiaceae,NA,NA
OTU_10206,OTU_10206,Bacteria,Deinococcota,Deinococci,Deinococcales,Deinococcaceae,Deinococcus,NA
OTU_10228,OTU_10228,Bacteria,Actinomycetota,Actinobacteria,Kitasatosporales,Streptomycetaceae,Streptomyces,NA
OTU_10234,OTU_10234,Bacteria,Chlamydiota,Chlamydiia,Chlamydiales,Criblamydiaceae,Estrella,NA
OTU_10253,OTU_10253,Bacteria,Actinomycetota,Thermoleophilia,Gaiellales,NA,NA,NA
OTU_10266,OTU_10266,Bacteria,Pseudomonadota,Alphaproteobacteria,Acetobacterales,Acetobacteraceae,Acidiphilium,NA
OTU_10270,OTU_10270,Bacteria,Deinococcota,Deinococci,Deinococcales,Trueperaceae,Truepera,NA
OTU_10273,OTU_10273,Bacteria,Verrucomicrobiota,Verrucomicrobiia,Chthoniobacterales,Chthoniobacteraceae,Chthoniobacter,NA
OTU_10279,OTU_10279,Bacteria,Actinomycetota,Actinobacteria,Mycobacteriales,Mycobacteriaceae,Mycobacterium,NA
OTU_10287,OTU_10287,Bacteria,Myxococcota,Polyangiia,Haliangiales,Haliangiaceae,NA,NA
OTU_10290,OTU_10290,Bacteria,Planctomycetota,Planctomycetes,Isosphaerales,Isosphaeraceae,Aquisphaera,NA
OTU_10303,OTU_10303,Bacteria,Sumerlaeota,Sumerlaeia,Sumerlaeales,Sumerlaeaceae,Sumerlaea,NA
OTU_10313,OTU_10313,Bacteria,Acidobacteriota,Vicinamibacteria,Vicinamibacterales,Vicinamibacteraceae,NA,NA
OTU_10324,OTU_10324,Bacteria,Chloroflexota,Anaerolineae,Anaerolineales,Anaerolineaceae,NA,NA
OTU_10348,OTU_10348,Bacteria,Actinomycetota,Actinobacteria,Pseudonocardiales,Pseudonocardiaceae,NA,NA
OTU_10379,OTU_10379,Bacteria,Planctomycetota,Planctomycetes,Pirellulales,Pirellulaceae,NA,NA
OTU_10398,OTU_10398,Bacteria,Myxococcota,Polyangiia,Polyangiales,Polyangiaceae,Pajaroellobacter,NA
OTU_10405,OTU_10405,Bacteria,Myxococcota,Polyangiia,Polyangiales,Polyangiaceae,Minicystis,NA
OTU_10431,OTU_10431,Bacteria,Pseudomonadota,Alphaproteobacteria,Puniceispirillales,Puniceispirillales Incertae Sedis,Constrictibacter,NA
OTU_10445,OTU_10445,Bacteria,Bacteroidota,Bacteroidia,Sphingobacteriales,AKYH767,NA,NA
OTU_10447,OTU_10447,Bacteria,Planctomycetota,Planctomycetes,Pirellulales,Pirellulaceae,NA,NA
OTU_10468,OTU_10468,Bacteria,Myxococcota,Polyangiia,Haliangiales,Haliangiaceae,NA,NA
OTU_10504,OTU_10504,Bacteria,Planctomycetota,Phycisphaerae,Tepidisphaerales,WD2101 soil group,NA,NA
OTU_10511,OTU_10511,Bacteria,Verrucomicrobiota,Verrucomicrobiia,Chthoniobacterales,Xiphinematobacteraceae,Candidatus Xiphinematobacter,NA
OTU_10513,OTU_10513,Bacteria,Planctomycetota,Phycisphaerae,Pla1 lineage,NA,NA,NA
OTU_10523,OTU_10523,Bacteria,Chloroflexota,Chloroflexia,Chloroflexales,Herpetosiphonaceae,Herpetosiphon,NA
OTU_10530,OTU_10530,Bacteria,Bacteroidota,Bacteroidia,Cytophagales,Cytophagaceae,Cytophaga,NA
OTU_10536,OTU_10536,Bacteria,Acidobacteriota,Blastocatellia,??.24,NA,NA,NA
OTU_10540,OTU_10540,Bacteria,Bacteroidota,Bacteroidia,Chitinophagales,37-13,NA,NA
OTU_10563,OTU_10563,Bacteria,Planctomycetota,Planctomycetes,Gemmatales,Gemmataceae,NA,NA
OTU_10565,OTU_10565,Bacteria,Pseudomonadota,Gammaproteobacteria,Burkholderiales,Oxalobacteraceae,Noviherbaspirillum,NA
OTU_10582,OTU_10582,Bacteria,Verrucomicrobiota,Verrucomicrobiia,Chthoniobacterales,Chthoniobacteraceae,Candidatus Udaeobacter,NA
OTU_10598,OTU_10598,Bacteria,Actinomycetota,Actinobacteria,Pseudonocardiales,Pseudonocardiaceae,Pseudonocardia,NA
OTU_10613,OTU_10613,Bacteria,Actinomycetota,Actinobacteria,Mycobacteriales,Mycobacteriaceae,Mycobacterium,NA
OTU_10619,OTU_10619,Bacteria,Chloroflexota,Anaerolineae,Anaerolineales,Anaerolineaceae,NA,NA
OTU_10640,OTU_10640,Bacteria,Myxococcota,Polyangiia,Polyangiales,Polyangiaceae,Minicystis,NA
OTU_10643,OTU_10643,Bacteria,Chloroflexota,Ktedonobacteria,C0119,NA,NA,NA
OTU_10647,OTU_10647,Bacteria,Pseudomonadota,Gammaproteobacteria,Lysobacterales,Rhodanobacteraceae,Ahniella,NA
OTU_10658,OTU_10658,Bacteria,Planctomycetota,Planctomycetes,Gemmatales,Gemmataceae,NA,NA
OTU_10668,OTU_10668,Bacteria,Actinomycetota,Actinobacteria,Micrococcales,Promicromonosporaceae,Promicromonospora,NA
OTU_10671,OTU_10671,Bacteria,Myxococcota,Polyangiia,Blfdi19,NA,NA,NA
OTU_10700,OTU_10700,Bacteria,Acidobacteriota,Holophagae,Subgroup 7,NA,NA,NA
OTU_10726,OTU_10726,Bacteria,Actinomycetota,Actinobacteria,Pseudonocardiales,Pseudonocardiaceae,Actinophytocola,NA
OTU_10748,OTU_10748,Bacteria,Pseudomonadota,Gammaproteobacteria,Burkholderiales,Nitrosomonadaceae,MND1,NA
OTU_10750,OTU_10750,Bacteria,Bdellovibrionota,Oligoflexia,0319-6G20,NA,NA,NA
OTU_10772,OTU_10772,Bacteria,Planctomycetota,Planctomycetes,Pirellulales,Pirellulaceae,Pirellula,NA
OTU_10785,OTU_10785,Bacteria,Chloroflexota,TK10,NA,NA,NA,NA
OTU_10790,OTU_10790,Bacteria,Actinomycetota,Thermoleophilia,Solirubrobacterales,67-14,NA,NA
OTU_10792,OTU_10792,Bacteria,Pseudomonadota,Alphaproteobacteria,NA,NA,NA,NA
OTU_10794,OTU_10794,Bacteria,Actinomycetota,Thermoleophilia,Gaiellales,NA,NA,NA
OTU_10802,OTU_10802,Bacteria,Planctomycetota,Planctomycetes,Isosphaerales,Isosphaeraceae,Tundrisphaera,NA
OTU_10806,OTU_10806,Bacteria,Bacteroidota,Bacteroidia,Cytophagales,Hymenobacteraceae,Hymenobacter,NA
OTU_10848,OTU_10848,Bacteria,Pseudomonadota,Gammaproteobacteria,Burkholderiales,A21b,NA,NA
OTU_10863,OTU_10863,Bacteria,Acidobacteriota,Blastocatellia,Pyrinomonadales,Pyrinomonadaceae,NA,NA
OTU_10883,OTU_10883,Bacteria,Bdellovibrionota,Bdellovibrionia,Bdellovibrionales,Pseudobdellovibrionaceae,NA,NA
OTU_10886,OTU_10886,Bacteria,Chloroflexota,TK10,NA,NA,NA,NA
OTU_10889,OTU_10889,Bacteria,Planctomycetota,Phycisphaerae,Tepidisphaerales,WD2101 soil group,NA,NA
OTU_10894,OTU_10894,Bacteria,Patescibacteria,Saccharimonadia,Saccharimonadales,WWH38,NA,NA
OTU_10898,OTU_10898,Bacteria,Acidobacteriota,Subgroup 5,NA,NA,NA,NA
OTU_10918,OTU_10918,Bacteria,Actinomycetota,Actinobacteria,Propionibacteriales,Nocardioidaceae,Kribbella,NA
OTU_10933,OTU_10933,Bacteria,Planctomycetota,Planctomycetes,Pirellulales,Pirellulaceae,NA,NA
OTU_10934,OTU_10934,Bacteria,Planctomycetota,Planctomycetes,Gemmatales,Gemmataceae,NA,NA
OTU_10939,OTU_10939,Bacteria,Actinomycetota,Actinobacteria,Frankiales,NA,NA,NA
OTU_10950,OTU_10950,Bacteria,Gemmatimonadota,Gemmatimonadia,Gemmatimonadales,Gemmatimonadaceae,Gemmatimonas,NA
OTU_10968,OTU_10968,Bacteria,Acidobacteriota,Vicinamibacteria,Vicinamibacterales,NA,NA,NA
OTU_10971,OTU_10971,Bacteria,Verrucomicrobiota,Verrucomicrobiia,Chthoniobacterales,Chthoniobacteraceae,Chthoniobacter,NA
OTU_10972,OTU_10972,Bacteria,Actinomycetota,Actinobacteria,Kitasatosporales,Streptomycetaceae,Streptomyces,NA
OTU_11041,OTU_11041,Bacteria,Acidobacteriota,Blastocatellia,Pyrinomonadales,Pyrinomonadaceae,RB41,NA
OTU_11048,OTU_11048,Bacteria,Planctomycetota,Planctomycetes,Gemmatales,Gemmataceae,NA,NA
OTU_11073,OTU_11073,Bacteria,Pseudomonadota,Alphaproteobacteria,Hyphomicrobiales,Hyphomicrobiaceae,NA,NA
OTU_11074,OTU_11074,Bacteria,Planctomycetota,Planctomycetes,Gemmatales,Gemmataceae,Gemmata,NA
OTU_11078,OTU_11078,Bacteria,Pseudomonadota,Alphaproteobacteria,Hyphomicrobiales,Xanthobacteraceae,NA,NA
OTU_11079,OTU_11079,Bacteria,Actinomycetota,Actinobacteria,Frankiales,NA,NA,NA
OTU_11095,OTU_11095,Bacteria,Pseudomonadota,Gammaproteobacteria,Burkholderiales,SC-I-84,NA,NA
OTU_11119,OTU_11119,Bacteria,Actinomycetota,Actinobacteria,Frankiales,Nakamurellaceae,Vallicoccus,NA
OTU_11159,OTU_11159,Bacteria,Bdellovibrionota,Oligoflexia,0319-6G20,NA,NA,NA
OTU_11160,OTU_11160,Bacteria,Pseudomonadota,Alphaproteobacteria,Hyphomicrobiales,Hyphomicrobiales Incertae Sedis,Phreatobacter,NA
OTU_11180,OTU_11180,Bacteria,Actinomycetota,Thermoleophilia,Gaiellales,NA,NA,NA
OTU_11185,OTU_11185,Bacteria,Planctomycetota,vadinHA49,NA,NA,NA,NA
OTU_11212,OTU_11212,Bacteria,Planctomycetota,Planctomycetes,Gemmatales,Gemmataceae,NA,NA
OTU_11215,OTU_11215,Bacteria,Chloroflexota,TK10,NA,NA,NA,NA
OTU_11240,OTU_11240,Bacteria,Actinomycetota,Actinobacteria,Frankiales,Sporichthyaceae,Sporichthya,NA
OTU_11251,OTU_11251,Bacteria,Patescibacteria,Parcubacteria,NA,NA,NA,NA
OTU_11276,OTU_11276,Bacteria,Pseudomonadota,Alphaproteobacteria,Hyphomicrobiales,NA,NA,NA
OTU_11277,OTU_11277,Bacteria,Chloroflexota,JG30-KF-CM66,NA,NA,NA,NA
OTU_11303,OTU_11303,Bacteria,Cyanobacteriota,Vampirivibrionia,Obscuribacterales,Obscuribacteraceae,Candidatus Obscuribacter,NA
OTU_11326,OTU_11326,Bacteria,Patescibacteria,Parcubacteria,NA,NA,NA,NA
OTU_11339,OTU_11339,Bacteria,Chloroflexota,Anaerolineae,Anaerolineales,Anaerolineaceae,UTCFX1,NA
OTU_11347,OTU_11347,Bacteria,Planctomycetota,Phycisphaerae,Phycisphaerales,Phycisphaeraceae,NA,NA
OTU_11348,OTU_11348,Bacteria,Planctomycetota,Planctomycetes,NA,NA,NA,NA
OTU_11352,OTU_11352,Bacteria,Chloroflexota,Chloroflexia,Thermomicrobiales,JG30-KF-CM45,NA,NA
OTU_11359,OTU_11359,Bacteria,Actinomycetota,Acidimicrobiia,Acidimicrobiales,Acidimicrobiaceae,NA,NA
OTU_11360,OTU_11360,Bacteria,Planctomycetota,Planctomycetes,Gemmatales,Gemmataceae,NA,NA
OTU_11368,OTU_11368,Bacteria,Bacteroidota,Bacteroidia,Sphingobacteriales,FFCH9454,NA,NA
OTU_11372,OTU_11372,Bacteria,Actinomycetota,Acidimicrobiia,Acidimicrobiales,Acidimicrobiaceae,Acidiferrimicrobium,NA
OTU_11380,OTU_11380,Bacteria,Chloroflexota,Ktedonobacteria,C0119,NA,NA,NA
OTU_11397,OTU_11397,Bacteria,Actinomycetota,Actinobacteria,Propionibacteriales,Nocardioidaceae,Kribbella,NA
OTU_11410,OTU_11410,Bacteria,Bacillota,Bacilli,Erysipelotrichales,Erysipelatoclostridiaceae,Thomasclavelia,NA
OTU_11425,OTU_11425,Bacteria,Planctomycetota,Planctomycetes,Gemmatales,Gemmataceae,Gemmata,NA
OTU_11431,OTU_11431,Bacteria,Bacillota,Bacilli,Paenibacillales,Paenibacillaceae,Paenibacillus,populi
OTU_11435,OTU_11435,Bacteria,Planctomycetota,Planctomycetes,Gemmatales,Gemmataceae,NA,NA
OTU_11441,OTU_11441,Bacteria,Armatimonadota,Armatimonadia,Armatimonadales,Armatimonadaceae,NA,NA
OTU_11450,OTU_11450,Bacteria,Bacteroidota,Bacteroidia,Sphingobacteriales,Sphingobacteriaceae,Mucilaginibacter,NA
OTU_11472,OTU_11472,Bacteria,Pseudomonadota,Alphaproteobacteria,Sphingomonadales,Sphingomonadaceae,NA,NA
OTU_11474,OTU_11474,Bacteria,Chloroflexota,Chloroflexia,Thermomicrobiales,AKYG1722,NA,NA
OTU_11501,OTU_11501,Bacteria,NA,NA,NA,NA,NA,NA
OTU_11502,OTU_11502,Bacteria,Bdellovibrionota,Oligoflexia,0319-6G20,NA,NA,NA
OTU_11535,OTU_11535,Bacteria,Planctomycetota,Planctomycetes,Gemmatales,Gemmataceae,Gemmata,NA
OTU_11575,OTU_11575,Bacteria,Actinomycetota,Actinobacteria,Micromonosporales,Micromonosporaceae,Micromonospora,NA
OTU_11596,OTU_11596,Bacteria,Bacteroidota,Bacteroidia,Sphingobacteriales,Sphingobacteriaceae,Mucilaginibacter,NA
OTU_11599,OTU_11599,Bacteria,Actinomycetota,Thermoleophilia,Solirubrobacterales,Solirubrobacteraceae,Paraconexibacter,NA
OTU_11606,OTU_11606,Bacteria,Pseudomonadota,Alphaproteobacteria,Hyphomicrobiales,Rhizobiaceae,Rhizobium,NA
OTU_11607,OTU_11607,Bacteria,Chloroflexota,Chloroflexia,Thermomicrobiales,Thermomicrobiaceae,Nitrolancea,NA
OTU_11621,OTU_11621,Bacteria,Actinomycetota,Actinobacteria,Micrococcales,Promicromonosporaceae,Promicromonospora,NA
OTU_11657,OTU_11657,Bacteria,Actinomycetota,Actinobacteria,Micrococcales,Micrococcaceae,NA,NA
OTU_11662,OTU_11662,Bacteria,Bacteroidota,Bacteroidia,Chitinophagales,Chitinophagaceae,NA,NA
OTU_11673,OTU_11673,Bacteria,Gemmatimonadota,Gemmatimonadia,Gemmatimonadales,Gemmatimonadaceae,Gemmatimonas,NA
OTU_11678,OTU_11678,Bacteria,Planctomycetota,Planctomycetes,Planctomycetales,NA,NA,NA
OTU_11689,OTU_11689,Bacteria,Actinomycetota,Thermoleophilia,Gaiellales,NA,NA,NA
OTU_11714,OTU_11714,Bacteria,Chloroflexota,TK10,NA,NA,NA,NA
OTU_11735,OTU_11735,Bacteria,Actinomycetota,Thermoleophilia,Gaiellales,NA,NA,NA
OTU_11746,OTU_11746,Bacteria,Gemmatimonadota,BD2-11 terrestrial group,NA,NA,NA,NA
OTU_11806,OTU_11806,Bacteria,Bacteroidota,Bacteroidia,Chitinophagales,Chitinophagaceae,Segetibacter,NA
OTU_11837,OTU_11837,Bacteria,Planctomycetota,Planctomycetes,Isosphaerales,Isosphaeraceae,Tundrisphaera,NA
OTU_11840,OTU_11840,Bacteria,Verrucomicrobiota,Verrucomicrobiia,Pedosphaerales,Pedosphaeraceae,NA,NA
OTU_11864,OTU_11864,Bacteria,Actinomycetota,Actinobacteria,Propionibacteriales,Nocardioidaceae,Kribbella,NA
OTU_11870,OTU_11870,Bacteria,Actinomycetota,Actinobacteria,Pseudonocardiales,Pseudonocardiaceae,Kibdelosporangium,NA
OTU_11871,OTU_11871,Bacteria,Bacteroidota,Bacteroidia,Chitinophagales,Chitinophagaceae,Panacibacter,NA
OTU_11888,OTU_11888,Bacteria,Pseudomonadota,Gammaproteobacteria,Enterobacterales,NA,NA,NA
OTU_11889,OTU_11889,Bacteria,Actinomycetota,Actinobacteria,Pseudonocardiales,Pseudonocardiaceae,Pseudonocardia,NA
OTU_11903,OTU_11903,Bacteria,Bacteroidota,Bacteroidia,Flavobacteriales,NS9 marine group,NA,NA
OTU_11907,OTU_11907,Bacteria,Planctomycetota,Phycisphaerae,Phycisphaerales,Phycisphaeraceae,SM1A02,NA
OTU_11913,OTU_11913,Bacteria,Actinomycetota,Thermoleophilia,Gaiellales,Gaiellaceae,Gaiella,NA
OTU_11920,OTU_11920,Bacteria,Planctomycetota,Phycisphaerae,Tepidisphaerales,WD2101 soil group,NA,NA
OTU_11931,OTU_11931,Bacteria,Chloroflexota,Anaerolineae,Ardenticatenales,Ardenticatenaceae,NA,NA
OTU_11946,OTU_11946,Bacteria,Bdellovibrionota,Oligoflexia,Oligoflexales,Oligoflexaceae,NA,NA
OTU_11963,OTU_11963,Bacteria,Gemmatimonadota,Gemmatimonadia,Gemmatimonadales,Gemmatimonadaceae,NA,NA
OTU_11973,OTU_11973,Bacteria,Pseudomonadota,Alphaproteobacteria,Hyphomicrobiales,Pleomorphomonadaceae,NA,NA
OTU_11990,OTU_11990,Bacteria,Planctomycetota,Planctomycetes,Gemmatales,Gemmataceae,NA,NA
OTU_12005,OTU_12005,Bacteria,Chloroflexota,Ktedonobacteria,C0119,NA,NA,NA
OTU_12035,OTU_12035,Bacteria,Actinomycetota,Actinobacteria,Frankiales,Sporichthyaceae,NA,NA
OTU_12063,OTU_12063,Bacteria,Planctomycetota,Phycisphaerae,Phycisphaerales,Phycisphaeraceae,I-8,NA
OTU_12111,OTU_12111,Bacteria,Pseudomonadota,Alphaproteobacteria,Hyphomicrobiales,Rhizobiaceae,Phyllobacterium,NA
OTU_12121,OTU_12121,NA,NA,NA,NA,NA,NA,NA
OTU_12145,OTU_12145,Bacteria,Acidobacteriota,Vicinamibacteria,Vicinamibacterales,Vicinamibacteraceae,NA,NA
OTU_12174,OTU_12174,Bacteria,Planctomycetota,Planctomycetes,Gemmatales,Gemmataceae,NA,NA
OTU_12190,OTU_12190,Bacteria,Pseudomonadota,Gammaproteobacteria,Burkholderiales,Nitrosomonadaceae,MND1,NA
OTU_12191,OTU_12191,Bacteria,Actinomycetota,Thermoleophilia,Solirubrobacterales,Solirubrobacteraceae,Solirubrobacter,NA
OTU_12195,OTU_12195,Bacteria,Chloroflexota,TK10,NA,NA,NA,NA
OTU_12202,OTU_12202,Bacteria,Sumerlaeota,Sumerlaeia,Sumerlaeales,Sumerlaeaceae,Sumerlaea,NA
OTU_12209,OTU_12209,Bacteria,Acidobacteriota,Blastocatellia,Pyrinomonadales,Pyrinomonadaceae,NA,NA
OTU_12223,OTU_12223,Bacteria,Pseudomonadota,Alphaproteobacteria,Hyphomicrobiales,Beijerinckiaceae,Methylocapsa,NA
OTU_12226,OTU_12226,Bacteria,Actinomycetota,Actinobacteria,Micromonosporales,Micromonosporaceae,NA,NA
OTU_12231,OTU_12231,Bacteria,Pseudomonadota,Alphaproteobacteria,Hyphomicrobiales,Xanthobacteraceae,NA,NA
OTU_12274,OTU_12274,Bacteria,Pseudomonadota,Alphaproteobacteria,Caulobacterales,Parvularculaceae,Amphiplicatus,NA
OTU_12294,OTU_12294,Bacteria,Planctomycetota,BD7-11,NA,NA,NA,NA
OTU_12313,OTU_12313,Bacteria,Pseudomonadota,Alphaproteobacteria,Hyphomicrobiales,Beijerinckiaceae,Methylobacterium,NA
OTU_12321,OTU_12321,Bacteria,Gemmatimonadota,Gemmatimonadia,Gemmatimonadales,Gemmatimonadaceae,NA,NA
OTU_12338,OTU_12338,Bacteria,Actinomycetota,Actinobacteria,Pseudonocardiales,Pseudonocardiaceae,NA,NA
OTU_12386,OTU_12386,Bacteria,Chloroflexota,Ktedonobacteria,C0119,NA,NA,NA
OTU_12392,OTU_12392,Bacteria,Chloroflexota,Chloroflexia,Kallotenuales,AKIW781,NA,NA
OTU_12398,OTU_12398,Bacteria,Pseudomonadota,Gammaproteobacteria,NA,NA,NA,NA
OTU_12410,OTU_12410,Bacteria,Pseudomonadota,Alphaproteobacteria,Rickettsiales,SM2D12,NA,NA
OTU_12434,OTU_12434,Bacteria,Actinomycetota,Actinobacteria,Kitasatosporales,Streptomycetaceae,Streptomyces,NA
OTU_12465,OTU_12465,Bacteria,Gemmatimonadota,Gemmatimonadia,Gemmatimonadales,Gemmatimonadaceae,Gemmatimonas,NA
OTU_12576,OTU_12576,Bacteria,Chloroflexota,Chloroflexia,Thermomicrobiales,JG30-KF-CM45,NA,NA
OTU_12599,OTU_12599,Bacteria,Planctomycetota,Planctomycetes,Gemmatales,Gemmataceae,NA,NA
OTU_12607,OTU_12607,Bacteria,Acidobacteriota,Blastocatellia,Pyrinomonadales,Pyrinomonadaceae,NA,NA
OTU_12612,OTU_12612,Bacteria,Actinomycetota,Actinobacteria,Pseudonocardiales,Pseudonocardiaceae,Pseudonocardia,NA
OTU_12638,OTU_12638,Bacteria,Myxococcota,Polyangiia,Polyangiales,Polyangiaceae,NA,NA
OTU_12644,OTU_12644,Bacteria,Actinomycetota,Thermoleophilia,Gaiellales,NA,NA,NA
OTU_12694,OTU_12694,Bacteria,Actinomycetota,Actinobacteria,Pseudonocardiales,Pseudonocardiaceae,NA,NA
OTU_12698,OTU_12698,Bacteria,Planctomycetota,Phycisphaerae,Pla1 lineage,NA,NA,NA
OTU_12724,OTU_12724,Bacteria,Actinomycetota,Actinobacteria,Propionibacteriales,Nocardioidaceae,Kribbella,NA
OTU_12755,OTU_12755,Bacteria,Pseudomonadota,Alphaproteobacteria,Hyphomicrobiales,Beijerinckiaceae,Methylobacterium,NA
OTU_12765,OTU_12765,Bacteria,Chloroflexota,Chloroflexia,Thermomicrobiales,JG30-KF-CM45,NA,NA
OTU_12806,OTU_12806,Bacteria,Chloroflexota,Chloroflexia,Thermomicrobiales,JG30-KF-CM45,NA,NA
OTU_12812,OTU_12812,Bacteria,Actinomycetota,Acidimicrobiia,Acidimicrobiales,Acidimicrobiaceae,Acidiferrimicrobium,NA
OTU_12814,OTU_12814,Bacteria,Actinomycetota,Actinobacteria,Propionibacteriales,Nocardioidaceae,Marmoricola,NA
OTU_12817,OTU_12817,Bacteria,Actinomycetota,Actinobacteria,Pseudonocardiales,Pseudonocardiaceae,Actinophytocola,NA
OTU_12882,OTU_12882,Bacteria,Bdellovibrionota,Bdellovibrionia,Bdellovibrionales,Pseudobdellovibrionaceae,OM27 clade,NA
OTU_12910,OTU_12910,Bacteria,Actinomycetota,Actinobacteria,Pseudonocardiales,Pseudonocardiaceae,Pseudonocardia,NA
OTU_12959,OTU_12959,Bacteria,Pseudomonadota,Alphaproteobacteria,Hyphomicrobiales,NA,NA,NA
OTU_13015,OTU_13015,Bacteria,Actinomycetota,Actinobacteria,Pseudonocardiales,Pseudonocardiaceae,Pseudonocardia,NA
OTU_13063,OTU_13063,Bacteria,Actinomycetota,Actinobacteria,Pseudonocardiales,Pseudonocardiaceae,Pseudonocardia,NA
OTU_13104,OTU_13104,Bacteria,Actinomycetota,Actinobacteria,Propionibacteriales,Nocardioidaceae,Kribbella,NA
OTU_13111,OTU_13111,Bacteria,Actinomycetota,Thermoleophilia,Solirubrobacterales,67-14,NA,NA
OTU_13130,OTU_13130,Bacteria,Bacillota,Bacilli,Paenibacillales,Paenibacillaceae,Paenibacillus,NA
OTU_13132,OTU_13132,Bacteria,Actinomycetota,Thermoleophilia,Gaiellales,NA,NA,NA
OTU_13139,OTU_13139,Bacteria,Actinomycetota,Thermoleophilia,Solirubrobacterales,Solirubrobacteraceae,Baekduia,NA
OTU_13140,OTU_13140,Bacteria,Verrucomicrobiota,Verrucomicrobiia,Chthoniobacterales,Chthoniobacteraceae,Candidatus Udaeobacter,NA
OTU_13158,OTU_13158,Bacteria,Verrucomicrobiota,Verrucomicrobiia,Pedosphaerales,Pedosphaeraceae,NA,NA
OTU_13188,OTU_13188,Bacteria,Pseudomonadota,Alphaproteobacteria,Hyphomicrobiales,Rhizobiaceae,Mesorhizobium,NA
OTU_13195,OTU_13195,Bacteria,Actinomycetota,Actinobacteria,Pseudonocardiales,Pseudonocardiaceae,Pseudonocardia,NA
OTU_13226,OTU_13226,Bacteria,Actinomycetota,Actinobacteria,Frankiales,NA,NA,NA
OTU_13228,OTU_13228,Bacteria,Planctomycetota,OM190,NA,NA,NA,NA
OTU_13243,OTU_13243,Bacteria,Gemmatimonadota,Gemmatimonadia,Gemmatimonadales,Gemmatimonadaceae,Gemmatimonas,NA
OTU_13246,OTU_13246,Bacteria,NA,NA,NA,NA,NA,NA
OTU_13340,OTU_13340,Bacteria,Armatimonadota,NA,NA,NA,NA,NA
OTU_13380,OTU_13380,Bacteria,Pseudomonadota,Alphaproteobacteria,Defluviicoccales,Defluviicoccaceae,Defluviicoccus,NA
OTU_13387,OTU_13387,Bacteria,Actinomycetota,Thermoleophilia,Gaiellales,NA,NA,NA
OTU_13412,OTU_13412,Bacteria,Planctomycetota,Planctomycetes,Gemmatales,Gemmataceae,NA,NA
OTU_13420,OTU_13420,Bacteria,Planctomycetota,Planctomycetes,Gemmatales,Gemmataceae,NA,NA
OTU_13421,OTU_13421,Bacteria,Actinomycetota,Actinobacteria,Micromonosporales,Micromonosporaceae,NA,NA
OTU_13426,OTU_13426,Bacteria,Verrucomicrobiota,Verrucomicrobiia,Pedosphaerales,Pedosphaeraceae,NA,NA
OTU_13427,OTU_13427,Bacteria,Gemmatimonadota,Gemmatimonadia,Gemmatimonadales,Gemmatimonadaceae,Gemmatimonas,NA
OTU_13456,OTU_13456,Bacteria,Pseudomonadota,Gammaproteobacteria,Salinisphaerales,Nevskiaceae,Stenotrophobium,NA
OTU_13472,OTU_13472,Bacteria,Bacillota,Bacilli,Paenibacillales,Paenibacillaceae,Paenibacillus,NA
OTU_13475,OTU_13475,Bacteria,Pseudomonadota,Gammaproteobacteria,Legionellales,Legionellaceae,Legionella,NA
OTU_13477,OTU_13477,Bacteria,Actinomycetota,Actinobacteria,Propionibacteriales,Nocardioidaceae,Marmoricola,NA
OTU_13490,OTU_13490,Bacteria,Actinomycetota,Actinobacteria,Pseudonocardiales,Pseudonocardiaceae,Pseudonocardia,NA
OTU_13493,OTU_13493,Bacteria,Actinomycetota,Thermoleophilia,Solirubrobacterales,67-14,NA,NA
OTU_13521,OTU_13521,Bacteria,Chloroflexota,Anaerolineae,Aggregatilineales,Aggregatilineaceae,NA,NA
OTU_13567,OTU_13567,Bacteria,Actinomycetota,Actinobacteria,Micrococcales,Micrococcaceae,NA,NA
OTU_13589,OTU_13589,Bacteria,Actinomycetota,Actinobacteria,Mycobacteriales,Mycobacteriaceae,Mycobacterium,NA
OTU_13631,OTU_13631,Bacteria,Acidobacteriota,Blastocatellia,Pyrinomonadales,Pyrinomonadaceae,Arenimicrobium,NA
OTU_13663,OTU_13663,Bacteria,Chloroflexota,KD4-96,NA,NA,NA,NA
OTU_13686,OTU_13686,Bacteria,Acidobacteriota,Blastocatellia,Pyrinomonadales,Pyrinomonadaceae,Arenimicrobium,NA
OTU_13714,OTU_13714,Bacteria,Pseudomonadota,Gammaproteobacteria,Burkholderiales,SC-I-84,NA,NA
OTU_13750,OTU_13750,Bacteria,Planctomycetota,Phycisphaerae,Phycisphaerales,Phycisphaeraceae,SM1A02,NA
OTU_13781,OTU_13781,Bacteria,Pseudomonadota,Alphaproteobacteria,Hyphomicrobiales,Rhizobiaceae,Phyllobacterium,NA
OTU_13785,OTU_13785,Bacteria,Planctomycetota,Planctomycetes,Isosphaerales,Isosphaeraceae,Tundrisphaera,NA
OTU_13792,OTU_13792,Bacteria,Actinomycetota,Actinobacteria,Propionibacteriales,Nocardioidaceae,Kribbella,NA
OTU_13831,OTU_13831,Bacteria,Bacillota,Bacilli,Bacillales,Bacillaceae,NA,NA
OTU_13840,OTU_13840,Bacteria,Acidobacteriota,Acidobacteriae,Terriglobales,NA,NA,NA
OTU_13870,OTU_13870,Bacteria,Patescibacteria,Saccharimonadia,Saccharimonadales,NA,NA,NA
OTU_13888,OTU_13888,Bacteria,Pseudomonadota,Alphaproteobacteria,Azospirillales,Inquilinaceae,Inquilinus,NA
OTU_13893,OTU_13893,Bacteria,Pseudomonadota,Alphaproteobacteria,Hyphomicrobiales,Rhizobiaceae,NA,NA
OTU_13895,OTU_13895,Bacteria,Pseudomonadota,Alphaproteobacteria,Hyphomicrobiales,NA,NA,NA
OTU_13924,OTU_13924,Bacteria,Acidobacteriota,Vicinamibacteria,Vicinamibacterales,NA,NA,NA
OTU_13953,OTU_13953,Bacteria,Bacillota,Bacilli,Bacillales,Bacillaceae,Bacillus,NA
OTU_13970,OTU_13970,Bacteria,Actinomycetota,Thermoleophilia,Gaiellales,NA,NA,NA
OTU_13985,OTU_13985,Bacteria,Pseudomonadota,Alphaproteobacteria,Hyphomicrobiales,Xanthobacteraceae,NA,NA
OTU_13986,OTU_13986,Bacteria,Verrucomicrobiota,Verrucomicrobiia,Verrucomicrobiales,Verrucomicrobiaceae,NA,NA
OTU_14040,OTU_14040,Bacteria,Pseudomonadota,Alphaproteobacteria,Hyphomicrobiales,NA,NA,NA
OTU_14056,OTU_14056,Bacteria,Pseudomonadota,Alphaproteobacteria,Hyphomicrobiales,Xanthobacteraceae,Bradyrhizobium,NA
OTU_14081,OTU_14081,Bacteria,Pseudomonadota,Alphaproteobacteria,Hyphomicrobiales,Rhizobiaceae,NA,NA
OTU_14120,OTU_14120,Bacteria,Armatimonadota,NA,NA,NA,NA,NA
OTU_14151,OTU_14151,Bacteria,Actinomycetota,Acidimicrobiia,Acidimicrobiales,Acidimicrobiaceae,Acidiferrimicrobium,NA
OTU_14153,OTU_14153,Bacteria,Bacteroidota,Bacteroidia,Chitinophagales,Chitinophagaceae,NA,NA
OTU_14167,OTU_14167,Bacteria,Pseudomonadota,Alphaproteobacteria,Hyphomicrobiales,Beijerinckiaceae,Microvirga,NA
OTU_14177,OTU_14177,Bacteria,Pseudomonadota,Alphaproteobacteria,Hyphomicrobiales,Rhizobiaceae,Phyllobacterium,NA
OTU_14320,OTU_14320,Bacteria,Actinomycetota,Thermoleophilia,Solirubrobacterales,Solirubrobacteraceae,NA,NA
OTU_14342,OTU_14342,Bacteria,Actinomycetota,Actinobacteria,Streptosporangiales,Thermomonosporaceae,Actinocorallia,NA
OTU_14394,OTU_14394,Bacteria,Planctomycetota,Planctomycetes,Gemmatales,Gemmataceae,NA,NA
OTU_14535,OTU_14535,Bacteria,Abditibacteriota,Abditibacteriia,Abditibacteriales,Abditibacteriaceae,Abditibacterium,NA
OTU_14536,OTU_14536,Bacteria,Chloroflexota,Anaerolineae,Aggregatilineales,Aggregatilineaceae,NA,NA
OTU_14610,OTU_14610,Bacteria,Actinomycetota,Actinobacteria,Propionibacteriales,Nocardioidaceae,Kribbella,NA
OTU_14618,OTU_14618,Bacteria,Acidobacteriota,Vicinamibacteria,Vicinamibacterales,NA,NA,NA
OTU_14639,OTU_14639,Bacteria,Actinomycetota,Actinobacteria,Kineosporiales,Kineosporiaceae,Angustibacter,NA
OTU_14653,OTU_14653,Bacteria,Pseudomonadota,Gammaproteobacteria,NA,NA,NA,NA
OTU_14665,OTU_14665,Bacteria,Planctomycetota,Planctomycetes,Pirellulales,Pirellulaceae,NA,NA
OTU_14711,OTU_14711,Bacteria,Actinomycetota,Actinobacteria,Propionibacteriales,Nocardioidaceae,Kribbella,NA
OTU_14714,OTU_14714,Bacteria,Pseudomonadota,Gammaproteobacteria,R7C24,NA,NA,NA
OTU_14753,OTU_14753,Bacteria,Actinomycetota,Actinobacteria,Propionibacteriales,Nocardioidaceae,Kribbella,NA
OTU_14756,OTU_14756,Bacteria,Actinomycetota,Thermoleophilia,Solirubrobacterales,Solirubrobacteraceae,Baekduia,NA
OTU_14809,OTU_14809,Bacteria,Actinomycetota,Thermoleophilia,Gaiellales,NA,NA,NA
OTU_14814,OTU_14814,Bacteria,Gemmatimonadota,Gemmatimonadia,Gemmatimonadales,Gemmatimonadaceae,NA,NA
OTU_14832,OTU_14832,Bacteria,Pseudomonadota,Alphaproteobacteria,Defluviicoccales,NA,NA,NA
OTU_14839,OTU_14839,Bacteria,Chloroflexota,Chloroflexia,Thermomicrobiales,Thermomicrobiaceae,NA,NA
OTU_14864,OTU_14864,Bacteria,Planctomycetota,Planctomycetes,Gemmatales,Gemmataceae,NA,NA
OTU_14873,OTU_14873,Bacteria,Chloroflexota,JG30-KF-CM66,NA,NA,NA,NA
OTU_14887,OTU_14887,Bacteria,Myxococcota,Polyangiia,Haliangiales,Haliangiaceae,NA,NA
OTU_14892,OTU_14892,Bacteria,Planctomycetota,Planctomycetes,Gemmatales,Gemmataceae,Zavarzinella,NA
OTU_15114,OTU_15114,Bacteria,Actinomycetota,Actinobacteria,Pseudonocardiales,Pseudonocardiaceae,Pseudonocardia,NA
OTU_15170,OTU_15170,Bacteria,Actinomycetota,Thermoleophilia,Solirubrobacterales,67-14,NA,NA
OTU_15192,OTU_15192,Bacteria,Bacteroidota,Bacteroidia,Chitinophagales,Chitinophagaceae,NA,NA
OTU_15280,OTU_15280,Bacteria,Actinomycetota,Actinobacteria,Micromonosporales,Micromonosporaceae,NA,NA
OTU_15337,OTU_15337,Bacteria,Acidobacteriota,Blastocatellia,Pyrinomonadales,Pyrinomonadaceae,NA,NA
OTU_15364,OTU_15364,Bacteria,Pseudomonadota,Alphaproteobacteria,Hyphomicrobiales,NA,NA,NA
OTU_15397,OTU_15397,Bacteria,Chloroflexota,Chloroflexia,Thermomicrobiales,JG30-KF-CM45,NA,NA
OTU_15480,OTU_15480,Bacteria,Myxococcota,Polyangiia,Haliangiales,Haliangiaceae,NA,NA
OTU_15503,OTU_15503,Bacteria,Bdellovibrionota,Bdellovibrionia,Bdellovibrionales,Pseudobdellovibrionaceae,NA,NA
OTU_15517,OTU_15517,Bacteria,Actinomycetota,Actinobacteria,Kitasatosporales,Streptomycetaceae,Streptomyces,NA
OTU_15521,OTU_15521,Bacteria,Planctomycetota,Phycisphaerae,Tepidisphaerales,WD2101 soil group,NA,NA
OTU_15549,OTU_15549,Bacteria,Bacteroidota,Bacteroidia,Chitinophagales,Chitinophagaceae,Segetibacter,NA
OTU_15551,OTU_15551,Bacteria,Pseudomonadota,Alphaproteobacteria,Hyphomicrobiales,Rhizobiaceae,NA,NA
OTU_15603,OTU_15603,Bacteria,Bacteroidota,Bacteroidia,Chitinophagales,NA,NA,NA
OTU_15615,OTU_15615,Bacteria,Pseudomonadota,Alphaproteobacteria,Hyphomicrobiales,Xanthobacteraceae,Bradyrhizobium,NA
OTU_15619,OTU_15619,Bacteria,Chloroflexota,Chloroflexia,Chloroflexales,Roseiflexaceae,NA,NA
OTU_15628,OTU_15628,Bacteria,Pseudomonadota,Alphaproteobacteria,Caulobacterales,Caulobacteraceae,NA,NA
OTU_15629,OTU_15629,Bacteria,Thermodesulfobacteriota,NA,NA,NA,NA,NA
OTU_15655,OTU_15655,Bacteria,Pseudomonadota,Alphaproteobacteria,Tistrellales,Geminicoccaceae,Candidatus Alysiosphaera,NA
OTU_15675,OTU_15675,Bacteria,Patescibacteria,Parcubacteria,Candidatus Kaiserbacteria,NA,NA,NA
OTU_15756,OTU_15756,Bacteria,Actinomycetota,Thermoleophilia,Solirubrobacterales,Solirubrobacteraceae,Baekduia,NA
OTU_15785,OTU_15785,Bacteria,Actinomycetota,Acidimicrobiia,Acidimicrobiales,Acidimicrobiaceae,Acidiferrimicrobium,NA
OTU_15822,OTU_15822,Bacteria,Actinomycetota,Acidimicrobiia,Microtrichales,NA,NA,NA
OTU_15829,OTU_15829,Bacteria,Pseudomonadota,Alphaproteobacteria,Hyphomicrobiales,Xanthobacteraceae,NA,NA
OTU_15932,OTU_15932,Bacteria,Actinomycetota,Actinobacteria,Pseudonocardiales,Pseudonocardiaceae,Pseudonocardia,NA
OTU_15955,OTU_15955,Bacteria,Acidobacteriota,Vicinamibacteria,Vicinamibacterales,Vicinamibacteraceae,NA,NA
OTU_15996,OTU_15996,Bacteria,Pseudomonadota,Alphaproteobacteria,Hyphomicrobiales,Beijerinckiaceae,Methylobacterium,NA
OTU_15998,OTU_15998,Bacteria,Actinomycetota,Thermoleophilia,Solirubrobacterales,67-14,NA,NA
OTU_16002,OTU_16002,Bacteria,Actinomycetota,Thermoleophilia,Gaiellales,NA,NA,NA
OTU_16016,OTU_16016,Bacteria,Nitrospirota,Nitrospiria,Nitrospirales,Nitrospiraceae,Nitrospira,NA
OTU_16054,OTU_16054,Bacteria,Actinomycetota,Actinobacteria,Pseudonocardiales,Pseudonocardiaceae,NA,NA
OTU_16104,OTU_16104,Bacteria,Candidatus Kapabacteria,Kapabacteria,Kapabacteriales,NA,NA,NA
OTU_16126,OTU_16126,Bacteria,Actinomycetota,Thermoleophilia,Solirubrobacterales,67-14,NA,NA
OTU_16133,OTU_16133,Bacteria,Pseudomonadota,Alphaproteobacteria,Hyphomicrobiales,Hyphomicrobiaceae,Hyphomicrobium,NA
OTU_16171,OTU_16171,Bacteria,Verrucomicrobiota,Verrucomicrobiia,Chthoniobacterales,Chthoniobacteraceae,Chthoniobacter,NA
OTU_16200,OTU_16200,Bacteria,Actinomycetota,Actinobacteria,Streptosporangiales,Streptosporangiaceae,NA,NA
OTU_16211,OTU_16211,Bacteria,Actinomycetota,Actinobacteria,Propionibacteriales,Nocardioidaceae,Kribbella,NA
OTU_16245,OTU_16245,Bacteria,Actinomycetota,Actinobacteria,Propionibacteriales,Nocardioidaceae,Kribbella,NA
OTU_16306,OTU_16306,Bacteria,Actinomycetota,Actinobacteria,Micromonosporales,Micromonosporaceae,Dactylosporangium,NA
OTU_16394,OTU_16394,Bacteria,Actinomycetota,Actinobacteria,Propionibacteriales,Nocardioidaceae,Kribbella,NA
OTU_16559,OTU_16559,Bacteria,Pseudomonadota,Alphaproteobacteria,Caulobacterales,Caulobacteraceae,NA,NA
OTU_16650,OTU_16650,Bacteria,Actinomycetota,Actinobacteria,Pseudonocardiales,Pseudonocardiaceae,Pseudonocardia,NA
OTU_16793,OTU_16793,Bacteria,Actinomycetota,Thermoleophilia,Solirubrobacterales,Solirubrobacteraceae,Solirubrobacter,NA
OTU_16838,OTU_16838,Bacteria,Actinomycetota,Thermoleophilia,Solirubrobacterales,Solirubrobacteraceae,Baekduia,NA
OTU_16841,OTU_16841,Bacteria,Pseudomonadota,Alphaproteobacteria,Hyphomicrobiales,Xanthobacteraceae,Pseudorhodoplanes,NA
OTU_16928,OTU_16928,Bacteria,Pseudomonadota,Alphaproteobacteria,Hyphomicrobiales,Xanthobacteraceae,NA,NA
OTU_17044,OTU_17044,Bacteria,Actinomycetota,MB-A2-108,NA,NA,NA,NA
OTU_17102,OTU_17102,Bacteria,Actinomycetota,Actinobacteria,Streptosporangiales,Thermomonosporaceae,Actinomadura,NA
OTU_17159,OTU_17159,Bacteria,Actinomycetota,Actinobacteria,Pseudonocardiales,Pseudonocardiaceae,NA,NA
OTU_17164,OTU_17164,Bacteria,Pseudomonadota,Alphaproteobacteria,Hyphomicrobiales,NA,NA,NA
OTU_17194,OTU_17194,Bacteria,Actinomycetota,Thermoleophilia,Gaiellales,NA,NA,NA
OTU_17219,OTU_17219,Bacteria,Actinomycetota,Actinobacteria,Kitasatosporales,Streptomycetaceae,NA,NA
OTU_17271,OTU_17271,Bacteria,Chloroflexota,Anaerolineae,Aggregatilineales,Aggregatilineaceae,NA,NA
OTU_17316,OTU_17316,Bacteria,Actinomycetota,Actinobacteria,Pseudonocardiales,Pseudonocardiaceae,Amycolatopsis,NA
OTU_17343,OTU_17343,Bacteria,Pseudomonadota,Alphaproteobacteria,Hyphomicrobiales,KF-JG30-B3,NA,NA
OTU_17370,OTU_17370,Bacteria,Actinomycetota,Thermoleophilia,NA,NA,NA,NA
OTU_17460,OTU_17460,Bacteria,Acidobacteriota,Acidobacteriae,Bryobacterales,Bryobacteraceae,Bryobacter,NA
OTU_17466,OTU_17466,Bacteria,Myxococcota,Polyangiia,Polyangiales,Sandaracinaceae,NA,NA
OTU_17580,OTU_17580,Bacteria,Actinomycetota,Actinobacteria,Propionibacteriales,Propionibacteriaceae,Microlunatus,NA
OTU_17720,OTU_17720,Bacteria,Gemmatimonadota,Gemmatimonadia,Gemmatimonadales,Gemmatimonadaceae,Gemmatimonas,NA
OTU_17724,OTU_17724,Bacteria,Actinomycetota,Thermoleophilia,Solirubrobacterales,NA,NA,NA
OTU_17751,OTU_17751,Bacteria,Actinomycetota,Actinobacteria,Kitasatosporales,Streptomycetaceae,Streptomyces,NA
OTU_17835,OTU_17835,Bacteria,Actinomycetota,Actinobacteria,Propionibacteriales,Nocardioidaceae,Kribbella,NA
OTU_17844,OTU_17844,Bacteria,Pseudomonadota,Alphaproteobacteria,Hyphomicrobiales,Rhizobiaceae,NA,NA
OTU_17958,OTU_17958,Bacteria,Planctomycetota,Planctomycetes,Gemmatales,Gemmataceae,NA,NA
OTU_17971,OTU_17971,Bacteria,Actinomycetota,Thermoleophilia,Gaiellales,Gaiellaceae,Gaiella,NA
OTU_17978,OTU_17978,Bacteria,Gemmatimonadota,Gemmatimonadia,Gemmatimonadales,Gemmatimonadaceae,NA,NA
OTU_18023,OTU_18023,Bacteria,Planctomycetota,Planctomycetes,Gemmatales,Gemmataceae,NA,NA
OTU_18050,OTU_18050,Bacteria,Pseudomonadota,Alphaproteobacteria,Sphingomonadales,Sphingomonadaceae,Sphingobium,NA
OTU_18078,OTU_18078,Bacteria,Actinomycetota,Actinobacteria,Pseudonocardiales,Pseudonocardiaceae,Amycolatopsis,NA
OTU_18094,OTU_18094,Bacteria,Chloroflexota,Gitt-GS-136,NA,NA,NA,NA
OTU_18188,OTU_18188,Bacteria,Pseudomonadota,Alphaproteobacteria,Sphingomonadales,Sphingomonadaceae,Sphingomonas,NA
OTU_18194,OTU_18194,Bacteria,Gemmatimonadota,Gemmatimonadia,Gemmatimonadales,Gemmatimonadaceae,NA,NA
OTU_18253,OTU_18253,Bacteria,Pseudomonadota,Alphaproteobacteria,Hyphomicrobiales,NA,NA,NA
OTU_18267,OTU_18267,Bacteria,Acidobacteriota,Acidobacteriae,Terriglobales,NA,NA,NA
OTU_18279,OTU_18279,Bacteria,Actinomycetota,Actinobacteria,Mycobacteriales,Mycobacteriaceae,Mycobacterium,NA
OTU_18309,OTU_18309,Bacteria,Actinomycetota,Actinobacteria,Micrococcales,Intrasporangiaceae,NA,NA
OTU_18532,OTU_18532,Bacteria,Actinomycetota,Actinobacteria,Kitasatosporales,Streptomycetaceae,Streptomyces,NA
OTU_18533,OTU_18533,Bacteria,Actinomycetota,Actinobacteria,Pseudonocardiales,Pseudonocardiaceae,Pseudonocardia,NA
OTU_18544,OTU_18544,Bacteria,Planctomycetota,Planctomycetes,Pirellulales,Pirellulaceae,NA,NA
OTU_18598,OTU_18598,Bacteria,Armatimonadota,Chthonomonadia,Chthonomonadales,Chthonomonadaceae,Chthonomonas,NA
OTU_18610,OTU_18610,Bacteria,Actinomycetota,Thermoleophilia,Solirubrobacterales,67-14,NA,NA
OTU_18760,OTU_18760,Bacteria,Actinomycetota,Actinobacteria,Propionibacteriales,Propionibacteriaceae,Microlunatus,NA
OTU_18780,OTU_18780,Bacteria,Actinomycetota,Actinobacteria,Kitasatosporales,Streptomycetaceae,Streptomyces,NA
OTU_18794,OTU_18794,Bacteria,Actinomycetota,Actinobacteria,Mycobacteriales,Mycobacteriaceae,Mycobacterium,NA
OTU_18860,OTU_18860,Bacteria,Actinomycetota,Actinobacteria,Micromonosporales,Micromonosporaceae,NA,NA
OTU_18870,OTU_18870,Bacteria,Verrucomicrobiota,Verrucomicrobiia,Chthoniobacterales,Chthoniobacteraceae,Candidatus Udaeobacter,NA
OTU_18899,OTU_18899,Bacteria,Actinomycetota,Actinobacteria,Pseudonocardiales,Pseudonocardiaceae,Pseudonocardia,NA
OTU_19013,OTU_19013,Bacteria,Bacteroidota,Bacteroidia,Chitinophagales,Chitinophagaceae,Panacibacter,NA
OTU_19061,OTU_19061,Bacteria,Actinomycetota,Actinobacteria,Pseudonocardiales,Pseudonocardiaceae,Pseudonocardia,NA
OTU_19184,OTU_19184,Bacteria,Actinomycetota,Actinobacteria,Pseudonocardiales,Pseudonocardiaceae,Amycolatopsis,NA
OTU_19250,OTU_19250,Bacteria,Myxococcota,Polyangiia,Haliangiales,Haliangiaceae,NA,NA
OTU_19279,OTU_19279,Bacteria,Actinomycetota,Actinobacteria,Pseudonocardiales,Pseudonocardiaceae,Pseudonocardia,NA
OTU_19281,OTU_19281,Bacteria,Verrucomicrobiota,Verrucomicrobiia,Chthoniobacterales,Chthoniobacteraceae,Candidatus Udaeobacter,NA
OTU_19384,OTU_19384,Bacteria,Actinomycetota,Actinobacteria,Pseudonocardiales,Pseudonocardiaceae,Pseudonocardia,NA
OTU_19443,OTU_19443,Bacteria,Actinomycetota,Actinobacteria,Kitasatosporales,Streptomycetaceae,Streptomyces,NA
OTU_19447,OTU_19447,Bacteria,Actinomycetota,Thermoleophilia,Solirubrobacterales,Solirubrobacteraceae,Baekduia,NA
OTU_19448,OTU_19448,Bacteria,Pseudomonadota,Alphaproteobacteria,Sphingomonadales,Sphingomonadaceae,NA,NA
OTU_19475,OTU_19475,Bacteria,Acidobacteriota,Acidobacteriae,Solibacterales,Solibacteraceae,Candidatus Solibacter,NA
OTU_19513,OTU_19513,Bacteria,Actinomycetota,Thermoleophilia,Gaiellales,NA,NA,NA
OTU_19514,OTU_19514,Bacteria,Pseudomonadota,Alphaproteobacteria,NA,NA,NA,NA
OTU_19516,OTU_19516,Bacteria,Pseudomonadota,Gammaproteobacteria,Burkholderiales,TRA3-20,NA,NA
OTU_19588,OTU_19588,Bacteria,Actinomycetota,Actinobacteria,NA,NA,NA,NA
OTU_19744,OTU_19744,Bacteria,Acidobacteriota,Acidobacteriae,Solibacterales,Solibacteraceae,Candidatus Solibacter,NA
OTU_19786,OTU_19786,Bacteria,Actinomycetota,Actinobacteria,Frankiales,Geodermatophilaceae,Modestobacter,NA
OTU_19837,OTU_19837,Bacteria,Methylomirabilota,Methylomirabilia,Rokubacteriales,NA,NA,NA
OTU_19880,OTU_19880,Bacteria,Pseudomonadota,Alphaproteobacteria,Hyphomicrobiales,Hyphomicrobiaceae,Hyphomicrobium,NA
OTU_19884,OTU_19884,Bacteria,Actinomycetota,Actinobacteria,Mycobacteriales,Mycobacteriaceae,Mycobacterium,NA
OTU_19925,OTU_19925,Bacteria,Actinomycetota,Actinobacteria,Kitasatosporales,Streptomycetaceae,Streptomyces,NA
OTU_20037,OTU_20037,Bacteria,Actinomycetota,Actinobacteria,Kitasatosporales,Streptomycetaceae,Streptomyces,NA
OTU_20116,OTU_20116,Bacteria,Patescibacteria,Saccharimonadia,Saccharimonadales,NA,NA,NA
OTU_20369,OTU_20369,Bacteria,Actinomycetota,Actinobacteria,Propionibacteriales,Nocardioidaceae,Kribbella,NA
OTU_20462,OTU_20462,Bacteria,Actinomycetota,Actinobacteria,NA,NA,NA,NA
OTU_20563,OTU_20563,Bacteria,Actinomycetota,Actinobacteria,Propionibacteriales,Nocardioidaceae,NA,NA
OTU_20795,OTU_20795,Bacteria,Actinomycetota,Thermoleophilia,Gaiellales,NA,NA,NA
OTU_20820,OTU_20820,Bacteria,Actinomycetota,Actinobacteria,Micrococcales,Micrococcaceae,NA,NA
OTU_20882,OTU_20882,Bacteria,Actinomycetota,Actinobacteria,Propionibacteriales,Nocardioidaceae,Nocardioides,NA
OTU_20884,OTU_20884,Bacteria,Actinomycetota,Actinobacteria,Frankiales,Frankiaceae,Jatrophihabitans,NA
OTU_21183,OTU_21183,Bacteria,Actinomycetota,Actinobacteria,Kineosporiales,Kineosporiaceae,Thalassiella,NA
OTU_21259,OTU_21259,Bacteria,Actinomycetota,Acidimicrobiia,Microtrichales,Ilumatobacteraceae,NA,NA
OTU_21274,OTU_21274,Bacteria,Actinomycetota,Actinobacteria,Frankiales,Geodermatophilaceae,Blastococcus,NA
OTU_21410,OTU_21410,Bacteria,Actinomycetota,Actinobacteria,Streptosporangiales,Thermomonosporaceae,Actinomadura,NA
OTU_21498,OTU_21498,Bacteria,Pseudomonadota,Alphaproteobacteria,Sphingomonadales,Sphingomonadaceae,Sphingomonas,NA
OTU_21588,OTU_21588,Bacteria,Actinomycetota,Acidimicrobiia,Acidimicrobiales,Acidimicrobiaceae,Acidiferrimicrobium,NA
OTU_21741,OTU_21741,Bacteria,Planctomycetota,Phycisphaerae,Tepidisphaerales,WD2101 soil group,NA,NA
OTU_21804,OTU_21804,Bacteria,Actinomycetota,Thermoleophilia,Gaiellales,NA,NA,NA
OTU_22011,OTU_22011,Bacteria,Bacillota,Bacilli,Bacillales,Bacillaceae,Peribacillus,NA
OTU_22066,OTU_22066,Bacteria,Gemmatimonadota,Gemmatimonadia,Gemmatimonadales,Gemmatimonadaceae,Gemmatimonas,NA
OTU_22092,OTU_22092,Bacteria,Actinomycetota,Actinobacteria,Streptosporangiales,Thermomonosporaceae,Actinoallomurus,NA
